{"type":"FeatureCollection","features":[{"type":"Feature","id":261733782,"geometry":{"type":"Point","coordinates":[44.19716270000001,15.307479400000002]},"properties":{"id":261733782,"name":"مركز تدريب اللغة","type":"school","category":"education","subcategory":"school","osmType":"node","addr:street":"شارع الوحدة","alt_name":"مركز تدريب اللغة","amenity":"school","opening_hours":"Sa-Th 09:00-21:00","name:latin":"mrkz tdryb al-lgha"}},{"type":"Feature","id":622010230,"geometry":{"type":"Point","coordinates":[44.200068900000005,15.305621000000002]},"properties":{"id":622010230,"name":"مدرسة أكسفورد","type":"school","category":"education","subcategory":"school","osmType":"node","alt_name":"مدرسة أكسفورد","amenity":"school","name:ar":"مدرسة أكسفورد","name:en":"Oxford School","nat_name":"مدرسة أكسفورد"}},{"type":"Feature","id":760300086,"geometry":{"type":"Point","coordinates":[44.235632100000004,15.309311700000002]},"properties":{"id":760300086,"name":"مدرسة زيد بن حارثه الاساسيه","type":"school","category":"education","subcategory":"school","osmType":"node","addr:street":"حارة شميلة","amenity":"school","name:en":"ZAID SCHOOL"}},{"type":"Feature","id":760342468,"geometry":{"type":"Point","coordinates":[44.2364918,15.311305100000002]},"properties":{"id":760342468,"name":"مدرسه الفلاح","type":"school","category":"education","subcategory":"school","osmType":"node","addr:street":"Ta'izz road","amenity":"school","name:ar":"مدرسه الفلاح","name:latin":"mdrsh al-flah"}},{"type":"Feature","id":1502021939,"geometry":{"type":"Point","coordinates":[44.232883900000004,15.308183600000001]},"properties":{"id":1502021939,"name":"مدرسة جويرية بنت الحارث","type":"school","category":"education","subcategory":"school","osmType":"node","amenity":"school","name:ar":"مدرسة جويرية بنت الحارث","name:latin":"mdrsa jwyrya bnt al-harth"}},{"type":"Feature","id":3256253227,"geometry":{"type":"Point","coordinates":[44.1881004,15.355691400000001]},"properties":{"id":3256253227,"name":"مدرسة أسماء للبنات","type":"school","category":"education","subcategory":"school","osmType":"node","addr:street":"الخط الدائري","amenity":"school","name:ar":"مدرسة أسماء للبنات","name:latin":"mdrsa asma' llbnat"}},{"type":"Feature","id":3256253232,"geometry":{"type":"Point","coordinates":[44.19644220000001,15.3559803]},"properties":{"id":3256253232,"name":"مدرسة بلقيس","type":"school","category":"education","subcategory":"school","osmType":"node","amenity":"school","name:latin":"mdrsa blqys"}},{"type":"Feature","id":3256260078,"geometry":{"type":"Point","coordinates":[44.189822400000004,15.353585]},"properties":{"id":3256260078,"name":"مدرسة صنعاء الأهلية","type":"school","category":"education","subcategory":"school","osmType":"node","addr:street":"الخط الدائري","amenity":"school","name:ar":"مدرسة صنعاء الأهلية","name:en":"Sanaa private school"}},{"type":"Feature","id":3256277270,"geometry":{"type":"Point","coordinates":[44.1896221,15.350171900000001]},"properties":{"id":3256277270,"name":"مدرسة أحمد العباسي","type":"school","category":"education","subcategory":"school","osmType":"node","addr:street":"الخط الدائري","amenity":"school","name:latin":"mdrsa ahmd al-'basy"}},{"type":"Feature","id":3773579358,"geometry":{"type":"Point","coordinates":[44.226527100000006,15.434593800000002]},"properties":{"id":3773579358,"name":"مدرسة الجيل الجديد للبنات","type":"school","category":"education","subcategory":"school","osmType":"node","amenity":"school","name:ar":"مدرسة الجيل الجديد للبنات","name:en":"Al-Jeel Al-Jadeed School for Girls"}},{"type":"Feature","id":3777130962,"geometry":{"type":"Point","coordinates":[44.230107100000005,15.443480300000001]},"properties":{"id":3777130962,"name":"مدرسة القوبري (التعاون)","type":"school","category":"education","subcategory":"school","osmType":"node","amenity":"school","name:ar":"مدرسة القوبري (التعاون)","name:en":"Al-Taawon School"}},{"type":"Feature","id":4182443191,"geometry":{"type":"Point","coordinates":[44.168472,15.343805800000002]},"properties":{"id":4182443191,"name":"جامعة سبأ","type":"university","category":"education","subcategory":"university","osmType":"node","addr:street":"شارع الستين","amenity":"university","name:ar":"جامعة سبأ","name:en":"Sheba university","phone":"+967 1 404 077","website":"http://www.sabauni.net/","wikidata":"Q12204495"}},{"type":"Feature","id":4182443493,"geometry":{"type":"Point","coordinates":[44.1665804,15.343882]},"properties":{"id":4182443493,"name":"مدرسة ام هاني للبنات","type":"school","category":"education","subcategory":"school","osmType":"node","addr:street":"شارع الزبيري","amenity":"school","name:ar":"مدرسة ام هاني للبنات","name:latin":"mdrsa am hany llbnat"}},{"type":"Feature","id":4182489490,"geometry":{"type":"Point","coordinates":[44.1653141,15.3452262]},"properties":{"id":4182489490,"name":"مدرسة الوفاق","type":"school","category":"education","subcategory":"school","osmType":"node","addr:street":"شارع الزبيري","amenity":"school","name:ar":"مدرسه","name:latin":"mdrsa al-wfaq"}},{"type":"Feature","id":4182489789,"geometry":{"type":"Point","coordinates":[44.1697865,15.347130000000002]},"properties":{"id":4182489789,"name":"مدرسة احباب الله","type":"school","category":"education","subcategory":"school","osmType":"node","addr:street":"شارع الستين","amenity":"school","name:ar":"مدرسة احباب الله","name:en":"Ahbab Allah school"}},{"type":"Feature","id":4182489790,"geometry":{"type":"Point","coordinates":[44.168162,15.348188900000002]},"properties":{"id":4182489790,"name":"مدرسة الرشيد النموذجيه","type":"school","category":"education","subcategory":"school","osmType":"node","addr:street":"شارع الستين","amenity":"school","name:ar":"مدرسة الرشيد النموذجيه","name:en":"Alrasheed school"}},{"type":"Feature","id":4182490189,"geometry":{"type":"Point","coordinates":[44.165780600000005,15.340589500000002]},"properties":{"id":4182490189,"name":"مدرسة الصديق","type":"school","category":"education","subcategory":"school","osmType":"node","addr:street":"شارع الزبيري","amenity":"school","name:ar":"مدرسة الصديق","name:en":"Alsedeeg school"}},{"type":"Feature","id":4210031689,"geometry":{"type":"Point","coordinates":[44.2329853,15.284753600000002]},"properties":{"id":4210031689,"name":"","type":"school","category":"education","subcategory":"school","osmType":"node","amenity":"school"}},{"type":"Feature","id":4242717597,"geometry":{"type":"Point","coordinates":[44.1990485,15.384004100000002]},"properties":{"id":4242717597,"name":"مدرسة عثمان بن عفان الحكومية للبنين","type":"school","category":"education","subcategory":"school","osmType":"node","amenity":"school","education":"school","name:ar":"مدرسة عثمان بن عفان الحكومية للبنين","name:en":"Aothman bn affan school for boys"}},{"type":"Feature","id":4242721497,"geometry":{"type":"Point","coordinates":[44.2050393,15.369795100000001]},"properties":{"id":4242721497,"name":"مدرسة سبأ الحكومية للبنين","type":"school","category":"education","subcategory":"school","osmType":"node","amenity":"school","education":"school","name:ar":"مدرسة سبأ الحكومية للبنين","name:en":"shiba school for boys"}},{"type":"Feature","id":4242721889,"geometry":{"type":"Point","coordinates":[44.1983443,15.383996200000002]},"properties":{"id":4242721889,"name":"مدرسة اليمن الحديث الحكومية للبنات","type":"school","category":"education","subcategory":"school","osmType":"node","amenity":"school","education":"school","name:en":"The modern Yemen school for girls"}},{"type":"Feature","id":4263194294,"geometry":{"type":"Point","coordinates":[44.2526227,15.5249877]},"properties":{"id":4263194294,"name":"مدرسة بيرزاهر","type":"school","category":"education","subcategory":"school","osmType":"node","amenity":"school","name:ar":"مدرسة بيرزاهر","name:latin":"mdrsa byrzahr"}},{"type":"Feature","id":4298021947,"geometry":{"type":"Point","coordinates":[44.2088467,15.3405894]},"properties":{"id":4298021947,"name":"مدرسة المعتصم","type":"school","category":"education","subcategory":"school","osmType":"node","amenity":"school","name:en":"Almoatasem School"}},{"type":"Feature","id":4298021968,"geometry":{"type":"Point","coordinates":[44.1915392,15.330419400000002]},"properties":{"id":4298021968,"name":"مدارس الإقبال الأهلية الحديثة","type":"school","category":"education","subcategory":"school","osmType":"node","addr:city":"صنعاء","addr:street":"شارع خولة","amenity":"school","name:latin":"mdars al-iqbal al-ahlya al-hdytha"}},{"type":"Feature","id":4298023892,"geometry":{"type":"Point","coordinates":[44.184651,15.335584]},"properties":{"id":4298023892,"name":"جامعة المستقبل  كلية اللغات والعلوم الإنسانية","type":"university","category":"education","subcategory":"university","osmType":"node","addr:city":"صنعاء","addr:street":"شارع الجزائر","amenity":"university","name:latin":"jam'a al-mstqbl klya al-lghat wal'lwm al-insanya"}},{"type":"Feature","id":4298024213,"geometry":{"type":"Point","coordinates":[44.185596000000004,15.304255000000001]},"properties":{"id":4298024213,"name":"Kindergarten","type":"kindergarten","category":"education","subcategory":"kindergarten","osmType":"node","amenity":"kindergarten","name:en":"Kindergarten"}},{"type":"Feature","id":4298024864,"geometry":{"type":"Point","coordinates":[44.198256,15.342407000000001]},"properties":{"id":4298024864,"name":"","type":"school","category":"education","subcategory":"school","osmType":"node","amenity":"school"}},{"type":"Feature","id":4332188397,"geometry":{"type":"Point","coordinates":[44.1958308,15.349698700000001]},"properties":{"id":4332188397,"name":"مدرسه الشهيد العلفي","type":"school","category":"education","subcategory":"school","osmType":"node","addr:street":"شارع جمال عبدالناصر","amenity":"school","name:ar":"مدرسه الشهيد العلفي","name:en":"alshaheed aloloffy school"}},{"type":"Feature","id":4332357312,"geometry":{"type":"Point","coordinates":[44.191138300000006,15.329849000000001]},"properties":{"id":4332357312,"name":"مدارس ذو ريدان الاهليه","type":"school","category":"education","subcategory":"school","osmType":"node","amenity":"school","name:ar":"مدارس ذو ريدان الاهليه","name:en":"Thoo Raydan school"}},{"type":"Feature","id":4334111736,"geometry":{"type":"Point","coordinates":[44.2167527,15.437937500000002]},"properties":{"id":4334111736,"name":"مدرسة الروضة للبنات","type":"school","category":"education","subcategory":"school","osmType":"node","addr:street":"خط المطار","amenity":"school","name:ar":"مدرسة الروضة للبنات","name:latin":"mdrsa al-rwda llbnat"}},{"type":"Feature","id":4341004490,"geometry":{"type":"Point","coordinates":[44.215938300000005,15.437171500000002]},"properties":{"id":4341004490,"name":"صناع الحياة الأهلية","type":"school","category":"education","subcategory":"school","osmType":"node","addr:street":"خط المطار","amenity":"school","name:ar":"صناع الحياة الأهلية","name:latin":"sna' al-hyaa al-ahlya"}},{"type":"Feature","id":4349881794,"geometry":{"type":"Point","coordinates":[44.205463,15.274715300000002]},"properties":{"id":4349881794,"name":"مدرسة معاذ بن جبل","type":"school","category":"education","subcategory":"school","osmType":"node","addr:street":"شارع الاربعين","amenity":"school","name:ar":"مدرسة معاذ بن جبل","name:latin":"mdrsa m'adh bn jbl"}},{"type":"Feature","id":4354420301,"geometry":{"type":"Point","coordinates":[44.209422,15.357237600000001]},"properties":{"id":4354420301,"name":"مدرسة الطبري","type":"school","category":"education","subcategory":"school","osmType":"node","amenity":"school","name:ar":"مدرسة الطبري","name:latin":"mdrsa al-tbry"}},{"type":"Feature","id":4365488589,"geometry":{"type":"Point","coordinates":[44.240199100000005,15.387744900000001]},"properties":{"id":4365488589,"name":"مدرسه الراعي","type":"school","category":"education","subcategory":"school","osmType":"node","addr:street":"المراون","amenity":"school","name:ar":"مدرسه الراعي","name:en":"Alrayee school"}},{"type":"Feature","id":4365789127,"geometry":{"type":"Point","coordinates":[44.249078100000006,15.434421500000001]},"properties":{"id":4365789127,"name":"","type":"school","category":"education","subcategory":"school","osmType":"node","amenity":"school","name:ar":"مدرسة الشهيد الصايدي","name:latin":"mdrsa al-shhyd al-saydy"}},{"type":"Feature","id":4401651194,"geometry":{"type":"Point","coordinates":[44.192117100000004,15.366211200000002]},"properties":{"id":4401651194,"name":"مدرسة الميثاق","type":"school","category":"education","subcategory":"school","osmType":"node","addr:street":"شارع إبن الأمير","amenity":"school","name:ar":"مدرسة الميثاق","name:latin":"mdrsa al-mythaq"}},{"type":"Feature","id":4431850691,"geometry":{"type":"Point","coordinates":[44.203160700000005,15.296688600000001]},"properties":{"id":4431850691,"name":"كيدز بلانت","type":"school","category":"education","subcategory":"school","osmType":"node","addr:street":"شارع مصنع حده","amenity":"school","name:ar":"كيدز بلانت","name:en":"Kids Planet"}},{"type":"Feature","id":4431880091,"geometry":{"type":"Point","coordinates":[44.2117495,15.286311000000001]},"properties":{"id":4431880091,"name":"مدرسة طوكيو للبنات","type":"school","category":"education","subcategory":"school","osmType":"node","addr:street":"شارع ستي ماكس الخمسين","amenity":"school","name:ar":"مدرسة طوكيو للبنات","name:en":"Tokyo Girls School","opening_hours":"Sa-We 07:30-13:00"}},{"type":"Feature","id":4431880291,"geometry":{"type":"Point","coordinates":[44.212882500000006,15.2880718]},"properties":{"id":4431880291,"name":"سما اليمن الدولية","type":"school","category":"education","subcategory":"school","osmType":"node","addr:street":"مثلث بيت بوس ، منطقة حدين","amenity":"school","name:ar":"سما اليمن الدولية","name:en":"Yemen's Sky inter."}},{"type":"Feature","id":4452440152,"geometry":{"type":"Point","coordinates":[44.18713030000001,15.3578544]},"properties":{"id":4452440152,"name":"المركز الكندي للغات","type":"college","category":"education","subcategory":"university","osmType":"node","addr:street":"شارع الرقاص","amenity":"college","name:ar":"المركز الكندي للغات","name:en":"Canadian Language Centre"}},{"type":"Feature","id":4452929398,"geometry":{"type":"Point","coordinates":[44.2029033,15.381003300000001]},"properties":{"id":4452929398,"name":"مدارس التقنية الأهلية","type":"school","category":"education","subcategory":"school","osmType":"node","amenity":"school","education":"school","name:ar":"مدارس التقنية الأهلية","name:latin":"mdars al-tqnya al-ahlya"}},{"type":"Feature","id":4472852320,"geometry":{"type":"Point","coordinates":[44.1856548,15.343052100000001]},"properties":{"id":4472852320,"name":"مدرسة بغداد","type":"school","category":"education","subcategory":"school","osmType":"node","amenity":"school","name:ar":"مدرسة بغداد","name:latin":"mdrsa bghdad"}},{"type":"Feature","id":4473108697,"geometry":{"type":"Point","coordinates":[44.179488000000006,15.359789600000001]},"properties":{"id":4473108697,"name":"مدارس التربيه الحديثه","type":"school","category":"education","subcategory":"school","osmType":"node","addr:street":"شارع الرباط","amenity":"school","name:ar":"مدارس التربيه الحديثه","name:latin":"mdars al-trbyh al-hdythh"}},{"type":"Feature","id":4532786189,"geometry":{"type":"Point","coordinates":[44.227241400000004,15.3166004]},"properties":{"id":4532786189,"name":"مدارس المثالية التربوية","type":"school","category":"education","subcategory":"school","osmType":"node","addr:street":"60 meters St","amenity":"school","name:ar":"مدارس المثالية التربوية","name:en":"idel school","phone":"777776878"}},{"type":"Feature","id":4533842289,"geometry":{"type":"Point","coordinates":[44.221027500000005,15.2861147]},"properties":{"id":4533842289,"name":"معهد YES للغات والتدريب","type":"school","category":"education","subcategory":"school","osmType":"node","addr:street":"شارع الحربي","amenity":"school","name:ar":"المعهد الدولي اليمني","name:en":"The Yemeni International Institute"}},{"type":"Feature","id":4549686089,"geometry":{"type":"Point","coordinates":[44.1954689,15.304878700000002]},"properties":{"id":4549686089,"name":"مدرسة اليمان الدولية","type":"school","category":"education","subcategory":"school","osmType":"node","addr:city":"صنعاء","addr:street":"شارع صفر","amenity":"school","opening_hours":"Sa-We 07:30-13:30","phone":"+96714-134-69","name:latin":"mdrsa al-yman al-dwlya"}},{"type":"Feature","id":4581290997,"geometry":{"type":"Point","coordinates":[44.2028163,15.415805400000002]},"properties":{"id":4581290997,"name":"جامعة دار السلام","type":"university","category":"education","subcategory":"university","osmType":"node","amenity":"university","education":"university","phone":"01-314406","name:latin":"jam'a dar al-slam"}},{"type":"Feature","id":4636990197,"geometry":{"type":"Point","coordinates":[44.205755100000005,15.4064305]},"properties":{"id":4636990197,"name":"مدرسة الشهيد حميد القديمي","type":"school","category":"education","subcategory":"school","osmType":"node","alt_name":"مدرسة القديمي","amenity":"school","name:ar":"مدرسة الشهيد حميد القديمي","name:latin":"mdrsa al-shhyd hmyd al-qdymy"}},{"type":"Feature","id":4644799989,"geometry":{"type":"Point","coordinates":[44.201184500000004,15.293559600000002]},"properties":{"id":4644799989,"name":"المدارس اليمنية الحديثة","type":"school","category":"education","subcategory":"school","osmType":"node","addr:city":"صنعاء","addr:street":"شارع الخمسين","amenity":"school","name:en":"Yemen modern school","opening_hours":"Sa-We 07:00-13:00"}},{"type":"Feature","id":4690487996,"geometry":{"type":"Point","coordinates":[44.189604700000004,15.309388300000002]},"properties":{"id":4690487996,"name":"مدارس ربى العلوم النموذجية","type":"school","category":"education","subcategory":"school","osmType":"node","addr:street":"شارع حدة","amenity":"school","name:ar":"مدارس ربى العلوم النموذجيه","opening_hours":"Sa-We 08:00-13:00","name:latin":"mdars rba al-'lwm al-nmwdhjya"}},{"type":"Feature","id":4690487997,"geometry":{"type":"Point","coordinates":[44.194459800000004,15.3023918]},"properties":{"id":4690487997,"name":"المدرسة البريطانية الدولية","type":"school","category":"education","subcategory":"school","osmType":"node","addr:city":"صنعاء","addr:street":"شارع صفر","amenity":"school","opening_hours":"Sa-We 08:00-13:00","name:latin":"al-mdrsa al-brytanya al-dwlya"}},{"type":"Feature","id":4690487998,"geometry":{"type":"Point","coordinates":[44.1982725,15.303002700000002]},"properties":{"id":4690487998,"name":"مدارس الدرب الأهلية","type":"school","category":"education","subcategory":"school","osmType":"node","addr:street":"5","amenity":"school","name:ar":"مدارس الدرب الأهلية","name:en":"Al-Darb school","opening_hours":"Sa-We 08:00-13:00"}},{"type":"Feature","id":4690536890,"geometry":{"type":"Point","coordinates":[44.222007000000005,15.279520400000001]},"properties":{"id":4690536890,"name":"مدرسة المثنى","type":"school","category":"education","subcategory":"school","osmType":"node","addr:street":"شارع الاربعين","amenity":"school","name:ar":"مدرسة المثنى","name:latin":"mdrsa al-mthna"}},{"type":"Feature","id":4690536891,"geometry":{"type":"Point","coordinates":[44.197901300000005,15.302079100000002]},"properties":{"id":4690536891,"name":"مدرسة جنة المواهب","type":"school","category":"education","subcategory":"school","osmType":"node","addr:street":"5","amenity":"school","name:ar":"مدرسة جنة المواهب","opening_hours":"Sa-We 08:00-13:00","name:latin":"mdrsa jna al-mwahb"}},{"type":"Feature","id":4690554889,"geometry":{"type":"Point","coordinates":[44.21550310000001,15.2733608]},"properties":{"id":4690554889,"name":"عبدالله بن مسعود","type":"school","category":"education","subcategory":"school","osmType":"node","addr:street":"شارع الخمسين","amenity":"school","name:ar":"عبدالله بن مسعود","name:latin":"'bdallh bn ms'wd"}},{"type":"Feature","id":4701257490,"geometry":{"type":"Point","coordinates":[44.216162100000005,15.389888700000002]},"properties":{"id":4701257490,"name":"مدرسة الشهيد الاحمر","type":"school","category":"education","subcategory":"school","osmType":"node","amenity":"school","grades":"1-12","name:ar":"الأحمر","name:latin":"mdrsa al-shhyd al-ahmr"}},{"type":"Feature","id":4729009991,"geometry":{"type":"Point","coordinates":[44.2213926,15.320340600000002]},"properties":{"id":4729009991,"name":"مدرسة سمية للبنات","type":"school","category":"education","subcategory":"school","osmType":"node","addr:street":"بيت معياد","amenity":"school","name:ar":"مدرسة سميه للبنات","name:en":"Somaiah schoolgirls","opening_hours":"Sa-Th","operator":"يوجد لدينا صفحة على الفيس بوك"}},{"type":"Feature","id":4733665323,"geometry":{"type":"Point","coordinates":[44.213240400000004,15.404030200000001]},"properties":{"id":4733665323,"name":"مدرسة الشهيد الكبسي","type":"school","category":"education","subcategory":"school","osmType":"node","addr:street":"شارع المطار","amenity":"school","name:latin":"mdrsa al-shhyd al-kbsy"}},{"type":"Feature","id":4761656821,"geometry":{"type":"Point","coordinates":[44.2100786,15.283405600000002]},"properties":{"id":4761656821,"name":"الجامعة البريطانية","type":"school","category":"education","subcategory":"school","osmType":"node","addr:street":"شارع الخمسين","amenity":"school","fixme":"name, name:en mismatch. name, name:en mismatch. name, name:en mismatch. name, name:en mismatch.","opening_hours":"Sa-We 07:00-17:00","name:latin":"al-jam'a al-brytanya"}},{"type":"Feature","id":4813981222,"geometry":{"type":"Point","coordinates":[44.196378300000006,15.329997200000001]},"properties":{"id":4813981222,"name":"معهد مالي للغات","type":"school","category":"education","subcategory":"school","osmType":"node","addr:street":"شارع جيبوتي","amenity":"school","name:ar":"معهد مالي للغات","name:en":"Mali institute"}},{"type":"Feature","id":4858907323,"geometry":{"type":"Point","coordinates":[44.187499800000005,15.339092100000002]},"properties":{"id":4858907323,"name":"جامعة العلوم الحديثة","type":"university","category":"education","subcategory":"university","osmType":"node","addr:city":"صنعاء","addr:street":"شارع نواكشوط","amenity":"university","name:ar":"جامعة العلوم الحديثة","wikidata":"Q12204437","wikipedia:ar":"جامعة العلوم الحديثة","name:latin":"jam'a al-'lwm al-hdytha"}},{"type":"Feature","id":4876517125,"geometry":{"type":"Point","coordinates":[44.1927207,15.302017800000002]},"properties":{"id":4876517125,"name":"مدارس النبراس النموذجية","type":"school","category":"education","subcategory":"school","osmType":"node","addr:street":"شارع إيران","amenity":"school","name:ar":"مدارس النبراس النموذجية","name:en":"al-Nebras model school","operator":"علي المنصور"}},{"type":"Feature","id":4890392521,"geometry":{"type":"Point","coordinates":[44.1740542,15.358250700000001]},"properties":{"id":4890392521,"name":"استاتيكا للهندسة والتدريب","type":"school","category":"education","subcategory":"school","osmType":"node","addr:housenumber":"772111505","addr:street":"شارع الستين متر","amenity":"school","email":"statikayemen@gmail.com","name:ar":"استاتيكا للهندسة والتدريب","name:en":"Statika For Engineering","opening_hours":"Sa-Th 08:00-12:30, 14:00-20:00","phone":"01471599","website":"http://www.statika-yemen.com"}},{"type":"Feature","id":4954926123,"geometry":{"type":"Point","coordinates":[44.178315100000006,15.2986011]},"properties":{"id":4954926123,"name":"معهد A2Z لتعليم اللغة الانجليزية","type":"school","category":"education","subcategory":"school","osmType":"node","addr:street":"شارع حدة","amenity":"school","name:ar":"معهد A2Z لتعليم اللغة الانجليزية","name:en":"A2Z English Institute","opening_hours":"Sa-Th 08:00-18:00"}},{"type":"Feature","id":4957875929,"geometry":{"type":"Point","coordinates":[44.1859984,15.3123961]},"properties":{"id":4957875929,"name":"الجامعة الإماراتية","type":"university","category":"education","subcategory":"university","osmType":"node","addr:street":"شارع بيروت","amenity":"university","name:ar":"الجامعه الاماراتيه","name:en":"Emirates University","opening_hours":"Su-Th 07:00-18:00"}},{"type":"Feature","id":4986927922,"geometry":{"type":"Point","coordinates":[44.224476800000005,15.308283800000002]},"properties":{"id":4986927922,"name":"مدرسة إخوان ثابت","type":"school","category":"education","subcategory":"school","osmType":"node","amenity":"school","name:ar":"مدرسة إخوان ثابت","name:latin":"mdrsa ikhwan thabt"}},{"type":"Feature","id":4990833721,"geometry":{"type":"Point","coordinates":[44.2030072,15.349146900000001]},"properties":{"id":4990833721,"name":"مدرسة سيف بن ذي يزن","type":"school","category":"education","subcategory":"school","osmType":"node","amenity":"school","name:ar":"مدرسة سيف بن ذي يزن","name:latin":"mdrsa syf bn dhy yzn"}},{"type":"Feature","id":4990833737,"geometry":{"type":"Point","coordinates":[44.186167700000006,15.299657700000001]},"properties":{"id":4990833737,"name":"مركز اعادة تأهيل الأطفال","type":"kindergarten","category":"education","subcategory":"kindergarten","osmType":"node","amenity":"kindergarten","name:ar":"مركز اعادة تأهيل الأطفال","name:latin":"mrkz a'ada tahyl al-atfal"}},{"type":"Feature","id":4990833738,"geometry":{"type":"Point","coordinates":[44.186319000000005,15.298188900000001]},"properties":{"id":4990833738,"name":"مدرسة العلوم الحديثة","type":"school","category":"education","subcategory":"school","osmType":"node","amenity":"school","name:ar":"مدرسة العلوم الحديثة","name:latin":"mdrsa al-'lwm al-hdytha"}},{"type":"Feature","id":5009368123,"geometry":{"type":"Point","coordinates":[44.1855807,15.332455000000001]},"properties":{"id":5009368123,"name":"مدرسة الأمجاد الأهلية-حدة","type":"school","category":"education","subcategory":"school","osmType":"node","addr:city":"صنعاء","addr:housenumber":"1445400","amenity":"school","name:en":"Alamjad school","opening_hours":"Sa-We 07:00-13:00"}},{"type":"Feature","id":5070410521,"geometry":{"type":"Point","coordinates":[44.207064,15.341916000000001]},"properties":{"id":5070410521,"name":"كلية الشرطة","type":"college","category":"education","subcategory":"university","osmType":"node","amenity":"college","name:latin":"klya al-shrta"}},{"type":"Feature","id":5074223621,"geometry":{"type":"Point","coordinates":[44.2276164,15.339045500000001]},"properties":{"id":5074223621,"name":"مدارس الثريا فرع البنين","type":"school","category":"education","subcategory":"school","osmType":"node","amenity":"school","name:ar":"مدارس الثريا فرع البنين","name:en":"Althorya school"}},{"type":"Feature","id":5074223622,"geometry":{"type":"Point","coordinates":[44.227459700000004,15.339786900000002]},"properties":{"id":5074223622,"name":"مدارس الثريا فرع البنات","type":"school","category":"education","subcategory":"school","osmType":"node","amenity":"school","name:ar":"مدارس الثريا فرع البنات","name:latin":"mdars al-thrya fr' al-bnat"}},{"type":"Feature","id":5079935324,"geometry":{"type":"Point","coordinates":[44.223454700000005,15.350479900000002]},"properties":{"id":5079935324,"name":"مدرسة الثورة للبنات","type":"school","category":"education","subcategory":"school","osmType":"node","addr:street":"شارع الرماح","amenity":"school","name:ar":"مدرسة الثورة للبنات","name:en":"AlThowrah Girls School"}},{"type":"Feature","id":5079942627,"geometry":{"type":"Point","coordinates":[44.21917500000001,15.351026100000002]},"properties":{"id":5079942627,"name":"مدرسة الشعب الثانوية","type":"school","category":"education","subcategory":"school","osmType":"node","amenity":"school","name:ar":"مدرسة الشعب الثانوية","name:latin":"mdrsa al-sh'b al-thanwya"}},{"type":"Feature","id":5079942632,"geometry":{"type":"Point","coordinates":[44.2190037,15.354457400000001]},"properties":{"id":5079942632,"name":"مدرسة اللقية","type":"school","category":"education","subcategory":"school","osmType":"node","amenity":"school","name:ar":"مدرسة اللقيه","name:latin":"mdrsa al-lqya"}},{"type":"Feature","id":5079949922,"geometry":{"type":"Point","coordinates":[44.2255563,15.339907100000001]},"properties":{"id":5079949922,"name":"مدرسة ابن خلدون للبنين","type":"school","category":"education","subcategory":"school","osmType":"node","amenity":"school","name:ar":"مدرسة ابن خلدون للبنين","name:latin":"mdrsa abn khldwn llbnyn"}},{"type":"Feature","id":5079952021,"geometry":{"type":"Point","coordinates":[44.219034,15.349782000000001]},"properties":{"id":5079952021,"name":"مدرسة معين","type":"school","category":"education","subcategory":"school","osmType":"node","amenity":"school","name:ar":"مدرسة معين","name:latin":"mdrsa m'yn"}},{"type":"Feature","id":5081200221,"geometry":{"type":"Point","coordinates":[44.1810023,15.3426819]},"properties":{"id":5081200221,"name":"كلية طب الاسنان جامعة سبأ","type":"college","category":"education","subcategory":"university","osmType":"node","addr:street":"شارع الزبيري","amenity":"college","email":"info@Sabauni.net","name:en":"Dental College and Clinics Saba University","opening_hours":"Sa-Th 08:00-15:00","operator":"Assoc. Prof. Amr Al-Najar","phone":"+9671404077","website":"http://Sabauni.net"}},{"type":"Feature","id":5132001925,"geometry":{"type":"Point","coordinates":[44.184967900000004,15.3901479]},"properties":{"id":5132001925,"name":"مدارس النهضة","type":"school","category":"education","subcategory":"school","osmType":"node","addr:street":"شارع الستين الشمالي","amenity":"school","education":"school","name:en":"Al-Nahdha School","opening_hours":"Mo-We, Sa, Su 08:00-13:30","phone":"+967 739 200 859"}},{"type":"Feature","id":5132058832,"geometry":{"type":"Point","coordinates":[44.1994679,15.301989400000002]},"properties":{"id":5132058832,"name":"مدرسة شهداء السبعين","type":"school","category":"education","subcategory":"school","osmType":"node","addr:street":"شارع 14 أكتوبر","amenity":"school","name:ar":"مدرسة شهداء السبعين","name:en":"Shohdaa Alsabeen School","opening_hours":"Sa-We 07:00-13:00","wikidata":"Q1834761"}},{"type":"Feature","id":5141016666,"geometry":{"type":"Point","coordinates":[44.198133500000004,15.288923400000002]},"properties":{"id":5141016666,"name":"مدارس واحة اليمن","type":"school","category":"education","subcategory":"school","osmType":"node","addr:street":"شارع الخمسين","amenity":"school","name:en":"Oasis Yemen School","opening_hours":"Sa-We 09:00-18:00","operator":"أنصاف المسيبي"}},{"type":"Feature","id":5164066422,"geometry":{"type":"Point","coordinates":[44.242121600000004,15.307170600000001]},"properties":{"id":5164066422,"name":"مركز المبدعون للهندسة","type":"college","category":"education","subcategory":"university","osmType":"node","amenity":"college","name:ar":"مركز المبدعون للهندسة","name:en":"MC4eng"}},{"type":"Feature","id":5176505323,"geometry":{"type":"Point","coordinates":[44.228777900000004,15.299373500000002]},"properties":{"id":5176505323,"name":"مدراس السهيل الاهلية","type":"kindergarten","category":"education","subcategory":"kindergarten","osmType":"node","addr:street":"شارع بيحان","amenity":"kindergarten","name:ar":"مدراس السهيل الاهلية","name:latin":"mdras al-shyl al-ahlya"}},{"type":"Feature","id":5200289521,"geometry":{"type":"Point","coordinates":[44.19708670000001,15.308486600000002]},"properties":{"id":5200289521,"name":"مدرسة زيد الموشكي","type":"school","category":"education","subcategory":"school","osmType":"node","addr:street":"شارع السفارة الالمانية","amenity":"school","opening_hours":"Sa-We 06:00-13:00","name:latin":"mdrsa zyd al-mwshky"}},{"type":"Feature","id":5204761122,"geometry":{"type":"Point","coordinates":[44.241302000000005,15.303431100000001]},"properties":{"id":5204761122,"name":"مركز المبدعون للهندسة","type":"college","category":"education","subcategory":"university","osmType":"node","amenity":"college","name:ar":"مركز المبدعون للهندسة","name:en":"mc4eng","phone":"774640599"}},{"type":"Feature","id":5207579126,"geometry":{"type":"Point","coordinates":[44.311110400000004,15.231472600000002]},"properties":{"id":5207579126,"name":"مدرسة الامام زيد الشاطبي","type":"school","category":"education","subcategory":"school","osmType":"node","addr:street":"بيت الشاطبي","amenity":"school","name:ar":"مدرسة الامام زيد الشاطبي","opening_hours":"Sa-Th 13:00-07:00","name:latin":"mdrsa al-amam zyd al-shatby"}},{"type":"Feature","id":5266707426,"geometry":{"type":"Point","coordinates":[44.1715699,15.3002476]},"properties":{"id":5266707426,"name":"الجامعة الماليزيا تونتك لتكنولوجيا","type":"college","category":"education","subcategory":"university","osmType":"node","addr:street":"شارع حدة","amenity":"college","name:ar":"الجامعة الماليزيا تونتك لتكنولوجيا","name:en":"INTERNATIONAL UNIVERSITY FOR TECHNOLOGY TWINTECH","opening_hours":"Sa-Th 07:00-17:00"}},{"type":"Feature","id":5339491622,"geometry":{"type":"Point","coordinates":[44.219355400000005,15.338886700000002]},"properties":{"id":5339491622,"name":"مدرسة ذو النورين","type":"school","category":"education","subcategory":"school","osmType":"node","addr:street":"شارع جامع الحزيزي","amenity":"school","name:ar":"مدرسة ذو النورين","name:latin":"mdrsa dhw al-nwryn"}},{"type":"Feature","id":5348913822,"geometry":{"type":"Point","coordinates":[44.2249387,15.325073200000002]},"properties":{"id":5348913822,"name":"مدارس دار الفكر النموذجية","type":"school","category":"education","subcategory":"school","osmType":"node","amenity":"school","name:ar":"مدارس دار الفكر النموذجية","name:latin":"mdars dar al-fkr al-nmwdhjya"}},{"type":"Feature","id":5372932322,"geometry":{"type":"Point","coordinates":[44.2504525,15.406784700000001]},"properties":{"id":5372932322,"name":"كلية المجتمع","type":"college","category":"education","subcategory":"university","osmType":"node","addr:street":"شارع مارب","amenity":"college","name:ar":"كلية المجتمع","name:en":"Community College"}},{"type":"Feature","id":5425915923,"geometry":{"type":"Point","coordinates":[44.2070523,15.4070192]},"properties":{"id":5425915923,"name":"المعهد للتدريب والتأهيل المركزي","type":"school","category":"education","subcategory":"school","osmType":"node","amenity":"school","name:ar":"المعهد للتدريب والتأهيل المركزي","name:latin":"al-m'hd lltdryb waltahyl al-mrkzy"}},{"type":"Feature","id":5600329621,"geometry":{"type":"Point","coordinates":[44.1538485,15.409742000000001]},"properties":{"id":5600329621,"name":"مدرسة شملان","type":"school","category":"education","subcategory":"school","osmType":"node","addr:street":"خط وادي ظهر - شبام","amenity":"school","education":"school","name:en":"Shamlan school"}},{"type":"Feature","id":5673813421,"geometry":{"type":"Point","coordinates":[44.181020100000005,15.345973100000002]},"properties":{"id":5673813421,"name":"مدرسة سقطرى","type":"school","category":"education","subcategory":"school","osmType":"node","addr:street":"شارع 16","amenity":"school","name:latin":"mdrsa sqtra"}},{"type":"Feature","id":5673912123,"geometry":{"type":"Point","coordinates":[44.192320900000006,15.365108200000002]},"properties":{"id":5673912123,"name":"جامعة الحكمة","type":"college","category":"education","subcategory":"university","osmType":"node","addr:street":"شارع الحرية","amenity":"college","name:ar":"جامعة الحكمة","name:en":"Alhekmah university"}},{"type":"Feature","id":5689374923,"geometry":{"type":"Point","coordinates":[44.217109400000005,15.263172100000002]},"properties":{"id":5689374923,"name":"مدارس شهداء السبعين","type":"school","category":"education","subcategory":"school","osmType":"node","addr:street":"شارع 48","amenity":"school","name:ar":"مدارس شهداء السبعين","name:latin":"mdars shhda' al-sb'yn"}},{"type":"Feature","id":5760557921,"geometry":{"type":"Point","coordinates":[44.1744567,15.379676900000002]},"properties":{"id":5760557921,"name":"روضة الاندلس","type":"kindergarten","category":"education","subcategory":"kindergarten","osmType":"node","addr:housenumber":"11","addr:street":"شارع الستين","amenity":"kindergarten","education":"kindergarten","name:latin":"rwda al-andls"}},{"type":"Feature","id":5773917033,"geometry":{"type":"Point","coordinates":[44.2240182,15.301791200000002]},"properties":{"id":5773917033,"name":"مدرسة الشوكاني","type":"school","category":"education","subcategory":"school","osmType":"node","addr:city":"صنعاء","addr:street":"شارع 23 يونيو","amenity":"school","name:ar":"مدرسة الشوكاني","name:latin":"mdrsa al-shwkany"}},{"type":"Feature","id":5778994977,"geometry":{"type":"Point","coordinates":[44.1923278,15.329377200000001]},"properties":{"id":5778994977,"name":"مدرسة الأنفال","type":"school","category":"education","subcategory":"school","osmType":"node","addr:street":"شارع جيبوتي","amenity":"school","name:en":"Alanfal school"}},{"type":"Feature","id":5789120732,"geometry":{"type":"Point","coordinates":[44.18682750000001,15.304305500000002]},"properties":{"id":5789120732,"name":"الجامعة الأردنية","type":"university","category":"education","subcategory":"university","osmType":"node","addr:street":"شارع واي","amenity":"university","name:en":"Jordanian Univercity"}},{"type":"Feature","id":5816242658,"geometry":{"type":"Point","coordinates":[44.200306100000006,15.392177300000002]},"properties":{"id":5816242658,"name":"مدرسة حليمة للبنات","type":"school","category":"education","subcategory":"school","osmType":"node","amenity":"school","education":"school","name:latin":"mdrsa hlyma llbnat"}},{"type":"Feature","id":5875416933,"geometry":{"type":"Point","coordinates":[44.174495900000004,15.3670234]},"properties":{"id":5875416933,"name":"جامعة اليمن","type":"university","category":"education","subcategory":"university","osmType":"node","addr:street":"شارع الستين","amenity":"university","name:en":"Yemen Univercity","opening_hours":"Sa-Th 09:00-18:00"}},{"type":"Feature","id":5875416947,"geometry":{"type":"Point","coordinates":[44.173738500000006,15.356241]},"properties":{"id":5875416947,"name":"المدرسة السودانية","type":"school","category":"education","subcategory":"school","osmType":"node","addr:street":"شارع الستين","amenity":"school","name:latin":"al-mdrsa al-swdanya"}},{"type":"Feature","id":5877278585,"geometry":{"type":"Point","coordinates":[44.17629530000001,15.361011300000001]},"properties":{"id":5877278585,"name":"مدارس إكليل اليمن الحديثة","type":"school","category":"education","subcategory":"school","osmType":"node","addr:housenumber":"01-205545","addr:street":"شارع الرباط","amenity":"school","name:en":"Eklell Al-Yemen Modern Schools","opening_hours":"Sa-Th 07:00-14:00","phone":"01-205545"}},{"type":"Feature","id":5878121422,"geometry":{"type":"Point","coordinates":[44.175814,15.352181300000002]},"properties":{"id":5878121422,"name":"مدارس اليمنية الحديثة","type":"school","category":"education","subcategory":"school","osmType":"node","addr:street":"شارع 20","amenity":"school","phone":"+967 1 425 715","name:latin":"mdars al-ymnya al-hdytha"}},{"type":"Feature","id":5878121444,"geometry":{"type":"Point","coordinates":[44.185979800000005,15.3277566]},"properties":{"id":5878121444,"name":"مدرسة وديان حدة","type":"school","category":"education","subcategory":"school","osmType":"node","amenity":"school","name:latin":"mdrsa wdyan hda"}},{"type":"Feature","id":5878121447,"geometry":{"type":"Point","coordinates":[44.18674,15.326056800000002]},"properties":{"id":5878121447,"name":"الجامعة العربية للعلوم التقنية","type":"university","category":"education","subcategory":"university","osmType":"node","addr:street":"شارع الستين","amenity":"university","name:en":"Arabic Univercity for Technical Science"}},{"type":"Feature","id":5878121448,"geometry":{"type":"Point","coordinates":[44.184875700000006,15.326433600000001]},"properties":{"id":5878121448,"name":"كلية الهندسة","type":"college","category":"education","subcategory":"university","osmType":"node","amenity":"college","name:latin":"klya al-hndsa"}},{"type":"Feature","id":5878121457,"geometry":{"type":"Point","coordinates":[44.197669000000005,15.321645300000002]},"properties":{"id":5878121457,"name":"مدارس حدة الحديثة","type":"school","category":"education","subcategory":"school","osmType":"node","addr:street":"شارع حدة","amenity":"school","name:latin":"mdars hda al-hdytha"}},{"type":"Feature","id":5895667784,"geometry":{"type":"Point","coordinates":[44.1860755,15.360433300000002]},"properties":{"id":5895667784,"name":"الجامعة الدولية","type":"university","category":"education","subcategory":"university","osmType":"node","addr:street":"شارع الرباط","amenity":"university","name:latin":"al-jam'a al-dwlya"}},{"type":"Feature","id":5950924113,"geometry":{"type":"Point","coordinates":[44.173218500000004,15.463509000000002]},"properties":{"id":5950924113,"name":"مدرسة النصر المبين","type":"school","category":"education","subcategory":"school","osmType":"node","amenity":"school","name:en":"Alnser almobeen school"}},{"type":"Feature","id":5959820394,"geometry":{"type":"Point","coordinates":[44.20453560000001,15.407612900000002]},"properties":{"id":5959820394,"name":"","type":"school","category":"education","subcategory":"school","osmType":"node","amenity":"school"}},{"type":"Feature","id":6007424086,"geometry":{"type":"Point","coordinates":[44.223165300000005,15.312884500000001]},"properties":{"id":6007424086,"name":"مدرسة محمد اسماعيل","type":"school","category":"education","subcategory":"school","osmType":"node","amenity":"school","name:ar":"مدرسة محمد اسماعيل","name:latin":"mdrsa mhmd asma'yl"}},{"type":"Feature","id":6013514711,"geometry":{"type":"Point","coordinates":[44.222800400000004,15.326349300000002]},"properties":{"id":6013514711,"name":"مدرسة طارق بن زياد الأساسية","type":"school","category":"education","subcategory":"school","osmType":"node","amenity":"school","name:en":"Tareq Ben zeyad basic school"}},{"type":"Feature","id":6022377620,"geometry":{"type":"Point","coordinates":[44.194552900000005,15.310648400000002]},"properties":{"id":6022377620,"name":"جامعة الحضارة","type":"university","category":"education","subcategory":"university","osmType":"node","addr:street":"شارع حدة","amenity":"university","name:en":"Civilization University","opening_hours":"Sa-Th 07:00-17:00"}},{"type":"Feature","id":6024441019,"geometry":{"type":"Point","coordinates":[44.204871100000005,15.384064100000002]},"properties":{"id":6024441019,"name":"الارتقاء الاهلية","type":"school","category":"education","subcategory":"school","osmType":"node","addr:street":"شارع مازدا","amenity":"school","education":"school","name:latin":"al-artqa' al-ahlya"}},{"type":"Feature","id":6028250916,"geometry":{"type":"Point","coordinates":[44.2024777,15.3725871]},"properties":{"id":6028250916,"name":"مدرسة البتول","type":"school","category":"education","subcategory":"school","osmType":"node","amenity":"school","education":"school","name:latin":"mdrsa al-btwl"}},{"type":"Feature","id":6028250923,"geometry":{"type":"Point","coordinates":[44.20236560000001,15.389166200000002]},"properties":{"id":6028250923,"name":"مدرسة أوسان","type":"school","category":"education","subcategory":"school","osmType":"node","addr:street":"شارع صوفان","amenity":"school","name:en":"Awssan school"}},{"type":"Feature","id":6029109279,"geometry":{"type":"Point","coordinates":[44.2282468,15.361895700000002]},"properties":{"id":6029109279,"name":"مدرسة أحمد ياسين","type":"school","category":"education","subcategory":"school","osmType":"node","addr:street":"شارع نشوان الحميري","amenity":"school","name:latin":"mdrsa ahmd yasyn"}},{"type":"Feature","id":6029109284,"geometry":{"type":"Point","coordinates":[44.1990381,15.3602275]},"properties":{"id":6029109284,"name":"مدرسة خالد بن الوليد","type":"school","category":"education","subcategory":"school","osmType":"node","addr:street":"شارع العدل","amenity":"school","name:en":"khaled ebn alwaleed school"}},{"type":"Feature","id":6050924689,"geometry":{"type":"Point","coordinates":[44.2014263,15.336903800000002]},"properties":{"id":6050924689,"name":"مؤسسة القيادات الشابة","type":"school","category":"education","subcategory":"school","osmType":"node","amenity":"school","name:latin":"m'ssa al-qyadat al-shaba"}},{"type":"Feature","id":6059929636,"geometry":{"type":"Point","coordinates":[44.224040200000005,15.385809100000001]},"properties":{"id":6059929636,"name":"مدرسة 14 أكتوبر","type":"school","category":"education","subcategory":"school","osmType":"node","amenity":"school","name:latin":"mdrsa 14 aktwbr"}},{"type":"Feature","id":6060101596,"geometry":{"type":"Point","coordinates":[44.197698200000005,15.335919400000002]},"properties":{"id":6060101596,"name":"مدرسة الشهيد علي عبد المغني","type":"school","category":"education","subcategory":"school","osmType":"node","addr:city":"صنعاء","addr:street":"شارع حدة","amenity":"school","name:en":"Abdulmoghni school"}},{"type":"Feature","id":6131128100,"geometry":{"type":"Point","coordinates":[44.1892974,15.361436000000001]},"properties":{"id":6131128100,"name":"مدارس هامات","type":"school","category":"education","subcategory":"school","osmType":"node","addr:street":"الخط الدائري","amenity":"school","opening_hours":"Sa-We 08:00-13:00","phone":"775771000","name:latin":"mdars hamat"}},{"type":"Feature","id":6134329390,"geometry":{"type":"Point","coordinates":[44.2227742,15.325662800000002]},"properties":{"id":6134329390,"name":"مدرسة أم سلمة للبنات","type":"school","category":"education","subcategory":"school","osmType":"node","amenity":"school","name:en":"Om sallamah schoolgirls"}},{"type":"Feature","id":6327119586,"geometry":{"type":"Point","coordinates":[44.2115902,15.350635]},"properties":{"id":6327119586,"name":"مدرسة نشوان الحميري","type":"school","category":"education","subcategory":"school","osmType":"node","amenity":"school","name:en":"Nashwan alhomyari school"}},{"type":"Feature","id":6345346696,"geometry":{"type":"Point","coordinates":[44.174756300000006,15.356971200000002]},"properties":{"id":6345346696,"name":"جامعة آزال للتنمية البشرية","type":"university","category":"education","subcategory":"university","osmType":"node","addr:city":"صنعاء","addr:street":"شارع الستين","amenity":"university","name:en":"Azal university for human development","phone":"+967 1 201 710","website":"https://www.auhd.edu.ye/"}},{"type":"Feature","id":6345369214,"geometry":{"type":"Point","coordinates":[44.1768252,15.3589227]},"properties":{"id":6345369214,"name":"جامعة الرازي","type":"university","category":"education","subcategory":"university","osmType":"node","addr:street":"شارع الرباط","amenity":"university","name:en":"AL-Razi university","phone":"+967 774 440 012","website":"https://alraziuni.edu.ye/"}},{"type":"Feature","id":6370084585,"geometry":{"type":"Point","coordinates":[44.1813847,15.3386486]},"properties":{"id":6370084585,"name":"مدرسة رابعة العدوية للبنات","type":"school","category":"education","subcategory":"school","osmType":"node","addr:street":"شارع نواكشوط","amenity":"school","opening_hours":"Sa-We 07:30-12:30","name:latin":"mdrsa rab'a al-'dwya llbnat"}},{"type":"Feature","id":6381704986,"geometry":{"type":"Point","coordinates":[44.1772952,15.355864100000002]},"properties":{"id":6381704986,"name":"مدرسه هائل سعيد انعم","type":"school","category":"education","subcategory":"school","osmType":"node","amenity":"school","name:ar":"مدرسه هائل سعيد انعم","name:latin":"mdrsh ha'l s'yd an'm"}},{"type":"Feature","id":6410706985,"geometry":{"type":"Point","coordinates":[44.192258900000006,15.299443100000001]},"properties":{"id":6410706985,"name":"مدارس ورياض سكند هوم","type":"school","category":"education","subcategory":"school","osmType":"node","amenity":"school","name:ar":"رياض ومدارس سكند هوم النموذجية","name:en":"Second Home Model Nurseries & Schools","phone":"+9671415899"}},{"type":"Feature","id":6424374185,"geometry":{"type":"Point","coordinates":[44.221274300000005,15.269954700000001]},"properties":{"id":6424374185,"name":"مدرسة ظفار","type":"school","category":"education","subcategory":"school","osmType":"node","addr:street":"شارع الثلاثين","amenity":"school","name:en":"Dhafar School","opening_hours":"Su-Th 07:00-13:00"}},{"type":"Feature","id":6467137033,"geometry":{"type":"Point","coordinates":[44.212256700000005,15.334921900000001]},"properties":{"id":6467137033,"name":"مدارس النجاح","type":"school","category":"education","subcategory":"school","osmType":"node","amenity":"school","name:ar":"مدارس النجاح","name:latin":"mdars al-njah"}},{"type":"Feature","id":6479016952,"geometry":{"type":"Point","coordinates":[44.1975483,15.328489000000001]},"properties":{"id":6479016952,"name":"مدرسة المستقبل الدولية","type":"school","category":"education","subcategory":"school","osmType":"node","addr:city":"صنعاء","addr:street":"شارع جيبوتي","amenity":"school","name:latin":"mdrsa al-mstqbl al-dwlya"}},{"type":"Feature","id":6508973494,"geometry":{"type":"Point","coordinates":[44.17316700000001,15.337549000000001]},"properties":{"id":6508973494,"name":"جامعة الاتحاد للعلوم والتكنولوجيا","type":"university","category":"education","subcategory":"university","osmType":"node","amenity":"university","name:en":"Union University of Science and Technology","phone":"+967 1 400 018","website":"https://www.iust-edu.com/"}},{"type":"Feature","id":6550677685,"geometry":{"type":"Point","coordinates":[44.253855800000004,15.2847097]},"properties":{"id":6550677685,"name":"مدرسة النبي المختار","type":"school","category":"education","subcategory":"school","osmType":"node","addr:street":"جولة دار سلم","amenity":"school","name:latin":"mdrsa al-nby al-mkhtar"}},{"type":"Feature","id":6555532898,"geometry":{"type":"Point","coordinates":[44.253855800000004,15.2847097]},"properties":{"id":6555532898,"name":"مدرسة النبي المختار","type":"school","category":"education","subcategory":"school","osmType":"node","amenity":"school","description":"تعليم اساسي - ثانوي ( بنين - نبات )","name:latin":"mdrsa al-nby al-mkhtar"}},{"type":"Feature","id":6560928486,"geometry":{"type":"Point","coordinates":[44.2058236,15.340428900000001]},"properties":{"id":6560928486,"name":"مدارس العلوم والتقنية","type":"school","category":"education","subcategory":"school","osmType":"node","addr:city":"صنعاء","addr:street":"شارع كلية الشرطة","amenity":"school","name:en":"Sciences and Technology School"}},{"type":"Feature","id":6560953687,"geometry":{"type":"Point","coordinates":[44.228306,15.301721700000002]},"properties":{"id":6560953687,"name":"مدارس نماء","type":"school","category":"education","subcategory":"school","osmType":"node","addr:street":"شارع بينون","amenity":"school","name:en":"Name  school","opening_hours":"Sa-We 03:00-18:00","phone":"01607646"}},{"type":"Feature","id":6567298603,"geometry":{"type":"Point","coordinates":[44.2017639,15.299573200000001]},"properties":{"id":6567298603,"name":"روضة وحضانة بيبي هاوس","type":"kindergarten","category":"education","subcategory":"kindergarten","osmType":"node","amenity":"kindergarten","phone":"01-420187","name:latin":"rwda whdana byby haws"}},{"type":"Feature","id":6567341785,"geometry":{"type":"Point","coordinates":[44.257818500000006,15.241860500000001]},"properties":{"id":6567341785,"name":"مدرسة 22 مايو","type":"school","category":"education","subcategory":"school","osmType":"node","addr:street":"حزيز - طريق صنعاء تعز","amenity":"school","name:latin":"mdrsa 22 mayw"}},{"type":"Feature","id":6573169087,"geometry":{"type":"Point","coordinates":[44.1546347,15.399829300000002]},"properties":{"id":6573169087,"name":"مدرسة فرسان اليمن","type":"school","category":"education","subcategory":"school","osmType":"node","addr:street":"خط وادي ظهر - شبام","amenity":"school","education":"school","email":"mhmoudshoay@gmail.com","name:latin":"mdrsa frsan al-ymn"}},{"type":"Feature","id":6619156587,"geometry":{"type":"Point","coordinates":[44.210976,15.399174900000002]},"properties":{"id":6619156587,"name":"مدرسة غمدان النموذجية","type":"school","category":"education","subcategory":"school","osmType":"node","amenity":"school","name:latin":"mdrsa ghmdan al-nmwdhjya"}},{"type":"Feature","id":6619156588,"geometry":{"type":"Point","coordinates":[44.211392100000005,15.398156000000002]},"properties":{"id":6619156588,"name":"مدرسة اقرأ","type":"school","category":"education","subcategory":"school","osmType":"node","amenity":"school","name:latin":"mdrsa aqra"}},{"type":"Feature","id":6670056188,"geometry":{"type":"Point","coordinates":[44.187229300000006,15.336128000000002]},"properties":{"id":6670056188,"name":"اميدست","type":"college","category":"education","subcategory":"university","osmType":"node","amenity":"college","name:latin":"amydst"}},{"type":"Feature","id":6690293157,"geometry":{"type":"Point","coordinates":[44.1726783,15.358663700000001]},"properties":{"id":6690293157,"name":"جامعة الناصر","type":"university","category":"education","subcategory":"university","osmType":"node","addr:city":"السنينة","amenity":"university","name:en":"AL-Nasser University","phone":"+967 1 536 307","website":"https://www.al-edu.com/"}},{"type":"Feature","id":6696040585,"geometry":{"type":"Point","coordinates":[44.223891200000004,15.2714832]},"properties":{"id":6696040585,"name":"حي الشباب","type":"school","category":"education","subcategory":"school","osmType":"node","addr:street":"شارع الاكمة","amenity":"school","name:ar":"مدرسة الرسالة","name:latin":"hy al-shbab"}},{"type":"Feature","id":6937218379,"geometry":{"type":"Point","coordinates":[44.181063,15.366001]},"properties":{"id":6937218379,"name":"كلية الزراعة","type":"college","category":"education","subcategory":"university","osmType":"node","GNS:dsg_code":"SCHC","GNS:dsg_name":"college","GNS:id":"10832728","amenity":"college","int_name":"Kullīyat az Zirā‘ah","name:ar":"كلية الزراعة","source:name":"GNS","name:latin":"klya al-zra'a"}},{"type":"Feature","id":6937224328,"geometry":{"type":"Point","coordinates":[44.173902000000005,15.382331]},"properties":{"id":6937224328,"name":"كلية الطب","type":"college","category":"education","subcategory":"university","osmType":"node","GNS:dsg_code":"SCHC","GNS:dsg_name":"college","GNS:id":"10832699","amenity":"college","education":"college","int_name":"Kullīyat aţ Ţibb","name:ar":"كلية الطب","name:en":"Kulliyat at Tibb","source:name":"GNS"}},{"type":"Feature","id":6937224389,"geometry":{"type":"Point","coordinates":[44.21996300000001,15.381174000000001]},"properties":{"id":6937224389,"name":"معهد صنعاء","type":"college","category":"education","subcategory":"university","osmType":"node","GNS:dsg_code":"SCHC","GNS:dsg_name":"college","GNS:id":"10832577","amenity":"college","education":"college","int_name":"Ma‘had Şan‘ā’","name:ar":"معهد صنعاء","name:en":"Ma`had San`a'","source:name":"GNS"}},{"type":"Feature","id":6937224454,"geometry":{"type":"Point","coordinates":[44.208291,15.376740000000002]},"properties":{"id":6937224454,"name":"المدرسة البيطرة","type":"school","category":"education","subcategory":"school","osmType":"node","GNS:dsg_code":"SCH","GNS:dsg_name":"school","GNS:id":"10832720","amenity":"school","education":"school","int_name":"Al Madrasah al Bayţarah","name:ar":"المدرسة البيطرة","name:en":"Al Madrasah al Baytarah","source:name":"GNS"}},{"type":"Feature","id":6937224471,"geometry":{"type":"Point","coordinates":[44.186782,15.367033000000001]},"properties":{"id":6937224471,"name":"جامعة صنعاء","type":"college","category":"education","subcategory":"university","osmType":"node","GNS:dsg_code":"SCHC","GNS:dsg_name":"college","GNS:id":"10832718","amenity":"college","int_name":"Jāmi‘at Şan‘ā’","name:ar":"جامعة صنعاء","name:en":"Jami`at San`a'","source:name":"GNS"}},{"type":"Feature","id":6937224590,"geometry":{"type":"Point","coordinates":[44.17898,15.369991]},"properties":{"id":6937224590,"name":"كلية الهندسة","type":"college","category":"education","subcategory":"university","osmType":"node","GNS:dsg_code":"SCHC","GNS:dsg_name":"college","GNS:id":"10832705","amenity":"college","int_name":"Kullīyat al Handasah","name:ar":"كلية الهندسة","name:en":"Kulliyat al Handasah","source:name":"GNS"}},{"type":"Feature","id":6983385815,"geometry":{"type":"Point","coordinates":[44.23963740000001,15.311459900000001]},"properties":{"id":6983385815,"name":"مدرسة النباء الاهلية فرع البنين","type":"school","category":"education","subcategory":"school","osmType":"node","amenity":"school","name:en":"Alnaba'a Private school"}},{"type":"Feature","id":7004170485,"geometry":{"type":"Point","coordinates":[44.1847617,15.3852547]},"properties":{"id":7004170485,"name":"حضانة اطفال عمران","type":"kindergarten","category":"education","subcategory":"kindergarten","osmType":"node","amenity":"kindergarten","education":"kindergarten","name:latin":"hdana atfal 'mran"}},{"type":"Feature","id":7012029785,"geometry":{"type":"Point","coordinates":[44.2288603,15.312450900000002]},"properties":{"id":7012029785,"name":"مدرسة النزاري","type":"school","category":"education","subcategory":"school","osmType":"node","amenity":"school","name:latin":"mdrsa al-nzary"}},{"type":"Feature","id":7014822385,"geometry":{"type":"Point","coordinates":[44.199401,15.325214]},"properties":{"id":7014822385,"name":"معهد ساي للغات","type":"school","category":"education","subcategory":"school","osmType":"node","amenity":"school","name:latin":"m'hd say llghat"}},{"type":"Feature","id":7056564885,"geometry":{"type":"Point","coordinates":[44.224747,15.3182693]},"properties":{"id":7056564885,"name":"مدرسة خولة","type":"school","category":"education","subcategory":"school","osmType":"node","amenity":"school","name:latin":"mdrsa khwla"}},{"type":"Feature","id":7101775889,"geometry":{"type":"Point","coordinates":[44.2292994,15.267063000000002]},"properties":{"id":7101775889,"name":"مدرسة الرسالة","type":"school","category":"education","subcategory":"school","osmType":"node","amenity":"school","name:en":"Al- Resalah School"}},{"type":"Feature","id":7101986185,"geometry":{"type":"Point","coordinates":[44.18838160000001,15.305357800000001]},"properties":{"id":7101986185,"name":"مدرسة برايت ستارز / مـدرسـة النجوم الساطعة","type":"school","category":"education","subcategory":"school","osmType":"node","addr:city":"صنعاء","addr:housenumber":"اليمن","addr:street":"صنعاء _ أمام المجمع السكني حدة _ (الفندق) خلف السفارة الأردنية","amenity":"school","email":"info@brightstarsschools.com","mobile":"+967 777 110 055","name:en":"Bright Stars School BSS","phone":"01413376","religion":"muslim"}},{"type":"Feature","id":7184994685,"geometry":{"type":"Point","coordinates":[44.206643400000004,15.388296700000001]},"properties":{"id":7184994685,"name":"الاتقان الأهلية","type":"school","category":"education","subcategory":"school","osmType":"node","addr:city":"صنعاء","addr:street":"شارع التلفزيون","amenity":"school","education":"school","name:latin":"al-atqan al-ahlya"}},{"type":"Feature","id":7205596785,"geometry":{"type":"Point","coordinates":[44.159698000000006,15.407606600000001]},"properties":{"id":7205596785,"name":"مدارس أنوار العلى","type":"school","category":"education","subcategory":"school","osmType":"node","addr:street":"شملان","amenity":"school","education":"school","name:en":"Anwar Al Ola School","phone":"01384811"}},{"type":"Feature","id":7240947716,"geometry":{"type":"Point","coordinates":[44.2159599,15.278197700000002]},"properties":{"id":7240947716,"name":"","type":"school","category":"education","subcategory":"school","osmType":"node","amenity":"school"}},{"type":"Feature","id":7294950957,"geometry":{"type":"Point","coordinates":[44.2119008,15.3743317]},"properties":{"id":7294950957,"name":"مدرسة الفاروق","type":"school","category":"education","subcategory":"school","osmType":"node","GNS:dsg_code":"PPLX","GNS:dsg_name":"section of populated place","GNS:id":"14853810","amenity":"school","education":"school","int_name":"Madrasat al Fārūq","name:ar":"مدرسة الفاروق","name:en":"Madrasat al Faruq","source:name":"GNS"}},{"type":"Feature","id":7294968596,"geometry":{"type":"Point","coordinates":[44.194230000000005,15.307640000000001]},"properties":{"id":7294968596,"name":"مدرسة أزال","type":"school","category":"education","subcategory":"school","osmType":"node","GNS:dsg_code":"PPLX","GNS:dsg_name":"section of populated place","GNS:id":"14853714","amenity":"school","int_name":"Madrasat Azāl","name:ar":"مدرسة أزال","name:en":"Madrasat Azal","source:name":"GNS"}},{"type":"Feature","id":7445084388,"geometry":{"type":"Point","coordinates":[44.220125800000005,15.329017600000002]},"properties":{"id":7445084388,"name":"مدرسة ابن اليمن","type":"school","category":"education","subcategory":"school","osmType":"node","amenity":"school","education":"school","name:latin":"mdrsa abn al-ymn"}},{"type":"Feature","id":7524076385,"geometry":{"type":"Point","coordinates":[44.191062800000005,15.3066583]},"properties":{"id":7524076385,"name":"مدرسة أزال ( حدة)","type":"school","category":"education","subcategory":"school","osmType":"node","amenity":"school","name:en":"Azzal School"}},{"type":"Feature","id":7542976388,"geometry":{"type":"Point","coordinates":[44.22986220000001,15.4466014]},"properties":{"id":7542976388,"name":"مدرسة الوليد الأهليه","type":"school","category":"education","subcategory":"school","osmType":"node","amenity":"school","name:latin":"mdrsa al-wlyd al-ahlyh"}},{"type":"Feature","id":7581330285,"geometry":{"type":"Point","coordinates":[44.1243338,15.4171527]},"properties":{"id":7581330285,"name":"عمر ابن الخطاب","type":"school","category":"education","subcategory":"school","osmType":"node","addr:street":"طريق صنعاء المحويت","amenity":"school","name:latin":"'mr abn al-khtab"}},{"type":"Feature","id":7669719088,"geometry":{"type":"Point","coordinates":[44.232002900000005,15.300468400000002]},"properties":{"id":7669719088,"name":"مدرسة سهيل اليمن","type":"school","category":"education","subcategory":"school","osmType":"node","addr:street":"شارع بيحان","amenity":"school","name:latin":"mdrsa shyl al-ymn"}},{"type":"Feature","id":7725482369,"geometry":{"type":"Point","coordinates":[44.1849148,15.326006300000001]},"properties":{"id":7725482369,"name":"الكلية الطبية","type":"college","category":"education","subcategory":"university","osmType":"node","amenity":"college","name:latin":"al-klya al-tbya"}},{"type":"Feature","id":7725482380,"geometry":{"type":"Point","coordinates":[44.1860775,15.3257907]},"properties":{"id":7725482380,"name":"مبنى الإدارة الرئيسي لجامعة الملكة أروى","type":"college","category":"education","subcategory":"university","osmType":"node","addr:city":"صنعاء","amenity":"college","name:latin":"mbna al-idara al-r'ysy ljam'a al-mlka arwa"}},{"type":"Feature","id":7746360485,"geometry":{"type":"Point","coordinates":[44.1726274,15.367732700000001]},"properties":{"id":7746360485,"name":"مدرسة بدر الكبرى","type":"school","category":"education","subcategory":"school","osmType":"node","amenity":"school","name:en":"Badr high school"}},{"type":"Feature","id":7794755185,"geometry":{"type":"Point","coordinates":[44.219800000000006,15.279730200000001]},"properties":{"id":7794755185,"name":"الأمين للتجارة والإعلان","type":"library","category":"education","subcategory":"library","osmType":"node","addr:street":"شارع الاربعين","amenity":"library","email":"alameen.t.a.m@gmail.com","internet_access":"wlan","name:en":"Al-ameen for Trade and Declaration","opening_hours":"24/7","phone":"+967777377277","tourism":"artwork","website":"https://www.facebook.com/pg/alameen.t.a.m/offers/"}},{"type":"Feature","id":7982417985,"geometry":{"type":"Point","coordinates":[44.2472648,15.277128500000002]},"properties":{"id":7982417985,"name":"مدرسة طريق النجاح","type":"school","category":"education","subcategory":"school","osmType":"node","amenity":"school","name:latin":"mdrsa tryq al-njah"}},{"type":"Feature","id":8038031914,"geometry":{"type":"Point","coordinates":[44.198088500000004,15.352651500000002]},"properties":{"id":8038031914,"name":"مدارس شمس العلوم الحديثة","type":"school","category":"education","subcategory":"school","osmType":"node","addr:city":"أمانة العاصمة","addr:street":"البونية","amenity":"school","email":"Shamsaloloom.2015@gmail.com","grades":"1-9","name:en":"Shams ALaloom Modern Schools","phone":"+96701275588","religion":"muslim","start_date":"2000-09-1","website":"https://www.facebook.com/Shamsaloloom"}},{"type":"Feature","id":8133575917,"geometry":{"type":"Point","coordinates":[44.1698298,15.3595877]},"properties":{"id":8133575917,"name":"جامعة الناصر","type":"college","category":"education","subcategory":"university","osmType":"node","addr:street":"السنينه","amenity":"college","name:en":"Alnasser University"}},{"type":"Feature","id":8164414617,"geometry":{"type":"Point","coordinates":[44.2282019,15.300673100000001]},"properties":{"id":8164414617,"name":"مدارس نماء الحديثه","type":"school","category":"education","subcategory":"school","osmType":"node","amenity":"school","name:en":"( Sh )"}},{"type":"Feature","id":8164414717,"geometry":{"type":"Point","coordinates":[44.189799400000005,15.367248000000002]},"properties":{"id":8164414717,"name":"مدارس الرشيد","type":"school","category":"education","subcategory":"school","osmType":"node","amenity":"school","name:latin":"mdars al-rshyd"}},{"type":"Feature","id":8184132217,"geometry":{"type":"Point","coordinates":[44.2295759,15.360094300000002]},"properties":{"id":8184132217,"name":"مدرسة عمار بن ياسر","type":"school","category":"education","subcategory":"school","osmType":"node","addr:street":"شارع المحكمه","amenity":"school","name:latin":"mdrsa 'mar bn yasr"}},{"type":"Feature","id":8194110117,"geometry":{"type":"Point","coordinates":[44.21309720000001,15.432374800000002]},"properties":{"id":8194110117,"name":"مدرسة كوكب العلوم","type":"school","category":"education","subcategory":"school","osmType":"node","addr:street":"شارع المطار","amenity":"school","name:en":"Kawkab aleulum School","operator":"دارس امام حلويات ابو خالد"}},{"type":"Feature","id":8194117719,"geometry":{"type":"Point","coordinates":[44.2131058,15.432489000000002]},"properties":{"id":8194117719,"name":"مدرسة كوكب العلوم","type":"school","category":"education","subcategory":"school","osmType":"node","amenity":"school","name:en":"Kawkab  aleulum school","operator":"دارس امام حلويات ابو خالد"}},{"type":"Feature","id":8285674619,"geometry":{"type":"Point","coordinates":[44.206302900000004,15.378836300000001]},"properties":{"id":8285674619,"name":"جامعة أقرأ للعلوم والتكنولوجيا","type":"university","category":"education","subcategory":"university","osmType":"node","addr:street":"الحصبة","amenity":"university","education":"university","name:latin":"jam'a aqra ll'lwm waltknwlwjya"}},{"type":"Feature","id":8285674718,"geometry":{"type":"Point","coordinates":[44.2631713,15.295948400000002]},"properties":{"id":8285674718,"name":"شهداء البطحة والقلفان","type":"school","category":"education","subcategory":"school","osmType":"node","addr:street":"شارع خولان","amenity":"school","phone":"774549061","name:latin":"shhda' al-btha walqlfan"}},{"type":"Feature","id":8285675217,"geometry":{"type":"Point","coordinates":[44.2357128,15.303592600000002]},"properties":{"id":8285675217,"name":"معهد تايدي","type":"college","category":"education","subcategory":"university","osmType":"node","amenity":"college","name:latin":"m'hd taydy"}},{"type":"Feature","id":8383195121,"geometry":{"type":"Point","coordinates":[44.1747816,15.3659177]},"properties":{"id":8383195121,"name":"رياض ومدارس السلسبيل الاهلية","type":"school","category":"education","subcategory":"school","osmType":"node","addr:city":"صنعاء","addr:street":"شارع الستين","amenity":"school","name:latin":"ryad wmdars al-slsbyl al-ahlya"}},{"type":"Feature","id":8383195318,"geometry":{"type":"Point","coordinates":[44.192550700000005,15.3043679]},"properties":{"id":8383195318,"name":"مدارس الجزيرة فرع البنين","type":"school","category":"education","subcategory":"school","osmType":"node","amenity":"school","name:latin":"mdars al-jzyra fr' al-bnyn"}},{"type":"Feature","id":8383195517,"geometry":{"type":"Point","coordinates":[44.190762500000005,15.304213800000001]},"properties":{"id":8383195517,"name":"مدارس الأمين الأهلية","type":"school","category":"education","subcategory":"school","osmType":"node","amenity":"school","name:latin":"mdars al-amyn al-ahlya"}},{"type":"Feature","id":8383196719,"geometry":{"type":"Point","coordinates":[44.2188421,15.328005100000002]},"properties":{"id":8383196719,"name":"جامعة السعيدة","type":"university","category":"education","subcategory":"university","osmType":"node","amenity":"university","education":"university","name:latin":"jam'a al-s'yda"}},{"type":"Feature","id":8395478475,"geometry":{"type":"Point","coordinates":[44.229201200000006,15.3067334]},"properties":{"id":8395478475,"name":"مدرسة القادسية","type":"school","category":"education","subcategory":"school","osmType":"node","amenity":"school","name:latin":"mdrsa al-qadsya"}},{"type":"Feature","id":8399381817,"geometry":{"type":"Point","coordinates":[44.17408700000001,15.381958000000001]},"properties":{"id":8399381817,"name":"كلية الطب والعلوم الصحية","type":"college","category":"education","subcategory":"university","osmType":"node","amenity":"college","education":"college","name:latin":"klya al-tb wal'lwm al-shya"}},{"type":"Feature","id":8399382017,"geometry":{"type":"Point","coordinates":[44.18024140000001,15.3949148]},"properties":{"id":8399382017,"name":"مدرسة عمر بن الخطاب","type":"school","category":"education","subcategory":"school","osmType":"node","addr:city":"حي النهضة","addr:street":"شارع النهضة","amenity":"school","education":"school","name:latin":"mdrsa 'mr bn al-khtab"}},{"type":"Feature","id":8400972917,"geometry":{"type":"Point","coordinates":[44.2525047,15.304805300000002]},"properties":{"id":8400972917,"name":"مدرسة المؤيد","type":"school","category":"education","subcategory":"school","osmType":"node","amenity":"school","name:latin":"mdrsa al-m'yd"}},{"type":"Feature","id":8401435317,"geometry":{"type":"Point","coordinates":[44.1749026,15.375291700000002]},"properties":{"id":8401435317,"name":"مدارس القادة والإرادة","type":"school","category":"education","subcategory":"school","osmType":"node","amenity":"school","education":"school","name:latin":"mdars al-qada walirada"}},{"type":"Feature","id":8420049878,"geometry":{"type":"Point","coordinates":[44.20006420000001,15.306400900000002]},"properties":{"id":8420049878,"name":"مدارس اكسفورد شموخ اليمن التربوية","type":"school","category":"education","subcategory":"school","osmType":"node","addr:city":"صنعاء","addr:street":"شارع 14 أكتوبر","amenity":"school","name:latin":"mdars aksfwrd shmwkh al-ymn al-trbwya"}},{"type":"Feature","id":8503983717,"geometry":{"type":"Point","coordinates":[44.1599823,15.394418700000001]},"properties":{"id":8503983717,"name":"مدرسة السلام للبنات","type":"school","category":"education","subcategory":"school","osmType":"node","amenity":"school","education":"school","name:latin":"mdrsa al-slam llbnat"}},{"type":"Feature","id":8544134517,"geometry":{"type":"Point","coordinates":[44.3304637,15.175835700000002]},"properties":{"id":8544134517,"name":"مستشفى سيان","type":"kindergarten","category":"education","subcategory":"kindergarten","osmType":"node","amenity":"kindergarten","name:latin":"mstshfa syan"}},{"type":"Feature","id":8657059731,"geometry":{"type":"Point","coordinates":[44.2240271,15.368321700000001]},"properties":{"id":8657059731,"name":"","type":"school","category":"education","subcategory":"school","osmType":"node","amenity":"school"}},{"type":"Feature","id":8687950020,"geometry":{"type":"Point","coordinates":[44.20342230000001,15.386690600000001]},"properties":{"id":8687950020,"name":"مدارس قحطان الأهلية","type":"school","category":"education","subcategory":"school","osmType":"node","addr:street":"شارع صوفان","amenity":"school","name:latin":"mdars qhtan al-ahlya"}},{"type":"Feature","id":8776297817,"geometry":{"type":"Point","coordinates":[44.2248638,15.275488900000001]},"properties":{"id":8776297817,"name":"مدرسة الأمل الدولية","type":"school","category":"education","subcategory":"school","osmType":"node","addr:housenumber":"4","addr:postcode":"010","addr:street":"شارع الخمسين","amenity":"school","name:en":"Al-Amal International School","opening_hours":"Sa-We 08:00-13:00","phone":"+967 775 957 441"}},{"type":"Feature","id":8827018917,"geometry":{"type":"Point","coordinates":[44.241950300000006,15.3798007]},"properties":{"id":8827018917,"name":"مدارس الأقصى","type":"school","category":"education","subcategory":"school","osmType":"node","amenity":"school","name:latin":"mdars al-aqsa"}},{"type":"Feature","id":8918860119,"geometry":{"type":"Point","coordinates":[44.202803700000004,15.388569500000001]},"properties":{"id":8918860119,"name":"مكتبة طيور الجنة","type":"library","category":"education","subcategory":"library","osmType":"node","addr:street":"شارع صوفان","amenity":"library","name:latin":"mktba tywr al-jna"}},{"type":"Feature","id":9106013417,"geometry":{"type":"Point","coordinates":[44.219593100000004,15.3406759]},"properties":{"id":9106013417,"name":"مدارس الوطنية الحديثة - فرع البنات","type":"school","category":"education","subcategory":"school","osmType":"node","amenity":"school","name:latin":"mdars al-wtnya al-hdytha - fr' al-bnat"}},{"type":"Feature","id":9177789717,"geometry":{"type":"Point","coordinates":[44.2325469,15.286927200000001]},"properties":{"id":9177789717,"name":"مدارس الخليل الحديثة","type":"school","category":"education","subcategory":"school","osmType":"node","amenity":"school","name:latin":"mdars al-khlyl al-hdytha"}},{"type":"Feature","id":9603291217,"geometry":{"type":"Point","coordinates":[44.2498335,15.237863400000002]},"properties":{"id":9603291217,"name":"مدرسة المتفوقين","type":"school","category":"education","subcategory":"school","osmType":"node","amenity":"school","name:latin":"mdrsa al-mtfwqyn"}},{"type":"Feature","id":9905258317,"geometry":{"type":"Point","coordinates":[44.1765242,15.361242100000002]},"properties":{"id":9905258317,"name":"معهد اورنج","type":"school","category":"education","subcategory":"school","osmType":"node","addr:postcode":"0000","addr:street":"شارع الرباط","amenity":"school","name:en":"Orange Institute"}},{"type":"Feature","id":9911090912,"geometry":{"type":"Point","coordinates":[44.186114200000006,15.337195200000002]},"properties":{"id":9911090912,"name":"جامعة المستقبل","type":"university","category":"education","subcategory":"university","osmType":"node","amenity":"university","description":"جامعة المستقبل من الجامعات ذات الجودة التعليمية في اليمن تسعى إلى بناء مجتمع طلابي مسلح بالعلم والمعرفة جامعة المستقبل كمؤسسة علمية خاصة ومستقلة في عام 2004م بموجب ترخيص من وزارة التعليم العالي في الجمهورية اليمنية رقم (960) بتاريخ12/9/2004م وذلك للإسهام","website":"https://futureuniversity.com/","name:latin":"jam'a al-mstqbl"}},{"type":"Feature","id":9928749217,"geometry":{"type":"Point","coordinates":[44.180948400000005,15.303681800000001]},"properties":{"id":9928749217,"name":"سكند مام حضانة ازاد","type":"kindergarten","category":"education","subcategory":"kindergarten","osmType":"node","amenity":"kindergarten","name:en":"second mom"}},{"type":"Feature","id":9929107617,"geometry":{"type":"Point","coordinates":[44.1688412,15.3019069]},"properties":{"id":9929107617,"name":"مدرسة منارات صنعاء","type":"school","category":"education","subcategory":"school","osmType":"node","addr:street":"قرية بيت قطران","amenity":"school","opening_hours":"Fr-We 08:00-03:00","name:latin":"mdrsa mnarat sn'a'"}},{"type":"Feature","id":9944898717,"geometry":{"type":"Point","coordinates":[44.24446090000001,15.289443600000002]},"properties":{"id":9944898717,"name":"مدرسة صفية بنت عبد المطلب","type":"school","category":"education","subcategory":"school","osmType":"node","addr:city":"صنعاء","amenity":"school","name:en":"SAFYH BENT ABD ALMTALEB"}},{"type":"Feature","id":10160025045,"geometry":{"type":"Point","coordinates":[44.200215400000005,15.387262100000001]},"properties":{"id":10160025045,"name":"مدارس قحطان الأهلية الفرع","type":"school","category":"education","subcategory":"school","osmType":"node","amenity":"school","name:latin":"mdars qhtan al-ahlya al-fr'"}},{"type":"Feature","id":10160025054,"geometry":{"type":"Point","coordinates":[44.19750620000001,15.3853357]},"properties":{"id":10160025054,"name":"الكلية الدولية للعلوم الصحية والتقنية","type":"college","category":"education","subcategory":"university","osmType":"node","amenity":"college","name:latin":"al-klya al-dwlya ll'lwm al-shya waltqnya"}},{"type":"Feature","id":10160025059,"geometry":{"type":"Point","coordinates":[44.195137,15.385254500000002]},"properties":{"id":10160025059,"name":"مدريسة واحة العلم الأهلية","type":"school","category":"education","subcategory":"school","osmType":"node","amenity":"school","name:latin":"mdrysa waha al-'lm al-ahlya"}},{"type":"Feature","id":10160025107,"geometry":{"type":"Point","coordinates":[44.195418000000004,15.4013132]},"properties":{"id":10160025107,"name":"الأكاديمية اليمنية لهندسة النفط والغاز","type":"college","category":"education","subcategory":"university","osmType":"node","amenity":"college","education":"college","name:latin":"al-akadymya al-ymnya lhndsa al-nft walghaz"}},{"type":"Feature","id":10177184339,"geometry":{"type":"Point","coordinates":[44.1678251,15.346650000000002]},"properties":{"id":10177184339,"name":"مدرسة ربى العلوم","type":"school","category":"education","subcategory":"school","osmType":"node","amenity":"school","opening_hours":"Fr-Tu 07:00-02:00; We-Th 00:00-24:00","name:latin":"mdrsa rba al-'lwm"}},{"type":"Feature","id":10247843009,"geometry":{"type":"Point","coordinates":[44.170753100000006,15.373799400000001]},"properties":{"id":10247843009,"name":"مدرسة الطفل النجم","type":"school","category":"education","subcategory":"school","osmType":"node","addr:street":"المطرحية","amenity":"school","name:en":"star baby school","opening_hours":"Fr-Tu 07:00-02:00","phone":"+967776763236"}},{"type":"Feature","id":10624927336,"geometry":{"type":"Point","coordinates":[44.188362000000005,15.328145400000002]},"properties":{"id":10624927336,"name":"مدارس الأمجاد الأهلية الدولية","type":"school","category":"education","subcategory":"school","osmType":"node","addr:city":"صنعاء","addr:street":"شارع عمان","amenity":"school","grades":"1-12","phone":"+967 1 449645","name:latin":"mdars al-amjad al-ahlya al-dwlya"}},{"type":"Feature","id":10624927339,"geometry":{"type":"Point","coordinates":[44.188468400000005,15.3308259]},"properties":{"id":10624927339,"name":"مدرسة أبجد","type":"school","category":"education","subcategory":"school","osmType":"node","addr:city":"صنعاء","addr:street":"شارع عمان","amenity":"school","name:latin":"mdrsa abjd"}},{"type":"Feature","id":10624927341,"geometry":{"type":"Point","coordinates":[44.1893412,15.331550400000001]},"properties":{"id":10624927341,"name":"مدرسة الحمد","type":"school","category":"education","subcategory":"school","osmType":"node","addr:city":"صنعاء","addr:street":"شارع عمان","amenity":"school","name:latin":"mdrsa al-hmd"}},{"type":"Feature","id":10624927345,"geometry":{"type":"Point","coordinates":[44.1882068,15.3340001]},"properties":{"id":10624927345,"name":"مدارس كنوز المعرفة","type":"school","category":"education","subcategory":"school","osmType":"node","addr:street":"شارع عمان","amenity":"school","name:latin":"mdars knwz al-m'rfa"}},{"type":"Feature","id":10624927351,"geometry":{"type":"Point","coordinates":[44.189222300000004,15.336436100000002]},"properties":{"id":10624927351,"name":"كلية علوم الطوارئ الصحية والتقنية","type":"college","category":"education","subcategory":"university","osmType":"node","addr:city":"صنعاء","addr:street":"شارع عمان","amenity":"college","name:latin":"klya 'lwm al-twar' al-shya waltqnya"}},{"type":"Feature","id":10632742516,"geometry":{"type":"Point","coordinates":[44.227532800000006,15.329045100000002]},"properties":{"id":10632742516,"name":"مدرسة سكينة الثانوية للبنات","type":"school","category":"education","subcategory":"school","osmType":"node","amenity":"school","grades":"10-12","name:latin":"mdrsa skyna al-thanwya llbnat"}},{"type":"Feature","id":10632742517,"geometry":{"type":"Point","coordinates":[44.227586900000006,15.3286449]},"properties":{"id":10632742517,"name":"مدرسة عبدالرحمن الغافقي","type":"school","category":"education","subcategory":"school","osmType":"node","amenity":"school","grades":"1-9","name:latin":"mdrsa 'bdalrhmn al-ghafqy"}},{"type":"Feature","id":10632742535,"geometry":{"type":"Point","coordinates":[44.224310700000004,15.331912500000001]},"properties":{"id":10632742535,"name":"مدارس رواد اليمن الدولية فرع البراعم","type":"school","category":"education","subcategory":"school","osmType":"node","addr:city":"صنعاء","addr:street":"شارع تعز","amenity":"school","grades":"0","name:latin":"mdars rwad al-ymn al-dwlya fr' al-bra'm"}},{"type":"Feature","id":10632742555,"geometry":{"type":"Point","coordinates":[44.22352720000001,15.3367894]},"properties":{"id":10632742555,"name":"مدرسة أنس بن مالك","type":"school","category":"education","subcategory":"school","osmType":"node","amenity":"school","name:latin":"mdrsa ans bn malk"}},{"type":"Feature","id":10649030366,"geometry":{"type":"Point","coordinates":[44.1976104,15.327609100000002]},"properties":{"id":10649030366,"name":"جامعة سبأ- عمادة الدراسات العليا","type":"college","category":"education","subcategory":"university","osmType":"node","addr:street":"شارع جيبوتي","amenity":"college","name:latin":"jam'a sba- 'mada al-drasat al-'lya"}},{"type":"Feature","id":10737871905,"geometry":{"type":"Point","coordinates":[44.1553071,15.403211800000001]},"properties":{"id":10737871905,"name":"","type":"library","category":"education","subcategory":"library","osmType":"node","addr:street":"شارع مصنع شملان","amenity":"library","phone":"779220619"}},{"type":"Feature","id":10737874705,"geometry":{"type":"Point","coordinates":[44.155352900000004,15.4032256]},"properties":{"id":10737874705,"name":"مكتبة الملاك  لمتلزمات التجميل والخياطه ومدرسيه","type":"library","category":"education","subcategory":"library","osmType":"node","amenity":"library","phone":"779220619","website":"http://wffff2010@gmail.com","name:latin":"mktba al-mlak lmtlzmat al-tjmyl walkhyath wmdrsyh"}},{"type":"Feature","id":10951978777,"geometry":{"type":"Point","coordinates":[44.2231699,15.284700200000001]},"properties":{"id":10951978777,"name":"كلية بلقيس اليمن للعلوم الصحية والتكنولوجيا","type":"college","category":"education","subcategory":"university","osmType":"node","amenity":"college","name:latin":"klya blqys al-ymn ll'lwm al-shya waltknwlwjya"}},{"type":"Feature","id":11054639864,"geometry":{"type":"Point","coordinates":[44.18953320000001,15.309779200000001]},"properties":{"id":11054639864,"name":"مدارس اليمنية الحديثة فرع البنين ثانوي","type":"school","category":"education","subcategory":"school","osmType":"node","amenity":"school","website":"https://yms-ye.com/","name:latin":"mdars al-ymnya al-hdytha fr' al-bnyn thanwy"}},{"type":"Feature","id":11079015879,"geometry":{"type":"Point","coordinates":[44.202668200000005,15.350608200000002]},"properties":{"id":11079015879,"name":"المكتبة الثقافية","type":"library","category":"education","subcategory":"library","osmType":"node","amenity":"library","name:latin":"al-mktba al-thqafya"}},{"type":"Feature","id":11079015880,"geometry":{"type":"Point","coordinates":[44.202608100000006,15.350974400000002]},"properties":{"id":11079015880,"name":"بيت الثقافة","type":"library","category":"education","subcategory":"library","osmType":"node","amenity":"library","name:latin":"byt al-thqafa"}},{"type":"Feature","id":11079015889,"geometry":{"type":"Point","coordinates":[44.2028813,15.346214800000002]},"properties":{"id":11079015889,"name":"مدرسة صنعاء المتقدمة","type":"school","category":"education","subcategory":"school","osmType":"node","amenity":"school","name:latin":"mdrsa sn'a' al-mtqdma"}},{"type":"Feature","id":11079015893,"geometry":{"type":"Point","coordinates":[44.199015200000005,15.345926500000001]},"properties":{"id":11079015893,"name":"المدرسة اليمنية الرائدة","type":"school","category":"education","subcategory":"school","osmType":"node","amenity":"school","name:latin":"al-mdrsa al-ymnya al-ra'da"}},{"type":"Feature","id":11092808505,"geometry":{"type":"Point","coordinates":[44.2150528,15.410609000000001]},"properties":{"id":11092808505,"name":"","type":"school","category":"education","subcategory":"school","osmType":"node","amenity":"school","name:en":"EXCEL ETA for training"}},{"type":"Feature","id":11110591005,"geometry":{"type":"Point","coordinates":[44.205865700000004,15.384734000000002]},"properties":{"id":11110591005,"name":"مدرسة فقيد الأمة","type":"school","category":"education","subcategory":"school","osmType":"node","addr:street":"شارع مازدا","amenity":"school","education":"school","opening_hours":"Fr-Tu 07:30-11:56; We-Th 10:15-10:30","name:latin":"mdrsa fqyd al-ama"}},{"type":"Feature","id":11274584683,"geometry":{"type":"Point","coordinates":[44.18997,15.309790900000001]},"properties":{"id":11274584683,"name":"المدارس اليمنية الحديثة فرع الثانوية (بنين)","type":"school","category":"education","subcategory":"school","osmType":"node","amenity":"school","opening_hours":"Mo-We, Sa, Su 07:00-13:00","name:latin":"al-mdars al-ymnya al-hdytha fr' al-thanwya (bnyn)"}},{"type":"Feature","id":11367283161,"geometry":{"type":"Point","coordinates":[44.199882,15.326966200000001]},"properties":{"id":11367283161,"name":"كلية الهندسة وعلوم الحاسوب جامعة الناصر","type":"college","category":"education","subcategory":"university","osmType":"node","addr:street":"شارع حدة","amenity":"college","name:latin":"klya al-hndsa w'lwm al-haswb jam'a al-nasr"}},{"type":"Feature","id":11392952369,"geometry":{"type":"Point","coordinates":[44.228194300000006,15.367950200000001]},"properties":{"id":11392952369,"name":"مدارس مناهل الهداى","type":"school","category":"education","subcategory":"school","osmType":"node","addr:housenumber":"773000190","addr:street":"ماجل الأمير","amenity":"school","opening_hours":"Fr-Tu 07:00-13:00","phone":"01831276","name:latin":"mdars mnahl al-hdaa"}},{"type":"Feature","id":11810101269,"geometry":{"type":"Point","coordinates":[44.159943600000005,15.340727800000002]},"properties":{"id":11810101269,"name":"مكتبه واتصالات سيتي فون وكيل وان كاش وجوالي","type":"library","category":"education","subcategory":"library","osmType":"node","addr:street":"طريق صنعاء الحديدة","amenity":"library","opening_hours":"Mo-Su 09:00-10:00","phone":"+967771002719","name:latin":"mktbh watsalat syty fwn wkyl wan kash wjwaly"}},{"type":"Feature","id":11959236366,"geometry":{"type":"Point","coordinates":[44.2387554,15.380838700000002]},"properties":{"id":11959236366,"name":"كلية رواد النهضة للعلوم الطبية والتطبيقية - سعوان","type":"college","category":"education","subcategory":"university","osmType":"node","addr:city":"مدينة صنعاء","addr:street":"سعوان","amenity":"college","fixme":"add proper tags:  سعوان = شعوب","website":"https://www.facebook.com/roadalnahdh/","name:latin":"klya rwad al-nhda ll'lwm al-tbya walttbyqya - s'wan"}},{"type":"Feature","id":12056891747,"geometry":{"type":"Point","coordinates":[44.245765600000006,15.372411900000001]},"properties":{"id":12056891747,"name":"مدارس البناء التربوي","type":"school","category":"education","subcategory":"school","osmType":"node","addr:city":"صنعاء","addr:street":"شارع الأربعين","amenity":"school","name:latin":"mdars al-bna' al-trbwy"}},{"type":"Feature","id":12056913076,"geometry":{"type":"Point","coordinates":[44.244386600000006,15.369621500000001]},"properties":{"id":12056913076,"name":"مدارس الرائد النموذجية","type":"school","category":"education","subcategory":"school","osmType":"node","addr:city":"صنعاء","addr:street":"شارع الأربعين","amenity":"school","name:latin":"mdars al-ra'd al-nmwdhjya"}},{"type":"Feature","id":12057716745,"geometry":{"type":"Point","coordinates":[44.24390640000001,15.381723400000002]},"properties":{"id":12057716745,"name":"مدارس التربوية الحديثة","type":"school","category":"education","subcategory":"school","osmType":"node","amenity":"school","name:latin":"mdars al-trbwya al-hdytha"}},{"type":"Feature","id":12057758806,"geometry":{"type":"Point","coordinates":[44.243830100000004,15.3827022]},"properties":{"id":12057758806,"name":"مدارس الأقصى الحديثة","type":"school","category":"education","subcategory":"school","osmType":"node","addr:city":"مدينة صنعاء","addr:street":"شارع الأربعين","amenity":"school","name:latin":"mdars al-aqsa al-hdytha"}},{"type":"Feature","id":12200086077,"geometry":{"type":"Point","coordinates":[44.2132203,15.332764800000001]},"properties":{"id":12200086077,"name":"مدرسة الشهيد حزام العصيمي","type":"school","category":"education","subcategory":"school","osmType":"node","addr:city":"الامانة","addr:street":"حاره العصيمي","amenity":"school","education":"school","religion":"muslim","name:latin":"mdrsa al-shhyd hzam al-'symy"}},{"type":"Feature","id":12279251582,"geometry":{"type":"Point","coordinates":[44.199943700000006,15.295531900000002]},"properties":{"id":12279251582,"name":"جامعة الرشيد الذكية","type":"university","category":"education","subcategory":"university","osmType":"node","amenity":"university","name:latin":"jam'a al-rshyd al-dhkya"}},{"type":"Feature","id":12299737947,"geometry":{"type":"Point","coordinates":[44.236367400000006,15.292892900000002]},"properties":{"id":12299737947,"name":"مدرسة الجامعة","type":"school","category":"education","subcategory":"school","osmType":"node","amenity":"school","name:latin":"mdrsa al-jam'a"}},{"type":"Feature","id":12299826395,"geometry":{"type":"Point","coordinates":[44.1836861,15.359715800000002]},"properties":{"id":12299826395,"name":"مدرسة نسيبة بنت كعب للبنات","type":"school","category":"education","subcategory":"school","osmType":"node","amenity":"school","name:latin":"mdrsa nsyba bnt k'b llbnat"}},{"type":"Feature","id":12403304125,"geometry":{"type":"Point","coordinates":[44.2450861,15.3706545]},"properties":{"id":12403304125,"name":"معهد عالمية أنجل للعلوم الصحية","type":"college","category":"education","subcategory":"university","osmType":"node","addr:city":"صنعاء","addr:street":"شارع الأربعين","amenity":"college","name:latin":"m'hd 'almya anjl ll'lwm al-shya"}},{"type":"Feature","id":12403304136,"geometry":{"type":"Point","coordinates":[44.244429200000006,15.3725321]},"properties":{"id":12403304136,"name":"روضة قطر الندى","type":"kindergarten","category":"education","subcategory":"kindergarten","osmType":"node","amenity":"kindergarten","name:latin":"rwda qtr al-nda"}},{"type":"Feature","id":12403304140,"geometry":{"type":"Point","coordinates":[44.243241100000006,15.370693700000002]},"properties":{"id":12403304140,"name":"مدارس الرائد النموذجية - فرع البنات","type":"school","category":"education","subcategory":"school","osmType":"node","addr:city":"مدينة صنعاء","addr:street":"شارع الأربعين","amenity":"school","name:latin":"mdars al-ra'd al-nmwdhjya - fr' al-bnat"}},{"type":"Feature","id":12403309186,"geometry":{"type":"Point","coordinates":[44.245374500000004,15.386130300000001]},"properties":{"id":12403309186,"name":"مدارس البناء التربوي - فرع البنات","type":"school","category":"education","subcategory":"school","osmType":"node","addr:city":"مدينة صنعاء","addr:street":"شارع الأربعين","amenity":"school","name:latin":"mdars al-bna' al-trbwy - fr' al-bnat"}},{"type":"Feature","id":12403309189,"geometry":{"type":"Point","coordinates":[44.2440621,15.3886005]},"properties":{"id":12403309189,"name":"مدارس شموس العلم الأهلية","type":"school","category":"education","subcategory":"school","osmType":"node","addr:city":"مدينة صنعاء","addr:street":"شارع الأربعين","amenity":"school","name:latin":"mdars shmws al-'lm al-ahlya"}},{"type":"Feature","id":12407562085,"geometry":{"type":"Point","coordinates":[44.175474900000005,15.337628]},"properties":{"id":12407562085,"name":"مدرسة صنعاء البريطانية","type":"school","category":"education","subcategory":"school","osmType":"node","addr:city":"صنعاء","addr:street":"شارع نواكشوط","amenity":"school","name:latin":"mdrsa sn'a' al-brytanya"}},{"type":"Feature","id":12407644002,"geometry":{"type":"Point","coordinates":[44.179639,15.342277200000002]},"properties":{"id":12407644002,"name":"مدرسة أوائل المجد الأهلية","type":"school","category":"education","subcategory":"school","osmType":"node","addr:city":"صنعاء","addr:street":"شارع المحروقات","amenity":"school","name:latin":"mdrsa awa'l al-mjd al-ahlya"}},{"type":"Feature","id":12407644006,"geometry":{"type":"Point","coordinates":[44.1880347,15.338709800000002]},"properties":{"id":12407644006,"name":"مدرسة القدس الشريف","type":"school","category":"education","subcategory":"school","osmType":"node","amenity":"school","name:latin":"mdrsa al-qds al-shryf"}},{"type":"Feature","id":12408199450,"geometry":{"type":"Point","coordinates":[44.17311170000001,15.341682]},"properties":{"id":12408199450,"name":"جامعة العلوم الحديثة","type":"university","category":"education","subcategory":"university","osmType":"node","amenity":"university","name:latin":"jam'a al-'lwm al-hdytha"}},{"type":"Feature","id":12409058861,"geometry":{"type":"Point","coordinates":[44.1892513,15.336081000000002]},"properties":{"id":12409058861,"name":"مدارس البنيان الحديثة","type":"school","category":"education","subcategory":"school","osmType":"node","amenity":"school","name:latin":"mdars al-bnyan al-hdytha"}},{"type":"Feature","id":12409058865,"geometry":{"type":"Point","coordinates":[44.1900065,15.337653800000002]},"properties":{"id":12409058865,"name":"مدارس الأرض السعيدة","type":"school","category":"education","subcategory":"school","osmType":"node","addr:city":"صنعاء","addr:street":"شارع عمان","amenity":"school","name:latin":"mdars al-ard al-s'yda"}},{"type":"Feature","id":12409058887,"geometry":{"type":"Point","coordinates":[44.1847908,15.3366921]},"properties":{"id":12409058887,"name":"جامعة المستقبل كلية الهندسة وتكنولوجيا المعلومات","type":"college","category":"education","subcategory":"university","osmType":"node","addr:city":"صنعاء","addr:street":"شارع بغداد","amenity":"college","name:latin":"jam'a al-mstqbl klya al-hndsa wtknwlwjya al-m'lwmat"}},{"type":"Feature","id":12420501372,"geometry":{"type":"Point","coordinates":[44.219774300000005,15.281080200000002]},"properties":{"id":12420501372,"name":"مدارس أم القرى","type":"school","category":"education","subcategory":"school","osmType":"node","addr:street":"شارع الأربعين","amenity":"school","name:latin":"mdars am al-qra"}},{"type":"Feature","id":12452973136,"geometry":{"type":"Point","coordinates":[44.2504537,15.230334700000002]},"properties":{"id":12452973136,"name":"مدرسة الحسين بن علي","type":"school","category":"education","subcategory":"school","osmType":"node","amenity":"school","name:latin":"mdrsa al-hsyn bn 'ly"}},{"type":"Feature","id":12538695260,"geometry":{"type":"Point","coordinates":[44.1972025,15.307650200000001]},"properties":{"id":12538695260,"name":"مدارس المدار","type":"school","category":"education","subcategory":"school","osmType":"node","addr:city":"صنعاء","addr:street":"شارع الوحدة","amenity":"school","name:latin":"mdars al-mdar"}},{"type":"Feature","id":12538695295,"geometry":{"type":"Point","coordinates":[44.19784490000001,15.305069200000002]},"properties":{"id":12538695295,"name":"مدارس الدرب الأهلية","type":"school","category":"education","subcategory":"school","osmType":"node","addr:city":"صنعاء","addr:street":"شارع 5","amenity":"school","name:latin":"mdars al-drb al-ahlya"}},{"type":"Feature","id":12538705811,"geometry":{"type":"Point","coordinates":[44.200962700000005,15.3071011]},"properties":{"id":12538705811,"name":"روضة ومدرسة رؤيتي","type":"school","category":"education","subcategory":"school","osmType":"node","addr:city":"صنعاء","addr:street":"شارع 14 أكتوبر","amenity":"school","name:latin":"rwda wmdrsa r'yty"}},{"type":"Feature","id":12559596179,"geometry":{"type":"Point","coordinates":[44.1997203,15.335917100000001]},"properties":{"id":12559596179,"name":"المدرسة الباكستانية","type":"school","category":"education","subcategory":"school","osmType":"node","addr:city":"صنعاء","addr:street":"شارع حدة","amenity":"school","name:latin":"al-mdrsa al-bakstanya"}},{"type":"Feature","id":12559596180,"geometry":{"type":"Point","coordinates":[44.200421000000006,15.335689300000002]},"properties":{"id":12559596180,"name":"مدارس كيان الطفل الحديثة","type":"school","category":"education","subcategory":"school","osmType":"node","addr:city":"صنعاء","addr:street":"شارع حدة","amenity":"school","name:latin":"mdars kyan al-tfl al-hdytha"}},{"type":"Feature","id":12561034804,"geometry":{"type":"Point","coordinates":[44.170828300000004,15.393390400000001]},"properties":{"id":12561034804,"name":"مدارس المعارف الحديثة","type":"school","category":"education","subcategory":"school","osmType":"node","addr:city":"صنعاء","addr:street":"شارع الستين","amenity":"school","education":"school","name:latin":"mdars al-m'arf al-hdytha"}},{"type":"Feature","id":12563189859,"geometry":{"type":"Point","coordinates":[44.1700443,15.358656500000002]},"properties":{"id":12563189859,"name":"مدارس تمكين الدولية","type":"school","category":"education","subcategory":"school","osmType":"node","addr:city":"السنينة","addr:street":"شارع الستين","amenity":"school","name:latin":"mdars tmkyn al-dwlya"}},{"type":"Feature","id":12572220946,"geometry":{"type":"Point","coordinates":[44.1984086,15.397954000000002]},"properties":{"id":12572220946,"name":"مدرسة سماء النهضة الأهلية","type":"school","category":"education","subcategory":"school","osmType":"node","addr:city":"صنعاء","addr:street":"شارع صوفان","amenity":"school","education":"school","name:latin":"mdrsa sma' al-nhda al-ahlya"}},{"type":"Feature","id":12573635327,"geometry":{"type":"Point","coordinates":[44.2346755,15.305568000000001]},"properties":{"id":12573635327,"name":"مكتبة خالد بن الوليد","type":"library","category":"education","subcategory":"library","osmType":"node","addr:city":"صنعاء","addr:street":"شارع تعز","amenity":"library","name:latin":"mktba khald bn al-wlyd"}},{"type":"Feature","id":12573635355,"geometry":{"type":"Point","coordinates":[44.2092329,15.350032700000002]},"properties":{"id":12573635355,"name":"مدرسة اللأطفال النموذجية","type":"school","category":"education","subcategory":"school","osmType":"node","addr:city":"صنعاء","addr:street":"شارع الزبيري","amenity":"school","name:latin":"mdrsa al-latfal al-nmwdhjya"}},{"type":"Feature","id":12583232932,"geometry":{"type":"Point","coordinates":[44.2208516,15.278731700000002]},"properties":{"id":12583232932,"name":"مدرسة الناصر للبنين","type":"school","category":"education","subcategory":"school","osmType":"node","addr:city":"صنعاء","addr:street":"شارع الأربعين","amenity":"school","name:latin":"mdrsa al-nasr llbnyn"}},{"type":"Feature","id":12584732511,"geometry":{"type":"Point","coordinates":[44.170894000000004,15.337761900000002]},"properties":{"id":12584732511,"name":"مدارس أعلام سبأ الأهلية","type":"school","category":"education","subcategory":"school","osmType":"node","addr:city":"صنعاء","addr:street":"شارع نواكشوط","amenity":"school","name:latin":"mdars a'lam sba al-ahlya"}},{"type":"Feature","id":12584732516,"geometry":{"type":"Point","coordinates":[44.172931000000005,15.337938300000001]},"properties":{"id":12584732516,"name":"مدارس العالمية الحديثة - فرع الإنجليزي","type":"school","category":"education","subcategory":"school","osmType":"node","addr:city":"صنعاء","addr:street":"شارع نواكشوط","amenity":"school","name:latin":"mdars al-'almya al-hdytha - fr' al-injlyzy"}},{"type":"Feature","id":12584732528,"geometry":{"type":"Point","coordinates":[44.194627600000004,15.329854400000002]},"properties":{"id":12584732528,"name":"مدارس صروح التربية الحديثة","type":"school","category":"education","subcategory":"school","osmType":"node","addr:city":"صنعاء","addr:street":"شارع أبو بكر الصديق","amenity":"school","name:latin":"mdars srwh al-trbya al-hdytha"}},{"type":"Feature","id":12587743571,"geometry":{"type":"Point","coordinates":[44.1912967,15.330026000000002]},"properties":{"id":12587743571,"name":"مدرسة المؤتمن","type":"school","category":"education","subcategory":"school","osmType":"node","addr:city":"صنعاء","addr:street":"شارع خولة","amenity":"school","name:latin":"mdrsa al-m'tmn"}},{"type":"Feature","id":12587743573,"geometry":{"type":"Point","coordinates":[44.19066,15.3283827]},"properties":{"id":12587743573,"name":"مدارس أبجد 2","type":"school","category":"education","subcategory":"school","osmType":"node","addr:city":"صنعاء","addr:street":"شارع جيبوتي","amenity":"school","name:latin":"mdars abjd 2"}},{"type":"Feature","id":12587743576,"geometry":{"type":"Point","coordinates":[44.2072957,15.3407212]},"properties":{"id":12587743576,"name":"الأكاديمية اليمنية للدراسات العليا","type":"university","category":"education","subcategory":"university","osmType":"node","addr:city":"صنعاء","addr:street":"شارع كلية الشرطة","amenity":"university","name:latin":"al-akadymya al-ymnya lldrasat al-'lya"}},{"type":"Feature","id":12587743581,"geometry":{"type":"Point","coordinates":[44.187560700000006,15.359847100000001]},"properties":{"id":12587743581,"name":"مدارس سفير الحديثة","type":"school","category":"education","subcategory":"school","osmType":"node","addr:city":"صنعاء","addr:street":"شارع الرباط","amenity":"school","name:latin":"mdars sfyr al-hdytha"}},{"type":"Feature","id":12593383592,"geometry":{"type":"Point","coordinates":[44.2248639,15.301215200000001]},"properties":{"id":12593383592,"name":"مدرسة الإحسان للبنات","type":"school","category":"education","subcategory":"school","osmType":"node","addr:city":"صنعاء","addr:street":"شارع 23 يونيو","amenity":"school","name:latin":"mdrsa al-ihsan llbnat"}},{"type":"Feature","id":12597749236,"geometry":{"type":"Point","coordinates":[44.2369203,15.2761422]},"properties":{"id":12597749236,"name":"جامعة 21 سبتمبر للعلوم الطبية والتطبيقية","type":"university","category":"education","subcategory":"university","osmType":"node","addr:street":"شارع الخمسين","amenity":"university","name:latin":"jam'a 21 sbtmbr ll'lwm al-tbya walttbyqya"}},{"type":"Feature","id":12599361319,"geometry":{"type":"Point","coordinates":[44.204006500000006,15.401804300000002]},"properties":{"id":12599361319,"name":"مدرسة المسيلة النموذجية","type":"school","category":"education","subcategory":"school","osmType":"node","addr:city":"صنعاء","addr:street":"شارع التلفزيون","amenity":"school","education":"school","name:latin":"mdrsa al-msyla al-nmwdhjya"}},{"type":"Feature","id":12599361320,"geometry":{"type":"Point","coordinates":[44.203177800000006,15.401970400000002]},"properties":{"id":12599361320,"name":"مدرسة إقراء الأهلية","type":"school","category":"education","subcategory":"school","osmType":"node","addr:city":"صنعاء","addr:street":"شارع التلفزيون","amenity":"school","education":"school","name:latin":"mdrsa iqra' al-ahlya"}},{"type":"Feature","id":12600862036,"geometry":{"type":"Point","coordinates":[44.209493200000004,15.334451600000001]},"properties":{"id":12600862036,"name":"مدرسة النزيلي الأهلية","type":"school","category":"education","subcategory":"school","osmType":"node","amenity":"school","name:latin":"mdrsa al-nzyly al-ahlya"}},{"type":"Feature","id":12609716829,"geometry":{"type":"Point","coordinates":[44.1709121,15.358128700000002]},"properties":{"id":12609716829,"name":"مدارس طيبة التربوية","type":"school","category":"education","subcategory":"school","osmType":"node","amenity":"school","name:latin":"mdars tyba al-trbwya"}},{"type":"Feature","id":12621496383,"geometry":{"type":"Point","coordinates":[44.2196202,15.2867142]},"properties":{"id":12621496383,"name":"مدارس الرضوان الأهلية","type":"school","category":"education","subcategory":"school","osmType":"node","addr:city":"صنعاء","addr:street":"شارع الأربعين","amenity":"school","name:latin":"mdars al-rdwan al-ahlya"}},{"type":"Feature","id":12621496386,"geometry":{"type":"Point","coordinates":[44.220991500000004,15.287102800000001]},"properties":{"id":12621496386,"name":"مدارس رواد التكنولوجيا","type":"school","category":"education","subcategory":"school","osmType":"node","addr:city":"صنعاء","addr:street":"شارع الأربعين","amenity":"school","name:latin":"mdars rwad al-tknwlwjya"}},{"type":"Feature","id":12621500059,"geometry":{"type":"Point","coordinates":[44.2345467,15.286269200000001]},"properties":{"id":12621500059,"name":"مدرسة ابن النفيس النموذجية","type":"school","category":"education","subcategory":"school","osmType":"node","addr:city":"صنعاء","addr:street":"شارع الحربي","amenity":"school","name:latin":"mdrsa abn al-nfys al-nmwdhjya"}},{"type":"Feature","id":12621500061,"geometry":{"type":"Point","coordinates":[44.23722720000001,15.286816000000002]},"properties":{"id":12621500061,"name":"مدارس سما اليمن الدولية","type":"school","category":"education","subcategory":"school","osmType":"node","addr:city":"صنعاء","addr:street":"شارع الحربي","amenity":"school","name:latin":"mdars sma al-ymn al-dwlya"}},{"type":"Feature","id":13144529801,"geometry":{"type":"Point","coordinates":[44.233178900000006,15.4453884]},"properties":{"id":13144529801,"name":"مدارس الشورى","type":"school","category":"education","subcategory":"school","osmType":"node","amenity":"school","name:latin":"mdars al-shwra"}},{"type":"Feature","id":13200918842,"geometry":{"type":"Point","coordinates":[44.18366210000001,15.396362400000001]},"properties":{"id":13200918842,"name":"مدارس بناة المجد الحديثة","type":"school","category":"education","subcategory":"school","osmType":"node","addr:street":"شارع صوفان","amenity":"school","education":"school","name:latin":"mdars bnaa al-mjd al-hdytha"}},{"type":"Feature","id":13342518401,"geometry":{"type":"Point","coordinates":[44.1437425,15.456015400000002]},"properties":{"id":13342518401,"name":"","type":"school","category":"education","subcategory":"school","osmType":"node","amenity":"school","name:ar":"مدرسة الحكمة - قرية القابل","name:latin":"mdrsa al-hkma - qrya al-qabl"}},{"type":"Feature","id":13384264002,"geometry":{"type":"Point","coordinates":[44.239553300000004,15.475233700000002]},"properties":{"id":13384264002,"name":"مدرسة الواحة","type":"school","category":"education","subcategory":"school","osmType":"node","amenity":"school","name:latin":"mdrsa al-waha"}},{"type":"Feature","id":13410409501,"geometry":{"type":"Point","coordinates":[44.2356484,15.474427600000002]},"properties":{"id":13410409501,"name":"مدرسة الشهيد يحيى محمد المتوكل للبنات","type":"school","category":"education","subcategory":"school","osmType":"node","amenity":"school","name:latin":"mdrsa al-shhyd yhya mhmd al-mtwkl llbnat"}},{"type":"Feature","id":13436370730,"geometry":{"type":"Point","coordinates":[44.210993300000005,15.367893400000002]},"properties":{"id":13436370730,"name":"مدرسة الوشاح الأساسية للبنين","type":"school","category":"education","subcategory":"school","osmType":"node","amenity":"school","name:latin":"mdrsa al-wshah al-asasya llbnyn"}},{"type":"Feature","id":13436370759,"geometry":{"type":"Point","coordinates":[44.221034200000005,15.3691904]},"properties":{"id":13436370759,"name":"مدارس سام الأهلية للبنين","type":"school","category":"education","subcategory":"school","osmType":"node","amenity":"school","name:latin":"mdars sam al-ahlya llbnyn"}},{"type":"Feature","id":13436435943,"geometry":{"type":"Point","coordinates":[44.2046338,15.374890500000001]},"properties":{"id":13436435943,"name":"مدارس بابل","type":"school","category":"education","subcategory":"school","osmType":"node","amenity":"school","name:latin":"mdars babl"}},{"type":"Feature","id":13436435955,"geometry":{"type":"Point","coordinates":[44.1955103,15.373140900000001]},"properties":{"id":13436435955,"name":"مدرسة فاطنة الزهراء للبنات","type":"school","category":"education","subcategory":"school","osmType":"node","amenity":"school","name:latin":"mdrsa fatna al-zhra' llbnat"}},{"type":"Feature","id":13436435956,"geometry":{"type":"Point","coordinates":[44.19588040000001,15.373584500000002]},"properties":{"id":13436435956,"name":"مدرسة الشهيد أحمد الثلايا","type":"school","category":"education","subcategory":"school","osmType":"node","amenity":"school","name:latin":"mdrsa al-shhyd ahmd al-thlaya"}},{"type":"Feature","id":13436436023,"geometry":{"type":"Point","coordinates":[44.1911222,15.3674382]},"properties":{"id":13436436023,"name":"المدرسة العلمية الحديثة","type":"school","category":"education","subcategory":"school","osmType":"node","amenity":"school","name:latin":"al-mdrsa al-'lmya al-hdytha"}},{"type":"Feature","id":13436436024,"geometry":{"type":"Point","coordinates":[44.190740000000005,15.367135600000001]},"properties":{"id":13436436024,"name":"كلية الآفاق للعلوم الطبية والتقنية","type":"college","category":"education","subcategory":"university","osmType":"node","amenity":"college","name:latin":"klya al-afaq ll'lwm al-tbya waltqnya"}},{"type":"Feature","id":13437302955,"geometry":{"type":"Point","coordinates":[44.2275131,15.331541000000001]},"properties":{"id":13437302955,"name":"مدارس رواد اليمن الدولية","type":"school","category":"education","subcategory":"school","osmType":"node","amenity":"school","name:latin":"mdars rwad al-ymn al-dwlya"}},{"type":"Feature","id":13437303010,"geometry":{"type":"Point","coordinates":[44.2150851,15.329795]},"properties":{"id":13437303010,"name":"مدرسة الشهيد أحمد الحورش","type":"school","category":"education","subcategory":"school","osmType":"node","amenity":"school","name:latin":"mdrsa al-shhyd ahmd al-hwrsh"}},{"type":"Feature","id":13437303016,"geometry":{"type":"Point","coordinates":[44.217883900000004,15.3327348]},"properties":{"id":13437303016,"name":"مدارس الأمل الحديثة","type":"school","category":"education","subcategory":"school","osmType":"node","amenity":"school","name:latin":"mdars al-aml al-hdytha"}},{"type":"Feature","id":13437303101,"geometry":{"type":"Point","coordinates":[44.2099084,15.3361531]},"properties":{"id":13437303101,"name":"المدارس الثقافية الرائدة","type":"school","category":"education","subcategory":"school","osmType":"node","amenity":"school","name:latin":"al-mdars al-thqafya al-ra'da"}},{"type":"Feature","id":13438580891,"geometry":{"type":"Point","coordinates":[44.205555200000006,15.383735200000002]},"properties":{"id":13438580891,"name":"مدرسة العصرية","type":"school","category":"education","subcategory":"school","osmType":"node","amenity":"school","name:latin":"mdrsa al-'srya"}},{"type":"Feature","id":13452070423,"geometry":{"type":"Point","coordinates":[44.1786948,15.353603200000002]},"properties":{"id":13452070423,"name":"جامعة الرازي فرع الحاسوب","type":"university","category":"education","subcategory":"university","osmType":"node","amenity":"university","education":"university","name:latin":"jam'a al-razy fr' al-haswb"}},{"type":"Feature","id":13452078571,"geometry":{"type":"Point","coordinates":[44.241474000000004,15.276831800000002]},"properties":{"id":13452078571,"name":"مدرسة التكنولوجيا","type":"school","category":"education","subcategory":"school","osmType":"node","amenity":"school","name:latin":"mdrsa al-tknwlwjya"}},{"type":"Feature","id":13452078572,"geometry":{"type":"Point","coordinates":[44.2428043,15.276386700000002]},"properties":{"id":13452078572,"name":"مدرسة ماريا القبطية","type":"school","category":"education","subcategory":"school","osmType":"node","amenity":"school","name:latin":"mdrsa marya al-qbtya"}},{"type":"Feature","id":13452078576,"geometry":{"type":"Point","coordinates":[44.2418173,15.276598900000002]},"properties":{"id":13452078576,"name":"جامعة الأندلس فرع الطالبات","type":"university","category":"education","subcategory":"university","osmType":"node","amenity":"university","name:latin":"jam'a al-andls fr' al-talbat"}},{"type":"Feature","id":13452078579,"geometry":{"type":"Point","coordinates":[44.2419286,15.280602900000002]},"properties":{"id":13452078579,"name":"مدارس أحباب الرحمن","type":"school","category":"education","subcategory":"school","osmType":"node","amenity":"school","name:latin":"mdars ahbab al-rhmn"}},{"type":"Feature","id":13452078587,"geometry":{"type":"Point","coordinates":[44.251170200000004,15.284446400000002]},"properties":{"id":13452078587,"name":"مدارس الهمم العالية","type":"school","category":"education","subcategory":"school","osmType":"node","amenity":"school","name:latin":"mdars al-hmm al-'alya"}},{"type":"Feature","id":13452078598,"geometry":{"type":"Point","coordinates":[44.246835700000005,15.289568000000001]},"properties":{"id":13452078598,"name":"مدارس عمان الأهلية","type":"school","category":"education","subcategory":"school","osmType":"node","amenity":"school","name:latin":"mdars 'man al-ahlya"}},{"type":"Feature","id":13452127010,"geometry":{"type":"Point","coordinates":[44.2455402,15.2896081]},"properties":{"id":13452127010,"name":"مدارس أمل الأمة الأهلية","type":"school","category":"education","subcategory":"school","osmType":"node","amenity":"school","name:latin":"mdars aml al-ama al-ahlya"}},{"type":"Feature","id":13452127016,"geometry":{"type":"Point","coordinates":[44.246334100000006,15.285578400000002]},"properties":{"id":13452127016,"name":"مدارس جيل الحكمة التربوية","type":"school","category":"education","subcategory":"school","osmType":"node","amenity":"school","name:latin":"mdars jyl al-hkma al-trbwya"}},{"type":"Feature","id":13452127035,"geometry":{"type":"Point","coordinates":[44.243320700000005,15.279589900000001]},"properties":{"id":13452127035,"name":"مدارس الامتياز الحديثة","type":"school","category":"education","subcategory":"school","osmType":"node","amenity":"school","name:latin":"mdars al-amtyaz al-hdytha"}},{"type":"Feature","id":13452127041,"geometry":{"type":"Point","coordinates":[44.2353116,15.2798086]},"properties":{"id":13452127041,"name":"مدارس القيم الأهلية","type":"school","category":"education","subcategory":"school","osmType":"node","amenity":"school","name:latin":"mdars al-qym al-ahlya"}},{"type":"Feature","id":13452127066,"geometry":{"type":"Point","coordinates":[44.237257500000005,15.282963900000002]},"properties":{"id":13452127066,"name":"مدارس أجيال الربيع الأهلية","type":"school","category":"education","subcategory":"school","osmType":"node","amenity":"school","name:latin":"mdars ajyal al-rby' al-ahlya"}},{"type":"Feature","id":13452127069,"geometry":{"type":"Point","coordinates":[44.2399156,15.282503300000002]},"properties":{"id":13452127069,"name":"مدرسة سعد بن معاذ الأساسية للبنين","type":"school","category":"education","subcategory":"school","osmType":"node","amenity":"school","name:latin":"mdrsa s'd bn m'adh al-asasya llbnyn"}},{"type":"Feature","id":13452127081,"geometry":{"type":"Point","coordinates":[44.2366876,15.276958600000002]},"properties":{"id":13452127081,"name":"مدرسة الأنوار الحديثة","type":"school","category":"education","subcategory":"school","osmType":"node","amenity":"school","name:latin":"mdrsa al-anwar al-hdytha"}},{"type":"Feature","id":13452127084,"geometry":{"type":"Point","coordinates":[44.239682300000005,15.277051700000001]},"properties":{"id":13452127084,"name":"مدرسة رواد الأقصى الحديثة","type":"school","category":"education","subcategory":"school","osmType":"node","amenity":"school","name:latin":"mdrsa rwad al-aqsa al-hdytha"}},{"type":"Feature","id":13452127107,"geometry":{"type":"Point","coordinates":[44.244592000000004,15.277981900000002]},"properties":{"id":13452127107,"name":"مدارس الأندلس الأهلية","type":"school","category":"education","subcategory":"school","osmType":"node","amenity":"school","name:latin":"mdars al-andls al-ahlya"}},{"type":"Feature","id":13452127141,"geometry":{"type":"Point","coordinates":[44.2376907,15.288130800000001]},"properties":{"id":13452127141,"name":"مدرسة العقيق","type":"school","category":"education","subcategory":"school","osmType":"node","amenity":"school","name:latin":"mdrsa al-'qyq"}},{"type":"Feature","id":13452172360,"geometry":{"type":"Point","coordinates":[44.196563100000006,15.2970748]},"properties":{"id":13452172360,"name":"رياض ومدارس المتحدة","type":"school","category":"education","subcategory":"school","osmType":"node","amenity":"school","name:latin":"ryad wmdars al-mthda"}},{"type":"Feature","id":13452172386,"geometry":{"type":"Point","coordinates":[44.1846474,15.2958925]},"properties":{"id":13452172386,"name":"مدرسة بصمتي","type":"school","category":"education","subcategory":"school","osmType":"node","amenity":"school","name:latin":"mdrsa bsmty"}},{"type":"Feature","id":13452194220,"geometry":{"type":"Point","coordinates":[44.179321800000004,15.301554500000002]},"properties":{"id":13452194220,"name":"المدرسة الماليزية الأولى","type":"school","category":"education","subcategory":"school","osmType":"node","amenity":"school","name:latin":"al-mdrsa al-malyzya al-awla"}},{"type":"Feature","id":13452194224,"geometry":{"type":"Point","coordinates":[44.18377160000001,15.308810000000001]},"properties":{"id":13452194224,"name":"المدرسة البريطانية","type":"school","category":"education","subcategory":"school","osmType":"node","amenity":"school","name:latin":"al-mdrsa al-brytanya"}},{"type":"Feature","id":13452194229,"geometry":{"type":"Point","coordinates":[44.1793406,15.308301600000002]},"properties":{"id":13452194229,"name":"مدارس أبناء الوحدة الأهلية","type":"school","category":"education","subcategory":"school","osmType":"node","amenity":"school","name:latin":"mdars abna' al-whda al-ahlya"}},{"type":"Feature","id":13452194238,"geometry":{"type":"Point","coordinates":[44.1799133,15.307065000000001]},"properties":{"id":13452194238,"name":"مدارس طلائع المعرفة","type":"school","category":"education","subcategory":"school","osmType":"node","amenity":"school","name:latin":"mdars tla'' al-m'rfa"}},{"type":"Feature","id":13455426450,"geometry":{"type":"Point","coordinates":[44.253779900000005,15.3846196]},"properties":{"id":13455426450,"name":"مدارس السيادة الحديثة","type":"school","category":"education","subcategory":"school","osmType":"node","amenity":"school","name:latin":"mdars al-syada al-hdytha"}},{"type":"Feature","id":13455426495,"geometry":{"type":"Point","coordinates":[44.246444100000005,15.387379000000001]},"properties":{"id":13455426495,"name":"مدرسة الشهيد إبراهيم الحمدي","type":"school","category":"education","subcategory":"school","osmType":"node","amenity":"school","name:latin":"mdrsa al-shhyd ibrahym al-hmdy"}},{"type":"Feature","id":13455426527,"geometry":{"type":"Point","coordinates":[44.2363791,15.384074000000002]},"properties":{"id":13455426527,"name":"مدارس آية الأهلية","type":"school","category":"education","subcategory":"school","osmType":"node","amenity":"school","name:latin":"mdars aya al-ahlya"}},{"type":"Feature","id":13455426537,"geometry":{"type":"Point","coordinates":[44.241004600000004,15.376106000000002]},"properties":{"id":13455426537,"name":"مدرسة الفوارس","type":"school","category":"education","subcategory":"school","osmType":"node","amenity":"school","name:latin":"mdrsa al-fwars"}},{"type":"Feature","id":13455426545,"geometry":{"type":"Point","coordinates":[44.239408700000006,15.374635800000002]},"properties":{"id":13455426545,"name":"مدارس بوابة العربي فرع البنات","type":"school","category":"education","subcategory":"school","osmType":"node","amenity":"school","name:latin":"mdars bwaba al-'rby fr' al-bnat"}},{"type":"Feature","id":13455426641,"geometry":{"type":"Point","coordinates":[44.2516382,15.365247600000002]},"properties":{"id":13455426641,"name":"مدرسة فلذات أكبادنا","type":"school","category":"education","subcategory":"school","osmType":"node","amenity":"school","name:latin":"mdrsa fldhat akbadna"}},{"type":"Feature","id":13455426644,"geometry":{"type":"Point","coordinates":[44.236538700000004,15.377924100000001]},"properties":{"id":13455426644,"name":"مدرسة النهضة الحديثة","type":"school","category":"education","subcategory":"school","osmType":"node","amenity":"school","name:latin":"mdrsa al-nhda al-hdytha"}},{"type":"Feature","id":13466614720,"geometry":{"type":"Point","coordinates":[44.1865692,15.325112800000001]},"properties":{"id":13466614720,"name":"المدرسة التأسيسية الأهلية","type":"school","category":"education","subcategory":"school","osmType":"node","amenity":"school","name:latin":"al-mdrsa al-tasysya al-ahlya"}},{"type":"Feature","id":13467781566,"geometry":{"type":"Point","coordinates":[44.222741400000004,15.258056500000002]},"properties":{"id":13467781566,"name":"مدارس الريادة الحديثة الأهلية","type":"school","category":"education","subcategory":"school","osmType":"node","amenity":"school","name:latin":"mdars al-ryada al-hdytha al-ahlya"}},{"type":"Feature","id":13467781641,"geometry":{"type":"Point","coordinates":[44.2168701,15.253388300000001]},"properties":{"id":13467781641,"name":"مدارس ضياء اليمن","type":"school","category":"education","subcategory":"school","osmType":"node","amenity":"school","name:latin":"mdars dya' al-ymn"}},{"type":"Feature","id":13467781800,"geometry":{"type":"Point","coordinates":[44.211511,15.253010500000002]},"properties":{"id":13467781800,"name":"مدارس صنعاء الجديدة الدولية","type":"school","category":"education","subcategory":"school","osmType":"node","amenity":"school","name:latin":"mdars sn'a' al-jdyda al-dwlya"}},{"type":"Feature","id":13467781804,"geometry":{"type":"Point","coordinates":[44.2098936,15.2409022]},"properties":{"id":13467781804,"name":"مدرسة شهداء الأقصى","type":"school","category":"education","subcategory":"school","osmType":"node","amenity":"school","education":"school","name:latin":"mdrsa shhda' al-aqsa"}},{"type":"Feature","id":13469712821,"geometry":{"type":"Point","coordinates":[44.2448106,15.214641400000001]},"properties":{"id":13469712821,"name":"مدرسة عقبة بن نافع","type":"school","category":"education","subcategory":"school","osmType":"node","amenity":"school","education":"school","name:latin":"mdrsa 'qba bn naf'"}},{"type":"Feature","id":13469712991,"geometry":{"type":"Point","coordinates":[44.252495200000006,15.2316128]},"properties":{"id":13469712991,"name":"مدارس رواد المجد النموذجية","type":"school","category":"education","subcategory":"school","osmType":"node","amenity":"school","name:latin":"mdars rwad al-mjd al-nmwdhjya"}},{"type":"Feature","id":13469713029,"geometry":{"type":"Point","coordinates":[44.254595300000005,15.243952000000002]},"properties":{"id":13469713029,"name":"مدارس القيم الأهلية","type":"school","category":"education","subcategory":"school","osmType":"node","amenity":"school","name:latin":"mdars al-qym al-ahlya"}},{"type":"Feature","id":13469713087,"geometry":{"type":"Point","coordinates":[44.2396662,15.257652900000002]},"properties":{"id":13469713087,"name":"مدرسة الشهيد محمد نجاد حمزة","type":"school","category":"education","subcategory":"school","osmType":"node","amenity":"school","name:latin":"mdrsa al-shhyd mhmd njad hmza"}},{"type":"Feature","id":13469713202,"geometry":{"type":"Point","coordinates":[44.2198312,15.268753700000001]},"properties":{"id":13469713202,"name":"مدرسة المعارف الأهلية","type":"school","category":"education","subcategory":"school","osmType":"node","amenity":"school","name:latin":"mdrsa al-m'arf al-ahlya"}},{"type":"Feature","id":13469713203,"geometry":{"type":"Point","coordinates":[44.2238009,15.267695400000001]},"properties":{"id":13469713203,"name":"مدارس منارات الإبداع الأهلية","type":"school","category":"education","subcategory":"school","osmType":"node","amenity":"school","name:latin":"mdars mnarat al-ibda' al-ahlya"}},{"type":"Feature","id":13469713207,"geometry":{"type":"Point","coordinates":[44.22675,15.270189700000001]},"properties":{"id":13469713207,"name":"مدارس أطياف اليمن الأهلية","type":"school","category":"education","subcategory":"school","osmType":"node","amenity":"school","name:latin":"mdars atyaf al-ymn al-ahlya"}},{"type":"Feature","id":13469713231,"geometry":{"type":"Point","coordinates":[44.230509100000006,15.269650200000001]},"properties":{"id":13469713231,"name":"مدرسة البشائر","type":"school","category":"education","subcategory":"school","osmType":"node","amenity":"school","name:latin":"mdrsa al-bsha'r"}},{"type":"Feature","id":13473730187,"geometry":{"type":"Point","coordinates":[44.1879934,15.288619800000001]},"properties":{"id":13473730187,"name":"مدارس الجزيرة النموذجية للبنات","type":"school","category":"education","subcategory":"school","osmType":"node","amenity":"school","name:latin":"mdars al-jzyra al-nmwdhjya llbnat"}},{"type":"Feature","id":13473730189,"geometry":{"type":"Point","coordinates":[44.1907293,15.285828100000002]},"properties":{"id":13473730189,"name":"مدرسة الهادي","type":"school","category":"education","subcategory":"school","osmType":"node","amenity":"school","name:latin":"mdrsa al-hady"}},{"type":"Feature","id":13473735301,"geometry":{"type":"Point","coordinates":[44.1957074,15.290086800000001]},"properties":{"id":13473735301,"name":"روضة ومدرسة بن بوك","type":"school","category":"education","subcategory":"school","osmType":"node","amenity":"school","name:latin":"rwda wmdrsa bn bwk"}},{"type":"Feature","id":13475400705,"geometry":{"type":"Point","coordinates":[44.17914880000001,15.359770900000001]},"properties":{"id":13475400705,"name":"مدارس التربية الحديثة","type":"school","category":"education","subcategory":"school","osmType":"node","amenity":"school","name:latin":"mdars al-trbya al-hdytha"}},{"type":"Feature","id":13475400737,"geometry":{"type":"Point","coordinates":[44.1763084,15.359573100000002]},"properties":{"id":13475400737,"name":"مدارس الخير النموذجية الأهلية","type":"school","category":"education","subcategory":"school","osmType":"node","amenity":"school","name:latin":"mdars al-khyr al-nmwdhjya al-ahlya"}},{"type":"Feature","id":13504835101,"geometry":{"type":"Point","coordinates":[44.190499200000005,15.3497435]},"properties":{"id":13504835101,"name":"مؤسسة الإمام زيد بن علي الثقافية (IZBACF)","type":"library","category":"education","subcategory":"library","osmType":"node","addr:housenumber":"01205777","addr:street":"الخط الدائري","amenity":"library","name:en":"Imam Zaid Bin Ali Cultural Foundation (IZBACF)","phone":"778220003","website":"https://www.izbacf.org/"}},{"type":"Feature","id":13518640362,"geometry":{"type":"Point","coordinates":[44.2207687,15.326026]},"properties":{"id":13518640362,"name":"مدرسة الفرسان للبنين","type":"school","category":"education","subcategory":"school","osmType":"node","amenity":"school","name:latin":"mdrsa al-frsan llbnyn"}},{"type":"Feature","id":13518704570,"geometry":{"type":"Point","coordinates":[44.223779400000005,15.3173793]},"properties":{"id":13518704570,"name":"مدارس أمجاد اليمن الحديثة","type":"school","category":"education","subcategory":"school","osmType":"node","amenity":"school","name:latin":"mdars amjad al-ymn al-hdytha"}},{"type":"Feature","id":13518744888,"geometry":{"type":"Point","coordinates":[44.226947100000004,15.310879600000002]},"properties":{"id":13518744888,"name":"مدارس السبعين الحديثة","type":"school","category":"education","subcategory":"school","osmType":"node","amenity":"school","name:latin":"mdars al-sb'yn al-hdytha"}},{"type":"Feature","id":13518892499,"geometry":{"type":"Point","coordinates":[44.18975030000001,15.3483905]},"properties":{"id":13518892499,"name":"رئاسة جامعة صنعاء القديمة","type":"college","category":"education","subcategory":"university","osmType":"node","amenity":"college","name:latin":"r'asa jam'a sn'a' al-qdyma"}},{"type":"Feature","id":13518892500,"geometry":{"type":"Point","coordinates":[44.1909733,15.3474929]},"properties":{"id":13518892500,"name":"قسم اللغة الفرنسية","type":"college","category":"education","subcategory":"university","osmType":"node","amenity":"college","operator":"جامعة صنعاء القديمة","name:latin":"qsm al-lgha al-frnsya"}},{"type":"Feature","id":13518892501,"geometry":{"type":"Point","coordinates":[44.19168680000001,15.348020600000002]},"properties":{"id":13518892501,"name":"قسم الرياضيات","type":"college","category":"education","subcategory":"university","osmType":"node","amenity":"college","operator":"جامعة صنعاء القديمة","name:latin":"qsm al-ryadyat"}},{"type":"Feature","id":13518892502,"geometry":{"type":"Point","coordinates":[44.191295200000006,15.3490759]},"properties":{"id":13518892502,"name":"كلية الآداب والعلوم الإنسانية","type":"college","category":"education","subcategory":"university","osmType":"node","amenity":"college","operator":"جامعة صنعاء القديمة","name:latin":"klya al-adab wal'lwm al-insanya"}},{"type":"Feature","id":13518892503,"geometry":{"type":"Point","coordinates":[44.1908097,15.3485612]},"properties":{"id":13518892503,"name":"مكتبة كلية الآداب","type":"library","category":"education","subcategory":"library","osmType":"node","amenity":"library","name:latin":"mktba klya al-adab"}},{"type":"Feature","id":13518892520,"geometry":{"type":"Point","coordinates":[44.1929354,15.351742600000001]},"properties":{"id":13518892520,"name":"مدرسة الفرات الأساسية الثانوية للبنات","type":"school","category":"education","subcategory":"school","osmType":"node","amenity":"school","name:latin":"mdrsa al-frat al-asasya al-thanwya llbnat"}},{"type":"Feature","id":13518892535,"geometry":{"type":"Point","coordinates":[44.192812,15.352957000000002]},"properties":{"id":13518892535,"name":"مدرسة المعرفة الأهلية","type":"school","category":"education","subcategory":"school","osmType":"node","amenity":"school","name:latin":"mdrsa al-m'rfa al-ahlya"}},{"type":"Feature","id":13521156691,"geometry":{"type":"Point","coordinates":[44.217436000000006,15.379323300000001]},"properties":{"id":13521156691,"name":"مدارس أرض الجنتين الأهلية","type":"school","category":"education","subcategory":"school","osmType":"node","amenity":"school","name:latin":"mdars ard al-jntyn al-ahlya"}},{"type":"Feature","id":13521158073,"geometry":{"type":"Point","coordinates":[44.197552800000004,15.368109400000002]},"properties":{"id":13521158073,"name":"مدارس الفردوس النموذجية","type":"school","category":"education","subcategory":"school","osmType":"node","amenity":"school","name:latin":"mdars al-frdws al-nmwdhjya"}},{"type":"Feature","id":13521158077,"geometry":{"type":"Point","coordinates":[44.1941544,15.3648868]},"properties":{"id":13521158077,"name":"مدرسة يمن المستقبل","type":"school","category":"education","subcategory":"school","osmType":"node","amenity":"school","name:latin":"mdrsa ymn al-mstqbl"}},{"type":"Feature","id":13521158078,"geometry":{"type":"Point","coordinates":[44.1938741,15.364908800000002]},"properties":{"id":13521158078,"name":"مدارس الرسالة","type":"school","category":"education","subcategory":"school","osmType":"node","amenity":"school","name:latin":"mdars al-rsala"}},{"type":"Feature","id":13683702701,"geometry":{"type":"Point","coordinates":[44.199448200000006,15.3608913]},"properties":{"id":13683702701,"name":"مكتبة الدعيس","type":"library","category":"education","subcategory":"library","osmType":"node","addr:housenumber":"01284696","amenity":"library","phone":"770905594","name:latin":"mktba al-d'ys"}},{"type":"Feature","id":13711882201,"geometry":{"type":"Point","coordinates":[44.243402,15.479476000000002]},"properties":{"id":13711882201,"name":"مدرسة مشاعل النصر الأهلية","type":"school","category":"education","subcategory":"school","osmType":"node","amenity":"school","name:latin":"mdrsa msha'l al-nsr al-ahlya"}},{"type":"Feature","id":13711890702,"geometry":{"type":"Point","coordinates":[44.23942400000001,15.475097000000002]},"properties":{"id":13711890702,"name":"مدرسة الواحة الأهلية","type":"school","category":"education","subcategory":"school","osmType":"node","amenity":"school","name:latin":"mdrsa al-waha al-ahlya"}},{"type":"Feature","id":13711896301,"geometry":{"type":"Point","coordinates":[44.245097,15.474707000000002]},"properties":{"id":13711896301,"name":"مدرسة الحارث الأساسية","type":"school","category":"education","subcategory":"school","osmType":"node","amenity":"school","name:latin":"mdrsa al-harth al-asasya"}},{"type":"Feature","id":13711932301,"geometry":{"type":"Point","coordinates":[44.233969,15.477383000000001]},"properties":{"id":13711932301,"name":"مدرسة العلا الأهلية","type":"school","category":"education","subcategory":"school","osmType":"node","amenity":"school","name:latin":"mdrsa al-'la al-ahlya"}},{"type":"Feature","id":24466450,"geometry":{"type":"Polygon","coordinates":[[[44.180734900000004,15.367518600000002],[44.181392900000006,15.367114800000001],[44.181614,15.367444700000002],[44.1826705,15.366766000000002],[44.18258410000001,15.366624100000001],[44.182722600000005,15.366532800000002],[44.1815943,15.364891100000001],[44.181395200000004,15.364677600000002],[44.181171400000004,15.364490800000002],[44.181016500000005,15.364366300000002],[44.18075700000001,15.364200300000002],[44.1806338,15.364057],[44.179721300000004,15.364653900000002],[44.1796543,15.364555300000001],[44.1788479,15.365022200000002],[44.179351700000005,15.365775800000002],[44.17981030000001,15.366284400000001],[44.180734900000004,15.367518600000002]]]},"properties":{"id":24466450,"name":"كلية الزراعة","type":"college","category":"education","subcategory":"university","osmType":"way","alt_name":"كلية الزراعة","amenity":"college","name:ar":"كلية الزراعة","name:en":"Faculty of Agriculture","nat_name":"كلية الزراعة"}},{"type":"Feature","id":24480524,"geometry":{"type":"Polygon","coordinates":[[[44.1778801,15.370293600000002],[44.17855050000001,15.369850200000002],[44.178330200000005,15.369555300000002],[44.1796062,15.368701600000001],[44.180661400000005,15.3702836],[44.1790304,15.3712785],[44.178659700000004,15.371571800000002],[44.1778801,15.370293600000002]]]},"properties":{"id":24480524,"name":"كلية الهندسة","type":"college","category":"education","subcategory":"university","osmType":"way","alt_name":"كلية الهندسة","amenity":"college","name:ar":"كلية الهندسة","name:en":"Faculty of Engineering","name:fr":"Faculté de Génie","nat_name":"كلية الهندسة"}},{"type":"Feature","id":58097829,"geometry":{"type":"Polygon","coordinates":[[[44.19188750000001,15.3475005],[44.189688700000005,15.3472722],[44.189278400000006,15.349433200000002],[44.191650800000005,15.3497172],[44.19188750000001,15.3475005]]]},"properties":{"id":58097829,"name":"جامعة صنعاء القديمة","type":"university","category":"education","subcategory":"university","osmType":"way","addr:street":"الخط الدائري","alt_name":"جامعة صنعاء القديمة","amenity":"university","name:ar":"جامعة صنعاء القديمة","name:en":"Sana'a Old University","nat_name":"جامعة صنعاء القديمة","opening_hours":"Sa-Th 07:00-16:00"}},{"type":"Feature","id":60792816,"geometry":{"type":"Polygon","coordinates":[[[44.17291590000001,15.369095800000002],[44.1725179,15.368987],[44.172687,15.368411700000001],[44.17309710000001,15.368523800000002],[44.1730438,15.368705100000001],[44.173260500000005,15.3687643],[44.17320720000001,15.3689458],[44.17291590000001,15.369095800000002]]]},"properties":{"id":60792816,"name":"جامعة العلوم والتكنولوجيا- كلية الطب","type":"college","category":"education","subcategory":"university","osmType":"way","amenity":"college","building":"yes","name:ar":"جامعة العلوم والتكنولوجيا- كلية الطب","name:latin":"jam'a al-'lwm waltknwlwjya- klya al-tb"}},{"type":"Feature","id":60792825,"geometry":{"type":"Polygon","coordinates":[[[44.175956400000004,15.371711900000001],[44.175726600000004,15.3714343],[44.176222100000004,15.371052800000001],[44.176452000000005,15.371330300000002],[44.175956400000004,15.371711900000001]]]},"properties":{"id":60792825,"name":"جامعة العلوم والتكنولوجيا- كلية الأسنان","type":"college","category":"education","subcategory":"university","osmType":"way","addr:street":"شارع الستين","amenity":"college","building":"yes","name:ar":"جامعة العلوم والتكنولوجيا- كلية الأسنان","name:latin":"jam'a al-'lwm waltknwlwjya- klya al-asnan"}},{"type":"Feature","id":60792829,"geometry":{"type":"Polygon","coordinates":[[[44.176367000000006,15.3718081],[44.17624360000001,15.371654500000002],[44.176576000000004,15.371406100000002],[44.176699400000004,15.3715597],[44.176367000000006,15.3718081]]]},"properties":{"id":60792829,"name":"جامعة العلوم والتكنولوجيا- الكلية الادارية","type":"college","category":"education","subcategory":"university","osmType":"way","addr:street":"شارع الستين","amenity":"college","building":"yes","name:ar":"جامعة العلوم والتكنولوجيا- الكلية الادارية","name:latin":"jam'a al-'lwm waltknwlwjya- al-klya al-adarya"}},{"type":"Feature","id":60792848,"geometry":{"type":"Polygon","coordinates":[[[44.1763289,15.373407400000001],[44.175738800000005,15.373097000000001],[44.1756637,15.372331500000001],[44.174075800000004,15.371234900000001],[44.17408880000001,15.3706568],[44.1740513,15.370139600000002],[44.1730535,15.369656],[44.173120600000004,15.369265400000002],[44.172539900000004,15.369299000000002],[44.1720369,15.369128400000001],[44.1719699,15.369085700000001],[44.1717875,15.368649900000001],[44.1717754,15.368549000000002],[44.1718331,15.3682063],[44.1719981,15.367947700000002],[44.1721523,15.367871400000002],[44.1728979,15.3678585],[44.17311840000001,15.367912],[44.17325400000001,15.368021800000001],[44.173711100000006,15.3683796],[44.173775400000004,15.368710700000001],[44.17399,15.369041800000002],[44.174311800000005,15.3692901],[44.1746873,15.369507300000002],[44.1747839,15.369776300000002],[44.17473030000001,15.370159000000001],[44.1747352,15.370364600000002],[44.174751300000004,15.3704215],[44.175306600000006,15.370178400000002],[44.175357500000004,15.3702611],[44.1755238,15.370160300000002],[44.175448700000004,15.370033600000001],[44.1756083,15.369902900000001],[44.17705840000001,15.371979800000002],[44.1772301,15.372248700000002],[44.177187200000006,15.372641900000001],[44.176854600000006,15.3731281],[44.17657560000001,15.3733143],[44.1763289,15.373407400000001]]]},"properties":{"id":60792848,"name":"جامعة العلوم والتكنولوجيا","type":"university","category":"education","subcategory":"university","osmType":"way","addr:city":"صنعاء","addr:street":"شارع الستين","amenity":"university","name:en":"University of Science and Technology"}},{"type":"Feature","id":60795684,"geometry":{"type":"Polygon","coordinates":[[[44.1886999,15.370057200000002],[44.188287700000004,15.370586200000002],[44.18783560000001,15.370536500000002],[44.1875189,15.370342700000002],[44.1875786,15.3695473],[44.187606,15.369447100000002],[44.188121800000005,15.3694216],[44.188653800000004,15.369447400000002],[44.1887557,15.369503300000002],[44.188852100000005,15.369660300000001],[44.1886999,15.370057200000002]]]},"properties":{"id":60795684,"name":"جامعة العلوم والتكنولوجيا","type":"university","category":"education","subcategory":"university","osmType":"way","addr:street":"شارع القاهرة","amenity":"university","name:ar":"جامعة العلوم والتكنولوجيا","name:en":"University of Science and Technology"}},{"type":"Feature","id":89618738,"geometry":{"type":"Polygon","coordinates":[[[44.22717660000001,15.378495000000001],[44.2274443,15.3793082],[44.226736900000006,15.379668],[44.2265808,15.378714800000001],[44.22717660000001,15.378495000000001]]]},"properties":{"id":89618738,"name":"مدرسة قتيبة بن مسلم النموذجية","type":"school","category":"education","subcategory":"school","osmType":"way","amenity":"school","name:ar":"مدرسة قتيبة بن مسلم النموذجية","name:latin":"mdrsa qtyba bn mslm al-nmwdhjya"}},{"type":"Feature","id":89618739,"geometry":{"type":"Polygon","coordinates":[[[44.2283562,15.375480900000001],[44.228924600000006,15.375477400000001],[44.22892830000001,15.375569300000002],[44.2292106,15.375608200000002],[44.2292033,15.375134400000002],[44.2281252,15.375141500000002],[44.2283562,15.375480900000001]]]},"properties":{"id":89618739,"name":"مدرسة 7 تموز","type":"school","category":"education","subcategory":"school","osmType":"way","alt_name:ar":"مدرسة 7 يوليو","amenity":"school","name:ar":"مدرسة 7 تموز","name:latin":"mdrsa 7 tmwz"}},{"type":"Feature","id":89618740,"geometry":{"type":"Polygon","coordinates":[[[44.2318215,15.380483900000002],[44.2328776,15.380628900000001],[44.2328739,15.380727900000002],[44.2319389,15.381314800000002],[44.23189120000001,15.381314800000002],[44.2318949,15.381254700000001],[44.2316932,15.381251100000002],[44.2317115,15.3810531],[44.2315795,15.381042500000001],[44.231616200000005,15.380802100000002],[44.231759200000006,15.380812700000002],[44.2318215,15.380483900000002]]]},"properties":{"id":89618740,"name":"مدرسة اليرموك","type":"school","category":"education","subcategory":"school","osmType":"way","amenity":"school","name:ar":"مدرسة اليرموك","name:latin":"mdrsa al-yrmwk"}},{"type":"Feature","id":89619245,"geometry":{"type":"Polygon","coordinates":[[[44.2310122,15.3790454],[44.231453900000005,15.379072100000002],[44.231499500000005,15.378832200000002],[44.2310297,15.3787952],[44.2310122,15.3790454]]]},"properties":{"id":89619245,"name":"مدرسة عمر عبدالعزيز","type":"school","category":"education","subcategory":"school","osmType":"way","amenity":"school","name:ar":"مدرسة عمر عبدالعزيز","name:latin":"mdrsa 'mr 'bdal'zyz"}},{"type":"Feature","id":104407063,"geometry":{"type":"Polygon","coordinates":[[[44.20924600000001,15.343762400000001],[44.2104076,15.344157800000001],[44.21007960000001,15.344988200000001],[44.208952100000005,15.344566400000001],[44.20924600000001,15.343762400000001]]]},"properties":{"id":104407063,"name":"مدرسة الكويت للبنين","type":"school","category":"education","subcategory":"school","osmType":"way","amenity":"school","name:ar":"مدرسة الكويت للبنين","name:latin":"mdrsa al-kwyt llbnyn"}},{"type":"Feature","id":104407065,"geometry":{"type":"Polygon","coordinates":[[[44.215004300000004,15.339911],[44.214894900000004,15.340352500000002],[44.214360500000005,15.340230300000002],[44.214467000000006,15.339781700000001],[44.215004300000004,15.339911]]]},"properties":{"id":104407065,"name":"مدرسة التضامن للبنين","type":"school","category":"education","subcategory":"school","osmType":"way","amenity":"school","name:ar":"مدرسة التضامن للبنين","name:latin":"mdrsa al-tdamn llbnyn"}},{"type":"Feature","id":104407066,"geometry":{"type":"Polygon","coordinates":[[[44.208532500000004,15.340189500000001],[44.2092011,15.340175300000002],[44.2092267,15.341043200000001],[44.20848650000001,15.340973400000001],[44.208532500000004,15.340189500000001]]]},"properties":{"id":104407066,"name":"مدرسة المعتصم للبنين","type":"school","category":"education","subcategory":"school","osmType":"way","amenity":"school","name:ar":"مدرسة المعتصم للبنين","name:latin":"mdrsa al-m'tsm llbnyn"}},{"type":"Feature","id":104407067,"geometry":{"type":"Polygon","coordinates":[[[44.2148582,15.340637200000002],[44.214302800000006,15.340518500000002],[44.214360600000006,15.340250000000001],[44.214892600000006,15.340367400000002],[44.2148582,15.340637200000002]]]},"properties":{"id":104407067,"name":"مدرسة أم سلمة للبنات","type":"school","category":"education","subcategory":"school","osmType":"way","amenity":"school","name:ar":"مدرسة أم سلمة للبنات","name:latin":"mdrsa am slma llbnat"}},{"type":"Feature","id":104407781,"geometry":{"type":"Polygon","coordinates":[[[44.20464200000001,15.417853700000002],[44.2037478,15.4182783],[44.203120500000004,15.4169788],[44.2040414,15.416644300000002],[44.20464200000001,15.417853700000002]]]},"properties":{"id":104407781,"name":"مدرسة صنعاء الأهلية النموذجية","type":"school","category":"education","subcategory":"school","osmType":"way","amenity":"school","education":"school","name:latin":"mdrsa sn'a' al-ahlya al-nmwdhjya"}},{"type":"Feature","id":104407782,"geometry":{"type":"Polygon","coordinates":[[[44.1937653,15.331699600000002],[44.192824900000005,15.331934900000002],[44.192139700000006,15.331174800000001],[44.1936534,15.3309308],[44.1937653,15.331699600000002]]]},"properties":{"id":104407782,"name":"مدرسة خولة للبنات","type":"school","category":"education","subcategory":"school","osmType":"way","amenity":"school","name:ar":"مدرسة خولة للبنات","name:latin":"mdrsa khwla llbnat"}},{"type":"Feature","id":118733113,"geometry":{"type":"Polygon","coordinates":[[[44.207436,15.332423600000002],[44.207112800000004,15.331821200000002],[44.2080532,15.3314195],[44.2081188,15.3315999],[44.2083121,15.332185],[44.207436,15.332423600000002]]]},"properties":{"id":118733113,"name":"مدرسة عبدالرزاق الصنعاني","type":"school","category":"education","subcategory":"school","osmType":"way","addr:city":"صنعاء","addr:street":"شارع السبعين","amenity":"school","name:latin":"mdrsa 'bdalrzaq al-sn'any"}},{"type":"Feature","id":120247461,"geometry":{"type":"Polygon","coordinates":[[[44.198084,15.366126200000002],[44.197483600000005,15.3661302],[44.197513,15.3668913],[44.198113400000004,15.366863000000002],[44.198084,15.366126200000002]]]},"properties":{"id":120247461,"name":"مدرسة أم المؤمونين عائشة","type":"school","category":"education","subcategory":"school","osmType":"way","alt_name":"مدرسة أم المؤمونين عائشة","amenity":"school","name:ar":"مدرسة أم المؤمونين عائشة","name:en":"Aeshah School","nat_name":"مدرسة أم المؤمونين عائشة"}},{"type":"Feature","id":120248255,"geometry":{"type":"Polygon","coordinates":[[[44.184597000000004,15.358809400000002],[44.184462700000005,15.359772900000001],[44.183497,15.3598174],[44.183614600000006,15.358671700000002],[44.184597000000004,15.358809400000002]]]},"properties":{"id":120248255,"name":"مدرسة معاذ بن جبل","type":"school","category":"education","subcategory":"school","osmType":"way","amenity":"school","name:latin":"mdrsa m'adh bn jbl"}},{"type":"Feature","id":231405759,"geometry":{"type":"Polygon","coordinates":[[[44.19442,15.2944799],[44.1945568,15.293433400000001],[44.193854,15.293534300000001],[44.19358450000001,15.2935782],[44.1933712,15.2931798],[44.192676500000005,15.293320800000002],[44.192877700000004,15.294397100000001],[44.1934678,15.294523900000002],[44.193556300000004,15.294228900000002],[44.193883500000005,15.294327200000001],[44.19442,15.2944799]]]},"properties":{"id":231405759,"name":"الجامعة اليمنية","type":"university","category":"education","subcategory":"university","osmType":"way","addr:street":"شارع صفر","amenity":"university","fixme":"name, name:ar mismatch. name, name:ar mismatch. name, name:ar mismatch. name, name:ar mismatch.","name:ar":"الجامعة اليمنية","name:en":"Yemeni University","opening_hours":"Mo-Th, Su 09:00-18:00"}},{"type":"Feature","id":231406905,"geometry":{"type":"Polygon","coordinates":[[[44.199909500000004,15.320779800000002],[44.1998265,15.320162200000002],[44.199825700000005,15.320031100000001],[44.199857200000004,15.319973700000002],[44.2006297,15.3196425],[44.200657500000005,15.319630600000002],[44.200696400000005,15.319758900000002],[44.200663500000005,15.3202443],[44.200727400000005,15.320704000000001],[44.2002931,15.320743300000002],[44.199909500000004,15.320779800000002]]]},"properties":{"id":231406905,"name":"مدرسة الشهيد الطيار محمد الديلمي الأساسية","type":"school","category":"education","subcategory":"school","osmType":"way","amenity":"school","name:latin":"mdrsa al-shhyd al-tyar mhmd al-dylmy al-asasya"}},{"type":"Feature","id":235752355,"geometry":{"type":"Polygon","coordinates":[[[44.204349400000005,15.345361700000002],[44.2033496,15.3450675],[44.2035581,15.344404700000002],[44.204511000000004,15.344731200000002],[44.204349400000005,15.345361700000002]]]},"properties":{"id":235752355,"name":"مدرسة اروى للبنات","type":"school","category":"education","subcategory":"school","osmType":"way","amenity":"school","name:ar":"مدرسة اروى للبنات","name:latin":"mdrsa arwa llbnat"}},{"type":"Feature","id":237754139,"geometry":{"type":"Polygon","coordinates":[[[44.21983770000001,15.3761828],[44.22065310000001,15.375968100000001],[44.220854200000005,15.376394800000002],[44.2208435,15.3764853],[44.2203098,15.376839600000002],[44.2202642,15.376839600000002],[44.219934200000004,15.3766095],[44.21983770000001,15.3761828]]]},"properties":{"id":237754139,"name":"مدرسة زينب للبنات","type":"school","category":"education","subcategory":"school","osmType":"way","amenity":"school","name:ar":"مدرسة زينب للبنات","name:latin":"mdrsa zynb llbnat"}},{"type":"Feature","id":237754140,"geometry":{"type":"Polygon","coordinates":[[[44.21983770000001,15.3761828],[44.219692800000004,15.375631900000002],[44.220390200000004,15.375375900000002],[44.22065310000001,15.375968100000001],[44.21983770000001,15.3761828]]]},"properties":{"id":237754140,"name":"مدرسة علي بن أبي طالب للبنين","type":"school","category":"education","subcategory":"school","osmType":"way","amenity":"school","name:ar":"مدرسة علي بن أبي طالب للبنين","name:latin":"mdrsa 'ly bn aby talb llbnyn"}},{"type":"Feature","id":237754294,"geometry":{"type":"Polygon","coordinates":[[[44.225007100000006,15.370566000000002],[44.226167700000005,15.3704154],[44.2259236,15.369706800000001],[44.22495000000001,15.369797300000002],[44.225007100000006,15.370566000000002]]]},"properties":{"id":237754294,"name":"مدرسة عمر المختار الثانوية","type":"school","category":"education","subcategory":"school","osmType":"way","amenity":"school","name:ar":"مدرسة عمر المختار الثانوية","name:latin":"mdrsa 'mr al-mkhtar al-thanwya"}},{"type":"Feature","id":237755285,"geometry":{"type":"Polygon","coordinates":[[[44.20609400000001,15.340867800000002],[44.209023,15.341173000000001],[44.209859900000005,15.341462700000001],[44.209361,15.3429578],[44.2092,15.3435061],[44.208905,15.344256200000002],[44.208770900000005,15.344427000000001],[44.2087226,15.344509700000001],[44.208652900000004,15.344840800000002],[44.208196900000004,15.344752900000001],[44.20827740000001,15.344395900000002],[44.207698,15.344271800000001],[44.207816,15.343713100000002],[44.2082452,15.343785500000001],[44.2083578,15.3438165],[44.208470500000004,15.3428543],[44.208352500000004,15.3426474],[44.208196900000004,15.3425439],[44.2063354,15.342419800000002],[44.206110100000004,15.342399100000002],[44.20609400000001,15.340867800000002]]]},"properties":{"id":237755285,"name":"اكاديمية الشرطة","type":"college","category":"education","subcategory":"university","osmType":"way","amenity":"college","building":"yes","name:ar":"اكاديمية الشرطة","name:en":"Police Academy"}},{"type":"Feature","id":237755387,"geometry":{"type":"Polygon","coordinates":[[[44.2056837,15.342608600000002],[44.205198200000005,15.342595600000001],[44.2052009,15.3429578],[44.2055549,15.3429733],[44.2056837,15.342608600000002]]]},"properties":{"id":237755387,"name":"مدرسة الشهيد السماوي","type":"school","category":"education","subcategory":"school","osmType":"way","amenity":"school","name:ar":"مدرسة الشهيد السماوي","name:latin":"mdrsa al-shhyd al-smawy"}},{"type":"Feature","id":237755388,"geometry":{"type":"Polygon","coordinates":[[[44.2015906,15.341144500000002],[44.2013948,15.341382500000002],[44.201309,15.341680000000002],[44.201950000000004,15.341806700000001],[44.202145800000004,15.341232500000002],[44.2015906,15.341144500000002]]]},"properties":{"id":237755388,"name":"مدرسة الزبيري","type":"school","category":"education","subcategory":"school","osmType":"way","amenity":"school","name:ar":"مدرسة الزبيري","name:latin":"mdrsa al-zbyry"}},{"type":"Feature","id":237823828,"geometry":{"type":"Polygon","coordinates":[[[44.1796085,15.360007300000001],[44.1797502,15.359796700000002],[44.179973800000006,15.3598998],[44.1801831,15.3595643],[44.18043050000001,15.3596806],[44.180407800000005,15.360005800000001],[44.180260100000005,15.360019200000002],[44.1802063,15.360140300000001],[44.17992460000001,15.360011300000002],[44.1798246,15.360137000000002],[44.1796085,15.360007300000001]]]},"properties":{"id":237823828,"name":"مدارس الرشيد الحديثة- فرع البنين","type":"school","category":"education","subcategory":"school","osmType":"way","addr:street":"شارع الرباط","amenity":"school","name:ar":"مدارس الرشيد الحديثة - فرع البنين","name:en":"Arrasheed Modern School -Boy Branch","phone":"+9671218607","website":"https://www.rasheed.ws/"}},{"type":"Feature","id":308602675,"geometry":{"type":"Polygon","coordinates":[[[44.2136032,15.331981],[44.213419,15.333247900000002],[44.2127848,15.333105200000002],[44.212996200000006,15.332499400000001],[44.2131375,15.331997900000001],[44.2132341,15.3318115],[44.2136032,15.331981]]]},"properties":{"id":308602675,"name":"مدرسة الشهيد العصيمي","type":"school","category":"education","subcategory":"school","osmType":"way","amenity":"school","name:ar":"مدرسة الشهيد العصيمي","name:latin":"mdrsa al-shhyd al-'symy"}},{"type":"Feature","id":308606634,"geometry":{"type":"Polygon","coordinates":[[[44.1922574,15.332013800000002],[44.1925286,15.332283600000002],[44.19227240000001,15.332594600000002],[44.192413300000005,15.332699600000002],[44.19209300000001,15.333068200000001],[44.191949900000004,15.333074400000001],[44.191629600000006,15.332843800000001],[44.1922574,15.332013800000002]]]},"properties":{"id":308606634,"name":"مدرسة ابن ماجد","type":"school","category":"education","subcategory":"school","osmType":"way","amenity":"school","name:ar":"مدرسة ابن ماجد","name:latin":"mdrsa abn majd"}},{"type":"Feature","id":313258973,"geometry":{"type":"Polygon","coordinates":[[[44.1842059,15.365914600000002],[44.184511400000005,15.366350100000002],[44.1843992,15.366423300000001],[44.1844802,15.3665388],[44.183964,15.3668755],[44.1838819,15.366758500000001],[44.1837249,15.3668609],[44.18341590000001,15.366420500000002],[44.183735000000006,15.3662123],[44.1836879,15.366145200000002],[44.1838356,15.366048800000002],[44.1838872,15.366122400000002],[44.1842059,15.365914600000002]]]},"properties":{"id":313258973,"name":"كلية التربية","type":"college","category":"education","subcategory":"university","osmType":"way","amenity":"college","name:latin":"klya al-trbya"}},{"type":"Feature","id":373876695,"geometry":{"type":"Polygon","coordinates":[[[44.2383638,15.454837500000002],[44.237527400000005,15.454942200000001],[44.2374991,15.4542721],[44.2383182,15.454110900000002],[44.2383638,15.454837500000002]]]},"properties":{"id":373876695,"name":"مدرسة جيل الوحدة","type":"school","category":"education","subcategory":"school","osmType":"way","amenity":"school","name:ar":"مدرسة جيل الوحدة","name:en":"Jeel Al-Wahda School"}},{"type":"Feature","id":373879348,"geometry":{"type":"Polygon","coordinates":[[[44.2195193,15.445976400000001],[44.2201881,15.446175600000002],[44.220192700000005,15.446097300000002],[44.220202,15.446030100000002],[44.220220600000005,15.445965200000002],[44.2202484,15.445911500000001],[44.2202926,15.445873500000001],[44.2203413,15.445842100000002],[44.2204296,15.445763800000002],[44.220332000000006,15.445689900000001],[44.2202647,15.445642900000001],[44.2202252,15.445578000000001],[44.220204300000006,15.445506400000001],[44.220192700000005,15.445399000000002],[44.2201834,15.445313900000002],[44.2201997,15.4450856],[44.220255400000006,15.444709600000001],[44.2201997,15.444698400000002],[44.220081300000004,15.444702900000001],[44.22002320000001,15.4447185],[44.2199698,15.444745400000002],[44.21992100000001,15.444776700000002],[44.2198769,15.4448193],[44.2198398,15.4448573],[44.2195193,15.445976400000001]]]},"properties":{"id":373879348,"name":"مدرسة شهداء الجوية للبنات","type":"school","category":"education","subcategory":"school","osmType":"way","amenity":"school","name:ar":"مدرسة شهداء الجوية للبنات","name:en":"Shuhada Al-Jaweia School for Girls"}},{"type":"Feature","id":373881009,"geometry":{"type":"Polygon","coordinates":[[[44.21767380000001,15.435019400000002],[44.217131200000004,15.4349523],[44.216891200000006,15.434056700000001],[44.2177482,15.433950300000001],[44.21767380000001,15.435019400000002]]]},"properties":{"id":373881009,"name":"مدرسة عمر بن عبد العزيز","type":"school","category":"education","subcategory":"school","osmType":"way","amenity":"school","name:ar":"مدرسة عمر بن عبد العزيز","name:en":"Omar Bin Abdul-aziz High School"}},{"type":"Feature","id":373884292,"geometry":{"type":"Polygon","coordinates":[[[44.188074500000006,15.365233800000002],[44.1883636,15.365011700000002],[44.1885119,15.364563500000001],[44.1883539,15.364490400000001],[44.188470200000005,15.364231900000002],[44.18851720000001,15.364127500000002],[44.1884494,15.3640012],[44.188422300000006,15.363927100000002],[44.18839070000001,15.363840000000001],[44.188385200000006,15.363724800000002],[44.188377100000004,15.3635525],[44.188377100000004,15.3635467],[44.188377100000004,15.363537100000002],[44.188377100000004,15.363130000000002],[44.1881829,15.3630995],[44.1879921,15.363764100000001],[44.1878893,15.364197200000001],[44.18784410000001,15.364419300000002],[44.187821500000005,15.364584800000001],[44.18781250000001,15.364767800000001],[44.187815400000005,15.3648693],[44.187817,15.364924600000002],[44.187830500000004,15.3649812],[44.188074500000006,15.365233800000002]]]},"properties":{"id":373884292,"name":"كلية الحاسوب وتكنولوجيا المعلومات","type":"college","category":"education","subcategory":"university","osmType":"way","amenity":"college","name:ar":"كلية الحاسوب وتكنولوجيا المعلومات","name:en":"Faculty of Computer and Information Technology"}},{"type":"Feature","id":399247538,"geometry":{"type":"Polygon","coordinates":[[[44.16271940000001,15.390355000000001],[44.1611551,15.391470300000002],[44.1613242,15.392308000000002],[44.161683700000005,15.393080800000002],[44.1620484,15.393774200000001],[44.162434600000005,15.394136300000001],[44.162821300000004,15.394383200000002],[44.1633573,15.3944699],[44.163928600000006,15.3943612],[44.16444550000001,15.394064400000001],[44.165993500000006,15.393043],[44.1673971,15.3926712],[44.1681485,15.3924783],[44.168176300000006,15.392869300000001],[44.168613900000004,15.3926168],[44.168798,15.3926446],[44.1693775,15.392669000000001],[44.169528500000006,15.392396500000002],[44.171041900000006,15.3926352],[44.1744969,15.385611700000002],[44.175049200000004,15.384477000000002],[44.175304000000004,15.383709000000001],[44.1758078,15.382094400000001],[44.176003,15.381344900000002],[44.175414100000005,15.381142500000001],[44.17518810000001,15.381099100000002],[44.1737399,15.380955100000001],[44.1724655,15.380810000000002],[44.1717579,15.380734700000001],[44.170483100000006,15.3814746],[44.1700044,15.381829600000001],[44.1694024,15.382279800000001],[44.169021300000004,15.382291200000001],[44.168127500000004,15.382377600000002],[44.1676416,15.3828182],[44.1665465,15.383909700000002],[44.1640895,15.386773100000001],[44.163715,15.387306500000001],[44.16495630000001,15.388261800000002],[44.16271940000001,15.390355000000001]]]},"properties":{"id":399247538,"name":"كلية الطب","type":"college","category":"education","subcategory":"university","osmType":"way","amenity":"college","education":"college","name:ar":"كلية الطب","name:latin":"klya al-tb"}},{"type":"Feature","id":500697321,"geometry":{"type":"Polygon","coordinates":[[[44.1757676,15.359297500000002],[44.1757496,15.359463000000002],[44.17579310000001,15.359476],[44.175772900000005,15.359668200000002],[44.1760674,15.359703600000001],[44.176089100000006,15.359517900000002],[44.1760943,15.359487500000002],[44.176053100000004,15.359477400000001],[44.1759909,15.359470900000002],[44.1760037,15.3593185],[44.1757841,15.359297500000002],[44.1757676,15.359297500000002]]]},"properties":{"id":500697321,"name":"مدرسة الاقصى للبنات","type":"school","category":"education","subcategory":"school","osmType":"way","addr:street":"شارع الرباط","amenity":"school","name:ar":"مدارسة الاقصى للبنات","name:latin":"mdrsa al-aqsa llbnat"}},{"type":"Feature","id":599931011,"geometry":{"type":"Polygon","coordinates":[[[44.198021100000005,15.4008759],[44.1979722,15.400612400000002],[44.197973100000006,15.400512200000001],[44.19825900000001,15.400490900000001],[44.198241200000005,15.4007716],[44.19818660000001,15.400808900000001],[44.1981091,15.400882800000002],[44.198021100000005,15.4008759]]]},"properties":{"id":599931011,"name":"مدرسة النصر","type":"school","category":"education","subcategory":"school","osmType":"way","addr:city":"صنعاء","addr:street":"شارع التلفزيون","amenity":"school","education":"school","name:latin":"mdrsa al-nsr"}},{"type":"Feature","id":601832042,"geometry":{"type":"Polygon","coordinates":[[[44.2293419,15.360966800000002],[44.230038,15.360820200000001],[44.229865700000005,15.359855600000001],[44.229169500000005,15.359933900000001],[44.2293419,15.360966800000002]]]},"properties":{"id":601832042,"name":"مدرسة عمار بن ياسر","type":"school","category":"education","subcategory":"school","osmType":"way","addr:street":"شارع نشوان الحميري","amenity":"school","name:ar":"مدرسة عمار بن ياسر","name:latin":"mdrsa 'mar bn yasr"}},{"type":"Feature","id":602404160,"geometry":{"type":"Polygon","coordinates":[[[44.20651840000001,15.3881966],[44.206390000000006,15.388511800000002],[44.206464700000005,15.388542200000002],[44.2065324,15.388361600000001],[44.20672390000001,15.388392500000002],[44.206798600000006,15.388248400000002],[44.20651840000001,15.3881966]]]},"properties":{"id":602404160,"name":"مدارس الإتقان الأهلية","type":"school","category":"education","subcategory":"school","osmType":"way","addr:street":"شارع التلفزيون","amenity":"school","education":"school","name:latin":"mdars al-itqan al-ahlya"}},{"type":"Feature","id":602874894,"geometry":{"type":"Polygon","coordinates":[[[44.1725519,15.392659700000001],[44.1726954,15.393002300000001],[44.1729569,15.393385000000002],[44.173148700000006,15.393604800000002],[44.173336500000005,15.3937781],[44.173377,15.3937868],[44.173572500000006,15.393992700000002],[44.174555500000004,15.3949715],[44.17645520000001,15.3968205],[44.17646800000001,15.396832100000001],[44.17883500000001,15.394200900000001],[44.18191950000001,15.390751200000002],[44.1823728,15.390263700000002],[44.1819197,15.3894566],[44.180947200000006,15.387787600000001],[44.179987000000004,15.3887651],[44.1785118,15.390277900000001],[44.17822880000001,15.390539100000002],[44.1774926,15.391346000000002],[44.177052700000004,15.391798500000002],[44.176819300000005,15.3917908],[44.176602100000004,15.391689900000001],[44.1757411,15.3904124],[44.1750491,15.3897556],[44.174400600000006,15.389343700000001],[44.1744288,15.3892991],[44.1743973,15.389278400000002],[44.17444020000001,15.389209300000001],[44.174163300000004,15.389052200000002],[44.17402250000001,15.389258400000001],[44.1732171,15.3896463],[44.172899300000005,15.390362000000001],[44.172696800000004,15.390780900000001],[44.1725385,15.391374400000002],[44.172494300000004,15.391740300000002],[44.1724782,15.392028700000001],[44.172443300000005,15.392111400000001],[44.17245810000001,15.392361000000001],[44.1724862,15.392390700000002],[44.1725519,15.392659700000001]]]},"properties":{"id":602874894,"name":"جامعة الإيمان","type":"university","category":"education","subcategory":"university","osmType":"way","addr:street":"شارع الستين","amenity":"university","education":"university","name:ar":"جامعة الإيمان","name:latin":"jam'a al-iyman"}},{"type":"Feature","id":602874901,"geometry":{"type":"Polygon","coordinates":[[[44.1727708,15.385179],[44.17298950000001,15.385349200000002],[44.1734385,15.3854111],[44.174145300000006,15.385455400000001],[44.1742002,15.385377900000002],[44.174238900000006,15.385160500000001],[44.174325700000004,15.385105900000001],[44.174414000000006,15.384618200000002],[44.17421100000001,15.384363500000001],[44.1741231,15.3842469],[44.1741341,15.383969700000002],[44.1729428,15.3839038],[44.172794100000004,15.384617600000002],[44.1727708,15.385179]]]},"properties":{"id":602874901,"name":"كلية الأسنان","type":"college","category":"education","subcategory":"university","osmType":"way","addr:street":"شارع الستين","amenity":"college","education":"college","name:ar":"كلية الأسنان","name:latin":"klya al-asnan"}},{"type":"Feature","id":602874923,"geometry":{"type":"Polygon","coordinates":[[[44.2152815,15.382914600000001],[44.2155045,15.383084000000002],[44.21569040000001,15.383256700000002],[44.2158797,15.383435900000002],[44.215822200000005,15.383615100000002],[44.2158729,15.383859500000002],[44.21536940000001,15.3840029],[44.2152274,15.383739000000002],[44.2151599,15.383677100000002],[44.2149943,15.383400100000001],[44.2149706,15.383132900000001],[44.2152815,15.382914600000001]]]},"properties":{"id":602874923,"name":"مدارس الأمجاد الدولية","type":"school","category":"education","subcategory":"school","osmType":"way","amenity":"school","education":"school","name:latin":"mdars al-amjad al-dwlya"}},{"type":"Feature","id":602874924,"geometry":{"type":"Polygon","coordinates":[[[44.232359100000004,15.377568100000001],[44.231990800000005,15.377659300000001],[44.231869100000004,15.377089100000001],[44.2321158,15.3769392],[44.232359100000004,15.377568100000001]]]},"properties":{"id":602874924,"name":"مدارس زايد","type":"school","category":"education","subcategory":"school","osmType":"way","amenity":"school","name:ar":"مدارس زايد","name:latin":"mdars zayd"}},{"type":"Feature","id":602874925,"geometry":{"type":"Polygon","coordinates":[[[44.2296861,15.378640100000002],[44.2299395,15.378601000000002],[44.2299361,15.3789627],[44.2297773,15.378949600000002],[44.2296861,15.378640100000002]]]},"properties":{"id":602874925,"name":"مدارس التربوية الحديثة","type":"school","category":"education","subcategory":"school","osmType":"way","amenity":"school","name:ar":"مدارس التربوية الحديثة","name:latin":"mdars al-trbwya al-hdytha"}},{"type":"Feature","id":602899841,"geometry":{"type":"Polygon","coordinates":[[[44.199511400000006,15.392165100000001],[44.20048800000001,15.3923736],[44.20074820000001,15.391445100000002],[44.1997513,15.391207200000002],[44.199511400000006,15.392165100000001]]]},"properties":{"id":602899841,"name":"مدرسة حليمة السعدية للبنات","type":"school","category":"education","subcategory":"school","osmType":"way","amenity":"school","education":"school","name:latin":"mdrsa hlyma al-s'dya llbnat"}},{"type":"Feature","id":602926702,"geometry":{"type":"Polygon","coordinates":[[[44.18680870000001,15.3670015],[44.187420100000004,15.3666572],[44.1877233,15.367138200000001],[44.1871658,15.367515500000001],[44.18680870000001,15.3670015]]]},"properties":{"id":602926702,"name":"المكتبة المركزية","type":"library","category":"education","subcategory":"library","osmType":"way","amenity":"library","building":"yes","name:ar":"المكتبة المركزية","name:latin":"al-mktba al-mrkzya"}},{"type":"Feature","id":602926705,"geometry":{"type":"Polygon","coordinates":[[[44.1799356,15.3723936],[44.1798104,15.372523300000001],[44.18030100000001,15.373191000000002],[44.1804727,15.3731883],[44.1805881,15.373129200000001],[44.180671100000005,15.373050500000002],[44.18189830000001,15.372321000000001],[44.1809214,15.371826100000002],[44.1808799,15.371896800000002],[44.180843,15.371881000000002],[44.1807984,15.371862100000001],[44.1799705,15.372367],[44.1799356,15.3723936]]]},"properties":{"id":602926705,"name":"مدرسة آزال الوادي","type":"school","category":"education","subcategory":"school","osmType":"way","amenity":"school","name:ar":"مدرسة آزال الوادي","name:latin":"mdrsa azal al-wady"}},{"type":"Feature","id":603521833,"geometry":{"type":"Polygon","coordinates":[[[44.1915976,15.365545100000002],[44.1924946,15.365380700000001],[44.1926058,15.366224100000002],[44.1925613,15.3662813],[44.191879300000004,15.366410000000002],[44.1915976,15.365545100000002]]]},"properties":{"id":603521833,"name":"مدرسة الميثاق","type":"school","category":"education","subcategory":"school","osmType":"way","addr:street":"شارع الحرية","amenity":"school","name:ar":"مدرسة الميثاق","name:latin":"mdrsa al-mythaq"}},{"type":"Feature","id":607858877,"geometry":{"type":"Polygon","coordinates":[[[44.165463800000005,15.3409305],[44.166105900000005,15.341021800000002],[44.1662546,15.340031100000001],[44.165561800000006,15.339913700000002],[44.165463800000005,15.3409305]]]},"properties":{"id":607858877,"name":"مدرسة الصديق","type":"school","category":"education","subcategory":"school","osmType":"way","addr:street":"شارع الزبيري","amenity":"school","name:latin":"mdrsa al-sdyq"}},{"type":"Feature","id":608263761,"geometry":{"type":"Polygon","coordinates":[[[44.20207800000001,15.3893394],[44.2025742,15.389411800000001],[44.202702900000006,15.388941100000002],[44.202153100000004,15.388829900000001],[44.20207800000001,15.3893394]]]},"properties":{"id":608263761,"name":"مدرسة أوسان","type":"school","category":"education","subcategory":"school","osmType":"way","addr:city":"صنعاء","addr:street":"شارع صوفان","amenity":"school","name:latin":"mdrsa awsan"}},{"type":"Feature","id":610188589,"geometry":{"type":"Polygon","coordinates":[[[44.19392560000001,15.337765400000002],[44.19437130000001,15.337814300000002],[44.194411,15.337477200000002],[44.1939654,15.337428300000001],[44.19392560000001,15.337765400000002]]]},"properties":{"id":610188589,"name":"مدرسة الإسراء","type":"school","category":"education","subcategory":"school","osmType":"way","addr:street":"الخط الدائري","amenity":"school","name:latin":"mdrsa al-isra'"}},{"type":"Feature","id":776075058,"geometry":{"type":"Polygon","coordinates":[[[44.21601080000001,15.2780526],[44.216336000000005,15.278366400000001],[44.216092100000004,15.278560500000001],[44.215797300000006,15.278278100000001],[44.215890800000004,15.278160500000002],[44.215933500000006,15.278138900000002],[44.21601080000001,15.2780526]]]},"properties":{"id":776075058,"name":"مدارس الزيتونة الأهلية","type":"school","category":"education","subcategory":"school","osmType":"way","addr:city":"صنعاء","addr:street":"شارع الخمسين","amenity":"school","website":"https://al-zaytoonah-school.business.site","name:latin":"mdars al-zytwna al-ahlya"}},{"type":"Feature","id":827493201,"geometry":{"type":"Polygon","coordinates":[[[44.184965600000005,15.3257907],[44.1847603,15.3258299],[44.1848193,15.326069000000002],[44.18461190000001,15.326088600000002],[44.1846668,15.326476800000002],[44.1845896,15.326614000000001],[44.1848091,15.3267728],[44.1849697,15.326574800000001],[44.1851915,15.326376400000001],[44.18522170000001,15.326349400000002],[44.18515060000001,15.3261631],[44.184965600000005,15.3257907]]]},"properties":{"id":827493201,"name":"جامعة الملكة أروى","type":"university","category":"education","subcategory":"university","osmType":"way","addr:city":"صنعاء","amenity":"university","email":"info@qau.edu.ye","phone":"+967 1 450 121","website":"https://qau.edu.ye/","name:latin":"jam'a al-mlka arwa"}},{"type":"Feature","id":906031379,"geometry":{"type":"Polygon","coordinates":[[[44.1396713,15.343046700000002],[44.139048,15.3430291],[44.138470500000004,15.342973800000001],[44.138443,15.3435175],[44.1382825,15.343851200000001],[44.1383902,15.344012500000002],[44.138516300000006,15.344081000000001],[44.1386194,15.344184900000002],[44.13889210000001,15.344200400000002],[44.1390686,15.3442202],[44.139430700000005,15.344204800000002],[44.1394925,15.344200400000002],[44.139588800000006,15.343745100000001],[44.1396346,15.3433451],[44.139650700000004,15.343201400000002],[44.1396713,15.343046700000002]]]},"properties":{"id":906031379,"name":"مدارس تلال صنعاء الدولية","type":"school","category":"education","subcategory":"school","osmType":"way","addr:city":"مدينة صنعاء","addr:street":"طريق صنعاء الحديدة","amenity":"school","source":"maxar premium","name:latin":"mdars tlal sn'a' al-dwlya"}},{"type":"Feature","id":1025649953,"geometry":{"type":"Polygon","coordinates":[[[44.22711580000001,15.355146000000001],[44.22736570000001,15.355057300000002],[44.227445700000004,15.354968600000001],[44.227503600000006,15.354876100000002],[44.22748360000001,15.354363300000001],[44.2274577,15.354295800000001],[44.227397700000004,15.3542476],[44.227321700000005,15.3542245],[44.226821900000004,15.354149300000001],[44.22711580000001,15.355146000000001]]]},"properties":{"id":1025649953,"name":"مدرسة","type":"school","category":"education","subcategory":"school","osmType":"way","amenity":"school","name:latin":"mdrsa"}},{"type":"Feature","id":1027439265,"geometry":{"type":"Polygon","coordinates":[[[44.24221730000001,15.382170600000002],[44.242390300000004,15.381594900000001],[44.241744800000006,15.3813913],[44.241563000000006,15.381957000000002],[44.24221730000001,15.382170600000002]]]},"properties":{"id":1027439265,"name":"مدرسة الشهيد عبدالله حنيش النموذجية للبنات","type":"school","category":"education","subcategory":"school","osmType":"way","addr:city":"مدينة صنعاء","addr:street":"شارع الأربعين","amenity":"school","name:latin":"mdrsa al-shhyd 'bdallh hnysh al-nmwdhjya llbnat"}},{"type":"Feature","id":1028096602,"geometry":{"type":"Polygon","coordinates":[[[44.234181400000004,15.284658300000002],[44.2341896,15.284206200000002],[44.2346336,15.2842023],[44.234619200000004,15.284672200000001],[44.234181400000004,15.284658300000002]]]},"properties":{"id":1028096602,"name":"مدرسة الشهيد محمد يحيى العلفي","type":"school","category":"education","subcategory":"school","osmType":"way","addr:city":"صنعاء","addr:street":"شارع الحربي","amenity":"school","name:latin":"mdrsa al-shhyd mhmd yhya al-'lfy"}},{"type":"Feature","id":1029050558,"geometry":{"type":"Polygon","coordinates":[[[44.18706,15.390590900000001],[44.187102900000006,15.3901409],[44.1868964,15.390084000000002],[44.1867274,15.390032300000001],[44.1866282,15.389978000000001],[44.186566500000005,15.389903000000002],[44.1864914,15.389812500000001],[44.186443100000005,15.389678000000002],[44.1863047,15.389225900000001],[44.18407740000001,15.389874500000001],[44.1843677,15.390699500000002],[44.1843999,15.390793900000002],[44.183736700000004,15.391073100000002],[44.1841002,15.392036400000002],[44.184493100000005,15.391938200000002],[44.18448780000001,15.391731300000002],[44.185124800000004,15.391515400000001],[44.1855392,15.391066700000001],[44.185733600000006,15.390934800000002],[44.1858208,15.3908339],[44.185912,15.390743400000002],[44.186063600000004,15.390682700000001],[44.187023800000006,15.390638700000002],[44.187036500000005,15.390627700000001],[44.187055,15.390602200000002],[44.18706,15.390590900000001]]]},"properties":{"id":1029050558,"name":"مدرسة النهضة","type":"school","category":"education","subcategory":"school","osmType":"way","addr:city":"حي النهضة","amenity":"school","education":"school","name:latin":"mdrsa al-nhda"}},{"type":"Feature","id":1029070964,"geometry":{"type":"Polygon","coordinates":[[[44.2212448,15.380771500000002],[44.221915300000006,15.380485700000001],[44.22229480000001,15.381142600000002],[44.2219971,15.381353400000002],[44.221234,15.380851700000001],[44.221230000000006,15.3808342],[44.22122400000001,15.3808126],[44.2212266,15.380791900000002],[44.2212448,15.380771500000002]]]},"properties":{"id":1029070964,"name":"مدرسة حرمل","type":"school","category":"education","subcategory":"school","osmType":"way","amenity":"school","education":"school","name:latin":"mdrsa hrml"}},{"type":"Feature","id":1029095535,"geometry":{"type":"Polygon","coordinates":[[[44.229337,15.312993200000001],[44.229559300000005,15.312414000000002],[44.228850800000004,15.312188],[44.228630200000005,15.3127112],[44.229337,15.312993200000001]]]},"properties":{"id":1029095535,"name":"مدرسة النزاري","type":"school","category":"education","subcategory":"school","osmType":"way","amenity":"school","name:latin":"mdrsa al-nzary"}},{"type":"Feature","id":1029096313,"geometry":{"type":"Polygon","coordinates":[[[44.232601200000005,15.308359800000002],[44.233192700000004,15.3085125],[44.233426,15.3078347],[44.233416600000005,15.307770000000001],[44.233352200000006,15.307697500000002],[44.233181900000005,15.307621200000002],[44.2328145,15.307504800000002],[44.232565,15.308261500000002],[44.232601200000005,15.308359800000002]]]},"properties":{"id":1029096313,"name":"مدرسة جويرية بنت الحارث","type":"school","category":"education","subcategory":"school","osmType":"way","amenity":"school","name:latin":"mdrsa jwyrya bnt al-harth"}},{"type":"Feature","id":1029131577,"geometry":{"type":"Polygon","coordinates":[[[44.1569173,15.390885700000002],[44.157362600000006,15.3902081],[44.15714260000001,15.390138300000002],[44.1566947,15.3901099],[44.1564345,15.3906012],[44.1569173,15.390885700000002]]]},"properties":{"id":1029131577,"name":"مدرسة سيئون","type":"school","category":"education","subcategory":"school","osmType":"way","amenity":"school","education":"school","name:latin":"mdrsa sy'wn"}},{"type":"Feature","id":1029339252,"geometry":{"type":"Polygon","coordinates":[[[44.1721147,15.339704700000002],[44.1729891,15.339753800000002],[44.1730589,15.339200300000002],[44.172195200000004,15.339081300000002],[44.1721147,15.339704700000002]]]},"properties":{"id":1029339252,"name":"مدرسة عذبان","type":"school","category":"education","subcategory":"school","osmType":"way","addr:city":"صنعاء","addr:street":"شارع نواكشوط","amenity":"school","name:latin":"mdrsa 'dhban"}},{"type":"Feature","id":1029348699,"geometry":{"type":"Polygon","coordinates":[[[44.163164200000004,15.3408221],[44.163698000000004,15.3407522],[44.1636041,15.339986600000001],[44.1632473,15.3398987],[44.162917400000005,15.339999500000001],[44.163164200000004,15.3408221]]]},"properties":{"id":1029348699,"name":"مدرسة","type":"school","category":"education","subcategory":"school","osmType":"way","amenity":"school","name:latin":"mdrsa"}},{"type":"Feature","id":1039250281,"geometry":{"type":"Polygon","coordinates":[[[44.236941,15.3784103],[44.238199,15.378454300000001],[44.2376196,15.3776474],[44.2368633,15.3781569],[44.236941,15.3784103]]]},"properties":{"id":1039250281,"name":"مدرسة سنان حطروم","type":"school","category":"education","subcategory":"school","osmType":"way","amenity":"school","name:latin":"mdrsa snan htrwm"}},{"type":"Feature","id":1089200534,"geometry":{"type":"Polygon","coordinates":[[[44.2026419,15.287844500000002],[44.202809900000005,15.288273100000001],[44.203287700000004,15.287938],[44.20330310000001,15.2879672],[44.203275000000005,15.288101200000002],[44.203256,15.288214400000001],[44.203162500000005,15.288389300000002],[44.2031403,15.288491900000002],[44.20311100000001,15.288654300000001],[44.2031591,15.2888429],[44.2032473,15.288972000000001],[44.20331590000001,15.289155500000001],[44.20336,15.289450000000002],[44.203266600000006,15.289498400000001],[44.2032199,15.289519400000001],[44.202928400000005,15.289705800000002],[44.202902200000004,15.2896756],[44.202941200000005,15.289635],[44.2029427,15.289586000000002],[44.202918200000006,15.289543400000001],[44.2027481,15.289435400000002],[44.2027695,15.289337900000001],[44.2027604,15.289280800000002],[44.2027239,15.289242500000002],[44.202568400000004,15.289127700000002],[44.2023663,15.288961800000001],[44.20211930000001,15.2887862],[44.202168,15.288498400000002],[44.202271,15.2883422],[44.2022629,15.288172000000001],[44.20226340000001,15.287907800000001],[44.202398800000005,15.287919600000002],[44.2026419,15.287844500000002]]]},"properties":{"id":1089200534,"name":"الجامعة اللبنانية الدولية","type":"university","category":"education","subcategory":"university","osmType":"way","amenity":"university","name:ar":"الجامعة اللبنانية الدولية","name:en":"Lebanese International University","short_name:ar":"الجامعة اللبنانية","short_name:en":"LIU","wikidata":"Q1834882","wikipedia":"ar:الجامعة اللبنانية الدولية (اليمن)"}},{"type":"Feature","id":1089201801,"geometry":{"type":"Polygon","coordinates":[[[44.178571100000006,15.353678400000002],[44.178789200000004,15.353721600000002],[44.1788304,15.3535283],[44.178612300000005,15.353485000000001],[44.178571100000006,15.353678400000002]]]},"properties":{"id":1089201801,"name":"جامعة الرازي فرع الحاسوب","type":"university","category":"education","subcategory":"university","osmType":"way","amenity":"university","education":"university","name:ar":"جامعة الرازي فرع الحاسوب","name:en":"AL-Razi University, Computer Science Department"}},{"type":"Feature","id":1089201817,"geometry":{"type":"Polygon","coordinates":[[[44.189337200000004,15.368929200000002],[44.1893667,15.3688426],[44.189370700000005,15.368719700000002],[44.1893734,15.368661500000002],[44.189362700000004,15.368435200000002],[44.189216900000005,15.365474800000001],[44.189212000000005,15.365413900000002],[44.189199800000004,15.365374000000001],[44.189178000000005,15.365324800000002],[44.189148800000005,15.365306100000002],[44.189107500000006,15.365296700000002],[44.189063700000005,15.365299000000002],[44.189020000000006,15.365317800000001],[44.1885538,15.365611600000001],[44.1885411,15.3655944],[44.1883685,15.365392800000002],[44.1889295,15.365016100000002],[44.189011300000004,15.3649476],[44.189077000000005,15.364889400000001],[44.18909240000001,15.364855100000002],[44.189088000000005,15.364830200000002],[44.188791200000004,15.364692800000002],[44.1885119,15.364563500000001],[44.1883539,15.364490400000001],[44.188470200000005,15.364231900000002],[44.18851720000001,15.364127500000002],[44.1884494,15.3640012],[44.188422300000006,15.363927100000002],[44.18839070000001,15.363840000000001],[44.188385200000006,15.363724800000002],[44.188377100000004,15.3635525],[44.1883782,15.362650400000001],[44.1884561,15.362308200000001],[44.188050100000005,15.362169900000001],[44.1876247,15.3621113],[44.1873865,15.362080800000001],[44.1872139,15.362036300000002],[44.187089900000004,15.362275400000001],[44.185822300000005,15.362089500000002],[44.184679300000006,15.361912300000002],[44.1841584,15.361821200000001],[44.183925,15.362254300000002],[44.183521500000005,15.362055000000002],[44.1837269,15.3617339],[44.181557500000004,15.361232300000001],[44.1793819,15.360709600000002],[44.1791623,15.361270500000002],[44.178888500000006,15.3616144],[44.178677,15.361923800000001],[44.17867210000001,15.362005800000002],[44.178502,15.3619964],[44.1783245,15.3623363],[44.177660200000005,15.3635315],[44.1770634,15.364601000000002],[44.176897100000005,15.364901000000001],[44.176804600000004,15.365066500000001],[44.176745600000004,15.365158400000002],[44.176701300000005,15.365265700000002],[44.176622200000004,15.365431200000002],[44.176433100000004,15.3657558],[44.175750300000004,15.3664757],[44.175582600000006,15.3666233],[44.17537600000001,15.366766300000002],[44.1751572,15.3668413],[44.1751256,15.3668647],[44.1751086,15.366890500000002],[44.1751086,15.366921000000001],[44.175217800000006,15.3671959],[44.175621500000005,15.368362500000002],[44.175774200000006,15.368766],[44.17583140000001,15.3689265],[44.17598040000001,15.369279100000002],[44.1761465,15.369625800000001],[44.176206900000004,15.369735300000002],[44.1763094,15.369921100000001],[44.177004600000004,15.370893800000001],[44.1774689,15.3715337],[44.177950200000005,15.372182900000002],[44.177976900000004,15.372204000000002],[44.178008500000004,15.372204000000002],[44.178030400000004,15.372192300000002],[44.17813580000001,15.372050000000002],[44.1782327,15.372128100000001],[44.17833710000001,15.372212200000002],[44.1784467,15.372300500000001],[44.178421400000005,15.372345200000002],[44.178411700000005,15.372385000000001],[44.178411700000005,15.3724319],[44.178411700000005,15.372490500000001],[44.178421400000005,15.372528],[44.178433600000005,15.372563200000002],[44.178448200000005,15.372605300000002],[44.178462700000004,15.372631100000001],[44.178484600000004,15.3726569],[44.178511400000005,15.3726897],[44.178531400000004,15.3727107],[44.178596000000006,15.372753300000001],[44.1787411,15.372833900000002],[44.17892260000001,15.3729206],[44.179104800000005,15.372993700000002],[44.179269000000005,15.373063900000002],[44.179481300000006,15.3731316],[44.17963640000001,15.373164200000002],[44.17979390000001,15.373197800000002],[44.17994410000001,15.3732108],[44.18009970000001,15.373215900000002],[44.180281300000004,15.3732079],[44.180412200000006,15.373213100000001],[44.18051620000001,15.373220600000002],[44.180617600000005,15.373201400000001],[44.180736700000004,15.373177100000001],[44.180846700000004,15.373139600000002],[44.1809512,15.3730886],[44.1810619,15.373036],[44.1811626,15.372983300000001],[44.1812619,15.372923300000002],[44.1816097,15.372689600000001],[44.18246130000001,15.372088300000001],[44.183807800000004,15.3711081],[44.1842678,15.370812],[44.1844958,15.370672400000002],[44.184715700000005,15.370537500000001],[44.1866788,15.369468800000002],[44.1869438,15.369346000000002],[44.1871907,15.369263300000002],[44.1874297,15.369205700000002],[44.187681700000006,15.369168100000001],[44.1878843,15.369145600000001],[44.188196100000006,15.369145600000001],[44.188489700000005,15.369158100000002],[44.1887988,15.369175700000001],[44.188897600000004,15.369175700000001],[44.18898720000001,15.369159400000001],[44.189063600000004,15.369134800000001],[44.189188300000005,15.369075300000002],[44.18926750000001,15.369014600000002],[44.189337200000004,15.368929200000002]]]},"properties":{"id":1089201817,"name":"جامعة صنعاء","type":"university","category":"education","subcategory":"university","osmType":"way","amenity":"university","name:ar":"جامعة صنعاء","name:en":"Sanaa University","wikidata":"Q4115304"}},{"type":"Feature","id":1089204772,"geometry":{"type":"Polygon","coordinates":[[[44.2027505,15.345842600000001],[44.20270300000001,15.346266700000001],[44.202834,15.3462884],[44.202745900000004,15.346621700000002],[44.202328,15.346515000000002],[44.2024071,15.346262300000001],[44.202531300000004,15.3462536],[44.2025561,15.346138200000002],[44.2026017,15.345835000000001],[44.202663,15.345838100000002],[44.2027505,15.345842600000001]]]},"properties":{"id":1089204772,"name":"مدرسة صنعاء المتقدمة فرع البنين","type":"school","category":"education","subcategory":"school","osmType":"way","addr:city":"صنعاء","addr:street":"شارع الزبيري","amenity":"school","name:ar":"مدرسة صنعاء المتقدمة فرع البنين","name:latin":"mdrsa sn'a' al-mtqdma fr' al-bnyn"}},{"type":"Feature","id":1346381474,"geometry":{"type":"Polygon","coordinates":[[[44.2507528,15.230981900000002],[44.250041700000004,15.230876100000001],[44.2500762,15.2306763],[44.2498888,15.230604900000001],[44.250091000000005,15.229996100000001],[44.250283200000005,15.229967600000002],[44.251012800000005,15.230091200000002],[44.2507528,15.230981900000002]]]},"properties":{"id":1346381474,"name":"مدرسة الحسين بن علي","type":"school","category":"education","subcategory":"school","osmType":"way","amenity":"school","building":"yes","operator":"Goverment","operator:type":"public","name:latin":"mdrsa al-hsyn bn 'ly"}}]}