{"type":"FeatureCollection","features":[{"type":"Feature","id":606150537,"geometry":{"type":"Point","coordinates":[44.214478400000004,15.354805500000001]},"properties":{"id":606150537,"name":"","type":"restaurant","category":"food","subcategory":"restaurant","osmType":"node","amenity":"restaurant","cuisine":"regional"}},{"type":"Feature","id":621512809,"geometry":{"type":"Point","coordinates":[44.19987750000001,15.3274591]},"properties":{"id":621512809,"name":"مطاعم ريماس","type":"restaurant","category":"food","subcategory":"restaurant","osmType":"node","addr:street":"شارع الأمن المركزي","alt_name":"مطاعم ريماس","amenity":"restaurant","cuisine":"arab","name:ar":"مطاعم ريماس","name:en":"Remas Resturants","nat_name":"مطاعم ريماس","opening_hours":"Mo-Su 09:00-23:00"}},{"type":"Feature","id":621513248,"geometry":{"type":"Point","coordinates":[44.1989212,15.3333694]},"properties":{"id":621513248,"name":"مطاعم الحمراء","type":"restaurant","category":"food","subcategory":"restaurant","osmType":"node","addr:street":"شارع حدة","alt_name":"مطاعم أرض الحمراء","amenity":"restaurant","name:en":"Alhamra Restaurant","nat_name":"مطاعم أرض الحمراء"}},{"type":"Feature","id":692130023,"geometry":{"type":"Point","coordinates":[44.200776700000006,15.327334800000001]},"properties":{"id":692130023,"name":"دجاج كنتاكي","type":"fast_food","category":"food","subcategory":"fast_food","osmType":"node","addr:street":"شارع الأمن المركزي","alt_name":"Kentucky Fried Chicken","amenity":"fast_food","brand":"دجاج كنتاكي","brand:ar":"دجاج كنتاكي","brand:en":"KFC","brand:wikidata":"Q524757","brand:wikipedia":"en:KFC","cuisine":"chicken","name:ar":"دجاج كنتاكي","name:en":"KFC","opening_hours":"Mo-Su 09:00-22:00","takeaway":"yes"}},{"type":"Feature","id":692130025,"geometry":{"type":"Point","coordinates":[44.2043072,15.326602200000002]},"properties":{"id":692130025,"name":"Royal Broaster","type":"restaurant","category":"food","subcategory":"restaurant","osmType":"node","addr:city":"صنعاء","addr:street":"شارع السبعين","alt_name":"بيزا هت","amenity":"restaurant","cuisine":"pizza","name:ar":"رويال بروست","name:en":"Royal Broaster"}},{"type":"Feature","id":692135951,"geometry":{"type":"Point","coordinates":[44.179315700000004,15.298758800000002]},"properties":{"id":692135951,"name":"الفاخر","type":"restaurant","category":"food","subcategory":"restaurant","osmType":"node","alt_name":"الفاخر","amenity":"restaurant","cuisine":"regional","name:ar":"الفاخر","name:en":"Al Fakher"}},{"type":"Feature","id":692135963,"geometry":{"type":"Point","coordinates":[44.184442100000005,15.304148000000001]},"properties":{"id":692135963,"name":"مطعم الطازج","type":"restaurant","category":"food","subcategory":"restaurant","osmType":"node","amenity":"restaurant","name:en":"Al-Tazaj Chicken"}},{"type":"Feature","id":692135967,"geometry":{"type":"Point","coordinates":[44.186140200000004,15.304556900000001]},"properties":{"id":692135967,"name":"Zorbas","type":"restaurant","category":"food","subcategory":"restaurant","osmType":"node","amenity":"restaurant","cuisine":"regional","name:ar":"زوربس","name:en":"Zorbas"}},{"type":"Feature","id":761142756,"geometry":{"type":"Point","coordinates":[44.1989042,15.331827100000002]},"properties":{"id":761142756,"name":"مطاعم الأرض الخضراء","type":"restaurant","category":"food","subcategory":"restaurant","osmType":"node","addr:street":"شارع حدة","amenity":"restaurant","name:ar":"مطاعم الأرض الخضراء","name:en":"Green Land Restaurant","nat_name":"مطاعم الأرض الخضراء"}},{"type":"Feature","id":998985494,"geometry":{"type":"Point","coordinates":[44.229780000000005,15.382500300000002]},"properties":{"id":998985494,"name":"مطاعم ومطابخ شواطى تاهمة","type":"restaurant","category":"food","subcategory":"restaurant","osmType":"node","addr:street":"شارع النصر","amenity":"restaurant","name:latin":"mta'm wmtabkh shwata tahma"}},{"type":"Feature","id":1038698650,"geometry":{"type":"Point","coordinates":[44.2307987,15.382393800000001]},"properties":{"id":1038698650,"name":"مطعم وكفتيريا المنير","type":"restaurant","category":"food","subcategory":"restaurant","osmType":"node","addr:street":"شارع النصر","amenity":"restaurant","name:ar":"مطعم البجعة","name:en":"Almononir Restaurant"}},{"type":"Feature","id":1775324289,"geometry":{"type":"Point","coordinates":[44.21897800000001,15.322912900000002]},"properties":{"id":1775324289,"name":"Fe Cafe","type":"cafe","category":"food","subcategory":"cafe","osmType":"node","amenity":"cafe","name:en":"Fe Cafe","operator":"Fe Cafe"}},{"type":"Feature","id":2431751158,"geometry":{"type":"Point","coordinates":[44.2096761,15.335036800000001]},"properties":{"id":2431751158,"name":"مطعم خور مكسر","type":"restaurant","category":"food","subcategory":"restaurant","osmType":"node","amenity":"restaurant","name:ar":"مطعم خور مكسر","name:latin":"mt'm khwr mksr"}},{"type":"Feature","id":2456355981,"geometry":{"type":"Point","coordinates":[44.191482,15.3347878]},"properties":{"id":2456355981,"name":"الباسم للشبس","type":"fast_food","category":"food","subcategory":"fast_food","osmType":"node","amenity":"fast_food","cuisine":"grill;tea;sandwich","name:ar":"الباسم للشبس","name:latin":"al-basm llshbs"}},{"type":"Feature","id":2473755774,"geometry":{"type":"Point","coordinates":[44.179512,15.356201900000002]},"properties":{"id":2473755774,"name":"مطعم الهلال للكباب","type":"restaurant","category":"food","subcategory":"restaurant","osmType":"node","amenity":"restaurant","name:ar":"مطعم الهلال للكباب","name:latin":"mt'm al-hlal llkbab"}},{"type":"Feature","id":3314622961,"geometry":{"type":"Point","coordinates":[44.196260200000005,15.304134000000001]},"properties":{"id":3314622961,"name":"Herfy","type":"restaurant","category":"food","subcategory":"restaurant","osmType":"node","addr:street":"شارع صفر","amenity":"restaurant","capacity":"80","cuisine":"_fried_chicken","name:ar":"مطعم هرفي","name:en":"Herfy Restaurant","opening_hours":"Mo-Su 09:00-23:00"}},{"type":"Feature","id":3314623497,"geometry":{"type":"Point","coordinates":[44.196007200000004,15.304136900000001]},"properties":{"id":3314623497,"name":"Seven Star Burger","type":"restaurant","category":"food","subcategory":"restaurant","osmType":"node","addr:street":"شارع صفر","amenity":"restaurant","cuisine":"burger","name:en":"Seven Star Burger","opening_hours":"Sa-Th 09:00-21:00"}},{"type":"Feature","id":4242581796,"geometry":{"type":"Point","coordinates":[44.201767600000004,15.380486000000001]},"properties":{"id":4242581796,"name":"","type":"restaurant","category":"food","subcategory":"restaurant","osmType":"node","addr:street":"شارع الصحة","amenity":"restaurant","cuisine":"diner;breakfast;friture"}},{"type":"Feature","id":4242597207,"geometry":{"type":"Point","coordinates":[44.202978800000004,15.380336900000001]},"properties":{"id":4242597207,"name":"مركز أبو راس","type":"fast_food","category":"food","subcategory":"fast_food","osmType":"node","addr:street":"شارع الصحة","amenity":"fast_food","cuisine":"sandwich;friture","name:ar":"مركز أبو راس","name:latin":"mrkz abw ras"}},{"type":"Feature","id":4242719402,"geometry":{"type":"Point","coordinates":[44.2009776,15.3630229]},"properties":{"id":4242719402,"name":"شواية الحرازي","type":"restaurant","category":"food","subcategory":"restaurant","osmType":"node","addr:street":"شارع الحرية","amenity":"restaurant","cuisine":"chicken;grill;kebab;barbecue;friture","name:ar":"شواية الحرازي","name:latin":"shwaya al-hrazy"}},{"type":"Feature","id":4242720002,"geometry":{"type":"Point","coordinates":[44.203654400000005,15.376319100000002]},"properties":{"id":4242720002,"name":"مطعم الويدان","type":"restaurant","category":"food","subcategory":"restaurant","osmType":"node","amenity":"restaurant","cuisine":"barbecue","name:ar":"مطعم الويدان","name:en":"Alwaydan restaurant"}},{"type":"Feature","id":4242722090,"geometry":{"type":"Point","coordinates":[44.205926100000006,15.369583100000002]},"properties":{"id":4242722090,"name":"بوفية","type":"fast_food","category":"food","subcategory":"fast_food","osmType":"node","addr:street":"شارع القيادة","amenity":"fast_food","cuisine":"friture","name:ar":"بوفية","name:en":"cafeteria"}},{"type":"Feature","id":4242784049,"geometry":{"type":"Point","coordinates":[44.201753200000006,15.366086300000001]},"properties":{"id":4242784049,"name":"مطعم الطويل","type":"restaurant","category":"food","subcategory":"restaurant","osmType":"node","addr:street":"شارع تونس","amenity":"restaurant","name:ar":"مطعم الطويل","name:en":"Altaweell restaurant"}},{"type":"Feature","id":4247592290,"geometry":{"type":"Point","coordinates":[44.204872400000006,15.379869800000002]},"properties":{"id":4247592290,"name":"مركز أبو راس","type":"fast_food","category":"food","subcategory":"fast_food","osmType":"node","addr:street":"شارع الصحة","amenity":"fast_food","cuisine":"sandwich;friture","name:ar":"مركز أبو راس","name:latin":"mrkz abw ras"}},{"type":"Feature","id":4297665790,"geometry":{"type":"Point","coordinates":[44.19963920000001,15.299922900000002]},"properties":{"id":4297665790,"name":"مطاعم نجوم الشام","type":"restaurant","category":"food","subcategory":"restaurant","osmType":"node","addr:street":"شارع 14 أكتوبر","amenity":"restaurant","cuisine":"arab","name:ar":"مطاعم نجوم الشام","name:en":"Nojoom Alsham Restaurants","opening_hours":"24/7"}},{"type":"Feature","id":4297684289,"geometry":{"type":"Point","coordinates":[44.190827500000005,15.342361700000001]},"properties":{"id":4297684289,"name":"قصر الضيافة","type":"restaurant","category":"food","subcategory":"restaurant","osmType":"node","addr:street":"الخط الدائري","amenity":"restaurant","name:ar":"قصر الضيافة","name:latin":"qsr al-dyafa"}},{"type":"Feature","id":4298021154,"geometry":{"type":"Point","coordinates":[44.197741,15.344424000000002]},"properties":{"id":4298021154,"name":"كفتيريا الامين","type":"fast_food","category":"food","subcategory":"fast_food","osmType":"node","addr:street":"شارع حدة","amenity":"fast_food","name:en":"Alameen Cafeteria"}},{"type":"Feature","id":4298021210,"geometry":{"type":"Point","coordinates":[44.205921100000005,15.351441000000001]},"properties":{"id":4298021210,"name":"Alasdega Cafe","type":"cafe","category":"food","subcategory":"cafe","osmType":"node","amenity":"cafe","name:en":"Alasdega Cafe"}},{"type":"Feature","id":4298021213,"geometry":{"type":"Point","coordinates":[44.185081000000004,15.303912000000002]},"properties":{"id":4298021213,"name":"Alaseel Yemen Restaurant","type":"restaurant","category":"food","subcategory":"restaurant","osmType":"node","amenity":"restaurant","name:en":"Alaseel Yemen Restaurant"}},{"type":"Feature","id":4298021237,"geometry":{"type":"Point","coordinates":[44.18366400000001,15.330091000000001]},"properties":{"id":4298021237,"name":"Albaron Restaurant","type":"restaurant","category":"food","subcategory":"restaurant","osmType":"node","amenity":"restaurant","name:en":"Albaron Restaurant"}},{"type":"Feature","id":4298021246,"geometry":{"type":"Point","coordinates":[44.206093,15.350991600000002]},"properties":{"id":4298021246,"name":"Albeak","type":"restaurant","category":"food","subcategory":"restaurant","osmType":"node","amenity":"restaurant","name:en":"Albeak"}},{"type":"Feature","id":4298021262,"geometry":{"type":"Point","coordinates":[44.189026500000004,15.3493679]},"properties":{"id":4298021262,"name":"كفتيريا البرحي","type":"fast_food","category":"food","subcategory":"fast_food","osmType":"node","addr:street":"الخط الدائري","amenity":"fast_food","name:en":"Albrehi Cafeteria"}},{"type":"Feature","id":4298021263,"geometry":{"type":"Point","coordinates":[44.197741,15.344553000000001]},"properties":{"id":4298021263,"name":"كفتيريا البرنس","type":"fast_food","category":"food","subcategory":"fast_food","osmType":"node","addr:street":"شارع حدة","amenity":"fast_food","name:en":"Albrens Cafeteria"}},{"type":"Feature","id":4298021281,"geometry":{"type":"Point","coordinates":[44.1902806,15.3079788]},"properties":{"id":4298021281,"name":"مطعم الضيافة","type":"restaurant","category":"food","subcategory":"restaurant","osmType":"node","addr:city":"صنعاء","addr:street":"شارع حدة","amenity":"restaurant","name:en":"Aldeiafa Restaurant"}},{"type":"Feature","id":4298021330,"geometry":{"type":"Point","coordinates":[44.179115,15.29902]},"properties":{"id":4298021330,"name":"مطعم الفاخر","type":"restaurant","category":"food","subcategory":"restaurant","osmType":"node","amenity":"restaurant","name:en":"Alfakher Restaurant"}},{"type":"Feature","id":4298021348,"geometry":{"type":"Point","coordinates":[44.197783,15.344338]},"properties":{"id":4298021348,"name":"كفتيريا الفصول الاربعة","type":"fast_food","category":"food","subcategory":"fast_food","osmType":"node","addr:street":"شارع حدة","amenity":"fast_food","name:en":"Alfsool Alarba Cafeteria"}},{"type":"Feature","id":4298021694,"geometry":{"type":"Point","coordinates":[44.192419,15.338845000000001]},"properties":{"id":4298021694,"name":"مطعم الجزيرة","type":"restaurant","category":"food","subcategory":"restaurant","osmType":"node","addr:street":"الخط الدائري","amenity":"restaurant","name:en":"Aljazeera Restaurant"}},{"type":"Feature","id":4298022437,"geometry":{"type":"Point","coordinates":[44.195025900000005,15.334772300000001]},"properties":{"id":4298022437,"name":"كفتيريا السعيدة","type":"fast_food","category":"food","subcategory":"fast_food","osmType":"node","amenity":"fast_food","name:en":"Alsaeed Cafeteria"}},{"type":"Feature","id":4298022452,"geometry":{"type":"Point","coordinates":[44.19864200000001,15.338202]},"properties":{"id":4298022452,"name":"مطعم الساحل الأخضر","type":"restaurant","category":"food","subcategory":"restaurant","osmType":"node","amenity":"restaurant","name:en":"Alsahel Alakhdher Restaurant"}},{"type":"Feature","id":4298022618,"geometry":{"type":"Point","coordinates":[44.1985401,15.332062400000002]},"properties":{"id":4298022618,"name":"مطعم الشيباني الحديث","type":"restaurant","category":"food","subcategory":"restaurant","osmType":"node","amenity":"restaurant","name:en":"Alshebani Modern Restaurant"}},{"type":"Feature","id":4298022619,"geometry":{"type":"Point","coordinates":[44.198843800000006,15.337077]},"properties":{"id":4298022619,"name":"مطاعم الشيباني سوبر ديلوكس","type":"restaurant","category":"food","subcategory":"restaurant","osmType":"node","addr:city":"صنعاء","addr:street":"شارع حدة","amenity":"restaurant","name:en":"Alshebani Restaurant"}},{"type":"Feature","id":4298023205,"geometry":{"type":"Point","coordinates":[44.184437,15.342536]},"properties":{"id":4298023205,"name":"كافتيريا بغداد","type":"fast_food","category":"food","subcategory":"fast_food","osmType":"node","amenity":"fast_food","name:en":"Baghdad Cafeteria"}},{"type":"Feature","id":4298023644,"geometry":{"type":"Point","coordinates":[44.193332100000006,15.334736800000002]},"properties":{"id":4298023644,"name":"coffee corner","type":"cafe","category":"food","subcategory":"cafe","osmType":"node","amenity":"cafe","name:en":"coffee corner"}},{"type":"Feature","id":4298023780,"geometry":{"type":"Point","coordinates":[44.194754200000006,15.311937000000002]},"properties":{"id":4298023780,"name":"مطعم فلافل الشام","type":"restaurant","category":"food","subcategory":"restaurant","osmType":"node","amenity":"restaurant","name:en":"Flafel Alsham Restaurant"}},{"type":"Feature","id":4298023956,"geometry":{"type":"Point","coordinates":[44.189115,15.351462000000001]},"properties":{"id":4298023956,"name":"المطعم الهندي","type":"restaurant","category":"food","subcategory":"restaurant","osmType":"node","addr:street":"الخط الدائري","amenity":"restaurant","cuisine":"indian","name:en":"Indian Restaurant"}},{"type":"Feature","id":4298024208,"geometry":{"type":"Point","coordinates":[44.2054819,15.349997400000001]},"properties":{"id":4298024208,"name":"مطعم خور المكلا","type":"restaurant","category":"food","subcategory":"restaurant","osmType":"node","amenity":"restaurant","name:en":"Khor Al Mukalla Restaurant"}},{"type":"Feature","id":4298024221,"geometry":{"type":"Point","coordinates":[44.1887964,15.331502600000002]},"properties":{"id":4298024221,"name":"ميلتينج","type":"fast_food","category":"food","subcategory":"fast_food","osmType":"node","addr:street":"شارع عمان","amenity":"fast_food","delivery":"yes","phone":"+967 777531877","name:latin":"myltynj"}},{"type":"Feature","id":4298024239,"geometry":{"type":"Point","coordinates":[44.199243,15.323052]},"properties":{"id":4298024239,"name":"Lolo Restaurant","type":"restaurant","category":"food","subcategory":"restaurant","osmType":"node","amenity":"restaurant","name:en":"Lolo Restaurant"}},{"type":"Feature","id":4298025030,"geometry":{"type":"Point","coordinates":[44.1909446,15.344267900000002]},"properties":{"id":4298025030,"name":"كباب الأسطورة","type":"fast_food","category":"food","subcategory":"fast_food","osmType":"node","addr:street":"شارع الزبيري","amenity":"fast_food","name:latin":"kbab al-astwra"}},{"type":"Feature","id":4298025051,"geometry":{"type":"Point","coordinates":[44.2055263,15.3731772]},"properties":{"id":4298025051,"name":"مطعم مدينة حضرموت","type":"restaurant","category":"food","subcategory":"restaurant","osmType":"node","addr:city":"صنعاء","addr:street":"شارع القيادة","amenity":"restaurant","name:ar":"مطعم مدينة حضرموت","name:en":"Hadramott city restaurant"}},{"type":"Feature","id":4327747390,"geometry":{"type":"Point","coordinates":[44.183481500000006,15.297873300000001]},"properties":{"id":4327747390,"name":"مطعم البركه الشعبي للسلته والفحسه","type":"restaurant","category":"food","subcategory":"restaurant","osmType":"node","addr:street":"شارع واي","amenity":"restaurant","name:ar":"مطعم البركه الشعبي للسلته والفحسه","opening_hours":"Mo-Su 06:00-17:00","name:latin":"mt'm al-brkh al-sh'by llslth walfhsh"}},{"type":"Feature","id":4327777491,"geometry":{"type":"Point","coordinates":[44.19425330000001,15.300017700000001]},"properties":{"id":4327777491,"name":"مطعم خيام حضرموت","type":"restaurant","category":"food","subcategory":"restaurant","osmType":"node","addr:street":"شارع صفر","amenity":"restaurant","cuisine":"arab","name:ar":"مطعم خيام حضرموت","name:en":"Khiam Hadramout Restaurant","opening_hours":"Mo-Su 08:00-22:00"}},{"type":"Feature","id":4332292294,"geometry":{"type":"Point","coordinates":[44.1906198,15.3430648]},"properties":{"id":4332292294,"name":"مطعم البيت الراقي","type":"restaurant","category":"food","subcategory":"restaurant","osmType":"node","addr:city":"صنعاء","addr:street":"الخط الدائري","amenity":"restaurant","name:ar":"مطعم البيت الراقي","name:en":"Modern House Restaurant"}},{"type":"Feature","id":4334116504,"geometry":{"type":"Point","coordinates":[44.1936315,15.422683000000001]},"properties":{"id":4334116504,"name":"مطاعم الشيباني","type":"restaurant","category":"food","subcategory":"restaurant","osmType":"node","addr:street":"جولة عمران","amenity":"restaurant","name:ar":"مطاعم الشيباني","name:en":"Alshybany restaurant"}},{"type":"Feature","id":4341306291,"geometry":{"type":"Point","coordinates":[44.2247118,15.329395300000002]},"properties":{"id":4341306291,"name":"مطاعم وبروست الخطيب","type":"restaurant","category":"food","subcategory":"restaurant","osmType":"node","addr:street":"شارع ال 45 متر","amenity":"restaurant","name:ar":"مطاعم وبروست الخطيب","name:latin":"mta'm wbrwst al-khtyb"}},{"type":"Feature","id":4348937792,"geometry":{"type":"Point","coordinates":[44.224618400000004,15.3907012]},"properties":{"id":4348937792,"name":"مطاعم وبروست الشكر","type":"restaurant","category":"food","subcategory":"restaurant","osmType":"node","amenity":"restaurant","name:ar":"مطاعم وبروست الشكر","name:latin":"mta'm wbrwst al-shkr"}},{"type":"Feature","id":4349873694,"geometry":{"type":"Point","coordinates":[44.2161569,15.269165100000002]},"properties":{"id":4349873694,"name":"مطاعم الخيمة السياحي","type":"restaurant","category":"food","subcategory":"restaurant","osmType":"node","addr:street":"شارع الاربعين","amenity":"restaurant","cuisine":"arab","name:ar":"مطاعم الخيمة السياحي","name:en":"Alkhaima Restaurant","opening_hours":"Mo-Su 09:00-18:00"}},{"type":"Feature","id":4349899789,"geometry":{"type":"Point","coordinates":[44.1801353,15.299708200000001]},"properties":{"id":4349899789,"name":"مطعم الشيباني","type":"restaurant","category":"food","subcategory":"restaurant","osmType":"node","addr:street":"شارع حدة","amenity":"restaurant","cuisine":"arab","name:ar":"مطعم الشيباني","name:en":"Al Shaibani Restaurant","opening_hours":"Mo-Su 07:00-23:00","operator":"عبدالقوي الشيباني"}},{"type":"Feature","id":4358957392,"geometry":{"type":"Point","coordinates":[44.182359600000005,15.356991200000001]},"properties":{"id":4358957392,"name":"مطاعم شبام حضرموت","type":"restaurant","category":"food","subcategory":"restaurant","osmType":"node","addr:street":"شارع هائل","amenity":"restaurant","name:ar":"مطاعم شبام حضرموت","name:latin":"mta'm shbam hdrmwt"}},{"type":"Feature","id":4365765292,"geometry":{"type":"Point","coordinates":[44.224805,15.3908932]},"properties":{"id":4365765292,"name":"مطعم الشكر","type":"restaurant","category":"food","subcategory":"restaurant","osmType":"node","addr:street":"خط صنعاء - مارب","amenity":"restaurant","name:ar":"مطعم الشكر","name:en":"Alshokr Restaurant"}},{"type":"Feature","id":4367206898,"geometry":{"type":"Point","coordinates":[44.2232588,15.387757800000001]},"properties":{"id":4367206898,"name":"مطعم ريحان","type":"restaurant","category":"food","subcategory":"restaurant","osmType":"node","amenity":"restaurant","name:ar":"مطاعم وبروست ومخبازة الضياء","name:latin":"mt'm ryhan"}},{"type":"Feature","id":4367207092,"geometry":{"type":"Point","coordinates":[44.218837900000004,15.357218600000001]},"properties":{"id":4367207092,"name":"","type":"restaurant","category":"food","subcategory":"restaurant","osmType":"node","amenity":"restaurant","name:ar":"شواية الحرازي","name:latin":"shwaya al-hrazy"}},{"type":"Feature","id":4367243189,"geometry":{"type":"Point","coordinates":[44.2250275,15.391288500000002]},"properties":{"id":4367243189,"name":"مطاعم وبروست الرافدين","type":"restaurant","category":"food","subcategory":"restaurant","osmType":"node","amenity":"restaurant","name:ar":"مطاعم وبروست الرافدين","name:en":"Alrafedyn Restaurant"}},{"type":"Feature","id":4370954108,"geometry":{"type":"Point","coordinates":[44.193121500000004,15.301504000000001]},"properties":{"id":4370954108,"name":"Food garage","type":"restaurant","category":"food","subcategory":"restaurant","osmType":"node","addr:street":"شارع إيران","amenity":"restaurant","cuisine":"arab","name:ar":"مطعم العزي للسلته والفحسه","opening_hours":"Mo-Th, Sa, Su 08:00-22:00; Fr 08:00-12:00, 13:15-22:00","phone":"1 422 969","website":"https://m.facebook.com/foodgarageyemen"}},{"type":"Feature","id":4371120690,"geometry":{"type":"Point","coordinates":[44.192975000000004,15.301646500000002]},"properties":{"id":4371120690,"name":"Center wonderful snacks","type":"fast_food","category":"food","subcategory":"fast_food","osmType":"node","addr:street":"Iran Street","amenity":"fast_food","name:en":"Center wonderful snacks"}},{"type":"Feature","id":4373195195,"geometry":{"type":"Point","coordinates":[44.1928557,15.301561300000001]},"properties":{"id":4373195195,"name":"Barbecue grill","type":"restaurant","category":"food","subcategory":"restaurant","osmType":"node","addr:street":"شارع إيران","amenity":"restaurant","cuisine":"grill","name:en":"Barbecue grill","opening_hours":"Mo-Su 09:00-18:00"}},{"type":"Feature","id":4388529389,"geometry":{"type":"Point","coordinates":[44.223793500000006,15.329697900000001]},"properties":{"id":4388529389,"name":"بوفية مكرد","type":"fast_food","category":"food","subcategory":"fast_food","osmType":"node","addr:street":"شارع ال 45 متر","amenity":"fast_food","name:ar":"بوفية مكرد","opening_hours":"24/7","name:latin":"bwfya mkrd"}},{"type":"Feature","id":4392949191,"geometry":{"type":"Point","coordinates":[44.2360137,15.303007000000001]},"properties":{"id":4392949191,"name":"مطعم أسد الشام","type":"restaurant","category":"food","subcategory":"restaurant","osmType":"node","addr:street":"شارع تعز","amenity":"restaurant","cuisine":"arab","name:ar":"مطعم أسد الشام","name:en":"Alsham Lion Restaurant","opening_hours":"Mo-Su 08:00-22:00"}},{"type":"Feature","id":4401706492,"geometry":{"type":"Point","coordinates":[44.1891735,15.357253700000001]},"properties":{"id":4401706492,"name":"الساخن للوجبات السريعة","type":"fast_food","category":"food","subcategory":"fast_food","osmType":"node","addr:street":"الخط الدائري","amenity":"fast_food","name:en":"The Hot for fast food."}},{"type":"Feature","id":4402135195,"geometry":{"type":"Point","coordinates":[44.196898700000006,15.3447019]},"properties":{"id":4402135195,"name":"مطعم الحلواني","type":"restaurant","category":"food","subcategory":"restaurant","osmType":"node","addr:city":"صنعاء","addr:street":"شارع الزبيري","amenity":"restaurant","name:en":"Alhalwany restaurant"}},{"type":"Feature","id":4413028892,"geometry":{"type":"Point","coordinates":[44.1977927,15.3445043]},"properties":{"id":4413028892,"name":"الامين للعصائر","type":"fast_food","category":"food","subcategory":"fast_food","osmType":"node","addr:street":"شارع حدة","amenity":"fast_food","name:ar":"الامين للعصائر","name:latin":"al-amyn ll'sa'r"}},{"type":"Feature","id":4413068791,"geometry":{"type":"Point","coordinates":[44.1911269,15.369184700000002]},"properties":{"id":4413068791,"name":"مطعم ايجل","type":"restaurant","category":"food","subcategory":"restaurant","osmType":"node","addr:street":"شارع القاهرة","amenity":"restaurant","name:ar":"ايجل","name:latin":"mt'm ayjl"}},{"type":"Feature","id":4413069489,"geometry":{"type":"Point","coordinates":[44.189246000000004,15.340379200000001]},"properties":{"id":4413069489,"name":"مطعم التعزي للعصيد","type":"restaurant","category":"food","subcategory":"restaurant","osmType":"node","addr:street":"شارع نواكشوط","amenity":"restaurant","name:latin":"mt'm al-t'zy ll'syd"}},{"type":"Feature","id":4418187491,"geometry":{"type":"Point","coordinates":[44.184246200000004,15.332712500000001]},"properties":{"id":4418187491,"name":"مطعم مومباي دربار","type":"restaurant","category":"food","subcategory":"restaurant","osmType":"node","addr:street":"شارع بغداد","alt_name":"مطعم مومباي دربار الهندي","amenity":"restaurant","cuisine":"indian","internet_access":"wlan","name:ar":"مطعم مومباي دربار","name:en":"Mumbai durbar restaurant","opening_hours":"Mo-Su 12:00-21:00"}},{"type":"Feature","id":4418208796,"geometry":{"type":"Point","coordinates":[44.1841902,15.335592600000002]},"properties":{"id":4418208796,"name":"شوارماتي","type":"restaurant","category":"food","subcategory":"restaurant","osmType":"node","addr:street":"شارع بغداد","amenity":"restaurant","cuisine":"sandwich","name:ar":"شوارماتي","name:en":"shwarmati"}},{"type":"Feature","id":4418208797,"geometry":{"type":"Point","coordinates":[44.1822031,15.3356533]},"properties":{"id":4418208797,"name":"ستار برجر","type":"restaurant","category":"food","subcategory":"restaurant","osmType":"node","addr:street":"شارع الجزائر","amenity":"restaurant","cuisine":"burger;pizza;chicken;ice_cream","name:ar":"ستار برجر","name:en":"star burger"}},{"type":"Feature","id":4418227289,"geometry":{"type":"Point","coordinates":[44.189061300000006,15.333691300000002]},"properties":{"id":4418227289,"name":"زيت وزعتر","type":"restaurant","category":"food","subcategory":"restaurant","osmType":"node","addr:street":"شارع عمان","amenity":"restaurant","cuisine":"tea;pizza;arab","internet_access":"wlan","name:en":"Zait & Zaiter","opening_hours":"Mo-Su 09:00-22:00"}},{"type":"Feature","id":4418235896,"geometry":{"type":"Point","coordinates":[44.186119700000006,15.3354852]},"properties":{"id":4418235896,"name":"مطعم هوت آند كرسبي","type":"restaurant","category":"food","subcategory":"restaurant","osmType":"node","addr:street":"شارع الجزائر","amenity":"restaurant","cuisine":"burger;chicken;diner;pizza;sandwich","name:ar":"مطعم هوت آند كرسبي","name:en":"hot and crispy restaurant"}},{"type":"Feature","id":4418238790,"geometry":{"type":"Point","coordinates":[44.1852421,15.3352251]},"properties":{"id":4418238790,"name":"أمين بيتزا","type":"restaurant","category":"food","subcategory":"restaurant","osmType":"node","addr:street":"شارع الجزائر","amenity":"restaurant","cuisine":"pizza","name:ar":"أمين بيتزا","name:en":"Amin pizza","opening_hours":"Sa-Th 08:00-21:00"}},{"type":"Feature","id":4418291592,"geometry":{"type":"Point","coordinates":[44.2021518,15.3619587]},"properties":{"id":4418291592,"name":"مطعم تونس للدجاج والمشاوي","type":"restaurant","category":"food","subcategory":"restaurant","osmType":"node","addr:street":"شارع تونس","amenity":"restaurant","cuisine":"arab","name:ar":"مطعم تونس للدجاج والمشاوي","name:en":"Tunisia restaurant"}},{"type":"Feature","id":4418292089,"geometry":{"type":"Point","coordinates":[44.174352400000004,15.354791700000002]},"properties":{"id":4418292089,"name":"مطعم وبروست الخطيب","type":"restaurant","category":"food","subcategory":"restaurant","osmType":"node","addr:street":"60 meters St","amenity":"restaurant","cuisine":"arab;chicken","name:ar":"مطعم وبروست الخطيب","name:en":"Al-khatib restaurant","opening_hours":"Mo-Su 07:00-00:00","phone":"+967 1 215 692"}},{"type":"Feature","id":4418292090,"geometry":{"type":"Point","coordinates":[44.1906486,15.343951900000002]},"properties":{"id":4418292090,"name":"مطعم كنتكي","type":"restaurant","category":"food","subcategory":"restaurant","osmType":"node","addr:street":"شارع الزبيري","amenity":"restaurant","cuisine":"burger;chicken","name:ar":"مطعم كنتاكي","name:en":"Kentecky"}},{"type":"Feature","id":4424350594,"geometry":{"type":"Point","coordinates":[44.2370614,15.3087233]},"properties":{"id":4424350594,"name":"المهيوب للشاهي العدني","type":"cafe","category":"food","subcategory":"cafe","osmType":"node","amenity":"cafe","name:ar":"المهيوب للشاهي العدني","name:latin":"al-mhywb llshahy al-'dny"}},{"type":"Feature","id":4431879590,"geometry":{"type":"Point","coordinates":[44.1920361,15.301644000000001]},"properties":{"id":4431879590,"name":"المطعم الكوري","type":"restaurant","category":"food","subcategory":"restaurant","osmType":"node","addr:street":"شارع إيران","amenity":"restaurant","cuisine":"korean","name:en":"Korean Resturant"}},{"type":"Feature","id":4431897090,"geometry":{"type":"Point","coordinates":[44.2005491,15.304231300000001]},"properties":{"id":4431897090,"name":"مركز راكور متعهد حفلات","type":"restaurant","category":"food","subcategory":"restaurant","osmType":"node","addr:city":"صنعاء","addr:street":"شارع 14 أكتوبر","amenity":"restaurant","name:latin":"mrkz rakwr mt'hd hflat"}},{"type":"Feature","id":4441710391,"geometry":{"type":"Point","coordinates":[44.1966759,15.351375700000002]},"properties":{"id":4441710391,"name":"مطعم الخولاني للسلته والفحسه","type":"restaurant","category":"food","subcategory":"restaurant","osmType":"node","amenity":"restaurant","name:ar":"مطعم الخولاني للسلته والفحسه","name:latin":"mt'm al-khwlany llslth walfhsh"}},{"type":"Feature","id":4449337792,"geometry":{"type":"Point","coordinates":[44.203082200000004,15.347156100000001]},"properties":{"id":4449337792,"name":"مطعم الربيع","type":"restaurant","category":"food","subcategory":"restaurant","osmType":"node","addr:street":"شارع الزبيري","amenity":"restaurant","cuisine":"arab","name:en":"Al Rabe'a Restaurant","opening_hours":"Mo-Su 09:00-18:00"}},{"type":"Feature","id":4452440153,"geometry":{"type":"Point","coordinates":[44.18732730000001,15.357900100000002]},"properties":{"id":4452440153,"name":"ايسكريم السندباد","type":"fast_food","category":"food","subcategory":"fast_food","osmType":"node","addr:city":"Sana'a","addr:street":"شارع الرقاص","amenity":"fast_food","cuisine":"ice_cream","description":"Alsindibad Ice-Cream Shop","name:ar":"ايسكريم السندباد","name:en":"Sinbad ice cream."}},{"type":"Feature","id":4472729509,"geometry":{"type":"Point","coordinates":[44.17418910000001,15.356307200000002]},"properties":{"id":4472729509,"name":"مطعم الصنعاني","type":"restaurant","category":"food","subcategory":"restaurant","osmType":"node","addr:street":"شارع الستين","amenity":"restaurant","name:ar":"مطعم الصنعاني","name:en":"Al-sana'any restaurant"}},{"type":"Feature","id":4472905436,"geometry":{"type":"Point","coordinates":[44.197631400000006,15.345134000000002]},"properties":{"id":4472905436,"name":"سبيد هم هم","type":"fast_food","category":"food","subcategory":"fast_food","osmType":"node","addr:city":"صنعاء","addr:street":"شارع الزبيري","amenity":"fast_food","name:latin":"sbyd hm hm"}},{"type":"Feature","id":4473001416,"geometry":{"type":"Point","coordinates":[44.193553400000006,15.3250103]},"properties":{"id":4473001416,"name":"اروما كافيه","type":"cafe","category":"food","subcategory":"cafe","osmType":"node","addr:street":"شارع الستين","amenity":"cafe","name:ar":"اروما كافيه","name:en":"Aroma Cafe"}},{"type":"Feature","id":4473011217,"geometry":{"type":"Point","coordinates":[44.189328800000006,15.335416400000002]},"properties":{"id":4473011217,"name":"الرداعي للسلته","type":"restaurant","category":"food","subcategory":"restaurant","osmType":"node","amenity":"restaurant","name:ar":"الرداعي للسلته","name:latin":"al-rda'y llslth"}},{"type":"Feature","id":4473011220,"geometry":{"type":"Point","coordinates":[44.191945700000005,15.347358700000001]},"properties":{"id":4473011220,"name":"مطعم تعز","type":"restaurant","category":"food","subcategory":"restaurant","osmType":"node","addr:street":"شارع الزراعة","amenity":"restaurant","cuisine":"arab","name:ar":"مطعم تعز","name:en":"Taiz Restaurant","opening_hours":"Mo-Su 06:00-22:00"}},{"type":"Feature","id":4473108693,"geometry":{"type":"Point","coordinates":[44.195773,15.312664700000001]},"properties":{"id":4473108693,"name":"مطاعم القرموشي","type":"restaurant","category":"food","subcategory":"restaurant","osmType":"node","addr:street":"شارع حدة","amenity":"restaurant","cuisine":"arab","name:ar":"مطعم القرموشي حده","name:en":"Algarmooshi Restaurant Haddah","opening_hours":"Mo-Su 07:00-22:00"}},{"type":"Feature","id":4512136690,"geometry":{"type":"Point","coordinates":[44.18862060000001,15.330205900000001]},"properties":{"id":4512136690,"name":"فلافل المعلم 2","type":"restaurant","category":"food","subcategory":"restaurant","osmType":"node","addr:street":"شارع عمان","amenity":"restaurant","cuisine":"sandwich;falafel","delivery":"yes","highchair":"yes","name:en":"Falafil Almoalim Restaurant","opening_hours":"Mo-Su 07:00-21:00","outdoor_seating":"yes","takeaway":"yes","toilets":"yes"}},{"type":"Feature","id":4534541491,"geometry":{"type":"Point","coordinates":[44.199299,15.318015200000001]},"properties":{"id":4534541491,"name":"مؤمن سناك","type":"fast_food","category":"food","subcategory":"fast_food","osmType":"node","addr:street":"حده","amenity":"fast_food","cuisine":"sausage;chicken;burger;friture;sandwich;pizza;hot_dog;kebab;tea","internet_access":"wlan","name:ar":"مؤمن سناك","name:en":"Moamen snak","opening_hours":"24/7","phone":"0096701417000"}},{"type":"Feature","id":4537247589,"geometry":{"type":"Point","coordinates":[44.207162100000005,15.334761700000001]},"properties":{"id":4537247589,"name":"مطعم القوزي للمأكولات الشعبية","type":"restaurant","category":"food","subcategory":"restaurant","osmType":"node","addr:street":"شارع أبو ظبي","amenity":"restaurant","name:ar":"مطعم القوزي للمأكولات الشعبية","name:en":"ALGOZI Restaurant for Saltah","opening_hours":"Mo-Su 10:00-15:00"}},{"type":"Feature","id":4550631690,"geometry":{"type":"Point","coordinates":[44.205145300000005,15.379070900000002]},"properties":{"id":4550631690,"name":"السندباد ابو بسام للمطبق والمعصوب","type":"restaurant","category":"food","subcategory":"restaurant","osmType":"node","addr:street":"شارع القيادة","amenity":"restaurant","cuisine":"arab","name:ar":"السندباد ابو بسام للمطبق والمعصوب","name:en":"Alsendibad for motabaq and maasoob","opening_hours":"24/7","phone":"+967773760641","website":"https://www.facebook.com/sendbad234894/"}},{"type":"Feature","id":4568645391,"geometry":{"type":"Point","coordinates":[44.1922646,15.302256600000002]},"properties":{"id":4568645391,"name":"Albahar Restaurant For Seafood","type":"restaurant","category":"food","subcategory":"restaurant","osmType":"node","addr:street":"شارع إيران","amenity":"restaurant","cuisine":"seafood","name:ar":"مطعم البحار للاكلات البحرية","name:en":"Albahar Restaurant for Seafood","opening_hours":"Mo-Su 12:00-16:00","outdoor_seating":"yes","smoking":"no","takeaway":"yes"}},{"type":"Feature","id":4571501389,"geometry":{"type":"Point","coordinates":[44.165277800000005,15.343751000000001]},"properties":{"id":4571501389,"name":"الزعيم للشبس","type":"fast_food","category":"food","subcategory":"fast_food","osmType":"node","addr:street":"عصر٫حي الأنسي","amenity":"fast_food","name:ar":"الزعيم للشبس","name:en":"الزعيم","name:latin":"al-z'ym llshbs"}},{"type":"Feature","id":4573839397,"geometry":{"type":"Point","coordinates":[44.22110120000001,15.291648600000002]},"properties":{"id":4573839397,"name":"البيك رويال","type":"restaurant","category":"food","subcategory":"restaurant","osmType":"node","addr:street":"شارع الاربعين","amenity":"restaurant","cuisine":"arab","name:ar":"البيك رويال","name:en":"Al-Beak Royal Resturant","opening_hours":"24/7","phone":"777755900"}},{"type":"Feature","id":4581255597,"geometry":{"type":"Point","coordinates":[44.231783300000004,15.377580700000001]},"properties":{"id":4581255597,"name":"كافتيريا ملتقى الاصدقاء","type":"cafe","category":"food","subcategory":"cafe","osmType":"node","amenity":"cafe","name:ar":"كافتيريا ملتقى الاصدقاء","name:en":"Moltaga'a alasdega cafeteria"}},{"type":"Feature","id":4582799491,"geometry":{"type":"Point","coordinates":[44.2333013,15.360845200000002]},"properties":{"id":4582799491,"name":"ڤي كوفي","type":"fast_food","category":"food","subcategory":"fast_food","osmType":"node","addr:street":"شارع نشوان الحميري","amenity":"fast_food","name:ar":"ڤي كوفي","name:latin":"ڤy kwfy"}},{"type":"Feature","id":4582813289,"geometry":{"type":"Point","coordinates":[44.23094450000001,15.3837164]},"properties":{"id":4582813289,"name":"مطعم اكلات شعبية","type":"restaurant","category":"food","subcategory":"restaurant","osmType":"node","addr:street":"شارع النصر","amenity":"restaurant","name:ar":"مطعم اكلات شعبية","name:en":"Traditional food restaurant"}},{"type":"Feature","id":4582941589,"geometry":{"type":"Point","coordinates":[44.2305082,15.383988700000002]},"properties":{"id":4582941589,"name":"مطعم اكلات شعبيه","type":"restaurant","category":"food","subcategory":"restaurant","osmType":"node","amenity":"restaurant","name:ar":"مطعم اكلات شعبيه","name:latin":"mt'm aklat sh'byh"}},{"type":"Feature","id":4625937790,"geometry":{"type":"Point","coordinates":[44.2216814,15.357712500000002]},"properties":{"id":4625937790,"name":"مطاعم نجوم التل الاخضر","type":"restaurant","category":"food","subcategory":"restaurant","osmType":"node","addr:street":"شارع مسيك","amenity":"restaurant","cuisine":"fine_dining","email":"nashwan3024@gmail.com","internet_access":"wlan","name:ar":"مطاعم نجوم التل الاخضر","name:en":"Nojoom Alttal Alakhdar restaurant","operator":"تقاطع نقم مع المشهد","phone":"777833347"}},{"type":"Feature","id":4649996494,"geometry":{"type":"Point","coordinates":[44.2231303,15.2854667]},"properties":{"id":4649996494,"name":"شاورما هت","type":"fast_food","category":"food","subcategory":"fast_food","osmType":"node","addr:housenumber":"775545552","addr:street":"شارع الحربي","amenity":"fast_food","cuisine":"friture","name:ar":"شاورما هت","name:en":"Shawna hut","opening_hours":"Mo-Su 09:00-21:00"}},{"type":"Feature","id":4691392391,"geometry":{"type":"Point","coordinates":[44.1762918,15.298027900000001]},"properties":{"id":4691392391,"name":"شواية الحرازي","type":"restaurant","category":"food","subcategory":"restaurant","osmType":"node","addr:street":"شارع حدة","amenity":"restaurant","cuisine":"grill","name:ar":"شواية الحرازي","name:en":"Shawaiat Alharazi","opening_hours":"Mo-Su 09:00-15:00"}},{"type":"Feature","id":4729343191,"geometry":{"type":"Point","coordinates":[44.2133424,15.396284000000001]},"properties":{"id":4729343191,"name":"مطاعم وبروست ربيع الشرق","type":"restaurant","category":"food","subcategory":"restaurant","osmType":"node","addr:city":"صنعاء","addr:street":"شارع المطار","amenity":"restaurant","name:latin":"mta'm wbrwst rby' al-shrq"}},{"type":"Feature","id":4729374092,"geometry":{"type":"Point","coordinates":[44.213013800000006,15.396596400000002]},"properties":{"id":4729374092,"name":"مطعم طيبة للفول الجرة والتميز","type":"restaurant","category":"food","subcategory":"restaurant","osmType":"node","amenity":"restaurant","name:ar":"مطعم طيبة للفول الجرة والتميز","name:latin":"mt'm tyba llfwl al-jra waltmyz"}},{"type":"Feature","id":4731607823,"geometry":{"type":"Point","coordinates":[44.1903615,15.304608700000001]},"properties":{"id":4731607823,"name":"مطعم القوزي","type":"restaurant","category":"food","subcategory":"restaurant","osmType":"node","addr:street":"شارع إيران","amenity":"restaurant","fixme":"name, name:ar mismatch. name, name:ar mismatch. name, name:ar mismatch.","name:ar":"مطعم القوزي","name:en":"Alquazy Restaurant","opening_hours":"Mo-Su 09:00-15:00"}},{"type":"Feature","id":4754181822,"geometry":{"type":"Point","coordinates":[44.219121200000004,15.3623176]},"properties":{"id":4754181822,"name":"مطاعم وبرست المشهد","type":"restaurant","category":"food","subcategory":"restaurant","osmType":"node","amenity":"restaurant","name:ar":"مطاعم وبرست المشهد","name:latin":"mta'm wbrst al-mshhd"}},{"type":"Feature","id":4771571841,"geometry":{"type":"Point","coordinates":[44.1945436,15.3110893]},"properties":{"id":4771571841,"name":"مطعم طاطا","type":"restaurant","category":"food","subcategory":"restaurant","osmType":"node","addr:street":"شارع حدة","amenity":"restaurant","cuisine":"arab","name:ar":"مطعم طاطا","name:en":"TA TA RESTAURANT","opening_hours":"Sa-Th 07:00-22:00"}},{"type":"Feature","id":4777990523,"geometry":{"type":"Point","coordinates":[44.198619300000004,15.303491800000002]},"properties":{"id":4777990523,"name":"فلافل المعلم","type":"restaurant","category":"food","subcategory":"restaurant","osmType":"node","addr:street":"شارع صفر","amenity":"restaurant","name:ar":"فلافل المعلم","name:en":"Falafil Almoalim","opening_hours":"Mo-Su 06:00-22:00"}},{"type":"Feature","id":4786253630,"geometry":{"type":"Point","coordinates":[44.2053993,15.396732000000002]},"properties":{"id":4786253630,"name":"مطعم مبروك للدقة","type":"restaurant","category":"food","subcategory":"restaurant","osmType":"node","addr:city":"صنعاء","addr:street":"شارع التلفزيون","amenity":"restaurant","name:latin":"mt'm mbrwk lldqa"}},{"type":"Feature","id":4786254424,"geometry":{"type":"Point","coordinates":[44.21599140000001,15.359834600000001]},"properties":{"id":4786254424,"name":"مطعم مبروك للدقة","type":"restaurant","category":"food","subcategory":"restaurant","osmType":"node","amenity":"restaurant","name:ar":"مطعم مبروك للدقة","name:latin":"mt'm mbrwk lldqa"}},{"type":"Feature","id":4790743321,"geometry":{"type":"Point","coordinates":[44.22050840000001,15.386144500000002]},"properties":{"id":4790743321,"name":"العياشي للشبس والطعميه","type":"fast_food","category":"food","subcategory":"fast_food","osmType":"node","amenity":"fast_food","name:ar":"العياشي للشبس والطعميه","name:latin":"al-'yashy llshbs walt'myh"}},{"type":"Feature","id":4811163521,"geometry":{"type":"Point","coordinates":[44.1826609,15.357973200000002]},"properties":{"id":4811163521,"name":"مطعم وبرست الشرق","type":"restaurant","category":"food","subcategory":"restaurant","osmType":"node","amenity":"restaurant","name:ar":"مطعم وبرست الشرق","name:latin":"mt'm wbrst al-shrq"}},{"type":"Feature","id":4811163621,"geometry":{"type":"Point","coordinates":[44.182492700000005,15.358206100000002]},"properties":{"id":4811163621,"name":"انترنت","type":"cafe","category":"food","subcategory":"cafe","osmType":"node","amenity":"cafe","name:ar":"انترنت","name:latin":"antrnt"}},{"type":"Feature","id":4811163623,"geometry":{"type":"Point","coordinates":[44.1822731,15.357438400000001]},"properties":{"id":4811163623,"name":"انترنت ديفرنت","type":"cafe","category":"food","subcategory":"cafe","osmType":"node","addr:city":"صنعاء","addr:street":"شارع الرقاص","amenity":"cafe","name:latin":"antrnt dyfrnt"}},{"type":"Feature","id":4811163721,"geometry":{"type":"Point","coordinates":[44.182604700000006,15.358800100000002]},"properties":{"id":4811163721,"name":"بوفيه","type":"fast_food","category":"food","subcategory":"fast_food","osmType":"node","amenity":"fast_food","name:ar":"بوفيه","name:latin":"bwfyh"}},{"type":"Feature","id":4846638551,"geometry":{"type":"Point","coordinates":[44.2357936,15.304051800000002]},"properties":{"id":4846638551,"name":"مطاعم حضرموت","type":"restaurant","category":"food","subcategory":"restaurant","osmType":"node","addr:street":"شارع تعز","amenity":"restaurant","cuisine":"arab","name:ar":"مطاعم حضرموت","name:en":"Hadhramawt Restaurants","opening_hours":"Mo-Su 09:00-21:00"}},{"type":"Feature","id":4846638554,"geometry":{"type":"Point","coordinates":[44.23512770000001,15.3056005]},"properties":{"id":4846638554,"name":"مطاعم الشرق الاوسط","type":"restaurant","category":"food","subcategory":"restaurant","osmType":"node","amenity":"restaurant","name:ar":"مطاعم الشرق الاوسط","name:latin":"mta'm al-shrq al-awst"}},{"type":"Feature","id":4847364332,"geometry":{"type":"Point","coordinates":[44.19878250000001,15.333187400000002]},"properties":{"id":4847364332,"name":"كافتيريا الخليج للعصائر","type":"fast_food","category":"food","subcategory":"fast_food","osmType":"node","addr:street":"شارع حدة","amenity":"fast_food","name:ar":"كافتيريا الخليج للعصائر","name:en":"Alkhaleej cafeteria","opening_hours":"24/7"}},{"type":"Feature","id":4876517124,"geometry":{"type":"Point","coordinates":[44.1920341,15.302370300000002]},"properties":{"id":4876517124,"name":"مطعم البحار","type":"restaurant","category":"food","subcategory":"restaurant","osmType":"node","addr:street":"شارع إيران","amenity":"restaurant","cuisine":"arab;seafood","name:ar":"مطعم البحار","name:en":"Albahar Restaurant","opening_hours":"Mo-Su 08:00-22:00"}},{"type":"Feature","id":4880910222,"geometry":{"type":"Point","coordinates":[44.198278200000004,15.3329429]},"properties":{"id":4880910222,"name":"هاشتاق كافيه","type":"cafe","category":"food","subcategory":"cafe","osmType":"node","addr:street":"شارع حدة","amenity":"cafe","cuisine":"american;arab","internet_access":"wlan","name:ar":"هاشتاق كافيه","name:en":"HashTag Cafe","opening_hours":"24/7","phone":"+967772111112"}},{"type":"Feature","id":4915715021,"geometry":{"type":"Point","coordinates":[44.17384010000001,15.3586202]},"properties":{"id":4915715021,"name":"مطعم النخلة","type":"restaurant","category":"food","subcategory":"restaurant","osmType":"node","addr:street":"شارع الستين","amenity":"restaurant","name:en":"alnkhla"}},{"type":"Feature","id":4915715023,"geometry":{"type":"Point","coordinates":[44.17471260000001,15.357533100000001]},"properties":{"id":4915715023,"name":"مطعم ارض سام","type":"restaurant","category":"food","subcategory":"restaurant","osmType":"node","addr:street":"شارع الستين","amenity":"restaurant","name:latin":"mt'm ard sam"}},{"type":"Feature","id":4915723922,"geometry":{"type":"Point","coordinates":[44.24099030000001,15.278903300000001]},"properties":{"id":4915723922,"name":"برهوم للكباب","type":"restaurant","category":"food","subcategory":"restaurant","osmType":"node","addr:street":"شارع الخمسين","amenity":"restaurant","name:ar":"برهوم للكباب","name:latin":"brhwm llkbab"}},{"type":"Feature","id":4954926422,"geometry":{"type":"Point","coordinates":[44.2207189,15.285044400000002]},"properties":{"id":4954926422,"name":"رويال بروستر","type":"restaurant","category":"food","subcategory":"restaurant","osmType":"node","addr:street":"شارع الاربعين","amenity":"restaurant","cuisine":"american","name:ar":"رويال بروستر","name:en":"Royal broaster","opening_hours":"Sa-Th 09:00-22:00"}},{"type":"Feature","id":4960074921,"geometry":{"type":"Point","coordinates":[44.184692600000005,15.348723600000001]},"properties":{"id":4960074921,"name":"بوفية السامعي","type":"fast_food","category":"food","subcategory":"fast_food","osmType":"node","addr:street":"شارع هائل","amenity":"fast_food","name:ar":"بوفية السامعي","name:latin":"bwfya al-sam'y"}},{"type":"Feature","id":4990833937,"geometry":{"type":"Point","coordinates":[44.189562,15.301819300000002]},"properties":{"id":4990833937,"name":"باب روتي","type":"cafe","category":"food","subcategory":"cafe","osmType":"node","addr:street":"شارع بيروت","amenity":"cafe","name:ar":"بابا روتي","name:en":"Baba Roti","opening_hours":"Sa-Th 09:00-21:00"}},{"type":"Feature","id":4990868931,"geometry":{"type":"Point","coordinates":[44.203071800000004,15.355733400000002]},"properties":{"id":4990868931,"name":"كباب","type":"restaurant","category":"food","subcategory":"restaurant","osmType":"node","amenity":"restaurant","name:ar":"كباب","name:en":"Kebab"}},{"type":"Feature","id":4994800921,"geometry":{"type":"Point","coordinates":[44.16446800000001,15.463537800000001]},"properties":{"id":4994800921,"name":"","type":"restaurant","category":"food","subcategory":"restaurant","osmType":"node","amenity":"restaurant"}},{"type":"Feature","id":5009399521,"geometry":{"type":"Point","coordinates":[44.230430000000005,15.444824400000002]},"properties":{"id":5009399521,"name":"شبس العم عبده","type":"restaurant","category":"food","subcategory":"restaurant","osmType":"node","amenity":"restaurant","name:ar":"شبس العم عبده","opening_hours":"Sa-Th 06:00-13:00","name:latin":"shbs al-'m 'bdh"}},{"type":"Feature","id":5052014522,"geometry":{"type":"Point","coordinates":[44.22031930000001,15.338498500000002]},"properties":{"id":5052014522,"name":"مطعم الشرق الأوسط","type":"restaurant","category":"food","subcategory":"restaurant","osmType":"node","addr:street":"شارع تعز","amenity":"restaurant","name:ar":"مطعم الشرق الأوسط","name:en":"Alsharq Alawsatt restaurant"}},{"type":"Feature","id":5052516323,"geometry":{"type":"Point","coordinates":[44.2205109,15.3382365]},"properties":{"id":5052516323,"name":"مطاعم الشرق الأوسط","type":"restaurant","category":"food","subcategory":"restaurant","osmType":"node","addr:street":"Ta'izz road","amenity":"restaurant","name:ar":"مطاعم الشرق الأوسط","opening_hours":"24/7","name:latin":"mta'm al-shrq al-awst"}},{"type":"Feature","id":5079942622,"geometry":{"type":"Point","coordinates":[44.22455420000001,15.338072100000002]},"properties":{"id":5079942622,"name":"مقهى إنترنت العمري","type":"cafe","category":"food","subcategory":"cafe","osmType":"node","amenity":"cafe","name:ar":"مقهى إنترنت العمري","name:latin":"mqha intrnt al-'mry"}},{"type":"Feature","id":5079942625,"geometry":{"type":"Point","coordinates":[44.215943,15.352070500000002]},"properties":{"id":5079942625,"name":"محمد الجرباني لشراب الزبيب والشعير","type":"cafe","category":"food","subcategory":"cafe","osmType":"node","amenity":"cafe","name:ar":"محمد الجرباني لشراب الزبيب والشعير","name:en":"Mohammed Aljarbani for Drink shair and zabib"}},{"type":"Feature","id":5079942626,"geometry":{"type":"Point","coordinates":[44.21595490000001,15.351231600000002]},"properties":{"id":5079942626,"name":"اليمني لشراب الزبيب والشعير","type":"cafe","category":"food","subcategory":"cafe","osmType":"node","amenity":"cafe","name:ar":"اليمني لشراب الزبيب والشعير","name:en":"Alyamani for drink shair and zabib"}},{"type":"Feature","id":5106289323,"geometry":{"type":"Point","coordinates":[44.214150100000005,15.4349342]},"properties":{"id":5106289323,"name":"مطعم جالكسي","type":"restaurant","category":"food","subcategory":"restaurant","osmType":"node","addr:street":"خط المطار","amenity":"restaurant","name:ar":"مطعم جالكسي","name:en":"Galaxy restaurant"}},{"type":"Feature","id":5122501624,"geometry":{"type":"Point","coordinates":[44.182151600000005,15.357036400000002]},"properties":{"id":5122501624,"name":"مطعم الحضرمي","type":"restaurant","category":"food","subcategory":"restaurant","osmType":"node","addr:street":"شارع الرقاص","amenity":"restaurant","name:ar":"مطعم الحضرمي","name:en":"hadhrami restaurant"}},{"type":"Feature","id":5136287325,"geometry":{"type":"Point","coordinates":[44.1962722,15.351213000000001]},"properties":{"id":5136287325,"name":"العم شوعي","type":"restaurant","category":"food","subcategory":"restaurant","osmType":"node","addr:street":"حي القاع","amenity":"restaurant","name:ar":"العم شوعي","name:en":"العربية","name:latin":"al-'m shw'y"}},{"type":"Feature","id":5141760123,"geometry":{"type":"Point","coordinates":[44.19744420000001,15.333103200000002]},"properties":{"id":5141760123,"name":"نادي هاواي","type":"cafe","category":"food","subcategory":"cafe","osmType":"node","addr:street":"شارع حدة","amenity":"cafe","internet_access":"wlan","name:ar":"نادي هاواي","name:en":"Hawaii club","opening_hours":"Mo-Su 09:00-00:00"}},{"type":"Feature","id":5155512921,"geometry":{"type":"Point","coordinates":[44.1504027,15.405167300000002]},"properties":{"id":5155512921,"name":"","type":"restaurant","category":"food","subcategory":"restaurant","osmType":"node","amenity":"restaurant","name:ar":"مطعم التاج الملكي","name:en":"Ataj Almalaki restaurant"}},{"type":"Feature","id":5175051721,"geometry":{"type":"Point","coordinates":[44.189929600000006,15.335632900000002]},"properties":{"id":5175051721,"name":"بيت المندي","type":"restaurant","category":"food","subcategory":"restaurant","osmType":"node","amenity":"restaurant","name:ar":"بيت المندي","name:latin":"byt al-mndy"}},{"type":"Feature","id":5188824121,"geometry":{"type":"Point","coordinates":[44.232726500000005,15.2860603]},"properties":{"id":5188824121,"name":"مطاعم جلاكسي","type":"restaurant","category":"food","subcategory":"restaurant","osmType":"node","addr:city":"صنعاء","addr:street":"شارع الحربي","amenity":"restaurant","name:en":"galaxy restaurant","opening_hours":"24/7"}},{"type":"Feature","id":5188824122,"geometry":{"type":"Point","coordinates":[44.1984311,15.3243547]},"properties":{"id":5188824122,"name":"مطعم وكافيه واي فود","type":"restaurant","category":"food","subcategory":"restaurant","osmType":"node","amenity":"restaurant","internet_access":"wlan","name:latin":"mt'm wkafyh way fwd"}},{"type":"Feature","id":5191817836,"geometry":{"type":"Point","coordinates":[44.212882,15.381802200000001]},"properties":{"id":5191817836,"name":"كافيتريا الربيع","type":"restaurant","category":"food","subcategory":"restaurant","osmType":"node","addr:street":"شارع التلفزيون","amenity":"restaurant","name:ar":"كافيتريا الربيع","name:en":"AL-Rabye Cafeteria"}},{"type":"Feature","id":5196307526,"geometry":{"type":"Point","coordinates":[44.184110800000006,15.334997300000001]},"properties":{"id":5196307526,"name":"بوفية","type":"fast_food","category":"food","subcategory":"fast_food","osmType":"node","amenity":"fast_food","name:ar":"بوفية","name:latin":"bwfya"}},{"type":"Feature","id":5278855121,"geometry":{"type":"Point","coordinates":[44.20956760000001,15.353444300000001]},"properties":{"id":5278855121,"name":"سمسرة وردة","type":"cafe","category":"food","subcategory":"cafe","osmType":"node","addr:street":"شارع السايلة","amenity":"cafe","cuisine":"tea;sandwich","name:ar":"سمسرة وردة","name:latin":"smsra wrda"}},{"type":"Feature","id":5280398621,"geometry":{"type":"Point","coordinates":[44.196971600000005,15.348914400000002]},"properties":{"id":5280398621,"name":"مطعم البركان","type":"restaurant","category":"food","subcategory":"restaurant","osmType":"node","addr:street":"شارع جمال عبد الناصر","amenity":"restaurant","name:ar":"مطعم البركان","name:en":"Alborkhan restaurant"}},{"type":"Feature","id":5311824721,"geometry":{"type":"Point","coordinates":[44.222471000000006,15.3647278]},"properties":{"id":5311824721,"name":"مطعم الاندلس","type":"restaurant","category":"food","subcategory":"restaurant","osmType":"node","amenity":"restaurant","cuisine":"chicken","name:ar":"مطعم الاندلس","name:en":"Alandalos restaurant","opening_hours":"Mo-Su 07:00-22:00"}},{"type":"Feature","id":5347174823,"geometry":{"type":"Point","coordinates":[44.21460870000001,15.279459400000002]},"properties":{"id":5347174823,"name":"كفتيريا الوفاء","type":"restaurant","category":"food","subcategory":"restaurant","osmType":"node","addr:street":"شارع ‏الثلاثين","amenity":"restaurant","cuisine":"arab","name:ar":"كفتيريا الوفاء","name:en":"alwafa cafeteria","opening_hours":"Sa-Th 09:00-21:00"}},{"type":"Feature","id":5376553721,"geometry":{"type":"Point","coordinates":[44.207625500000006,15.387385900000002]},"properties":{"id":5376553721,"name":"مطعم الأسطورة","type":"restaurant","category":"food","subcategory":"restaurant","osmType":"node","addr:city":"صنعاء","addr:street":"شارع التلفزيون","amenity":"restaurant","opening_hours":"24/7","name:latin":"mt'm al-astwra"}},{"type":"Feature","id":5386713122,"geometry":{"type":"Point","coordinates":[44.215392400000006,15.3550622]},"properties":{"id":5386713122,"name":"سمسرة وردة","type":"cafe","category":"food","subcategory":"cafe","osmType":"node","amenity":"cafe","name:ar":"سمسرة وردة","name:latin":"smsra wrda"}},{"type":"Feature","id":5459641821,"geometry":{"type":"Point","coordinates":[44.21678550000001,15.335138]},"properties":{"id":5459641821,"name":"مطعم صنعاء","type":"restaurant","category":"food","subcategory":"restaurant","osmType":"node","addr:housenumber":"777245488","addr:street":"سوق عنس","amenity":"restaurant","cuisine":"arab","name:ar":"مطعم صنعاء","name:en":"Sana'a Restaurant","opening_hours":"Mo-Su 10:00-16:00","phone":"+967777245488"}},{"type":"Feature","id":5539619384,"geometry":{"type":"Point","coordinates":[44.2328807,15.3105816]},"properties":{"id":5539619384,"name":"مطعم البيضاء","type":"restaurant","category":"food","subcategory":"restaurant","osmType":"node","amenity":"restaurant","name:ar":"مطعم البيضاء","name:en":"AlBaidai Resturant"}},{"type":"Feature","id":5539619385,"geometry":{"type":"Point","coordinates":[44.2331201,15.311158700000002]},"properties":{"id":5539619385,"name":"مطعم الشام","type":"restaurant","category":"food","subcategory":"restaurant","osmType":"node","amenity":"restaurant","name:ar":"مطعم الشام","name:en":"Sham Resturant"}},{"type":"Feature","id":5543201021,"geometry":{"type":"Point","coordinates":[44.21045900000001,15.341304000000001]},"properties":{"id":5543201021,"name":"سوق البليلي للسمك","type":"restaurant","category":"food","subcategory":"restaurant","osmType":"node","addr:street":"شارع السايلة","amenity":"restaurant","cuisine":"arab","name:ar":"سوق البليلي للسمك","name:en":"albelaili fish market","opening_hours":"Mo-Su 09:00-15:00"}},{"type":"Feature","id":5585279521,"geometry":{"type":"Point","coordinates":[44.184739400000005,15.348018900000001]},"properties":{"id":5585279521,"name":"مطعم المنير للبروست","type":"restaurant","category":"food","subcategory":"restaurant","osmType":"node","amenity":"restaurant","name:ar":"مطعم المنير للبروست","name:latin":"mt'm al-mnyr llbrwst"}},{"type":"Feature","id":5645282021,"geometry":{"type":"Point","coordinates":[44.21694960000001,15.335905400000001]},"properties":{"id":5645282021,"name":"مطعم العميد","type":"restaurant","category":"food","subcategory":"restaurant","osmType":"node","addr:street":"Ring RD","amenity":"restaurant","name:ar":"مطعم العميد","name:en":"Alamid Restaurant"}},{"type":"Feature","id":5677898740,"geometry":{"type":"Point","coordinates":[44.221417,15.293205900000002]},"properties":{"id":5677898740,"name":"شواية العربي","type":"restaurant","category":"food","subcategory":"restaurant","osmType":"node","addr:street":"جولة الثقافة","amenity":"restaurant","cuisine":"arab","name:ar":"شواية العربي","opening_hours":"Mo-Su 10:00-14:00","name:latin":"shwaya al-'rby"}},{"type":"Feature","id":5677900329,"geometry":{"type":"Point","coordinates":[44.221194800000006,15.2926905]},"properties":{"id":5677900329,"name":"فلافل الباشا","type":"fast_food","category":"food","subcategory":"fast_food","osmType":"node","addr:street":"جولة الثقافة","amenity":"fast_food","cuisine":"arab","name:ar":"فلافل الباشا","opening_hours":"Mo-Su 09:00-22:00","name:latin":"flafl al-basha"}},{"type":"Feature","id":5677928324,"geometry":{"type":"Point","coordinates":[44.221274300000005,15.2931348]},"properties":{"id":5677928324,"name":"شواية الملك","type":"restaurant","category":"food","subcategory":"restaurant","osmType":"node","addr:street":"جولة الثقافة","amenity":"restaurant","cuisine":"arab","name:ar":"شواية الملك","opening_hours":"Mo-Su 09:00-14:00","name:latin":"shwaya al-mlk"}},{"type":"Feature","id":5709314761,"geometry":{"type":"Point","coordinates":[44.194666000000005,15.331138400000002]},"properties":{"id":5709314761,"name":"مقهى اورانوس","type":"cafe","category":"food","subcategory":"cafe","osmType":"node","addr:street":"شارع عبد العزيز عبد الغني","amenity":"cafe","cuisine":"arab","internet_access":"wlan","name:ar":"مقهى اورانوس","name:en":"Uranus Cafe","opening_hours":"Sa-Th 09:00-21:00","operator":"وليد المتوكل"}},{"type":"Feature","id":5725067022,"geometry":{"type":"Point","coordinates":[44.1935597,15.356356700000001]},"properties":{"id":5725067022,"name":"مطاعم المدهش","type":"restaurant","category":"food","subcategory":"restaurant","osmType":"node","addr:street":"شارع الزراعة","amenity":"restaurant","name:ar":"00","name:en":"Almodhish restaurants"}},{"type":"Feature","id":5763229608,"geometry":{"type":"Point","coordinates":[44.2069873,15.387376100000001]},"properties":{"id":5763229608,"name":"مطعم وشواية أبو صلاح","type":"restaurant","category":"food","subcategory":"restaurant","osmType":"node","addr:city":"صنعاء","addr:street":"Mazda ST","amenity":"restaurant","name:latin":"mt'm wshwaya abw slah"}},{"type":"Feature","id":5763229609,"geometry":{"type":"Point","coordinates":[44.2072975,15.3877929]},"properties":{"id":5763229609,"name":"مطعم لؤلؤة الشرق","type":"restaurant","category":"food","subcategory":"restaurant","osmType":"node","addr:city":"صنعاء","addr:street":"شارع التلفزيون","amenity":"restaurant","name:latin":"mt'm l'l'a al-shrq"}},{"type":"Feature","id":5763229627,"geometry":{"type":"Point","coordinates":[44.205186600000005,15.385437000000001]},"properties":{"id":5763229627,"name":"سهام المراوعة","type":"restaurant","category":"food","subcategory":"restaurant","osmType":"node","addr:city":"صنعاء","addr:street":"شارع مازدا","amenity":"restaurant","name:latin":"sham al-mraw'a"}},{"type":"Feature","id":5773665854,"geometry":{"type":"Point","coordinates":[44.1752442,15.296883300000001]},"properties":{"id":5773665854,"name":"استراحة بيروت","type":"cafe","category":"food","subcategory":"cafe","osmType":"node","addr:street":"شارع الخمسين","amenity":"cafe","name:en":"Birot Cafe","opening_hours":"Mo-Su 09:00-02:10"}},{"type":"Feature","id":5778994962,"geometry":{"type":"Point","coordinates":[44.199236000000006,15.328276400000002]},"properties":{"id":5778994962,"name":"عصيرات لافوكا","type":"cafe","category":"food","subcategory":"cafe","osmType":"node","addr:city":"صنعاء","addr:street":"شارع حدة","amenity":"cafe","cuisine":"drinks;juice","name:en":"Juice of Avoca","opening_hours":"Mo-Su 08:00-23:00"}},{"type":"Feature","id":5778994968,"geometry":{"type":"Point","coordinates":[44.194516500000006,15.327814100000001]},"properties":{"id":5778994968,"name":"كفتيريا لبنان","type":"fast_food","category":"food","subcategory":"fast_food","osmType":"node","addr:street":"الحي السياسي","amenity":"fast_food","cuisine":"arab","internet_access":"wlan","opening_hours":"Sa-Th 09:00-22:10","name:latin":"kftyrya lbnan"}},{"type":"Feature","id":5778994980,"geometry":{"type":"Point","coordinates":[44.192734800000004,15.331003400000002]},"properties":{"id":5778994980,"name":"ايس كريم سنو وايت","type":"ice_cream","category":"food","subcategory":"ice_cream","osmType":"node","addr:city":"صنعاء","addr:street":"شارع خولة","amenity":"ice_cream","opening_hours":"Mo-Su 09:00-20:00","name:latin":"ays krym snw wayt"}},{"type":"Feature","id":5778995004,"geometry":{"type":"Point","coordinates":[44.19075050000001,15.342690700000002]},"properties":{"id":5778995004,"name":"مطاعم أبو محمد الفقيه","type":"restaurant","category":"food","subcategory":"restaurant","osmType":"node","addr:street":"الخط الدائري","amenity":"restaurant","name:latin":"mta'm abw mhmd al-fqyh"}},{"type":"Feature","id":5778995006,"geometry":{"type":"Point","coordinates":[44.190765400000004,15.3436967]},"properties":{"id":5778995006,"name":"مطعم ومخبازة الريف","type":"restaurant","category":"food","subcategory":"restaurant","osmType":"node","addr:street":"الخط الدائري","amenity":"restaurant","name:latin":"mt'm wmkhbaza al-ryf"}},{"type":"Feature","id":5778995008,"geometry":{"type":"Point","coordinates":[44.19218540000001,15.344447500000001]},"properties":{"id":5778995008,"name":"الرهيب للكباب البلدي","type":"fast_food","category":"food","subcategory":"fast_food","osmType":"node","addr:street":"شارع الزبيري","amenity":"fast_food","name:latin":"al-rhyb llkbab al-bldy"}},{"type":"Feature","id":5778995009,"geometry":{"type":"Point","coordinates":[44.19163700000001,15.344004800000002]},"properties":{"id":5778995009,"name":"مطعم زربيان مايكر","type":"restaurant","category":"food","subcategory":"restaurant","osmType":"node","addr:street":"شارع الزبيري","amenity":"restaurant","name:latin":"mt'm zrbyan maykr"}},{"type":"Feature","id":5778995013,"geometry":{"type":"Point","coordinates":[44.171626,15.397491100000002]},"properties":{"id":5778995013,"name":"كفتيريا الواحة","type":"fast_food","category":"food","subcategory":"fast_food","osmType":"node","addr:city":"صنعاء","addr:street":"شارع الثلاثين","amenity":"fast_food","name:latin":"kftyrya al-waha"}},{"type":"Feature","id":5778995015,"geometry":{"type":"Point","coordinates":[44.173804000000004,15.395965400000001]},"properties":{"id":5778995015,"name":"مطعم الفقيه","type":"restaurant","category":"food","subcategory":"restaurant","osmType":"node","addr:city":"صنعاء","addr:street":"شارع الثلاثين","amenity":"restaurant","name:latin":"mt'm al-fqyh"}},{"type":"Feature","id":5786621355,"geometry":{"type":"Point","coordinates":[44.220816500000005,15.285559300000001]},"properties":{"id":5786621355,"name":"مطعم الرباش","type":"restaurant","category":"food","subcategory":"restaurant","osmType":"node","addr:city":"صنعاء","addr:street":"شارع الاربعين","amenity":"restaurant","cuisine":"arab","name:en":"Alrabash Restaurant","opening_hours":"Mo-Su 06:00-23:30"}},{"type":"Feature","id":5789121343,"geometry":{"type":"Point","coordinates":[44.187265800000006,15.303081100000002]},"properties":{"id":5789121343,"name":"مطعم القوزي","type":"restaurant","category":"food","subcategory":"restaurant","osmType":"node","addr:street":"شارع إيران","amenity":"restaurant","cuisine":"arab","name:ar":"مطعم القوازي","name:en":"AlGawazis’ restaurant","opening_hours":"Mo-Su 09:00-15:30"}},{"type":"Feature","id":5799990254,"geometry":{"type":"Point","coordinates":[44.1966315,15.313423000000002]},"properties":{"id":5799990254,"name":"باسكن روبنز","type":"ice_cream","category":"food","subcategory":"ice_cream","osmType":"node","addr:street":"شارع حدة","amenity":"ice_cream","name:en":"Basken  Robens","opening_hours":"Sa-Th 08:00-20:00"}},{"type":"Feature","id":5816243363,"geometry":{"type":"Point","coordinates":[44.2056808,15.370373]},"properties":{"id":5816243363,"name":"مطعم الراسني","type":"restaurant","category":"food","subcategory":"restaurant","osmType":"node","amenity":"restaurant","name:en":"Alrasseny restaurant"}},{"type":"Feature","id":5816243660,"geometry":{"type":"Point","coordinates":[44.2049334,15.383196400000001]},"properties":{"id":5816243660,"name":"كفتيريا الصلوي","type":"fast_food","category":"food","subcategory":"fast_food","osmType":"node","addr:street":"شارع مازدا","amenity":"fast_food","name:latin":"kftyrya al-slwy"}},{"type":"Feature","id":5817049554,"geometry":{"type":"Point","coordinates":[44.1798074,15.354043800000001]},"properties":{"id":5817049554,"name":"كفتيريا اللواء الأخضر","type":"restaurant","category":"food","subcategory":"restaurant","osmType":"node","amenity":"restaurant","name:latin":"kftyrya al-lwa' al-akhdr"}},{"type":"Feature","id":5875416570,"geometry":{"type":"Point","coordinates":[44.178651900000006,15.399735800000002]},"properties":{"id":5875416570,"name":"مطعم الشيباني رويال","type":"restaurant","category":"food","subcategory":"restaurant","osmType":"node","addr:city":"صنعاء","addr:street":"شارع الستين","amenity":"restaurant","name:latin":"mt'm al-shybany rwyal"}},{"type":"Feature","id":5875416571,"geometry":{"type":"Point","coordinates":[44.179719000000006,15.400838900000002]},"properties":{"id":5875416571,"name":"مطعم اهلاً وسهلاً","type":"restaurant","category":"food","subcategory":"restaurant","osmType":"node","addr:city":"صنعاء","addr:street":"شارع الستين","amenity":"restaurant","name:latin":"mt'm ahla wshla"}},{"type":"Feature","id":5875416573,"geometry":{"type":"Point","coordinates":[44.1814845,15.400496600000002]},"properties":{"id":5875416573,"name":"مطعم الأخضر","type":"restaurant","category":"food","subcategory":"restaurant","osmType":"node","addr:city":"صنعاء","addr:street":"شارع الستين","amenity":"restaurant","name:latin":"mt'm al-akhdr"}},{"type":"Feature","id":5875416579,"geometry":{"type":"Point","coordinates":[44.1740532,15.395312200000001]},"properties":{"id":5875416579,"name":"مطعم النجم الصنعاني","type":"restaurant","category":"food","subcategory":"restaurant","osmType":"node","addr:city":"صنعاء","addr:street":"شارع الستين","amenity":"restaurant","name:latin":"mt'm al-njm al-sn'any"}},{"type":"Feature","id":5875416901,"geometry":{"type":"Point","coordinates":[44.174509500000006,15.375733300000002]},"properties":{"id":5875416901,"name":"مطعم الأندلس","type":"restaurant","category":"food","subcategory":"restaurant","osmType":"node","addr:city":"صنعاء‎","amenity":"restaurant","name:latin":"mt'm al-andls"}},{"type":"Feature","id":5878121420,"geometry":{"type":"Point","coordinates":[44.174662000000005,15.352439500000001]},"properties":{"id":5878121420,"name":"كافتيريا البركاني للعصائر الطازجة","type":"fast_food","category":"food","subcategory":"fast_food","osmType":"node","addr:street":"شارع الستين","amenity":"fast_food","name:latin":"kaftyrya al-brkany ll'sa'r al-tazja"}},{"type":"Feature","id":5878121433,"geometry":{"type":"Point","coordinates":[44.16953650000001,15.3412684]},"properties":{"id":5878121433,"name":"مطاعم شوايتي الفاخرة","type":"restaurant","category":"food","subcategory":"restaurant","osmType":"node","addr:city":"صنعاء","addr:street":"شارع الستين","amenity":"restaurant","name:en":"Shawayatty restaurant"}},{"type":"Feature","id":5878121434,"geometry":{"type":"Point","coordinates":[44.169707,15.340657900000002]},"properties":{"id":5878121434,"name":"مطاعم البهمة","type":"restaurant","category":"food","subcategory":"restaurant","osmType":"node","addr:city":"صنعاء","addr:street":"شارع الستين","amenity":"restaurant","name:en":"Albahmah restaurant"}},{"type":"Feature","id":5878121438,"geometry":{"type":"Point","coordinates":[44.182626600000006,15.330673100000002]},"properties":{"id":5878121438,"name":"مطاعم بيت الزربيان","type":"restaurant","category":"food","subcategory":"restaurant","osmType":"node","amenity":"restaurant","name:latin":"mta'm byt al-zrbyan"}},{"type":"Feature","id":5878121456,"geometry":{"type":"Point","coordinates":[44.1939787,15.324516700000002]},"properties":{"id":5878121456,"name":"تايم سكوير","type":"cafe","category":"food","subcategory":"cafe","osmType":"node","addr:street":"الحي السياسي","amenity":"cafe","cuisine":"arab","internet_access":"wlan","name:en":"Times Square Cafe"}},{"type":"Feature","id":5878121459,"geometry":{"type":"Point","coordinates":[44.1991839,15.319586000000001]},"properties":{"id":5878121459,"name":"كافتيريا لؤلؤة صنعاء","type":"fast_food","category":"food","subcategory":"fast_food","osmType":"node","amenity":"fast_food","name:latin":"kaftyrya l'l'a sn'a'"}},{"type":"Feature","id":5878121461,"geometry":{"type":"Point","coordinates":[44.201666700000004,15.319813500000002]},"properties":{"id":5878121461,"name":"مطعم الأرنب الجائع","type":"restaurant","category":"food","subcategory":"restaurant","osmType":"node","amenity":"restaurant","name:latin":"mt'm al-arnb al-ja''"}},{"type":"Feature","id":5878121471,"geometry":{"type":"Point","coordinates":[44.219371300000006,15.322310100000001]},"properties":{"id":5878121471,"name":"مطاعم ومطابخ النهدين","type":"restaurant","category":"food","subcategory":"restaurant","osmType":"node","amenity":"restaurant","name:latin":"mta'm wmtabkh al-nhdyn"}},{"type":"Feature","id":5878121474,"geometry":{"type":"Point","coordinates":[44.223734,15.317004]},"properties":{"id":5878121474,"name":"مطعم الشلال","type":"restaurant","category":"food","subcategory":"restaurant","osmType":"node","addr:street":"شارع 16","amenity":"restaurant","name:en":"Alshalal Restaurant"}},{"type":"Feature","id":5878121475,"geometry":{"type":"Point","coordinates":[44.223734,15.317212600000001]},"properties":{"id":5878121475,"name":"شوارما هت","type":"fast_food","category":"food","subcategory":"fast_food","osmType":"node","amenity":"fast_food","name:latin":"shwarma ht"}},{"type":"Feature","id":5878121476,"geometry":{"type":"Point","coordinates":[44.22378810000001,15.317607]},"properties":{"id":5878121476,"name":"كافتيريا الشلال","type":"fast_food","category":"food","subcategory":"fast_food","osmType":"node","amenity":"fast_food","name:latin":"kaftyrya al-shlal"}},{"type":"Feature","id":5878121479,"geometry":{"type":"Point","coordinates":[44.223490700000006,15.318421800000001]},"properties":{"id":5878121479,"name":"مطعم الحرازي","type":"restaurant","category":"food","subcategory":"restaurant","osmType":"node","amenity":"restaurant","name:latin":"mt'm al-hrazy"}},{"type":"Feature","id":5878121482,"geometry":{"type":"Point","coordinates":[44.22994190000001,15.3177797]},"properties":{"id":5878121482,"name":"مطعم الطاووس","type":"restaurant","category":"food","subcategory":"restaurant","osmType":"node","amenity":"restaurant","name:en":"Altawoss restaurant"}},{"type":"Feature","id":5895667762,"geometry":{"type":"Point","coordinates":[44.1899433,15.3648123]},"properties":{"id":5895667762,"name":"مطاعم وبروست ومخبازة الجامعة","type":"restaurant","category":"food","subcategory":"restaurant","osmType":"node","addr:street":"الخط الدائري","amenity":"restaurant","name:latin":"mta'm wbrwst wmkhbaza al-jam'a"}},{"type":"Feature","id":5895667766,"geometry":{"type":"Point","coordinates":[44.19189420000001,15.363548500000002]},"properties":{"id":5895667766,"name":"شواية ابو خالد","type":"restaurant","category":"food","subcategory":"restaurant","osmType":"node","amenity":"restaurant","name:latin":"shwaya abw khald"}},{"type":"Feature","id":5895667771,"geometry":{"type":"Point","coordinates":[44.1916689,15.363680400000002]},"properties":{"id":5895667771,"name":"كافتيريا شط العرب","type":"fast_food","category":"food","subcategory":"fast_food","osmType":"node","amenity":"fast_food","name:latin":"kaftyrya sht al-'rb"}},{"type":"Feature","id":5895667774,"geometry":{"type":"Point","coordinates":[44.189124400000004,15.3636028]},"properties":{"id":5895667774,"name":"مركز الفرولة","type":"cafe","category":"food","subcategory":"cafe","osmType":"node","addr:street":"الخط الدائري","amenity":"cafe","name:en":"Strawberry Center"}},{"type":"Feature","id":5895667776,"geometry":{"type":"Point","coordinates":[44.1893424,15.360482400000002]},"properties":{"id":5895667776,"name":"مطاعم دلع كرشك","type":"restaurant","category":"food","subcategory":"restaurant","osmType":"node","addr:street":"الخط الدائري","amenity":"restaurant","name:latin":"mta'm dl' krshk"}},{"type":"Feature","id":5895667777,"geometry":{"type":"Point","coordinates":[44.1897474,15.360456600000001]},"properties":{"id":5895667777,"name":"مطعم رمال حضرموت","type":"restaurant","category":"food","subcategory":"restaurant","osmType":"node","addr:street":"الخط الدائري","amenity":"restaurant","name:latin":"mt'm rmal hdrmwt"}},{"type":"Feature","id":5895667781,"geometry":{"type":"Point","coordinates":[44.1875695,15.360358300000001]},"properties":{"id":5895667781,"name":"مؤمن للبيتزا","type":"fast_food","category":"food","subcategory":"fast_food","osmType":"node","addr:street":"شارع الرباط","amenity":"fast_food","cuisine":"pizza","name:latin":"m'mn llbytza"}},{"type":"Feature","id":5895667782,"geometry":{"type":"Point","coordinates":[44.187534600000006,15.360071200000002]},"properties":{"id":5895667782,"name":"مطعم هابي ميل","type":"restaurant","category":"food","subcategory":"restaurant","osmType":"node","addr:street":"شارع الرباط","amenity":"restaurant","name:en":"Happy Meal Restaurant","opening_hours":"Sa-Th 09:00-21:00"}},{"type":"Feature","id":5935411920,"geometry":{"type":"Point","coordinates":[44.188481800000005,15.393227500000002]},"properties":{"id":5935411920,"name":"مطاعم وبروست ريفان","type":"restaurant","category":"food","subcategory":"restaurant","osmType":"node","addr:street":"شارع النهضة","amenity":"restaurant","name:latin":"mta'm wbrwst ryfan"}},{"type":"Feature","id":5992462888,"geometry":{"type":"Point","coordinates":[44.215258600000006,15.350303100000001]},"properties":{"id":5992462888,"name":"مطعم ومخبازة وبروست الشرق الحديث","type":"restaurant","category":"food","subcategory":"restaurant","osmType":"node","amenity":"restaurant","name:latin":"mt'm wmkhbaza wbrwst al-shrq al-hdyth"}},{"type":"Feature","id":5994083224,"geometry":{"type":"Point","coordinates":[44.203541200000004,15.400236800000002]},"properties":{"id":5994083224,"name":"مطاعم ومطابخ مدينة السلام","type":"restaurant","category":"food","subcategory":"restaurant","osmType":"node","addr:city":"sanaa","addr:street":"شارع التلفزيون","amenity":"restaurant","name:en":"Madenat Alsalam restaurant"}},{"type":"Feature","id":5994083225,"geometry":{"type":"Point","coordinates":[44.2028777,15.400279600000001]},"properties":{"id":5994083225,"name":"مطاعم ومندي ومخبازة المذاق الراقي","type":"restaurant","category":"food","subcategory":"restaurant","osmType":"node","addr:city":"sanaa","addr:street":"شارع التلفزيون","amenity":"restaurant","name:en":"Almathag alragy restaurant","opening_hours":"Sa-Th 09:00-15:00"}},{"type":"Feature","id":5994083251,"geometry":{"type":"Point","coordinates":[44.2140938,15.404943000000001]},"properties":{"id":5994083251,"name":"مطعم النور","type":"restaurant","category":"food","subcategory":"restaurant","osmType":"node","amenity":"restaurant","name:latin":"mt'm al-nwr"}},{"type":"Feature","id":5994083268,"geometry":{"type":"Point","coordinates":[44.213382200000005,15.394976500000002]},"properties":{"id":5994083268,"name":"مطعم وبرست الامجاد الحديث","type":"restaurant","category":"food","subcategory":"restaurant","osmType":"node","addr:street":"شارع المطار","amenity":"restaurant","name:en":"Alamjad modern restaurant","opening_hours":"24/7"}},{"type":"Feature","id":6022377602,"geometry":{"type":"Point","coordinates":[44.1984348,15.316889800000002]},"properties":{"id":6022377602,"name":"مطاعم المدينة المنورة","type":"restaurant","category":"food","subcategory":"restaurant","osmType":"node","addr:street":"شارع حدة","amenity":"restaurant","cuisine":"arab","name:en":"Almadina Almonawarah Restaurants","opening_hours":"Mo-Su 08:00-21:00"}},{"type":"Feature","id":6022377609,"geometry":{"type":"Point","coordinates":[44.1990209,15.316916]},"properties":{"id":6022377609,"name":"الدانه كافيه","type":"cafe","category":"food","subcategory":"cafe","osmType":"node","addr:street":"شارع حدة","amenity":"cafe","cuisine":"arab","name:en":"Aldanah Cafe","opening_hours":"Sa-Th 09:00-21:00"}},{"type":"Feature","id":6022377610,"geometry":{"type":"Point","coordinates":[44.1977807,15.315646800000001]},"properties":{"id":6022377610,"name":"البيت التركي للمشويات","type":"restaurant","category":"food","subcategory":"restaurant","osmType":"node","addr:street":"شارع حدة","amenity":"restaurant","cuisine":"barbecue","name:en":"Tirkish House Grills","opening_hours":"Mo-Su 11:30-22:00","phone":"+9671428189"}},{"type":"Feature","id":6022377611,"geometry":{"type":"Point","coordinates":[44.197613700000005,15.314863400000002]},"properties":{"id":6022377611,"name":"Big Bite restaurant","type":"restaurant","category":"food","subcategory":"restaurant","osmType":"node","addr:city":"صنعاء","addr:street":"شارع حدة","amenity":"restaurant"}},{"type":"Feature","id":6022377612,"geometry":{"type":"Point","coordinates":[44.19740410000001,15.315175000000002]},"properties":{"id":6022377612,"name":"yummy","type":"fast_food","category":"food","subcategory":"fast_food","osmType":"node","addr:street":"شارع حدة","amenity":"fast_food"}},{"type":"Feature","id":6022377618,"geometry":{"type":"Point","coordinates":[44.19530400000001,15.311947600000002]},"properties":{"id":6022377618,"name":"مقهى تيتانيوم","type":"cafe","category":"food","subcategory":"cafe","osmType":"node","addr:street":"شارع حدة","amenity":"cafe","name:en":"Titanium Cafe","opening_hours":"Mo-Su 09:00-21:00"}},{"type":"Feature","id":6022377619,"geometry":{"type":"Point","coordinates":[44.1943861,15.311096000000001]},"properties":{"id":6022377619,"name":"مطعم هيرفي","type":"restaurant","category":"food","subcategory":"restaurant","osmType":"node","addr:street":"شارع حدة","amenity":"restaurant","name:en":"Herfi Restaurant"}},{"type":"Feature","id":6028250136,"geometry":{"type":"Point","coordinates":[44.1783927,15.342835400000002]},"properties":{"id":6028250136,"name":"مطعم ومخبازة الحرمين","type":"restaurant","category":"food","subcategory":"restaurant","osmType":"node","addr:street":"شارع الزبيري","amenity":"restaurant","name:latin":"mt'm wmkhbaza al-hrmyn"}},{"type":"Feature","id":6028250141,"geometry":{"type":"Point","coordinates":[44.1802562,15.3426129]},"properties":{"id":6028250141,"name":"أبو محمد للكباب البلدي","type":"fast_food","category":"food","subcategory":"fast_food","osmType":"node","addr:street":"شارع الزبيري","amenity":"fast_food","name:latin":"abw mhmd llkbab al-bldy"}},{"type":"Feature","id":6028250143,"geometry":{"type":"Point","coordinates":[44.1838436,15.343467700000001]},"properties":{"id":6028250143,"name":"مطعم الصنعاني للسلتة والفحسة","type":"restaurant","category":"food","subcategory":"restaurant","osmType":"node","addr:street":"شارع الزبيري","amenity":"restaurant","name:latin":"mt'm al-sn'any llslta walfhsa"}},{"type":"Feature","id":6028250146,"geometry":{"type":"Point","coordinates":[44.184854,15.344842900000002]},"properties":{"id":6028250146,"name":"مطعم بندر عدن","type":"restaurant","category":"food","subcategory":"restaurant","osmType":"node","addr:street":"شارع هائل","amenity":"restaurant","name:latin":"mt'm bndr 'dn"}},{"type":"Feature","id":6028250159,"geometry":{"type":"Point","coordinates":[44.184898000000004,15.346860200000002]},"properties":{"id":6028250159,"name":"مركز الوديع","type":"cafe","category":"food","subcategory":"cafe","osmType":"node","addr:street":"شارع هائل","amenity":"cafe","name:latin":"mrkz al-wdy'"}},{"type":"Feature","id":6028250167,"geometry":{"type":"Point","coordinates":[44.1858051,15.346690500000001]},"properties":{"id":6028250167,"name":"مطعم ومخبازة شيباني باشا","type":"restaurant","category":"food","subcategory":"restaurant","osmType":"node","addr:street":"شارع الوحدة","amenity":"restaurant","name:latin":"mt'm wmkhbaza shybany basha"}},{"type":"Feature","id":6028250168,"geometry":{"type":"Point","coordinates":[44.18791830000001,15.3468955]},"properties":{"id":6028250168,"name":"مولتن كيك","type":"cafe","category":"food","subcategory":"cafe","osmType":"node","addr:street":"شارع الوحدة","amenity":"cafe","name:latin":"mwltn kyk"}},{"type":"Feature","id":6028250177,"geometry":{"type":"Point","coordinates":[44.189148800000005,15.348766600000001]},"properties":{"id":6028250177,"name":"مطعم الفيروز","type":"restaurant","category":"food","subcategory":"restaurant","osmType":"node","addr:street":"الخط الدائري","amenity":"restaurant","name:latin":"mt'm al-fyrwz"}},{"type":"Feature","id":6028250885,"geometry":{"type":"Point","coordinates":[44.189186400000004,15.353747000000002]},"properties":{"id":6028250885,"name":"مطعم الحرازي للدجاج","type":"restaurant","category":"food","subcategory":"restaurant","osmType":"node","addr:street":"الخط الدائري","amenity":"restaurant","name:latin":"mt'm al-hrazy lldjaj"}},{"type":"Feature","id":6028250890,"geometry":{"type":"Point","coordinates":[44.189109300000005,15.3548661]},"properties":{"id":6028250890,"name":"مطعم الجعفري","type":"restaurant","category":"food","subcategory":"restaurant","osmType":"node","addr:street":"الخط الدائري","amenity":"restaurant","name:latin":"mt'm al-j'fry"}},{"type":"Feature","id":6028250891,"geometry":{"type":"Point","coordinates":[44.189194900000004,15.355492700000001]},"properties":{"id":6028250891,"name":"كافتيريا الثلج الابيض","type":"fast_food","category":"food","subcategory":"fast_food","osmType":"node","addr:street":"الخط الدائري","amenity":"fast_food","name:latin":"kaftyrya al-thlj al-abyd"}},{"type":"Feature","id":6028250898,"geometry":{"type":"Point","coordinates":[44.188944000000006,15.359710600000001]},"properties":{"id":6028250898,"name":"شاورما على كيفك","type":"fast_food","category":"food","subcategory":"fast_food","osmType":"node","addr:street":"الخط الدائري","amenity":"fast_food","name:latin":"shawrma 'la kyfk"}},{"type":"Feature","id":6028250899,"geometry":{"type":"Point","coordinates":[44.1893083,15.359467500000001]},"properties":{"id":6028250899,"name":"أفنان للوجبات السريعة","type":"fast_food","category":"food","subcategory":"fast_food","osmType":"node","addr:street":"الخط الدائري","amenity":"fast_food","name:en":"Afnan Fast Food"}},{"type":"Feature","id":6028250905,"geometry":{"type":"Point","coordinates":[44.1898617,15.3644367]},"properties":{"id":6028250905,"name":"كافتيريا الامير للعصائر","type":"cafe","category":"food","subcategory":"cafe","osmType":"node","addr:street":"الخط الدائري","amenity":"cafe","name:latin":"kaftyrya al-amyr ll'sa'r"}},{"type":"Feature","id":6028250908,"geometry":{"type":"Point","coordinates":[44.191363100000004,15.369234700000002]},"properties":{"id":6028250908,"name":"Baskin-Robbins","type":"ice_cream","category":"food","subcategory":"ice_cream","osmType":"node","amenity":"ice_cream","brand":"Baskin-Robbins","brand:wikidata":"Q584601","brand:wikipedia":"en:Baskin-Robbins","cuisine":"ice_cream"}},{"type":"Feature","id":6028250917,"geometry":{"type":"Point","coordinates":[44.203484100000004,15.3715109]},"properties":{"id":6028250917,"name":"مطعم ساحل حضرموت","type":"restaurant","category":"food","subcategory":"restaurant","osmType":"node","amenity":"restaurant","name:latin":"mt'm sahl hdrmwt"}},{"type":"Feature","id":6029109280,"geometry":{"type":"Point","coordinates":[44.206122500000006,15.370419400000001]},"properties":{"id":6029109280,"name":"الربيع للكباب البلدي والبروست","type":"restaurant","category":"food","subcategory":"restaurant","osmType":"node","addr:city":"صنعاء","addr:street":"شارع القاهرة","amenity":"restaurant","name:latin":"al-rby' llkbab al-bldy walbrwst"}},{"type":"Feature","id":6076233904,"geometry":{"type":"Point","coordinates":[44.231255000000004,15.379776600000001]},"properties":{"id":6076233904,"name":"كفتيريا البرنس","type":"fast_food","category":"food","subcategory":"fast_food","osmType":"node","addr:street":"شارع النصر","amenity":"fast_food","fast_food":"cafeteria","name:latin":"kftyrya al-brns"}},{"type":"Feature","id":6076233908,"geometry":{"type":"Point","coordinates":[44.230619700000005,15.382603800000002]},"properties":{"id":6076233908,"name":"كافيه براديس","type":"cafe","category":"food","subcategory":"cafe","osmType":"node","addr:street":"شارع النصر","amenity":"cafe","name:en":"Paradise Coffee"}},{"type":"Feature","id":6076233909,"geometry":{"type":"Point","coordinates":[44.23124180000001,15.382609500000001]},"properties":{"id":6076233909,"name":"مطعم النصر","type":"restaurant","category":"food","subcategory":"restaurant","osmType":"node","addr:street":"شارع النصر","amenity":"restaurant","name:en":"Alnaser Restaurant"}},{"type":"Feature","id":6131130386,"geometry":{"type":"Point","coordinates":[44.235532400000004,15.379838300000001]},"properties":{"id":6131130386,"name":"مشويات وبروست العيدروس","type":"restaurant","category":"food","subcategory":"restaurant","osmType":"node","amenity":"restaurant","name:latin":"mshwyat wbrwst al-'ydrws"}},{"type":"Feature","id":6134329387,"geometry":{"type":"Point","coordinates":[44.2218151,15.330600200000001]},"properties":{"id":6134329387,"name":"مطعم أبو شمسان","type":"restaurant","category":"food","subcategory":"restaurant","osmType":"node","amenity":"restaurant","name:latin":"mt'm abw shmsan"}},{"type":"Feature","id":6159300085,"geometry":{"type":"Point","coordinates":[44.1787903,15.298537500000002]},"properties":{"id":6159300085,"name":"فري تايمز","type":"cafe","category":"food","subcategory":"cafe","osmType":"node","addr:street":"شارع حدة","amenity":"cafe","cuisine":"arab","internet_access":"wlan","name:en":"Free Times"}},{"type":"Feature","id":6163901985,"geometry":{"type":"Point","coordinates":[44.2436159,15.2806168]},"properties":{"id":6163901985,"name":"عالم الأسماك","type":"restaurant","category":"food","subcategory":"restaurant","osmType":"node","addr:street":"جولة دار سلم","amenity":"restaurant","name:latin":"'alm al-asmak"}},{"type":"Feature","id":6299608688,"geometry":{"type":"Point","coordinates":[44.179915400000006,15.336468300000002]},"properties":{"id":6299608688,"name":"مطعم بيتنا","type":"restaurant","category":"food","subcategory":"restaurant","osmType":"node","addr:street":"شارع المحروقات","amenity":"restaurant","name:en":"Baitana Restaurant","opening_hours":"Mo-Su 09:00-18:00"}},{"type":"Feature","id":6299620287,"geometry":{"type":"Point","coordinates":[44.2068571,15.277078200000002]},"properties":{"id":6299620287,"name":"مطعم البحر الاحمر ( حنش)","type":"restaurant","category":"food","subcategory":"restaurant","osmType":"node","addr:street":"شارع الاربعين","amenity":"restaurant","cuisine":"seafood","name:en":"Red sea Restaurant","opening_hours":"Mo-Su 09:00-16:00"}},{"type":"Feature","id":6334897658,"geometry":{"type":"Point","coordinates":[44.20367650000001,15.4000353]},"properties":{"id":6334897658,"name":"كفتيريا الباشا للوجبات السريعة والعصائر الطازجة","type":"fast_food","category":"food","subcategory":"fast_food","osmType":"node","addr:street":"شارع التلفزيون","amenity":"fast_food","name:en":"Albasha coffee"}},{"type":"Feature","id":6337923221,"geometry":{"type":"Point","coordinates":[44.209055000000006,15.386320800000002]},"properties":{"id":6337923221,"name":"مطاعم الديار","type":"restaurant","category":"food","subcategory":"restaurant","osmType":"node","addr:city":"صنعاء","addr:street":"شارع التلفزيون","amenity":"restaurant","name:latin":"mta'm al-dyar"}},{"type":"Feature","id":6345400197,"geometry":{"type":"Point","coordinates":[44.1744909,15.359183900000001]},"properties":{"id":6345400197,"name":"مطاعم الناضج","type":"restaurant","category":"food","subcategory":"restaurant","osmType":"node","addr:street":"شارع الستين","amenity":"restaurant","name:en":"AL-Nadhg restaurant","phone":"+967 771 233 273"}},{"type":"Feature","id":6562744586,"geometry":{"type":"Point","coordinates":[44.203614200000004,15.400113700000002]},"properties":{"id":6562744586,"name":"مطعم دوعان حضرموت","type":"restaurant","category":"food","subcategory":"restaurant","osmType":"node","addr:street":"خط عمران","amenity":"restaurant","cuisine":"steak_house","email":"mhmoudshoay@gmail.com","internet_access":"wlan","name:latin":"mt'm dw'an hdrmwt"}},{"type":"Feature","id":6562884085,"geometry":{"type":"Point","coordinates":[44.2057888,15.352683700000002]},"properties":{"id":6562884085,"name":"بوفية مدهش","type":"fast_food","category":"food","subcategory":"fast_food","osmType":"node","addr:street":"شارع جمال عبد الناصر","amenity":"fast_food","email":"mhmoudshoay@gmail.com","internet_access":"wlan","name:latin":"bwfya mdhsh"}},{"type":"Feature","id":6564941486,"geometry":{"type":"Point","coordinates":[44.196721600000004,15.369754000000002]},"properties":{"id":6564941486,"name":"فلافل المعلم","type":"fast_food","category":"food","subcategory":"fast_food","osmType":"node","addr:street":"شارع القاهرة","amenity":"fast_food","cuisine":"sandwich","description":"فرع جولة سبٲ","email":"mhmoudshoay@gmail.com","name:ar":"فلافل المعلم فرع شارع القاهرة","name:latin":"flafl al-m'lm"}},{"type":"Feature","id":6567342185,"geometry":{"type":"Point","coordinates":[44.25673020000001,15.2403925]},"properties":{"id":6567342185,"name":"كفتيريا نجم صنعاء","type":"fast_food","category":"food","subcategory":"fast_food","osmType":"node","addr:street":"طريق صنعاء تعز","amenity":"fast_food","internet_access":"wlan","opening_hours":"Mo-Su 09:00-21:00","phone":"775966968","name:latin":"kftyrya njm sn'a'"}},{"type":"Feature","id":6575444286,"geometry":{"type":"Point","coordinates":[44.1806727,15.401799400000002]},"properties":{"id":6575444286,"name":"مطعم وديان تهامة","type":"restaurant","category":"food","subcategory":"restaurant","osmType":"node","addr:city":"صنعاء","addr:street":"شارع الستين","amenity":"restaurant","email":"mhmoudshoay@gmail.com","name:latin":"mt'm wdyan thama"}},{"type":"Feature","id":6579904385,"geometry":{"type":"Point","coordinates":[44.154211200000006,15.399801900000002]},"properties":{"id":6579904385,"name":"مطعم برج العرب","type":"restaurant","category":"food","subcategory":"restaurant","osmType":"node","addr:street":"خط وادي ظهر - شبام","amenity":"restaurant","name:latin":"mt'm brj al-'rb"}},{"type":"Feature","id":6584644685,"geometry":{"type":"Point","coordinates":[44.1681413,15.4006281]},"properties":{"id":6584644685,"name":"مطعم السمكة","type":"restaurant","category":"food","subcategory":"restaurant","osmType":"node","addr:city":"صنعاء","addr:street":"شارع الثلاثين","amenity":"restaurant","name:latin":"mt'm al-smka"}},{"type":"Feature","id":6789223120,"geometry":{"type":"Point","coordinates":[44.2229467,15.285819000000002]},"properties":{"id":6789223120,"name":"كفتيريا الوفاء","type":"fast_food","category":"food","subcategory":"fast_food","osmType":"node","addr:street":"شارع الحربي","amenity":"fast_food","name:en":"Cafeteria Alwafaa"}},{"type":"Feature","id":6808346985,"geometry":{"type":"Point","coordinates":[44.2004735,15.346060300000001]},"properties":{"id":6808346985,"name":"وجبة ديليفري ستار","type":"fast_food","category":"food","subcategory":"fast_food","osmType":"node","addr:street":"شارع الزبيري","amenity":"fast_food","email":"wajpah.star@gmail.com","name:en":"Wajpah Delivery Star","operator":"Abdulwasea Marish","phone":"777778467"}},{"type":"Feature","id":6812147985,"geometry":{"type":"Point","coordinates":[44.195341000000006,15.416646600000002]},"properties":{"id":6812147985,"name":"مطعم الحمادي للحم المندي","type":"restaurant","category":"food","subcategory":"restaurant","osmType":"node","addr:street":"خط عمران","amenity":"restaurant","internet_access":"wlan","name:latin":"mt'm al-hmady llhm al-mndy"}},{"type":"Feature","id":6899537686,"geometry":{"type":"Point","coordinates":[44.196890800000006,15.312747000000002]},"properties":{"id":6899537686,"name":"Bon Apetit Canetring","type":"restaurant","category":"food","subcategory":"restaurant","osmType":"node","addr:street":"شارع الاستثمار","amenity":"restaurant","internet_access":"wlan"}},{"type":"Feature","id":6927974885,"geometry":{"type":"Point","coordinates":[44.215509100000006,15.280117200000001]},"properties":{"id":6927974885,"name":"كفتيريا ركن الاحلام","type":"restaurant","category":"food","subcategory":"restaurant","osmType":"node","addr:street":"شارع الخمسين","amenity":"restaurant","cuisine":"arab","name:en":"Dreams Corner Cafeteria","opening_hours":"24/7"}},{"type":"Feature","id":7012113085,"geometry":{"type":"Point","coordinates":[44.2165764,15.334927400000002]},"properties":{"id":7012113085,"name":"مطعم جنات حضرموت","type":"restaurant","category":"food","subcategory":"restaurant","osmType":"node","amenity":"restaurant","name:latin":"mt'm jnat hdrmwt"}},{"type":"Feature","id":7160766185,"geometry":{"type":"Point","coordinates":[44.193375200000006,15.301263900000002]},"properties":{"id":7160766185,"name":"مطاعم ليالي خيام حضرموت","type":"restaurant","category":"food","subcategory":"restaurant","osmType":"node","addr:street":"شارع إيران","amenity":"restaurant","name:latin":"mta'm lyaly khyam hdrmwt"}},{"type":"Feature","id":7222752486,"geometry":{"type":"Point","coordinates":[44.1859413,15.3045275]},"properties":{"id":7222752486,"name":"مطاعم ومحاشي الحاج سعيد","type":"restaurant","category":"food","subcategory":"restaurant","osmType":"node","addr:street":"شارع حدة","amenity":"restaurant","cuisine":"arab","name:en":"Hashi Alhaj Saeed Restaurants","opening_hours":"Mo-Su 09:00-21:00","operator":"الحاج سعيد"}},{"type":"Feature","id":7445083690,"geometry":{"type":"Point","coordinates":[44.221475600000005,15.331820700000002]},"properties":{"id":7445083690,"name":"الحرازي للدجاج البلدي","type":"restaurant","category":"food","subcategory":"restaurant","osmType":"node","amenity":"restaurant","name:latin":"al-hrazy lldjaj al-bldy"}},{"type":"Feature","id":7445084385,"geometry":{"type":"Point","coordinates":[44.220871800000005,15.3328862]},"properties":{"id":7445084385,"name":"مطعم التسامح","type":"restaurant","category":"food","subcategory":"restaurant","osmType":"node","amenity":"restaurant","name:latin":"mt'm al-tsamh"}},{"type":"Feature","id":7521042485,"geometry":{"type":"Point","coordinates":[44.1835267,15.352049400000002]},"properties":{"id":7521042485,"name":"مطعم المنصوري","type":"restaurant","category":"food","subcategory":"restaurant","osmType":"node","addr:street":"شارع 20","amenity":"restaurant","opening_hours":"24/7","name:latin":"mt'm al-mnswry"}},{"type":"Feature","id":7653158761,"geometry":{"type":"Point","coordinates":[44.209939500000004,15.382805500000002]},"properties":{"id":7653158761,"name":"مطعم مالح","type":"restaurant","category":"food","subcategory":"restaurant","osmType":"node","amenity":"restaurant","name:latin":"mt'm malh"}},{"type":"Feature","id":7711195962,"geometry":{"type":"Point","coordinates":[44.203793700000006,15.399844700000001]},"properties":{"id":7711195962,"name":"مطاعم سليمان الحرازي","type":"restaurant","category":"food","subcategory":"restaurant","osmType":"node","addr:street":"شارع التلفزيون","amenity":"restaurant","name:latin":"mta'm slyman al-hrazy"}},{"type":"Feature","id":7711242794,"geometry":{"type":"Point","coordinates":[44.20536010000001,15.396891400000001]},"properties":{"id":7711242794,"name":"لمسات نوازي صنعاء","type":"fast_food","category":"food","subcategory":"fast_food","osmType":"node","amenity":"fast_food","name:latin":"lmsat nwazy sn'a'"}},{"type":"Feature","id":7711286197,"geometry":{"type":"Point","coordinates":[44.206995000000006,15.3884152]},"properties":{"id":7711286197,"name":"مطعم البيت الصنعاني","type":"restaurant","category":"food","subcategory":"restaurant","osmType":"node","addr:city":"صنعاء","addr:street":"شارع التلفزيون","amenity":"restaurant","name:latin":"mt'm al-byt al-sn'any"}},{"type":"Feature","id":7714862985,"geometry":{"type":"Point","coordinates":[44.1924603,15.353042700000001]},"properties":{"id":7714862985,"name":"جريل هاوس","type":"fast_food","category":"food","subcategory":"fast_food","osmType":"node","amenity":"fast_food","cuisine":"burger","name:en":"Grill House","opening_hours":"Mo-Su 12:30-21:00","operator":"أيمن","phone":"771477975"}},{"type":"Feature","id":7725482381,"geometry":{"type":"Point","coordinates":[44.1863789,15.326114600000002]},"properties":{"id":7725482381,"name":"","type":"fast_food","category":"food","subcategory":"fast_food","osmType":"node","amenity":"fast_food"}},{"type":"Feature","id":7725482382,"geometry":{"type":"Point","coordinates":[44.1870386,15.326712400000002]},"properties":{"id":7725482382,"name":"فلافل الشنب","type":"fast_food","category":"food","subcategory":"fast_food","osmType":"node","amenity":"fast_food","name:latin":"flafl al-shnb"}},{"type":"Feature","id":7725482383,"geometry":{"type":"Point","coordinates":[44.1851679,15.326363700000002]},"properties":{"id":7725482383,"name":"","type":"fast_food","category":"food","subcategory":"fast_food","osmType":"node","amenity":"fast_food"}},{"type":"Feature","id":7738214085,"geometry":{"type":"Point","coordinates":[44.2202369,15.348811800000002]},"properties":{"id":7738214085,"name":"المطعم الملكي","type":"restaurant","category":"food","subcategory":"restaurant","osmType":"node","addr:city":"صنعاء","addr:street":"شارع خولان","amenity":"restaurant","opening_hours":"24/7","name:latin":"al-mt'm al-mlky"}},{"type":"Feature","id":7800994478,"geometry":{"type":"Point","coordinates":[44.204888600000004,15.3854462]},"properties":{"id":7800994478,"name":"القوزي","type":"restaurant","category":"food","subcategory":"restaurant","osmType":"node","addr:street":"شارع مازدا","amenity":"restaurant","name:latin":"al-qwzy"}},{"type":"Feature","id":7805258389,"geometry":{"type":"Point","coordinates":[44.1834697,15.351728900000001]},"properties":{"id":7805258389,"name":"مطاعم وبرست الشرق","type":"restaurant","category":"food","subcategory":"restaurant","osmType":"node","amenity":"restaurant","name:latin":"mta'm wbrst al-shrq"}},{"type":"Feature","id":7927733881,"geometry":{"type":"Point","coordinates":[44.192702700000005,15.3370808]},"properties":{"id":7927733881,"name":"مطاعم جاردن سيتي","type":"restaurant","category":"food","subcategory":"restaurant","osmType":"node","amenity":"restaurant","name:latin":"mta'm jardn syty"}},{"type":"Feature","id":7982267285,"geometry":{"type":"Point","coordinates":[44.1883513,15.3066121]},"properties":{"id":7982267285,"name":"جولدن سبوون","type":"restaurant","category":"food","subcategory":"restaurant","osmType":"node","addr:street":"شارع حدة","amenity":"restaurant","cuisine":"indian","email":"goldenspoonymn@gmail.com","name:en":"Golden spoon","opening_hours":"Mo-Su 08:00-15:00, 16:00-22:00","phone":"009671429216"}},{"type":"Feature","id":7982414988,"geometry":{"type":"Point","coordinates":[44.20049220000001,15.303341000000001]},"properties":{"id":7982414988,"name":"مركز ومطعم اسماك اليمن","type":"restaurant","category":"food","subcategory":"restaurant","osmType":"node","amenity":"restaurant","name:latin":"mrkz wmt'm asmak al-ymn"}},{"type":"Feature","id":7982417986,"geometry":{"type":"Point","coordinates":[44.229071600000005,15.2897054]},"properties":{"id":7982417986,"name":"مطعم سمك","type":"restaurant","category":"food","subcategory":"restaurant","osmType":"node","amenity":"restaurant","name:latin":"mt'm smk"}},{"type":"Feature","id":7982417988,"geometry":{"type":"Point","coordinates":[44.200997300000004,15.304792500000001]},"properties":{"id":7982417988,"name":"مركز ومطعم اسماك اليمن","type":"restaurant","category":"food","subcategory":"restaurant","osmType":"node","amenity":"restaurant","name:latin":"mrkz wmt'm asmak al-ymn"}},{"type":"Feature","id":7982417989,"geometry":{"type":"Point","coordinates":[44.2126955,15.282368000000002]},"properties":{"id":7982417989,"name":"مطاعم القرموشي","type":"restaurant","category":"food","subcategory":"restaurant","osmType":"node","amenity":"restaurant","name:latin":"mta'm al-qrmwshy"}},{"type":"Feature","id":7992674985,"geometry":{"type":"Point","coordinates":[44.239593000000006,15.292197500000002]},"properties":{"id":7992674985,"name":"كفتيريا","type":"fast_food","category":"food","subcategory":"fast_food","osmType":"node","addr:city":"صنعاء","addr:street":"شارع تعز","amenity":"fast_food","name:latin":"kftyrya"}},{"type":"Feature","id":7994901285,"geometry":{"type":"Point","coordinates":[44.187299800000005,15.427080600000002]},"properties":{"id":7994901285,"name":"شواية وكفتريا اللواء الاخضر","type":"restaurant","category":"food","subcategory":"restaurant","osmType":"node","amenity":"restaurant","name:latin":"shwaya wkftrya al-lwa' al-akhdr"}},{"type":"Feature","id":8018737186,"geometry":{"type":"Point","coordinates":[44.208466300000005,15.335989600000001]},"properties":{"id":8018737186,"name":"مطعم الكندي للكباب","type":"restaurant","category":"food","subcategory":"restaurant","osmType":"node","amenity":"restaurant","name:latin":"mt'm al-kndy llkbab"}},{"type":"Feature","id":8039431285,"geometry":{"type":"Point","coordinates":[44.2244924,15.329403500000002]},"properties":{"id":8039431285,"name":"شواية العربي","type":"restaurant","category":"food","subcategory":"restaurant","osmType":"node","amenity":"restaurant","name:latin":"shwaya al-'rby"}},{"type":"Feature","id":8103939918,"geometry":{"type":"Point","coordinates":[44.185552200000004,15.343635700000002]},"properties":{"id":8103939918,"name":"مطعم القرموشي للفول الجرة","type":"restaurant","category":"food","subcategory":"restaurant","osmType":"node","amenity":"restaurant","name:latin":"mt'm al-qrmwshy llfwl al-jra"}},{"type":"Feature","id":8225235517,"geometry":{"type":"Point","coordinates":[44.199775700000004,15.297580000000002]},"properties":{"id":8225235517,"name":"مطاعم ريماس بلازا","type":"restaurant","category":"food","subcategory":"restaurant","osmType":"node","addr:city":"صنعاء","addr:street":"شارع 14 أكتوبر","amenity":"restaurant","opening_hours":"Mo-Su 07:00-01:00","name:latin":"mta'm rymas blaza"}},{"type":"Feature","id":8242468817,"geometry":{"type":"Point","coordinates":[44.239136,15.3144462]},"properties":{"id":8242468817,"name":"مطعم صنعاء للسلتة","type":"restaurant","category":"food","subcategory":"restaurant","osmType":"node","amenity":"restaurant","phone":"770064458","name:latin":"mt'm sn'a' llslta"}},{"type":"Feature","id":8345832117,"geometry":{"type":"Point","coordinates":[44.2237396,15.276992800000002]},"properties":{"id":8345832117,"name":"مطعم صنعاء للسلتة الشعبية.","type":"restaurant","category":"food","subcategory":"restaurant","osmType":"node","amenity":"restaurant","name:en":"sanaa restrante"}},{"type":"Feature","id":8363257517,"geometry":{"type":"Point","coordinates":[44.2147221,15.362361100000001]},"properties":{"id":8363257517,"name":"كافتيريا الأوفياء","type":"cafe","category":"food","subcategory":"cafe","osmType":"node","amenity":"cafe","opening_hours":"Mo-Su 06:00-10:00","name:latin":"kaftyrya al-awfya'"}},{"type":"Feature","id":8383193024,"geometry":{"type":"Point","coordinates":[44.244649300000006,15.3801532]},"properties":{"id":8383193024,"name":"مطعم ومخبازة الواحة","type":"restaurant","category":"food","subcategory":"restaurant","osmType":"node","addr:city":"صنعاء","addr:street":"شارع الأربعين","amenity":"restaurant","name:latin":"mt'm wmkhbaza al-waha"}},{"type":"Feature","id":8383195017,"geometry":{"type":"Point","coordinates":[44.217952600000004,15.336084900000001]},"properties":{"id":8383195017,"name":"مطعم ومقهى الشيباني","type":"restaurant","category":"food","subcategory":"restaurant","osmType":"node","amenity":"restaurant","name:latin":"mt'm wmqha al-shybany"}},{"type":"Feature","id":8401435217,"geometry":{"type":"Point","coordinates":[44.2440246,15.381032300000001]},"properties":{"id":8401435217,"name":"مطعم وبروست السامعي رويال","type":"restaurant","category":"food","subcategory":"restaurant","osmType":"node","amenity":"restaurant","name:latin":"mt'm wbrwst al-sam'y rwyal"}},{"type":"Feature","id":8459911028,"geometry":{"type":"Point","coordinates":[44.1984141,15.333582000000002]},"properties":{"id":8459911028,"name":"مطعم بسباس ورز","type":"restaurant","category":"food","subcategory":"restaurant","osmType":"node","amenity":"restaurant","name:latin":"mt'm bsbas wrz"}},{"type":"Feature","id":8459916317,"geometry":{"type":"Point","coordinates":[44.2030881,15.371227400000002]},"properties":{"id":8459916317,"name":"أبو جمال للكباب","type":"restaurant","category":"food","subcategory":"restaurant","osmType":"node","amenity":"restaurant","name:latin":"abw jmal llkbab"}},{"type":"Feature","id":8525211118,"geometry":{"type":"Point","coordinates":[44.2003891,15.409394400000002]},"properties":{"id":8525211118,"name":"المطعم الصنعاني","type":"restaurant","category":"food","subcategory":"restaurant","osmType":"node","addr:street":"شارع التلفزيون","amenity":"restaurant","internet_access":"wlan","name:latin":"al-mt'm al-sn'any"}},{"type":"Feature","id":8544474276,"geometry":{"type":"Point","coordinates":[44.2035227,15.2928922]},"properties":{"id":8544474276,"name":"ستار برجر","type":"fast_food","category":"food","subcategory":"fast_food","osmType":"node","amenity":"fast_food","name:latin":"star brjr"}},{"type":"Feature","id":8567630017,"geometry":{"type":"Point","coordinates":[44.216376700000005,15.354367400000001]},"properties":{"id":8567630017,"name":"مطعم","type":"restaurant","category":"food","subcategory":"restaurant","osmType":"node","amenity":"restaurant","cuisine":"kebab","name:latin":"mt'm"}},{"type":"Feature","id":8598515223,"geometry":{"type":"Point","coordinates":[44.190671800000004,15.4005936]},"properties":{"id":8598515223,"name":"","type":"fast_food","category":"food","subcategory":"fast_food","osmType":"node","amenity":"fast_food"}},{"type":"Feature","id":8606014149,"geometry":{"type":"Point","coordinates":[44.187666500000006,15.327342800000002]},"properties":{"id":8606014149,"name":"مطاعم النجم الذهبي","type":"restaurant","category":"food","subcategory":"restaurant","osmType":"node","amenity":"restaurant","name:latin":"mta'm al-njm al-dhhby"}},{"type":"Feature","id":8656613027,"geometry":{"type":"Point","coordinates":[44.1992501,15.346265500000001]},"properties":{"id":8656613027,"name":"ايسكريم العزاني","type":"ice_cream","category":"food","subcategory":"ice_cream","osmType":"node","amenity":"ice_cream","name:latin":"ayskrym al-'zany"}},{"type":"Feature","id":8687962536,"geometry":{"type":"Point","coordinates":[44.204907000000006,15.384935400000002]},"properties":{"id":8687962536,"name":"مطعم التميز","type":"restaurant","category":"food","subcategory":"restaurant","osmType":"node","amenity":"restaurant","name:latin":"mt'm al-tmyz"}},{"type":"Feature","id":8687988942,"geometry":{"type":"Point","coordinates":[44.2031652,15.387427800000001]},"properties":{"id":8687988942,"name":"ايسكريم دريم","type":"ice_cream","category":"food","subcategory":"ice_cream","osmType":"node","addr:street":"شارع صوفان","amenity":"ice_cream","name:latin":"ayskrym drym"}},{"type":"Feature","id":8688015536,"geometry":{"type":"Point","coordinates":[44.2024795,15.390007800000001]},"properties":{"id":8688015536,"name":"بوفية الثلاثي","type":"fast_food","category":"food","subcategory":"fast_food","osmType":"node","addr:street":"شارع صوفان","amenity":"fast_food","name:latin":"bwfya al-thlathy"}},{"type":"Feature","id":8786137017,"geometry":{"type":"Point","coordinates":[44.2207049,15.276747600000002]},"properties":{"id":8786137017,"name":"برج اليمن الدولي","type":"cafe","category":"food","subcategory":"cafe","osmType":"node","addr:street":"شارع الخمسين","amenity":"cafe","cuisine":"arab","internet_access":"wlan","name:en":"Yemen International Tower","opening_hours":"Mo-Su 09:00-00:00"}},{"type":"Feature","id":8809436217,"geometry":{"type":"Point","coordinates":[44.24261130000001,15.309929000000002]},"properties":{"id":8809436217,"name":"مطاعم القرموشي","type":"restaurant","category":"food","subcategory":"restaurant","osmType":"node","amenity":"restaurant","name:latin":"mta'm al-qrmwshy"}},{"type":"Feature","id":8819272317,"geometry":{"type":"Point","coordinates":[44.231589400000004,15.314900600000001]},"properties":{"id":8819272317,"name":"مطعم ركن الخضراء","type":"restaurant","category":"food","subcategory":"restaurant","osmType":"node","addr:housenumber":"+967770559942","addr:street":"شارع تعز","amenity":"restaurant","name:en":"Green Corner Restaurant","opening_hours":"Mo-Su 06:00-12:00","phone":"+967772 312 685"}},{"type":"Feature","id":8853766017,"geometry":{"type":"Point","coordinates":[44.2202459,15.280794900000002]},"properties":{"id":8853766017,"name":"مطعم صنعاء للسلتة","type":"restaurant","category":"food","subcategory":"restaurant","osmType":"node","addr:city":"صنعاء","addr:street":"شارع الأربعين","amenity":"restaurant","opening_hours":"Mo-Su 09:00-15:00","name:latin":"mt'm sn'a' llslta"}},{"type":"Feature","id":8866629618,"geometry":{"type":"Point","coordinates":[44.1963748,15.305022100000002]},"properties":{"id":8866629618,"name":"فلافل فلسطين","type":"fast_food","category":"food","subcategory":"fast_food","osmType":"node","amenity":"fast_food","name:latin":"flafl flstyn"}},{"type":"Feature","id":8911103335,"geometry":{"type":"Point","coordinates":[44.196810000000006,15.30605]},"properties":{"id":8911103335,"name":"مطعم شوارما حطب","type":"restaurant","category":"food","subcategory":"restaurant","osmType":"node","addr:city":"صنعاء","addr:street":"شارع صفر","amenity":"restaurant","name:latin":"mt'm shwarma htb"}},{"type":"Feature","id":8930146827,"geometry":{"type":"Point","coordinates":[44.2032542,15.387218800000001]},"properties":{"id":8930146827,"name":"فلافل دمشق","type":"fast_food","category":"food","subcategory":"fast_food","osmType":"node","addr:street":"شارع صوفان","amenity":"fast_food","name:latin":"flafl dmshq"}},{"type":"Feature","id":8971498517,"geometry":{"type":"Point","coordinates":[44.166281700000006,15.381872500000002]},"properties":{"id":8971498517,"name":"شواية الحرازي","type":"restaurant","category":"food","subcategory":"restaurant","osmType":"node","amenity":"restaurant","name:latin":"shwaya al-hrazy"}},{"type":"Feature","id":9269986940,"geometry":{"type":"Point","coordinates":[44.1803838,15.317474800000001]},"properties":{"id":9269986940,"name":"مطعم ومقهى قصر غمدان","type":"restaurant","category":"food","subcategory":"restaurant","osmType":"node","amenity":"restaurant","name:latin":"mt'm wmqha qsr ghmdan"}},{"type":"Feature","id":9283796157,"geometry":{"type":"Point","coordinates":[44.1747912,15.335908200000002]},"properties":{"id":9283796157,"name":"لانينا للماكولات السريعة","type":"fast_food","category":"food","subcategory":"fast_food","osmType":"node","addr:city":"صنعاء","addr:street":"شارع الجزائر","amenity":"fast_food","name:latin":"lanyna llmakwlat al-sry'a"}},{"type":"Feature","id":9410916620,"geometry":{"type":"Point","coordinates":[44.17591960000001,15.383714200000002]},"properties":{"id":9410916620,"name":"مطعم برجر هاوس","type":"restaurant","category":"food","subcategory":"restaurant","osmType":"node","addr:city":"المدينة الليبية","addr:street":"شارع الستين","amenity":"restaurant","name:latin":"mt'm brjr haws"}},{"type":"Feature","id":9423438833,"geometry":{"type":"Point","coordinates":[44.1773615,15.376982500000002]},"properties":{"id":9423438833,"name":"مطعم الخريف رويال","type":"restaurant","category":"food","subcategory":"restaurant","osmType":"node","amenity":"restaurant","name:latin":"mt'm al-khryf rwyal"}},{"type":"Feature","id":9434202909,"geometry":{"type":"Point","coordinates":[44.174466200000005,15.359339400000001]},"properties":{"id":9434202909,"name":"مطعم القرموشي","type":"restaurant","category":"food","subcategory":"restaurant","osmType":"node","amenity":"restaurant","name:latin":"mt'm al-qrmwshy"}},{"type":"Feature","id":9460448955,"geometry":{"type":"Point","coordinates":[44.19873570000001,15.305497800000001]},"properties":{"id":9460448955,"name":"مطعم ومخبازة الشيباني","type":"restaurant","category":"food","subcategory":"restaurant","osmType":"node","amenity":"restaurant","name:latin":"mt'm wmkhbaza al-shybany"}},{"type":"Feature","id":9505783128,"geometry":{"type":"Point","coordinates":[44.2265354,15.3827706]},"properties":{"id":9505783128,"name":"مطعم التل الاخضر","type":"restaurant","category":"food","subcategory":"restaurant","osmType":"node","amenity":"restaurant","name:latin":"mt'm al-tl al-akhdr"}},{"type":"Feature","id":9540310323,"geometry":{"type":"Point","coordinates":[44.209267100000005,15.3503459]},"properties":{"id":9540310323,"name":"مطعم الشذروان","type":"restaurant","category":"food","subcategory":"restaurant","osmType":"node","amenity":"restaurant","name:latin":"mt'm al-shdhrwan"}},{"type":"Feature","id":9704199529,"geometry":{"type":"Point","coordinates":[44.2317923,15.378860000000001]},"properties":{"id":9704199529,"name":"مارينا للوجبات السريعة","type":"fast_food","category":"food","subcategory":"fast_food","osmType":"node","amenity":"fast_food","name:latin":"maryna llwjbat al-sry'a"}},{"type":"Feature","id":9905033918,"geometry":{"type":"Point","coordinates":[44.2338755,15.357548800000002]},"properties":{"id":9905033918,"name":"","type":"cafe","category":"food","subcategory":"cafe","osmType":"node","amenity":"cafe","name:ar":"شبكة البرق نت اللاسلكية","opening_hours":"24/7","name:latin":"shbka al-brq nt al-laslkya"}},{"type":"Feature","id":9921043637,"geometry":{"type":"Point","coordinates":[44.2138647,15.380112000000002]},"properties":{"id":9921043637,"name":"مطعم","type":"restaurant","category":"food","subcategory":"restaurant","osmType":"node","amenity":"restaurant","name:latin":"mt'm"}},{"type":"Feature","id":10284916609,"geometry":{"type":"Point","coordinates":[44.1942177,15.344985600000001]},"properties":{"id":10284916609,"name":"مطعم نجوم اليمن","type":"restaurant","category":"food","subcategory":"restaurant","osmType":"node","amenity":"restaurant","name:latin":"mt'm njwm al-ymn"}},{"type":"Feature","id":10583799305,"geometry":{"type":"Point","coordinates":[44.2217884,15.290367000000002]},"properties":{"id":10583799305,"name":"كوكو ميلز","type":"fast_food","category":"food","subcategory":"fast_food","osmType":"node","addr:city":"صنعاء","addr:street":"شارع الاربعين","amenity":"fast_food","opening_hours":"Su-Sa 09:00-23:00","name:latin":"kwkw mylz"}},{"type":"Feature","id":10624927340,"geometry":{"type":"Point","coordinates":[44.1884949,15.330967600000001]},"properties":{"id":10624927340,"name":"بوظة كبنج","type":"ice_cream","category":"food","subcategory":"ice_cream","osmType":"node","addr:street":"شارع عمان","amenity":"ice_cream","opening_hours":"Mo-Th 09:00-21:00","name:latin":"bwza kbnj"}},{"type":"Feature","id":10624927348,"geometry":{"type":"Point","coordinates":[44.189357300000005,15.335848000000002]},"properties":{"id":10624927348,"name":"بوفية النجوم","type":"fast_food","category":"food","subcategory":"fast_food","osmType":"node","addr:street":"شارع عمان","amenity":"fast_food","name:latin":"bwfya al-njwm"}},{"type":"Feature","id":10624927358,"geometry":{"type":"Point","coordinates":[44.189245400000004,15.337988800000002]},"properties":{"id":10624927358,"name":"كفتيريا أبو عزيز","type":"fast_food","category":"food","subcategory":"fast_food","osmType":"node","addr:street":"شارع عمان","amenity":"fast_food","name:latin":"kftyrya abw 'zyz"}},{"type":"Feature","id":10624927360,"geometry":{"type":"Point","coordinates":[44.1894405,15.3380448]},"properties":{"id":10624927360,"name":"شواية الحرازي","type":"restaurant","category":"food","subcategory":"restaurant","osmType":"node","addr:street":"شارع عمان","amenity":"restaurant","name:latin":"shwaya al-hrazy"}},{"type":"Feature","id":10625162544,"geometry":{"type":"Point","coordinates":[44.187732700000005,15.360122600000002]},"properties":{"id":10625162544,"name":"شاورما وفلافل حواء لا ينسى","type":"fast_food","category":"food","subcategory":"fast_food","osmType":"node","amenity":"fast_food","name:latin":"shawrma wflafl hwa' la ynsa"}},{"type":"Feature","id":10632742527,"geometry":{"type":"Point","coordinates":[44.2241135,15.329802100000002]},"properties":{"id":10632742527,"name":"بوفية مكاوي","type":"fast_food","category":"food","subcategory":"fast_food","osmType":"node","addr:city":"صنعاء","addr:street":"شارع ال45","amenity":"fast_food","name:latin":"bwfya mkawy"}},{"type":"Feature","id":10632742529,"geometry":{"type":"Point","coordinates":[44.224418400000005,15.330165800000001]},"properties":{"id":10632742529,"name":"كافتيريا على ذوقك","type":"fast_food","category":"food","subcategory":"fast_food","osmType":"node","addr:city":"صنعاء","addr:street":"شارع تعز","amenity":"fast_food","name:latin":"kaftyrya 'la dhwqk"}},{"type":"Feature","id":10632742566,"geometry":{"type":"Point","coordinates":[44.2212205,15.337031500000002]},"properties":{"id":10632742566,"name":"مطعم البركة","type":"restaurant","category":"food","subcategory":"restaurant","osmType":"node","addr:city":"صنعاء","addr:street":"شارع تعز","amenity":"restaurant","name:latin":"mt'm al-brka"}},{"type":"Feature","id":10649030352,"geometry":{"type":"Point","coordinates":[44.19810150000001,15.3240981]},"properties":{"id":10649030352,"name":"فيو كافيه","type":"cafe","category":"food","subcategory":"cafe","osmType":"node","addr:street":"شارع بن معمر","amenity":"cafe","name:latin":"fyw kafyh"}},{"type":"Feature","id":10649030353,"geometry":{"type":"Point","coordinates":[44.1981296,15.324299700000001]},"properties":{"id":10649030353,"name":"باجوس رول","type":"ice_cream","category":"food","subcategory":"ice_cream","osmType":"node","addr:street":"شارع بن معمر","amenity":"ice_cream","name:latin":"bajws rwl"}},{"type":"Feature","id":10649030356,"geometry":{"type":"Point","coordinates":[44.1996145,15.326423300000002]},"properties":{"id":10649030356,"name":"سمسرة وردة","type":"cafe","category":"food","subcategory":"cafe","osmType":"node","addr:street":"شارع حدة","amenity":"cafe","branch":"3","name:latin":"smsra wrda"}},{"type":"Feature","id":10649030358,"geometry":{"type":"Point","coordinates":[44.199248700000005,15.326535000000002]},"properties":{"id":10649030358,"name":"بيسترو","type":"restaurant","category":"food","subcategory":"restaurant","osmType":"node","addr:street":"شارع حدة","amenity":"restaurant","name:latin":"bystrw"}},{"type":"Feature","id":10649030362,"geometry":{"type":"Point","coordinates":[44.1989236,15.327160000000001]},"properties":{"id":10649030362,"name":"لاتينو كافيه","type":"cafe","category":"food","subcategory":"cafe","osmType":"node","addr:street":"شارع حدة","amenity":"cafe","name:latin":"latynw kafyh"}},{"type":"Feature","id":10649030363,"geometry":{"type":"Point","coordinates":[44.1981808,15.327445400000002]},"properties":{"id":10649030363,"name":"مطعم جزيرة الزربيان","type":"restaurant","category":"food","subcategory":"restaurant","osmType":"node","addr:city":"صنعاء","addr:street":"شارع جيبوتي","amenity":"restaurant","name:latin":"mt'm jzyra al-zrbyan"}},{"type":"Feature","id":10649030364,"geometry":{"type":"Point","coordinates":[44.19832280000001,15.327801500000001]},"properties":{"id":10649030364,"name":"جهينة ايسكريم","type":"ice_cream","category":"food","subcategory":"ice_cream","osmType":"node","addr:street":"شارع جيبوتي","amenity":"ice_cream","name:latin":"jhyna ayskrym"}},{"type":"Feature","id":10838043205,"geometry":{"type":"Point","coordinates":[44.19936680000001,15.340213600000002]},"properties":{"id":10838043205,"name":"مطاعم البيك الشيباني","type":"restaurant","category":"food","subcategory":"restaurant","osmType":"node","addr:city":"صنعاء","addr:street":"شارع حدة","amenity":"restaurant","name:latin":"mta'm al-byk al-shybany"}},{"type":"Feature","id":11041659605,"geometry":{"type":"Point","coordinates":[44.2039825,15.348206700000002]},"properties":{"id":11041659605,"name":"بوفية أحمد الريمي","type":"cafe","category":"food","subcategory":"cafe","osmType":"node","amenity":"cafe","opening_hours":"Mo-Su 06:00-10:00","phone":"772650501","name:latin":"bwfya ahmd al-rymy"}},{"type":"Feature","id":11053695005,"geometry":{"type":"Point","coordinates":[44.1957583,15.3347101]},"properties":{"id":11053695005,"name":"متجر درر القهوة المختصة","type":"cafe","category":"food","subcategory":"cafe","osmType":"node","addr:street":"الخط الدائري","amenity":"cafe","cuisine":"coffee_shop","internet_access":"wlan","website":"http://www.durar.coffee/","name:latin":"mtjr drr al-qhwa al-mkhtsa"}},{"type":"Feature","id":11055481973,"geometry":{"type":"Point","coordinates":[44.19951150000001,15.2910575]},"properties":{"id":11055481973,"name":"كنج برجر","type":"fast_food","category":"food","subcategory":"fast_food","osmType":"node","amenity":"fast_food","name:en":"King burger","opening_hours":"Mo-Th, Sa, Su 11:00-02:00; Fr 13:00-02:00","phone":"770004669;01415522"}},{"type":"Feature","id":11079015839,"geometry":{"type":"Point","coordinates":[44.205600000000004,15.352720500000002]},"properties":{"id":11079015839,"name":"مطعم البوري","type":"restaurant","category":"food","subcategory":"restaurant","osmType":"node","amenity":"restaurant","name:latin":"mt'm al-bwry"}},{"type":"Feature","id":11079015840,"geometry":{"type":"Point","coordinates":[44.205366100000006,15.3526915]},"properties":{"id":11079015840,"name":"المقهى العدني","type":"cafe","category":"food","subcategory":"cafe","osmType":"node","amenity":"cafe","name:latin":"al-mqha al-'dny"}},{"type":"Feature","id":11079015841,"geometry":{"type":"Point","coordinates":[44.2052588,15.352561200000002]},"properties":{"id":11079015841,"name":"مطعم القناعة","type":"restaurant","category":"food","subcategory":"restaurant","osmType":"node","amenity":"restaurant","name:latin":"mt'm al-qna'a"}},{"type":"Feature","id":11079015861,"geometry":{"type":"Point","coordinates":[44.204708800000006,15.351596200000001]},"properties":{"id":11079015861,"name":"كفتيريا نجزم الرياضة","type":"fast_food","category":"food","subcategory":"fast_food","osmType":"node","amenity":"fast_food","name:latin":"kftyrya njzm al-ryada"}},{"type":"Feature","id":11079015865,"geometry":{"type":"Point","coordinates":[44.2047152,15.351431700000001]},"properties":{"id":11079015865,"name":"بوفية عالم الرياضة","type":"fast_food","category":"food","subcategory":"fast_food","osmType":"node","amenity":"fast_food","name:latin":"bwfya 'alm al-ryada"}},{"type":"Feature","id":11079015891,"geometry":{"type":"Point","coordinates":[44.202065000000005,15.346403500000001]},"properties":{"id":11079015891,"name":"مطاعم المذاق الراقي للوجبات السريعة","type":"fast_food","category":"food","subcategory":"fast_food","osmType":"node","amenity":"fast_food","name:latin":"mta'm al-mdhaq al-raqy llwjbat al-sry'a"}},{"type":"Feature","id":11079015894,"geometry":{"type":"Point","coordinates":[44.199006100000005,15.3463743]},"properties":{"id":11079015894,"name":"ايسكريم القمة","type":"ice_cream","category":"food","subcategory":"ice_cream","osmType":"node","amenity":"ice_cream","name:latin":"ayskrym al-qma"}},{"type":"Feature","id":11079015895,"geometry":{"type":"Point","coordinates":[44.1981746,15.345314900000002]},"properties":{"id":11079015895,"name":"مطعم جسر الصداقة","type":"restaurant","category":"food","subcategory":"restaurant","osmType":"node","amenity":"restaurant","name:latin":"mt'm jsr al-sdaqa"}},{"type":"Feature","id":11079015896,"geometry":{"type":"Point","coordinates":[44.19829910000001,15.345316400000002]},"properties":{"id":11079015896,"name":"جهينة ايسكريم","type":"ice_cream","category":"food","subcategory":"ice_cream","osmType":"node","amenity":"ice_cream","name:latin":"jhyna ayskrym"}},{"type":"Feature","id":11210138238,"geometry":{"type":"Point","coordinates":[44.160090000000004,15.340705000000002]},"properties":{"id":11210138238,"name":"مطعم هابي لاند","type":"restaurant","category":"food","subcategory":"restaurant","osmType":"node","amenity":"restaurant","name:latin":"mt'm haby land"}},{"type":"Feature","id":11225202137,"geometry":{"type":"Point","coordinates":[44.21377940000001,15.2821034]},"properties":{"id":11225202137,"name":"كفتيريا الثقة بالله","type":"fast_food","category":"food","subcategory":"fast_food","osmType":"node","addr:housenumber":"3","addr:street":"عصام زيد","amenity":"fast_food","cuisine":"arab;breakfast;deli;diner;sandwich;tea","internet_access":"wlan","opening_hours":"24/7","name:latin":"kftyrya al-thqa ballh"}},{"type":"Feature","id":11367283139,"geometry":{"type":"Point","coordinates":[44.208177000000006,15.387762500000001]},"properties":{"id":11367283139,"name":"مطاعم السلام للمأكولات الشعبية","type":"restaurant","category":"food","subcategory":"restaurant","osmType":"node","addr:city":"صنعاء","addr:street":"شارع التلفزيون","amenity":"restaurant","name:latin":"mta'm al-slam llmakwlat al-sh'bya"}},{"type":"Feature","id":11367283143,"geometry":{"type":"Point","coordinates":[44.2070335,15.387450500000002]},"properties":{"id":11367283143,"name":"مطعم فلسطين","type":"restaurant","category":"food","subcategory":"restaurant","osmType":"node","amenity":"restaurant","name:latin":"mt'm flstyn"}},{"type":"Feature","id":11367283155,"geometry":{"type":"Point","coordinates":[44.2054733,15.384524200000001]},"properties":{"id":11367283155,"name":"نوني كافيه","type":"cafe","category":"food","subcategory":"cafe","osmType":"node","amenity":"cafe","cuisine":"regional;burger;sandwich","name:latin":"nwny kafyh"}},{"type":"Feature","id":11367283160,"geometry":{"type":"Point","coordinates":[44.2010793,15.3274877]},"properties":{"id":11367283160,"name":"Baskin-Robbins","type":"ice_cream","category":"food","subcategory":"ice_cream","osmType":"node","addr:street":"شارع ال45","amenity":"ice_cream","brand":"Baskin-Robbins","brand:wikidata":"Q584601","cuisine":"ice_cream"}},{"type":"Feature","id":11367283162,"geometry":{"type":"Point","coordinates":[44.199824500000005,15.324802700000001]},"properties":{"id":11367283162,"name":"مطعم مسخن","type":"restaurant","category":"food","subcategory":"restaurant","osmType":"node","addr:street":"شارع حدة","amenity":"restaurant","name:latin":"mt'm mskhn"}},{"type":"Feature","id":11367283163,"geometry":{"type":"Point","coordinates":[44.1995201,15.324820400000002]},"properties":{"id":11367283163,"name":"مطعم باندوز","type":"fast_food","category":"food","subcategory":"fast_food","osmType":"node","addr:street":"شارع حدة","amenity":"fast_food","name:latin":"mt'm bandwz"}},{"type":"Feature","id":11367283168,"geometry":{"type":"Point","coordinates":[44.201390800000006,15.324698000000001]},"properties":{"id":11367283168,"name":"كافي سيتي","type":"cafe","category":"food","subcategory":"cafe","osmType":"node","addr:street":"شارع السبعين","amenity":"cafe","name:latin":"kafy syty"}},{"type":"Feature","id":11367283170,"geometry":{"type":"Point","coordinates":[44.2019651,15.326171600000002]},"properties":{"id":11367283170,"name":"ايس كريم صاج","type":"ice_cream","category":"food","subcategory":"ice_cream","osmType":"node","amenity":"ice_cream","name:latin":"ays krym saj"}},{"type":"Feature","id":11559822869,"geometry":{"type":"Point","coordinates":[44.1853114,15.304097200000001]},"properties":{"id":11559822869,"name":"مطعم أنقرة","type":"restaurant","category":"food","subcategory":"restaurant","osmType":"node","amenity":"restaurant","name:latin":"mt'm anqra"}},{"type":"Feature","id":11868790869,"geometry":{"type":"Point","coordinates":[44.187775300000006,15.4161347]},"properties":{"id":11868790869,"name":"مطعم السلطان","type":"restaurant","category":"food","subcategory":"restaurant","osmType":"node","addr:housenumber":"Street/60","addr:street":"شارع الستين","amenity":"restaurant","internet_access":"wlan","name:en":"Sultan Restaurant","opening_hours":"24/7","phone":"777407688"}},{"type":"Feature","id":11899060369,"geometry":{"type":"Point","coordinates":[44.1963943,15.2920148]},"properties":{"id":11899060369,"name":"مطعم القلعة","type":"restaurant","category":"food","subcategory":"restaurant","osmType":"node","addr:street":"شارع الخمسين","amenity":"restaurant","cuisine":"arab;regional","name:en":"The castle restaurant","opening_hours":"Mo-Su 06:00-23:00","phone":"+967779700007"}},{"type":"Feature","id":11913596869,"geometry":{"type":"Point","coordinates":[44.2055627,15.288053300000001]},"properties":{"id":11913596869,"name":"تراك برجر","type":"fast_food","category":"food","subcategory":"fast_food","osmType":"node","amenity":"fast_food","cuisine":"american;burger;chicken;sandwich","name:en":"Truck burger","phone":"+967781372256"}},{"type":"Feature","id":11956264769,"geometry":{"type":"Point","coordinates":[44.1938304,15.345290700000001]},"properties":{"id":11956264769,"name":"","type":"restaurant","category":"food","subcategory":"restaurant","osmType":"node","amenity":"restaurant"}},{"type":"Feature","id":11993560969,"geometry":{"type":"Point","coordinates":[44.1888385,15.331594200000001]},"properties":{"id":11993560969,"name":"مطع نسيم الشام","type":"restaurant","category":"food","subcategory":"restaurant","osmType":"node","addr:street":"شارع عمان","amenity":"restaurant","name:en":"Nassim al-sham restaurant"}},{"type":"Feature","id":11993568769,"geometry":{"type":"Point","coordinates":[44.184064600000006,15.3575624]},"properties":{"id":11993568769,"name":"مطعم نسيم الشام ش الرقاص","type":"restaurant","category":"food","subcategory":"restaurant","osmType":"node","amenity":"restaurant","name:latin":"mt'm nsym al-sham sh al-rqas"}},{"type":"Feature","id":12056913077,"geometry":{"type":"Point","coordinates":[44.24467610000001,15.369993100000002]},"properties":{"id":12056913077,"name":"مطعم روابي صنعاء","type":"restaurant","category":"food","subcategory":"restaurant","osmType":"node","addr:city":"صنعاء","addr:street":"شارع الأربعين","amenity":"restaurant","name:latin":"mt'm rwaby sn'a'"}},{"type":"Feature","id":12403304135,"geometry":{"type":"Point","coordinates":[44.244970200000004,15.372358600000002]},"properties":{"id":12403304135,"name":"فلافل الشعيبي","type":"fast_food","category":"food","subcategory":"fast_food","osmType":"node","addr:city":"صنعاء","addr:street":"شارع الأربعين","amenity":"fast_food","name:latin":"flafl al-sh'yby"}},{"type":"Feature","id":12403304153,"geometry":{"type":"Point","coordinates":[44.245589300000006,15.3720732]},"properties":{"id":12403304153,"name":"مطاعم الشيباني جولدن","type":"restaurant","category":"food","subcategory":"restaurant","osmType":"node","addr:city":"صنعاء","addr:street":"شارع الأربعين","amenity":"restaurant","name:latin":"mta'm al-shybany jwldn"}},{"type":"Feature","id":12403304163,"geometry":{"type":"Point","coordinates":[44.244511300000006,15.3776509]},"properties":{"id":12403304163,"name":"مطعم تراحيب الغيث","type":"restaurant","category":"food","subcategory":"restaurant","osmType":"node","addr:city":"مدينة صنعاء","addr:street":"شارع الأربعين","amenity":"restaurant","name:latin":"mt'm trahyb al-ghyth"}},{"type":"Feature","id":12403304165,"geometry":{"type":"Point","coordinates":[44.2445408,15.378111900000002]},"properties":{"id":12403304165,"name":"شواية الحرازي","type":"fast_food","category":"food","subcategory":"fast_food","osmType":"node","addr:city":"صنعاء","addr:street":"شارع الأربعين","amenity":"fast_food","cuisine":"chicken","cuisine:ja":"chicken","name:latin":"shwaya al-hrazy"}},{"type":"Feature","id":12403304172,"geometry":{"type":"Point","coordinates":[44.2439947,15.380831100000002]},"properties":{"id":12403304172,"name":"مطعم الوفاء","type":"restaurant","category":"food","subcategory":"restaurant","osmType":"node","addr:city":"مدينة صنعاء","addr:street":"شارع الأربعين","amenity":"restaurant","name:latin":"mt'm al-wfa'"}},{"type":"Feature","id":12407562075,"geometry":{"type":"Point","coordinates":[44.16908960000001,15.339759200000001]},"properties":{"id":12407562075,"name":"كافتيريا وبقالة ركن التموين","type":"fast_food","category":"food","subcategory":"fast_food","osmType":"node","addr:city":"صنعاء","addr:street":"شارع الستين","amenity":"fast_food","fast_food":"cafeteria","name:latin":"kaftyrya wbqala rkn al-tmwyn"}},{"type":"Feature","id":12407562091,"geometry":{"type":"Point","coordinates":[44.1797431,15.337947500000002]},"properties":{"id":12407562091,"name":"مطعم الزعتر البري","type":"restaurant","category":"food","subcategory":"restaurant","osmType":"node","addr:city":"صنعاء","addr:street":"شارع المحروقات","amenity":"restaurant","name:latin":"mt'm al-z'tr al-bry"}},{"type":"Feature","id":12407562092,"geometry":{"type":"Point","coordinates":[44.179750500000004,15.3380687]},"properties":{"id":12407562092,"name":"ITaste","type":"restaurant","category":"food","subcategory":"restaurant","osmType":"node","addr:city":"صنعاء","addr:street":"شارع المحروقات","amenity":"restaurant"}},{"type":"Feature","id":12407562094,"geometry":{"type":"Point","coordinates":[44.180927100000005,15.339072100000001]},"properties":{"id":12407562094,"name":"شاورما وفلافل اللذيذ","type":"fast_food","category":"food","subcategory":"fast_food","osmType":"node","addr:city":"صنعاء","addr:street":"شارع نواكشوط","amenity":"fast_food","cuisine":"shawarma;falafel","name:latin":"shawrma wflafl al-ldhydh"}},{"type":"Feature","id":12407562095,"geometry":{"type":"Point","coordinates":[44.180669400000006,15.339039600000001]},"properties":{"id":12407562095,"name":"شاورما باب الحارة","type":"fast_food","category":"food","subcategory":"fast_food","osmType":"node","amenity":"fast_food","cuisine":"shawarma","name:latin":"shawrma bab al-hara"}},{"type":"Feature","id":12407644007,"geometry":{"type":"Point","coordinates":[44.1872393,15.338666500000002]},"properties":{"id":12407644007,"name":"ophelia","type":"cafe","category":"food","subcategory":"cafe","osmType":"node","addr:city":"صنعاء","addr:street":"شارع نواكشوط","amenity":"cafe"}},{"type":"Feature","id":12407644019,"geometry":{"type":"Point","coordinates":[44.1877063,15.343994900000002]},"properties":{"id":12407644019,"name":"مطعم الدار اليمنية","type":"restaurant","category":"food","subcategory":"restaurant","osmType":"node","addr:city":"صنعاء","addr:street":"شارع الزبيري","amenity":"restaurant","name:latin":"mt'm al-dar al-ymnya"}},{"type":"Feature","id":12407644020,"geometry":{"type":"Point","coordinates":[44.200373500000005,15.297167300000002]},"properties":{"id":12407644020,"name":"مطعم الحلواني","type":"restaurant","category":"food","subcategory":"restaurant","osmType":"node","amenity":"restaurant","name:latin":"mt'm al-hlwany"}},{"type":"Feature","id":12407644021,"geometry":{"type":"Point","coordinates":[44.2027183,15.296771900000001]},"properties":{"id":12407644021,"name":"mr.smash","type":"fast_food","category":"food","subcategory":"fast_food","osmType":"node","amenity":"fast_food","cuisine":"burger"}},{"type":"Feature","id":12409058835,"geometry":{"type":"Point","coordinates":[44.1973319,15.3272948]},"properties":{"id":12409058835,"name":"شواية الحرازي","type":"fast_food","category":"food","subcategory":"fast_food","osmType":"node","amenity":"fast_food","cuisine":"chicken","name:latin":"shwaya al-hrazy"}},{"type":"Feature","id":12409058840,"geometry":{"type":"Point","coordinates":[44.188190600000006,15.328021300000001]},"properties":{"id":12409058840,"name":"كافتيريا النجم الذهبي","type":"fast_food","category":"food","subcategory":"fast_food","osmType":"node","addr:city":"صنعاء","addr:street":"شارع عمان","amenity":"fast_food","fast_food":"cafeteria","name:latin":"kaftyrya al-njm al-dhhby"}},{"type":"Feature","id":12409058843,"geometry":{"type":"Point","coordinates":[44.1884924,15.3290932]},"properties":{"id":12409058843,"name":"مطعم نكهة الدار","type":"restaurant","category":"food","subcategory":"restaurant","osmType":"node","addr:city":"صنعاء","addr:street":"شارع عمان","amenity":"restaurant","name:latin":"mt'm nkha al-dar"}},{"type":"Feature","id":12409058850,"geometry":{"type":"Point","coordinates":[44.189192600000005,15.332729900000002]},"properties":{"id":12409058850,"name":"مطعم نيودلهي","type":"restaurant","category":"food","subcategory":"restaurant","osmType":"node","addr:city":"صنعاء","addr:street":"شارع عمان","amenity":"restaurant","name:latin":"mt'm nywdlhy"}},{"type":"Feature","id":12409058854,"geometry":{"type":"Point","coordinates":[44.189497800000005,15.335032900000002]},"properties":{"id":12409058854,"name":"مطعم رداع","type":"restaurant","category":"food","subcategory":"restaurant","osmType":"node","addr:city":"مدينة صنعاء","addr:street":"شارع الجزائر","amenity":"restaurant","name:latin":"mt'm rda'"}},{"type":"Feature","id":12409058855,"geometry":{"type":"Point","coordinates":[44.1893134,15.335035900000001]},"properties":{"id":12409058855,"name":"شواية الجزائر للدجاج البلدي","type":"fast_food","category":"food","subcategory":"fast_food","osmType":"node","addr:city":"مدينة صنعاء","addr:street":"شارع الجزائر","amenity":"fast_food","cuisine":"chicken","name:latin":"shwaya al-jza'r lldjaj al-bldy"}},{"type":"Feature","id":12409058867,"geometry":{"type":"Point","coordinates":[44.1815269,15.3356577]},"properties":{"id":12409058867,"name":"مطعم بازوكا","type":"restaurant","category":"food","subcategory":"restaurant","osmType":"node","addr:city":"صنعاء","addr:street":"شارع الجزائر","amenity":"restaurant","name:latin":"mt'm bazwka"}},{"type":"Feature","id":12409058869,"geometry":{"type":"Point","coordinates":[44.181691400000005,15.3356442]},"properties":{"id":12409058869,"name":"يمن دايت","type":"restaurant","category":"food","subcategory":"restaurant","osmType":"node","amenity":"restaurant","diet:healthy":"yes","name:latin":"ymn dayt"}},{"type":"Feature","id":12409058870,"geometry":{"type":"Point","coordinates":[44.181061500000006,15.3357594]},"properties":{"id":12409058870,"name":"كافتيريا الأمين","type":"fast_food","category":"food","subcategory":"fast_food","osmType":"node","addr:city":"صنعاء","addr:street":"شارع الجزائر","amenity":"fast_food","fast_food":"cafeteria","name:latin":"kaftyrya al-amyn"}},{"type":"Feature","id":12409058876,"geometry":{"type":"Point","coordinates":[44.184087100000006,15.335674700000002]},"properties":{"id":12409058876,"name":"الشوارماتي","type":"fast_food","category":"food","subcategory":"fast_food","osmType":"node","amenity":"fast_food","cuisine":"شاوارما","name:latin":"al-shwarmaty"}},{"type":"Feature","id":12409058877,"geometry":{"type":"Point","coordinates":[44.1841105,15.335911300000001]},"properties":{"id":12409058877,"name":"مطاعم شوايتي الفاخرة","type":"restaurant","category":"food","subcategory":"restaurant","osmType":"node","addr:city":"صنعاء","addr:street":"شارع بغداد","amenity":"restaurant","name:latin":"mta'm shwayty al-fakhra"}},{"type":"Feature","id":12409058878,"geometry":{"type":"Point","coordinates":[44.18436930000001,15.336089500000002]},"properties":{"id":12409058878,"name":"مطاعم البستان","type":"restaurant","category":"food","subcategory":"restaurant","osmType":"node","addr:city":"صنعاء","addr:street":"شارع بغداد","amenity":"restaurant","name:latin":"mta'm al-bstan"}},{"type":"Feature","id":12409058888,"geometry":{"type":"Point","coordinates":[44.1843841,15.336608900000002]},"properties":{"id":12409058888,"name":"مطعم العواضي للسلته والفحسه واللحم الرضيع","type":"restaurant","category":"food","subcategory":"restaurant","osmType":"node","addr:city":"صنعاء","addr:street":"شارع بغداد","amenity":"restaurant","name:latin":"mt'm al-'wady llslth walfhsh wallhm al-rdy'"}},{"type":"Feature","id":12409058889,"geometry":{"type":"Point","coordinates":[44.1843767,15.3366897]},"properties":{"id":12409058889,"name":"مطعم وشواية الحرازي","type":"restaurant","category":"food","subcategory":"restaurant","osmType":"node","addr:city":"صنعاء","addr:street":"شارع بغداد","amenity":"restaurant","name:latin":"mt'm wshwaya al-hrazy"}},{"type":"Feature","id":12538695249,"geometry":{"type":"Point","coordinates":[44.19741810000001,15.306178400000002]},"properties":{"id":12538695249,"name":"شاورما سبايسي","type":"fast_food","category":"food","subcategory":"fast_food","osmType":"node","addr:city":"صنعاء","addr:street":"شارع بيروت","amenity":"fast_food","cuisine":"shawarma","name:latin":"shawrma sbaysy"}},{"type":"Feature","id":12538695250,"geometry":{"type":"Point","coordinates":[44.1973459,15.3062508]},"properties":{"id":12538695250,"name":"مطعم سكاي بوكس","type":"fast_food","category":"food","subcategory":"fast_food","osmType":"node","addr:city":"صنعاء","addr:street":"شارع بيروت","amenity":"fast_food","name:latin":"mt'm skay bwks"}},{"type":"Feature","id":12538695252,"geometry":{"type":"Point","coordinates":[44.1971958,15.3062754]},"properties":{"id":12538695252,"name":"فريدوز","type":"fast_food","category":"food","subcategory":"fast_food","osmType":"node","addr:city":"صنعاء","addr:street":"شارع بيروت","amenity":"fast_food","name:latin":"frydwz"}},{"type":"Feature","id":12538695253,"geometry":{"type":"Point","coordinates":[44.197214200000005,15.3063587]},"properties":{"id":12538695253,"name":"Steak Burger","type":"fast_food","category":"food","subcategory":"fast_food","osmType":"node","addr:city":"صنعاء","addr:street":"شارع الوحدة","amenity":"fast_food"}},{"type":"Feature","id":12538695254,"geometry":{"type":"Point","coordinates":[44.1973799,15.306913100000001]},"properties":{"id":12538695254,"name":"مطعم ملك الزربيان","type":"restaurant","category":"food","subcategory":"restaurant","osmType":"node","addr:city":"صنعاء","addr:street":"شارع الوحدة","amenity":"restaurant","name:latin":"mt'm mlk al-zrbyan"}},{"type":"Feature","id":12538695256,"geometry":{"type":"Point","coordinates":[44.197467700000004,15.307160200000002]},"properties":{"id":12538695256,"name":"بيت البرعي والزلابيا","type":"restaurant","category":"food","subcategory":"restaurant","osmType":"node","addr:city":"صنعاء","addr:street":"شارع الوحدة","amenity":"restaurant","name:latin":"byt al-br'y walzlabya"}},{"type":"Feature","id":12538695257,"geometry":{"type":"Point","coordinates":[44.19764180000001,15.3077646]},"properties":{"id":12538695257,"name":"نكهات كافيه","type":"cafe","category":"food","subcategory":"cafe","osmType":"node","addr:city":"صنعاء","addr:street":"شارع الوحدة","amenity":"cafe","cuisine":"coffee_shop","name:latin":"nkhat kafyh"}},{"type":"Feature","id":12538695262,"geometry":{"type":"Point","coordinates":[44.1972754,15.306609000000002]},"properties":{"id":12538695262,"name":"مومو كريب","type":"restaurant","category":"food","subcategory":"restaurant","osmType":"node","addr:city":"صنعاء","addr:street":"شارع الوحدة","amenity":"restaurant","name:latin":"mwmw kryb"}},{"type":"Feature","id":12538695263,"geometry":{"type":"Point","coordinates":[44.196975900000005,15.306401500000002]},"properties":{"id":12538695263,"name":"كفتيريا الصلوي","type":"fast_food","category":"food","subcategory":"fast_food","osmType":"node","addr:city":"صنعاء","addr:street":"شارع الوحدة","amenity":"fast_food","fast_food":"cafeteria","phone":"772415512","name:latin":"kftyrya al-slwy"}},{"type":"Feature","id":12538695282,"geometry":{"type":"Point","coordinates":[44.199060100000004,15.3049326]},"properties":{"id":12538695282,"name":"ايسكريم المودو","type":"ice_cream","category":"food","subcategory":"ice_cream","osmType":"node","addr:city":"صنعاء","addr:street":"شارع 5","amenity":"ice_cream","name:latin":"ayskrym al-mwdw"}},{"type":"Feature","id":12538695287,"geometry":{"type":"Point","coordinates":[44.2000912,15.3048888]},"properties":{"id":12538695287,"name":"سناكس تو جو","type":"fast_food","category":"food","subcategory":"fast_food","osmType":"node","addr:city":"صنعاء","addr:street":"شارع بيروت","amenity":"fast_food","name:latin":"snaks tw jw"}},{"type":"Feature","id":12538705805,"geometry":{"type":"Point","coordinates":[44.196909700000006,15.305660900000001]},"properties":{"id":12538705805,"name":"كوريانا للوجبات الكورية","type":"restaurant","category":"food","subcategory":"restaurant","osmType":"node","addr:city":"صنعاء","addr:street":"شارع صفر","amenity":"restaurant","name:latin":"kwryana llwjbat al-kwrya"}},{"type":"Feature","id":12538705806,"geometry":{"type":"Point","coordinates":[44.196899800000004,15.305551600000001]},"properties":{"id":12538705806,"name":"ليالي المدينة للمطبق","type":"restaurant","category":"food","subcategory":"restaurant","osmType":"node","addr:city":"صنعاء","addr:street":"شارع صفر","amenity":"restaurant","name:latin":"lyaly al-mdyna llmtbq"}},{"type":"Feature","id":12556246203,"geometry":{"type":"Point","coordinates":[44.2366837,15.286155]},"properties":{"id":12556246203,"name":"مطاعم الحجاز","type":"restaurant","category":"food","subcategory":"restaurant","osmType":"node","amenity":"restaurant","name:latin":"mta'm al-hjaz"}},{"type":"Feature","id":12559109164,"geometry":{"type":"Point","coordinates":[44.1977173,15.315026200000002]},"properties":{"id":12559109164,"name":"بروست هاوس","type":"fast_food","category":"food","subcategory":"fast_food","osmType":"node","addr:city":"صنعاء","addr:street":"شارع حدة","amenity":"fast_food","name:latin":"brwst haws"}},{"type":"Feature","id":12559109167,"geometry":{"type":"Point","coordinates":[44.198908200000005,15.316845400000002]},"properties":{"id":12559109167,"name":"مطعم سو يمي","type":"fast_food","category":"food","subcategory":"fast_food","osmType":"node","addr:city":"صنعاء","addr:street":"شارع 4","amenity":"fast_food","name:latin":"mt'm sw ymy"}},{"type":"Feature","id":12559109170,"geometry":{"type":"Point","coordinates":[44.2034334,15.294289800000001]},"properties":{"id":12559109170,"name":"ستار برجر","type":"fast_food","category":"food","subcategory":"fast_food","osmType":"node","addr:city":"صنعاء","addr:street":"شارع الخمسين","amenity":"fast_food","name:latin":"star brjr"}},{"type":"Feature","id":12559109171,"geometry":{"type":"Point","coordinates":[44.2037114,15.2942043]},"properties":{"id":12559109171,"name":"شاورما ستيشن","type":"fast_food","category":"food","subcategory":"fast_food","osmType":"node","addr:city":"صنعاء","addr:street":"شارع الخمسين","amenity":"fast_food","name:latin":"shawrma styshn"}},{"type":"Feature","id":12559109172,"geometry":{"type":"Point","coordinates":[44.2037975,15.2937822]},"properties":{"id":12559109172,"name":"دونر","type":"fast_food","category":"food","subcategory":"fast_food","osmType":"node","addr:city":"صنعاء","addr:street":"شارع الخمسين","amenity":"fast_food","name:latin":"dwnr"}},{"type":"Feature","id":12559109176,"geometry":{"type":"Point","coordinates":[44.203547400000005,15.2920478]},"properties":{"id":12559109176,"name":"مطعم لاريسا للسيدات","type":"restaurant","category":"food","subcategory":"restaurant","osmType":"node","addr:city":"صنعاء","addr:street":"شارع الخمسين","amenity":"restaurant","name:latin":"mt'm larysa llsydat"}},{"type":"Feature","id":12559559097,"geometry":{"type":"Point","coordinates":[44.197779700000005,15.340326400000002]},"properties":{"id":12559559097,"name":"مطعم شلبي الحبشي","type":"restaurant","category":"food","subcategory":"restaurant","osmType":"node","addr:city":"صنعاء","addr:street":"شارع حدة","amenity":"restaurant","name:latin":"mt'm shlby al-hbshy"}},{"type":"Feature","id":12559596151,"geometry":{"type":"Point","coordinates":[44.198669300000006,15.341877000000002]},"properties":{"id":12559596151,"name":"مطعم العلمين","type":"restaurant","category":"food","subcategory":"restaurant","osmType":"node","addr:city":"صنعاء","addr:street":"شارع حدة","amenity":"restaurant","name:latin":"mt'm al-'lmyn"}},{"type":"Feature","id":12559596182,"geometry":{"type":"Point","coordinates":[44.200006300000005,15.335396000000001]},"properties":{"id":12559596182,"name":"مون كافيه","type":"cafe","category":"food","subcategory":"cafe","osmType":"node","addr:city":"صنعاء","addr:street":"شارع حدة","amenity":"cafe","cuisine":"coffee_shop","name:latin":"mwn kafyh"}},{"type":"Feature","id":12559599376,"geometry":{"type":"Point","coordinates":[44.179911700000005,15.394300800000002]},"properties":{"id":12559599376,"name":"مطعم التعزي للعصيد","type":"restaurant","category":"food","subcategory":"restaurant","osmType":"node","addr:city":"حي النهضة","addr:street":"شارع النهضة","amenity":"restaurant","name:latin":"mt'm al-t'zy ll'syd"}},{"type":"Feature","id":12559599377,"geometry":{"type":"Point","coordinates":[44.17966070000001,15.394498400000002]},"properties":{"id":12559599377,"name":"مطعم الجامعة","type":"restaurant","category":"food","subcategory":"restaurant","osmType":"node","addr:city":"حي النهضة","addr:street":"شارع النهضة","amenity":"restaurant","name:latin":"mt'm al-jam'a"}},{"type":"Feature","id":12559599381,"geometry":{"type":"Point","coordinates":[44.1785264,15.395691500000002]},"properties":{"id":12559599381,"name":"شاورما عصومي","type":"fast_food","category":"food","subcategory":"fast_food","osmType":"node","addr:city":"حي النهضة","addr:street":"شارع النهضة","amenity":"fast_food","name:latin":"shawrma 'swmy"}},{"type":"Feature","id":12559599382,"geometry":{"type":"Point","coordinates":[44.178358,15.3958974]},"properties":{"id":12559599382,"name":"بيتزا وان","type":"fast_food","category":"food","subcategory":"fast_food","osmType":"node","addr:city":"حي النهضة","addr:street":"شارع النهضة","amenity":"fast_food","cuisine":"pizza","name:latin":"bytza wan"}},{"type":"Feature","id":12561033291,"geometry":{"type":"Point","coordinates":[44.17658110000001,15.397772800000002]},"properties":{"id":12561033291,"name":"كرز للعصائر الطازجة والوجبات الخفيفة","type":"fast_food","category":"food","subcategory":"fast_food","osmType":"node","addr:city":"صنعاء","addr:street":"شارع الستين","amenity":"fast_food","cuisine":"juice","name:latin":"krz ll'sa'r al-tazja walwjbat al-khfyfa"}},{"type":"Feature","id":12561033293,"geometry":{"type":"Point","coordinates":[44.1758704,15.398167]},"properties":{"id":12561033293,"name":"فلافل الشعيبي","type":"fast_food","category":"food","subcategory":"fast_food","osmType":"node","addr:city":"صنعاء","addr:street":"شارع الستين","amenity":"fast_food","name:latin":"flafl al-sh'yby"}},{"type":"Feature","id":12561034844,"geometry":{"type":"Point","coordinates":[44.213421800000006,15.397822000000001]},"properties":{"id":12561034844,"name":"مطعم بيت السمك","type":"restaurant","category":"food","subcategory":"restaurant","osmType":"node","addr:city":"صنعاء","addr:street":"شارع المطار","amenity":"restaurant","cuisine":"seafood","name:latin":"mt'm byt al-smk"}},{"type":"Feature","id":12561034845,"geometry":{"type":"Point","coordinates":[44.213414500000006,15.3974638]},"properties":{"id":12561034845,"name":"شواية عادل الحرازي للدجاج البلدي","type":"fast_food","category":"food","subcategory":"fast_food","osmType":"node","addr:city":"صنعاء","addr:street":"شارع المطار","amenity":"fast_food","cuisine":"chicken","name:latin":"shwaya 'adl al-hrazy lldjaj al-bldy"}},{"type":"Feature","id":12561034849,"geometry":{"type":"Point","coordinates":[44.21320540000001,15.393484100000002]},"properties":{"id":12561034849,"name":"مطعم وبروست نجوم الاندلس","type":"restaurant","category":"food","subcategory":"restaurant","osmType":"node","addr:city":"صنعاء","addr:street":"شارع المطار","amenity":"restaurant","name:latin":"mt'm wbrwst njwm al-andls"}},{"type":"Feature","id":12561034859,"geometry":{"type":"Point","coordinates":[44.23761330000001,15.286086500000001]},"properties":{"id":12561034859,"name":"كباب الأسطورة","type":"fast_food","category":"food","subcategory":"fast_food","osmType":"node","addr:city":"صنعاء","addr:street":"شارع الحربي","amenity":"fast_food","cuisine":"kebab","name:latin":"kbab al-astwra"}},{"type":"Feature","id":12561034874,"geometry":{"type":"Point","coordinates":[44.19619720000001,15.304554500000002]},"properties":{"id":12561034874,"name":"أمين بيتزا","type":"fast_food","category":"food","subcategory":"fast_food","osmType":"node","addr:city":"صنعاء","addr:street":"شارع صفر","amenity":"fast_food","cuisine":"pizza","name:latin":"amyn bytza"}},{"type":"Feature","id":12563189874,"geometry":{"type":"Point","coordinates":[44.1967178,15.334712800000002]},"properties":{"id":12563189874,"name":"الشيف أشرف","type":"fast_food","category":"food","subcategory":"fast_food","osmType":"node","addr:city":"صنعاء","addr:street":"الخط الدائري","amenity":"fast_food","name:latin":"al-shyf ashrf"}},{"type":"Feature","id":12572220936,"geometry":{"type":"Point","coordinates":[44.227715,15.3582861]},"properties":{"id":12572220936,"name":"كافتيريا السامعي","type":"fast_food","category":"food","subcategory":"fast_food","osmType":"node","addr:city":"صنعاء","addr:street":"شارع نشوان الحميري","amenity":"fast_food","fast_food":"cafeteria","name:latin":"kaftyrya al-sam'y"}},{"type":"Feature","id":12572220940,"geometry":{"type":"Point","coordinates":[44.22622500000001,15.357524300000001]},"properties":{"id":12572220940,"name":"مطعم العيدروس","type":"restaurant","category":"food","subcategory":"restaurant","osmType":"node","amenity":"restaurant","name:latin":"mt'm al-'ydrws"}},{"type":"Feature","id":12573635371,"geometry":{"type":"Point","coordinates":[44.2316932,15.286595700000001]},"properties":{"id":12573635371,"name":"شاورما ع السيخ","type":"fast_food","category":"food","subcategory":"fast_food","osmType":"node","addr:city":"صنعاء","addr:street":"شارع الحربي","amenity":"fast_food","name:latin":"shawrma ' al-sykh"}},{"type":"Feature","id":12583232261,"geometry":{"type":"Point","coordinates":[44.222783500000006,15.3437461]},"properties":{"id":12583232261,"name":"مطاعم وبروست ومخبازة أمواج الشرق","type":"restaurant","category":"food","subcategory":"restaurant","osmType":"node","addr:city":"صنعاء","addr:street":"شارع خولان","amenity":"restaurant","name:latin":"mta'm wbrwst wmkhbaza amwaj al-shrq"}},{"type":"Feature","id":12583232276,"geometry":{"type":"Point","coordinates":[44.221360100000005,15.336699900000001]},"properties":{"id":12583232276,"name":"مطعم بروست ومخبازة المجد الحديث","type":"restaurant","category":"food","subcategory":"restaurant","osmType":"node","addr:city":"صنعاء","addr:street":"شارع تعز","amenity":"restaurant","name:latin":"mt'm brwst wmkhbaza al-mjd al-hdyth"}},{"type":"Feature","id":12583232298,"geometry":{"type":"Point","coordinates":[44.1755694,15.335875900000001]},"properties":{"id":12583232298,"name":"مطعم نجمان","type":"restaurant","category":"food","subcategory":"restaurant","osmType":"node","addr:city":"صنعاء","addr:street":"شارع الجزائر","amenity":"restaurant","name:latin":"mt'm njman"}},{"type":"Feature","id":12583232919,"geometry":{"type":"Point","coordinates":[44.213804800000005,15.281097700000002]},"properties":{"id":12583232919,"name":"مطاعم سمرقند","type":"restaurant","category":"food","subcategory":"restaurant","osmType":"node","addr:city":"صنعاء","addr:street":"شارع الخمسين","amenity":"restaurant","name:latin":"mta'm smrqnd"}},{"type":"Feature","id":12583232923,"geometry":{"type":"Point","coordinates":[44.21508240000001,15.280305900000002]},"properties":{"id":12583232923,"name":"ون كوكيز","type":"cafe","category":"food","subcategory":"cafe","osmType":"node","addr:city":"صنعاء","addr:street":"شارع الخمسين","amenity":"cafe","cuisine":"coffee_shop","name:latin":"wn kwkyz"}},{"type":"Feature","id":12583232933,"geometry":{"type":"Point","coordinates":[44.2193935,15.281035500000002]},"properties":{"id":12583232933,"name":"Hershey cafe","type":"cafe","category":"food","subcategory":"cafe","osmType":"node","addr:city":"صنعاء","addr:street":"شارع الأربعين","amenity":"cafe","cuisine":"coffee_shop"}},{"type":"Feature","id":12584732531,"geometry":{"type":"Point","coordinates":[44.198414500000005,15.328042700000001]},"properties":{"id":12584732531,"name":"Mix Sub Way","type":"fast_food","category":"food","subcategory":"fast_food","osmType":"node","addr:city":"صنعاء","addr:street":"شارع جيبوتي","amenity":"fast_food"}},{"type":"Feature","id":12587743564,"geometry":{"type":"Point","coordinates":[44.19164850000001,15.331168500000002]},"properties":{"id":12587743564,"name":"البتول للفلافل","type":"fast_food","category":"food","subcategory":"fast_food","osmType":"node","addr:city":"صنعاء","addr:street":"شارع خولة","amenity":"fast_food","name:latin":"al-btwl llflafl"}},{"type":"Feature","id":12587743567,"geometry":{"type":"Point","coordinates":[44.1923681,15.331053200000001]},"properties":{"id":12587743567,"name":"ايس كريم الخالد","type":"ice_cream","category":"food","subcategory":"ice_cream","osmType":"node","addr:city":"صنعاء","addr:street":"شارع خولة","amenity":"ice_cream","name:latin":"ays krym al-khald"}},{"type":"Feature","id":12587743584,"geometry":{"type":"Point","coordinates":[44.18691510000001,15.3604461]},"properties":{"id":12587743584,"name":"مامّا ميا جيلاتو","type":"ice_cream","category":"food","subcategory":"ice_cream","osmType":"node","addr:city":"صنعاء","addr:street":"شارع الرباط","amenity":"ice_cream","name:latin":"mama mya jylatw"}},{"type":"Feature","id":12587743590,"geometry":{"type":"Point","coordinates":[44.203157000000004,15.379987200000002]},"properties":{"id":12587743590,"name":"مطعم السعيدة","type":"restaurant","category":"food","subcategory":"restaurant","osmType":"node","addr:city":"صنعاء","addr:street":"شارع الصحة","amenity":"restaurant","name:latin":"mt'm al-s'yda"}},{"type":"Feature","id":12587743592,"geometry":{"type":"Point","coordinates":[44.203216100000006,15.379765]},"properties":{"id":12587743592,"name":"سناك هاوس للوجبات السريعة","type":"fast_food","category":"food","subcategory":"fast_food","osmType":"node","addr:city":"صنعاء","addr:street":"شارع الصحة","amenity":"fast_food","name:latin":"snak haws llwjbat al-sry'a"}},{"type":"Feature","id":12590537811,"geometry":{"type":"Point","coordinates":[44.199929600000004,15.325190100000002]},"properties":{"id":12590537811,"name":"ايس كريم بوظة جيلاتو","type":"ice_cream","category":"food","subcategory":"ice_cream","osmType":"node","amenity":"ice_cream","name:latin":"ays krym bwza jylatw"}},{"type":"Feature","id":12590576375,"geometry":{"type":"Point","coordinates":[44.19994200000001,15.325460300000001]},"properties":{"id":12590576375,"name":"كرك","type":"cafe","category":"food","subcategory":"cafe","osmType":"node","amenity":"cafe","name:latin":"krk"}},{"type":"Feature","id":12590578864,"geometry":{"type":"Point","coordinates":[44.19988000000001,15.3251851]},"properties":{"id":12590578864,"name":"سكويز جوس","type":"cafe","category":"food","subcategory":"cafe","osmType":"node","amenity":"cafe","name:latin":"skwyz jws"}},{"type":"Feature","id":12590587350,"geometry":{"type":"Point","coordinates":[44.199939,15.325387200000002]},"properties":{"id":12590587350,"name":"بريك تايم","type":"cafe","category":"food","subcategory":"cafe","osmType":"node","amenity":"cafe","name:latin":"bryk taym"}},{"type":"Feature","id":12593417423,"geometry":{"type":"Point","coordinates":[44.206254200000004,15.376923000000001]},"properties":{"id":12593417423,"name":"كافتيريا الركن الذهبي","type":"fast_food","category":"food","subcategory":"fast_food","osmType":"node","amenity":"fast_food","fast_food":"cafeteria","name:latin":"kaftyrya al-rkn al-dhhby"}},{"type":"Feature","id":12599361327,"geometry":{"type":"Point","coordinates":[44.195662600000006,15.307702]},"properties":{"id":12599361327,"name":"مطعم ميلانو","type":"restaurant","category":"food","subcategory":"restaurant","osmType":"node","addr:city":"صنعاء","addr:street":"شارع بيروت","amenity":"restaurant","name:latin":"mt'm mylanw"}},{"type":"Feature","id":12599361350,"geometry":{"type":"Point","coordinates":[44.191369200000004,15.308421300000001]},"properties":{"id":12599361350,"name":"المطعم اللبناني جوزف","type":"restaurant","category":"food","subcategory":"restaurant","osmType":"node","amenity":"restaurant","name:latin":"al-mt'm al-lbnany jwzf"}},{"type":"Feature","id":12600824480,"geometry":{"type":"Point","coordinates":[44.2152995,15.353827]},"properties":{"id":12600824480,"name":"سمسرة سمينة","type":"cafe","category":"food","subcategory":"cafe","osmType":"node","amenity":"cafe","name:latin":"smsra smyna"}},{"type":"Feature","id":12600895345,"geometry":{"type":"Point","coordinates":[44.1980912,15.334924500000001]},"properties":{"id":12600895345,"name":"شاورما وكريب حازم","type":"fast_food","category":"food","subcategory":"fast_food","osmType":"node","amenity":"fast_food","name:latin":"shawrma wkryb hazm"}},{"type":"Feature","id":12609714710,"geometry":{"type":"Point","coordinates":[44.171033300000005,15.358201600000001]},"properties":{"id":12609714710,"name":"شاميات مرزوق","type":"restaurant","category":"food","subcategory":"restaurant","osmType":"node","amenity":"restaurant","name:latin":"shamyat mrzwq"}},{"type":"Feature","id":12615161195,"geometry":{"type":"Point","coordinates":[44.179584500000004,15.342952700000001]},"properties":{"id":12615161195,"name":"هوت ميلز","type":"fast_food","category":"food","subcategory":"fast_food","osmType":"node","amenity":"fast_food","name:latin":"hwt mylz"}},{"type":"Feature","id":12615164496,"geometry":{"type":"Point","coordinates":[44.1917229,15.368219400000001]},"properties":{"id":12615164496,"name":"ستار برجر","type":"fast_food","category":"food","subcategory":"fast_food","osmType":"node","amenity":"fast_food","name:latin":"star brjr"}},{"type":"Feature","id":12615173554,"geometry":{"type":"Point","coordinates":[44.19284820000001,15.368859300000002]},"properties":{"id":12615173554,"name":"أمين بيتزا","type":"fast_food","category":"food","subcategory":"fast_food","osmType":"node","amenity":"fast_food","name:latin":"amyn bytza"}},{"type":"Feature","id":12615177805,"geometry":{"type":"Point","coordinates":[44.1898041,15.368985200000001]},"properties":{"id":12615177805,"name":"فريش فرايز","type":"fast_food","category":"food","subcategory":"fast_food","osmType":"node","amenity":"fast_food","name:latin":"frysh frayz"}},{"type":"Feature","id":12615180148,"geometry":{"type":"Point","coordinates":[44.1754608,15.342505500000001]},"properties":{"id":12615180148,"name":"الربيع للكباب البلدي 2","type":"restaurant","category":"food","subcategory":"restaurant","osmType":"node","amenity":"restaurant","name:latin":"al-rby' llkbab al-bldy 2"}},{"type":"Feature","id":12615181903,"geometry":{"type":"Point","coordinates":[44.1913223,15.369256000000002]},"properties":{"id":12615181903,"name":"مستر شاورما","type":"fast_food","category":"food","subcategory":"fast_food","osmType":"node","amenity":"fast_food","name:latin":"mstr shawrma"}},{"type":"Feature","id":12615873685,"geometry":{"type":"Point","coordinates":[44.186733200000006,15.335448300000001]},"properties":{"id":12615873685,"name":"مشاوي نجمة إسطنبول","type":"restaurant","category":"food","subcategory":"restaurant","osmType":"node","amenity":"restaurant","name:latin":"mshawy njma istnbwl"}},{"type":"Feature","id":12615900162,"geometry":{"type":"Point","coordinates":[44.180282600000005,15.3353987]},"properties":{"id":12615900162,"name":"مطعم زربيانو","type":"restaurant","category":"food","subcategory":"restaurant","osmType":"node","amenity":"restaurant","name:latin":"mt'm zrbyanw"}},{"type":"Feature","id":12615914652,"geometry":{"type":"Point","coordinates":[44.179929,15.341292200000002]},"properties":{"id":12615914652,"name":"موكا تايم","type":"cafe","category":"food","subcategory":"cafe","osmType":"node","amenity":"cafe","name:latin":"mwka taym"}},{"type":"Feature","id":12615915591,"geometry":{"type":"Point","coordinates":[44.180797600000005,15.335355800000002]},"properties":{"id":12615915591,"name":"برجرايز","type":"fast_food","category":"food","subcategory":"fast_food","osmType":"node","amenity":"fast_food","name:latin":"brjrayz"}},{"type":"Feature","id":12617937688,"geometry":{"type":"Point","coordinates":[44.1977119,15.315512700000001]},"properties":{"id":12617937688,"name":"أشرف كريب","type":"fast_food","category":"food","subcategory":"fast_food","osmType":"node","amenity":"fast_food","name:latin":"ashrf kryb"}},{"type":"Feature","id":12617938017,"geometry":{"type":"Point","coordinates":[44.18632890000001,15.304732300000001]},"properties":{"id":12617938017,"name":"مطعم زهر الليمون","type":"restaurant","category":"food","subcategory":"restaurant","osmType":"node","amenity":"restaurant","name:latin":"mt'm zhr al-lymwn"}},{"type":"Feature","id":12617951414,"geometry":{"type":"Point","coordinates":[44.1964836,15.311409000000001]},"properties":{"id":12617951414,"name":"كافيه مرينجي","type":"cafe","category":"food","subcategory":"cafe","osmType":"node","amenity":"cafe","name:latin":"kafyh mrynjy"}},{"type":"Feature","id":12617951817,"geometry":{"type":"Point","coordinates":[44.196437800000005,15.313805600000002]},"properties":{"id":12617951817,"name":"فرش كوفي","type":"cafe","category":"food","subcategory":"cafe","osmType":"node","amenity":"cafe","name:latin":"frsh kwfy"}},{"type":"Feature","id":12617954830,"geometry":{"type":"Point","coordinates":[44.198896100000006,15.317113200000001]},"properties":{"id":12617954830,"name":"حراز موكا","type":"cafe","category":"food","subcategory":"cafe","osmType":"node","amenity":"cafe","name:latin":"hraz mwka"}},{"type":"Feature","id":12617955786,"geometry":{"type":"Point","coordinates":[44.199379,15.317995100000001]},"properties":{"id":12617955786,"name":"مطعم نكهة الدار 2","type":"restaurant","category":"food","subcategory":"restaurant","osmType":"node","amenity":"restaurant","name:latin":"mt'm nkha al-dar 2"}},{"type":"Feature","id":12617955787,"geometry":{"type":"Point","coordinates":[44.1858635,15.304775200000002]},"properties":{"id":12617955787,"name":"مطعم يوتيرن","type":"restaurant","category":"food","subcategory":"restaurant","osmType":"node","amenity":"restaurant","name:latin":"mt'm ywtyrn"}},{"type":"Feature","id":12617957620,"geometry":{"type":"Point","coordinates":[44.19685750000001,15.309585600000002]},"properties":{"id":12617957620,"name":"قرية مندرين","type":"cafe","category":"food","subcategory":"cafe","osmType":"node","amenity":"cafe","name:latin":"qrya mndryn"}},{"type":"Feature","id":12617957621,"geometry":{"type":"Point","coordinates":[44.1967354,15.313740700000002]},"properties":{"id":12617957621,"name":"قاهر الجوع","type":"fast_food","category":"food","subcategory":"fast_food","osmType":"node","amenity":"fast_food","name:latin":"qahr al-jw'"}},{"type":"Feature","id":12621500013,"geometry":{"type":"Point","coordinates":[44.2215951,15.291986800000002]},"properties":{"id":12621500013,"name":"زيت وزعتر","type":"restaurant","category":"food","subcategory":"restaurant","osmType":"node","addr:city":"صنعاء","addr:street":"شارع الأربعين","amenity":"restaurant","name:latin":"zyt wz'tr"}},{"type":"Feature","id":12621500033,"geometry":{"type":"Point","coordinates":[44.223229200000006,15.285686400000001]},"properties":{"id":12621500033,"name":"شاورما هت","type":"fast_food","category":"food","subcategory":"fast_food","osmType":"node","addr:city":"صنعاء","addr:street":"شارع الحربي","amenity":"fast_food","name:latin":"shawrma ht"}},{"type":"Feature","id":12621500040,"geometry":{"type":"Point","coordinates":[44.222316000000006,15.2857505]},"properties":{"id":12621500040,"name":"مقهى الخليج","type":"cafe","category":"food","subcategory":"cafe","osmType":"node","addr:city":"صنعاء","addr:street":"شارع الحربي","amenity":"cafe","name:latin":"mqha al-khlyj"}},{"type":"Feature","id":12624139329,"geometry":{"type":"Point","coordinates":[44.20700840000001,15.387046800000002]},"properties":{"id":12624139329,"name":"مطاعم القوزي","type":"restaurant","category":"food","subcategory":"restaurant","osmType":"node","addr:street":"شارع مازدا","amenity":"restaurant","name:latin":"mta'm al-qwzy"}},{"type":"Feature","id":12624233882,"geometry":{"type":"Point","coordinates":[44.2073364,15.387002]},"properties":{"id":12624233882,"name":"شواية تارجت","type":"restaurant","category":"food","subcategory":"restaurant","osmType":"node","addr:street":"شارع مازدا","amenity":"restaurant","name:latin":"shwaya tarjt"}},{"type":"Feature","id":12624256759,"geometry":{"type":"Point","coordinates":[44.206740700000005,15.387226400000001]},"properties":{"id":12624256759,"name":"مطعم البطل","type":"restaurant","category":"food","subcategory":"restaurant","osmType":"node","addr:street":"شارع مازدا","amenity":"restaurant","name:latin":"mt'm al-btl"}},{"type":"Feature","id":12713832401,"geometry":{"type":"Point","coordinates":[44.157086400000004,15.342612]},"properties":{"id":12713832401,"name":"مطعم الرمان","type":"restaurant","category":"food","subcategory":"restaurant","osmType":"node","addr:street":"طريق صنعاء الحديدة","amenity":"restaurant","cuisine":"beef_bowl;breakfast;chicken;diner;fish;local;tea","name:latin":"mt'm al-rman"}},{"type":"Feature","id":12713832501,"geometry":{"type":"Point","coordinates":[44.16287140000001,15.341345700000002]},"properties":{"id":12713832501,"name":"مطعم الحرازي","type":"restaurant","category":"food","subcategory":"restaurant","osmType":"node","amenity":"restaurant","cuisine":"chicken;diner;steak_house","name:latin":"mt'm al-hrazy"}},{"type":"Feature","id":12729834264,"geometry":{"type":"Point","coordinates":[44.194621700000006,15.369359700000002]},"properties":{"id":12729834264,"name":"مطعم أسماك المرجان","type":"restaurant","category":"food","subcategory":"restaurant","osmType":"node","addr:city":"صنعاء","addr:street":"شارع القاهرة","amenity":"restaurant","name:latin":"mt'm asmak al-mrjan"}},{"type":"Feature","id":12729834265,"geometry":{"type":"Point","coordinates":[44.194600200000004,15.369697000000002]},"properties":{"id":12729834265,"name":"الأمير للعصائر الطازجة والوجبات الخفيفة والبروست","type":"fast_food","category":"food","subcategory":"fast_food","osmType":"node","addr:city":"صنعاء","addr:street":"شارع القاهرة","amenity":"fast_food","name:latin":"al-amyr ll'sa'r al-tazja walwjbat al-khfyfa walbrwst"}},{"type":"Feature","id":12729834266,"geometry":{"type":"Point","coordinates":[44.195237500000005,15.369715600000001]},"properties":{"id":12729834266,"name":"تشيكن هت","type":"restaurant","category":"food","subcategory":"restaurant","osmType":"node","addr:city":"صنعاء","addr:street":"شارع القاهرة","amenity":"restaurant","name:latin":"tshykn ht"}},{"type":"Feature","id":12835023301,"geometry":{"type":"Point","coordinates":[44.1799607,15.3540632]},"properties":{"id":12835023301,"name":"مقهى العدني","type":"cafe","category":"food","subcategory":"cafe","osmType":"node","amenity":"cafe","name:latin":"mqha al-'dny"}},{"type":"Feature","id":12900315249,"geometry":{"type":"Point","coordinates":[44.1940104,15.361150600000002]},"properties":{"id":12900315249,"name":"كافتيريا الصلاة على النبي المختار","type":"fast_food","category":"food","subcategory":"fast_food","osmType":"node","addr:city":"صنعاء","addr:street":"شارع الكويت","amenity":"fast_food","fast_food":"cafeteria","name:latin":"kaftyrya al-slaa 'la al-nby al-mkhtar"}},{"type":"Feature","id":13050621717,"geometry":{"type":"Point","coordinates":[44.188937300000006,15.356778100000001]},"properties":{"id":13050621717,"name":"محمد المعمري للعسل اليمني","type":"fast_food","category":"food","subcategory":"fast_food","osmType":"node","addr:city":"Sana'a","addr:housenumber":"123","addr:street":"خط الدائري جوار مدرسة اسماء للبنات","amenity":"fast_food","branch":"حي النهضة مقابل سوبر مركت الهادي","cuisine":"عسل;العسل_اليمني","drive_through":"no","food:honey":"yes","opening_hours":"24/10","phone":"+967777631349","website":"https://almammryhoney.com","name:latin":"mhmd al-m'mry ll'sl al-ymny"}},{"type":"Feature","id":13183542631,"geometry":{"type":"Point","coordinates":[44.2061597,15.348665300000002]},"properties":{"id":13183542631,"name":"ملك الفراولة","type":"fast_food","category":"food","subcategory":"fast_food","osmType":"node","addr:street":"جسر الصداقة","amenity":"fast_food","cuisine":"juice","name:latin":"mlk al-frawla"}},{"type":"Feature","id":13195931001,"geometry":{"type":"Point","coordinates":[44.180824900000005,15.393749800000002]},"properties":{"id":13195931001,"name":"مطعم ومخبازة ومشويات النهضة","type":"restaurant","category":"food","subcategory":"restaurant","osmType":"node","amenity":"restaurant","name:latin":"mt'm wmkhbaza wmshwyat al-nhda"}},{"type":"Feature","id":13266251259,"geometry":{"type":"Point","coordinates":[44.205837300000006,15.386223500000002]},"properties":{"id":13266251259,"name":"مطعم ومخبازة السهول الخضراء","type":"restaurant","category":"food","subcategory":"restaurant","osmType":"node","amenity":"restaurant","name:latin":"mt'm wmkhbaza al-shwl al-khdra'"}},{"type":"Feature","id":13282416182,"geometry":{"type":"Point","coordinates":[44.20658830000001,15.387095300000002]},"properties":{"id":13282416182,"name":"مطعم العزعزي للعصيد","type":"restaurant","category":"food","subcategory":"restaurant","osmType":"node","amenity":"restaurant","name:latin":"mt'm al-'z'zy ll'syd"}},{"type":"Feature","id":13282459484,"geometry":{"type":"Point","coordinates":[44.20662,15.387119700000001]},"properties":{"id":13282459484,"name":"شاورما وفلافل لبنان","type":"fast_food","category":"food","subcategory":"fast_food","osmType":"node","amenity":"fast_food","name:latin":"shawrma wflafl lbnan"}},{"type":"Feature","id":13433676214,"geometry":{"type":"Point","coordinates":[44.1797429,15.398572500000002]},"properties":{"id":13433676214,"name":"مطعم ومخبازة بن دحان","type":"restaurant","category":"food","subcategory":"restaurant","osmType":"node","amenity":"restaurant","name:latin":"mt'm wmkhbaza bn dhan"}},{"type":"Feature","id":13436370755,"geometry":{"type":"Point","coordinates":[44.221876400000006,15.370973700000002]},"properties":{"id":13436370755,"name":"ايس كريم البرنس2","type":"ice_cream","category":"food","subcategory":"ice_cream","osmType":"node","amenity":"ice_cream","name:latin":"ays krym al-brns2"}},{"type":"Feature","id":13436370766,"geometry":{"type":"Point","coordinates":[44.216718500000006,15.370572800000001]},"properties":{"id":13436370766,"name":"مطعم أصل الشواية","type":"restaurant","category":"food","subcategory":"restaurant","osmType":"node","amenity":"restaurant","name:latin":"mt'm asl al-shwaya"}},{"type":"Feature","id":13436370799,"geometry":{"type":"Point","coordinates":[44.2030661,15.372969000000001]},"properties":{"id":13436370799,"name":"ايس كريم جالكسي","type":"ice_cream","category":"food","subcategory":"ice_cream","osmType":"node","amenity":"ice_cream","name:latin":"ays krym jalksy"}},{"type":"Feature","id":13436435911,"geometry":{"type":"Point","coordinates":[44.202123300000004,15.370506200000001]},"properties":{"id":13436435911,"name":"ركن الفلافل","type":"fast_food","category":"food","subcategory":"fast_food","osmType":"node","amenity":"fast_food","name:latin":"rkn al-flafl"}},{"type":"Feature","id":13436435954,"geometry":{"type":"Point","coordinates":[44.194613100000005,15.372401300000002]},"properties":{"id":13436435954,"name":"ايس كريم الأمير","type":"ice_cream","category":"food","subcategory":"ice_cream","osmType":"node","amenity":"ice_cream","name:latin":"ays krym al-amyr"}},{"type":"Feature","id":13436435978,"geometry":{"type":"Point","coordinates":[44.19209850000001,15.369597800000001]},"properties":{"id":13436435978,"name":"مطاعم ومخبازة الراسني رويال","type":"restaurant","category":"food","subcategory":"restaurant","osmType":"node","amenity":"restaurant","name:latin":"mta'm wmkhbaza al-rasny rwyal"}},{"type":"Feature","id":13436435980,"geometry":{"type":"Point","coordinates":[44.193217000000004,15.369636600000002]},"properties":{"id":13436435980,"name":"بوفية شرف","type":"fast_food","category":"food","subcategory":"fast_food","osmType":"node","amenity":"fast_food","name:latin":"bwfya shrf"}},{"type":"Feature","id":13436435986,"geometry":{"type":"Point","coordinates":[44.197441500000004,15.369807300000002]},"properties":{"id":13436435986,"name":"كافتيريا بن مكرد الصلوي","type":"fast_food","category":"food","subcategory":"fast_food","osmType":"node","amenity":"fast_food","name:latin":"kaftyrya bn mkrd al-slwy"}},{"type":"Feature","id":13436436005,"geometry":{"type":"Point","coordinates":[44.201426600000005,15.367201600000001]},"properties":{"id":13436436005,"name":"شاورما هاوس","type":"fast_food","category":"food","subcategory":"fast_food","osmType":"node","amenity":"fast_food","name:latin":"shawrma haws"}},{"type":"Feature","id":13436436018,"geometry":{"type":"Point","coordinates":[44.192916600000004,15.367916700000002]},"properties":{"id":13436436018,"name":"مقهى المدهش","type":"fast_food","category":"food","subcategory":"fast_food","osmType":"node","amenity":"fast_food","name:latin":"mqha al-mdhsh"}},{"type":"Feature","id":13436436027,"geometry":{"type":"Point","coordinates":[44.1900507,15.369173000000002]},"properties":{"id":13436436027,"name":"فروت بوكس","type":"fast_food","category":"food","subcategory":"fast_food","osmType":"node","amenity":"fast_food","name:latin":"frwt bwks"}},{"type":"Feature","id":13436436028,"geometry":{"type":"Point","coordinates":[44.1898971,15.369071500000002]},"properties":{"id":13436436028,"name":"لقيمات وصوص","type":"fast_food","category":"food","subcategory":"fast_food","osmType":"node","amenity":"fast_food","name:latin":"lqymat wsws"}},{"type":"Feature","id":13436436029,"geometry":{"type":"Point","coordinates":[44.1872236,15.369643000000002]},"properties":{"id":13436436029,"name":"سوبر فوود","type":"fast_food","category":"food","subcategory":"fast_food","osmType":"node","amenity":"fast_food","name:latin":"swbr fwwd"}},{"type":"Feature","id":13437302944,"geometry":{"type":"Point","coordinates":[44.22778,15.334940000000001]},"properties":{"id":13437302944,"name":"افاق للايس كريم","type":"ice_cream","category":"food","subcategory":"ice_cream","osmType":"node","amenity":"ice_cream","name:latin":"afaq llays krym"}},{"type":"Feature","id":13437302957,"geometry":{"type":"Point","coordinates":[44.225256,15.330770200000002]},"properties":{"id":13437302957,"name":"ايس كريم وموهيتو كيان","type":"ice_cream","category":"food","subcategory":"ice_cream","osmType":"node","amenity":"ice_cream","name:latin":"ays krym wmwhytw kyan"}},{"type":"Feature","id":13437302966,"geometry":{"type":"Point","coordinates":[44.222495300000006,15.328933600000001]},"properties":{"id":13437302966,"name":"مطعم نجوم اليمن رويال","type":"restaurant","category":"food","subcategory":"restaurant","osmType":"node","amenity":"restaurant","name:latin":"mt'm njwm al-ymn rwyal"}},{"type":"Feature","id":13437302968,"geometry":{"type":"Point","coordinates":[44.224854300000004,15.329933300000002]},"properties":{"id":13437302968,"name":"بوفية الدملؤة","type":"fast_food","category":"food","subcategory":"fast_food","osmType":"node","amenity":"fast_food","name:latin":"bwfya al-dml'a"}},{"type":"Feature","id":13437302973,"geometry":{"type":"Point","coordinates":[44.21930150000001,15.336639400000001]},"properties":{"id":13437302973,"name":"مملكة البيتزا","type":"fast_food","category":"food","subcategory":"fast_food","osmType":"node","amenity":"fast_food","name:latin":"mmlka al-bytza"}},{"type":"Feature","id":13437302976,"geometry":{"type":"Point","coordinates":[44.2179926,15.335992800000001]},"properties":{"id":13437302976,"name":"الشيباني للشاي العدني والفول البلدي","type":"restaurant","category":"food","subcategory":"restaurant","osmType":"node","amenity":"restaurant","name:latin":"al-shybany llshay al-'dny walfwl al-bldy"}},{"type":"Feature","id":13437302987,"geometry":{"type":"Point","coordinates":[44.222791,15.331388400000002]},"properties":{"id":13437302987,"name":"جست سبايسي","type":"restaurant","category":"food","subcategory":"restaurant","osmType":"node","amenity":"restaurant","name:latin":"jst sbaysy"}},{"type":"Feature","id":13437302990,"geometry":{"type":"Point","coordinates":[44.2229084,15.330369200000002]},"properties":{"id":13437302990,"name":"فلافل سلطان الشام","type":"fast_food","category":"food","subcategory":"fast_food","osmType":"node","amenity":"fast_food","name:latin":"flafl sltan al-sham"}},{"type":"Feature","id":13437302992,"geometry":{"type":"Point","coordinates":[44.222005200000005,15.330257300000001]},"properties":{"id":13437302992,"name":"مطعم رداع للسلتة والفحسة","type":"restaurant","category":"food","subcategory":"restaurant","osmType":"node","amenity":"restaurant","name:latin":"mt'm rda' llslta walfhsa"}},{"type":"Feature","id":13437302993,"geometry":{"type":"Point","coordinates":[44.221725500000005,15.3301978]},"properties":{"id":13437302993,"name":"الأخوين للكباب البلدي","type":"restaurant","category":"food","subcategory":"restaurant","osmType":"node","amenity":"restaurant","name:latin":"al-akhwyn llkbab al-bldy"}},{"type":"Feature","id":13437303008,"geometry":{"type":"Point","coordinates":[44.2198842,15.328565600000001]},"properties":{"id":13437303008,"name":"ايس كريم السعادة","type":"ice_cream","category":"food","subcategory":"ice_cream","osmType":"node","amenity":"ice_cream","name:latin":"ays krym al-s'ada"}},{"type":"Feature","id":13437303009,"geometry":{"type":"Point","coordinates":[44.219442300000004,15.328931]},"properties":{"id":13437303009,"name":"مطعم صنعاء للسلتة والفحسة","type":"restaurant","category":"food","subcategory":"restaurant","osmType":"node","amenity":"restaurant","name:latin":"mt'm sn'a' llslta walfhsa"}},{"type":"Feature","id":13437303017,"geometry":{"type":"Point","coordinates":[44.2174052,15.332464500000002]},"properties":{"id":13437303017,"name":"كافتيريا حماس","type":"fast_food","category":"food","subcategory":"fast_food","osmType":"node","amenity":"fast_food","name:latin":"kaftyrya hmas"}},{"type":"Feature","id":13437303023,"geometry":{"type":"Point","coordinates":[44.21587770000001,15.334284300000002]},"properties":{"id":13437303023,"name":"مطعم أحمد التعزي للعصيد","type":"restaurant","category":"food","subcategory":"restaurant","osmType":"node","amenity":"restaurant","name:latin":"mt'm ahmd al-t'zy ll'syd"}},{"type":"Feature","id":13437303026,"geometry":{"type":"Point","coordinates":[44.217212,15.334985300000001]},"properties":{"id":13437303026,"name":"مطعم صيادية المكلا","type":"restaurant","category":"food","subcategory":"restaurant","osmType":"node","amenity":"restaurant","name:latin":"mt'm syadya al-mkla"}},{"type":"Feature","id":13437303027,"geometry":{"type":"Point","coordinates":[44.216827200000004,15.334949000000002]},"properties":{"id":13437303027,"name":"مطعم تاج القيصر","type":"restaurant","category":"food","subcategory":"restaurant","osmType":"node","amenity":"restaurant","name:latin":"mt'm taj al-qysr"}},{"type":"Feature","id":13437303030,"geometry":{"type":"Point","coordinates":[44.215366700000004,15.336279900000001]},"properties":{"id":13437303030,"name":"مطععم الصافية","type":"restaurant","category":"food","subcategory":"restaurant","osmType":"node","amenity":"restaurant","name:latin":"mt''m al-safya"}},{"type":"Feature","id":13437303038,"geometry":{"type":"Point","coordinates":[44.2113608,15.3350383]},"properties":{"id":13437303038,"name":"مطعم ومخبازة الهناء","type":"restaurant","category":"food","subcategory":"restaurant","osmType":"node","amenity":"restaurant","name:latin":"mt'm wmkhbaza al-hna'"}},{"type":"Feature","id":13437303062,"geometry":{"type":"Point","coordinates":[44.21085660000001,15.334291400000001]},"properties":{"id":13437303062,"name":"فلافل الشام","type":"fast_food","category":"food","subcategory":"fast_food","osmType":"node","amenity":"fast_food","name:latin":"flafl al-sham"}},{"type":"Feature","id":13437303070,"geometry":{"type":"Point","coordinates":[44.2085639,15.334930900000002]},"properties":{"id":13437303070,"name":"مطعم النصر الحديث","type":"restaurant","category":"food","subcategory":"restaurant","osmType":"node","amenity":"restaurant","name:latin":"mt'm al-nsr al-hdyth"}},{"type":"Feature","id":13437303073,"geometry":{"type":"Point","coordinates":[44.2103322,15.335128200000002]},"properties":{"id":13437303073,"name":"ملك الشاهي العدني","type":"cafe","category":"food","subcategory":"cafe","osmType":"node","amenity":"cafe","name:latin":"mlk al-shahy al-'dny"}},{"type":"Feature","id":13437303103,"geometry":{"type":"Point","coordinates":[44.205899800000005,15.335648700000002]},"properties":{"id":13437303103,"name":"مطعم الخطيب","type":"restaurant","category":"food","subcategory":"restaurant","osmType":"node","amenity":"restaurant","name:latin":"mt'm al-khtyb"}},{"type":"Feature","id":13437303116,"geometry":{"type":"Point","coordinates":[44.2172576,15.328747300000002]},"properties":{"id":13437303116,"name":"كافتيريا الرشيد","type":"fast_food","category":"food","subcategory":"fast_food","osmType":"node","amenity":"fast_food","name:latin":"kaftyrya al-rshyd"}},{"type":"Feature","id":13438580874,"geometry":{"type":"Point","coordinates":[44.201726300000004,15.383594300000002]},"properties":{"id":13438580874,"name":"رودي كريم","type":"ice_cream","category":"food","subcategory":"ice_cream","osmType":"node","amenity":"ice_cream","name:latin":"rwdy krym"}},{"type":"Feature","id":13438580878,"geometry":{"type":"Point","coordinates":[44.201889900000005,15.383480500000001]},"properties":{"id":13438580878,"name":"كودو","type":"fast_food","category":"food","subcategory":"fast_food","osmType":"node","amenity":"fast_food","name:latin":"kwdw"}},{"type":"Feature","id":13438580887,"geometry":{"type":"Point","coordinates":[44.205168300000004,15.385588100000001]},"properties":{"id":13438580887,"name":"مطعم مذاق البيت التعزي","type":"restaurant","category":"food","subcategory":"restaurant","osmType":"node","amenity":"restaurant","name:latin":"mt'm mdhaq al-byt al-t'zy"}},{"type":"Feature","id":13452070424,"geometry":{"type":"Point","coordinates":[44.179838600000004,15.354292700000002]},"properties":{"id":13452070424,"name":"فلافيلو","type":"restaurant","category":"food","subcategory":"restaurant","osmType":"node","amenity":"restaurant","name:latin":"flafylw"}},{"type":"Feature","id":13452078575,"geometry":{"type":"Point","coordinates":[44.241807900000005,15.2769676]},"properties":{"id":13452078575,"name":"مطعم المعازيم","type":"restaurant","category":"food","subcategory":"restaurant","osmType":"node","amenity":"restaurant","name:latin":"mt'm al-m'azym"}},{"type":"Feature","id":13452127036,"geometry":{"type":"Point","coordinates":[44.242976000000006,15.279628800000001]},"properties":{"id":13452127036,"name":"مطاعم ومطابخ شبام حضرموت","type":"restaurant","category":"food","subcategory":"restaurant","osmType":"node","amenity":"restaurant","name:latin":"mta'm wmtabkh shbam hdrmwt"}},{"type":"Feature","id":13452127049,"geometry":{"type":"Point","coordinates":[44.2374292,15.278538200000002]},"properties":{"id":13452127049,"name":"مطاعم الفقيه الشعبية","type":"restaurant","category":"food","subcategory":"restaurant","osmType":"node","amenity":"restaurant","name:latin":"mta'm al-fqyh al-sh'bya"}},{"type":"Feature","id":13452127134,"geometry":{"type":"Point","coordinates":[44.2437217,15.287825500000002]},"properties":{"id":13452127134,"name":"فيس فود اللبناني","type":"restaurant","category":"food","subcategory":"restaurant","osmType":"node","amenity":"restaurant","name:latin":"fys fwd al-lbnany"}},{"type":"Feature","id":13452127138,"geometry":{"type":"Point","coordinates":[44.241559800000005,15.287965200000002]},"properties":{"id":13452127138,"name":"بروست وكفتيريا منهاتن","type":"fast_food","category":"food","subcategory":"fast_food","osmType":"node","amenity":"fast_food","name:latin":"brwst wkftyrya mnhatn"}},{"type":"Feature","id":13452127142,"geometry":{"type":"Point","coordinates":[44.2351607,15.287518200000001]},"properties":{"id":13452127142,"name":"الضيعة للمأكولات الشامية","type":"restaurant","category":"food","subcategory":"restaurant","osmType":"node","amenity":"restaurant","name:latin":"al-dy'a llmakwlat al-shamya"}},{"type":"Feature","id":13452127147,"geometry":{"type":"Point","coordinates":[44.2379113,15.286694200000001]},"properties":{"id":13452127147,"name":"مطعم قمة الضيافة","type":"restaurant","category":"food","subcategory":"restaurant","osmType":"node","amenity":"restaurant","name:latin":"mt'm qma al-dyafa"}},{"type":"Feature","id":13452127170,"geometry":{"type":"Point","coordinates":[44.241148800000005,15.287280200000001]},"properties":{"id":13452127170,"name":"مطعم وبروست نجوم الأمجاد","type":"restaurant","category":"food","subcategory":"restaurant","osmType":"node","addr:city":"صنعاء","addr:street":"شارع تعز","amenity":"restaurant","name:latin":"mt'm wbrwst njwm al-amjad"}},{"type":"Feature","id":13452127180,"geometry":{"type":"Point","coordinates":[44.243528500000004,15.287583600000001]},"properties":{"id":13452127180,"name":"هاوس كريم","type":"ice_cream","category":"food","subcategory":"ice_cream","osmType":"node","amenity":"ice_cream","name:latin":"haws krym"}},{"type":"Feature","id":13452172366,"geometry":{"type":"Point","coordinates":[44.194110200000004,15.2993386]},"properties":{"id":13452172366,"name":"مطاعم رافيول","type":"restaurant","category":"food","subcategory":"restaurant","osmType":"node","amenity":"restaurant","name:latin":"mta'm rafywl"}},{"type":"Feature","id":13452172367,"geometry":{"type":"Point","coordinates":[44.193915700000005,15.298484900000002]},"properties":{"id":13452172367,"name":"مطعم راكي","type":"restaurant","category":"food","subcategory":"restaurant","osmType":"node","amenity":"restaurant","name:latin":"mt'm raky"}},{"type":"Feature","id":13452172369,"geometry":{"type":"Point","coordinates":[44.194170500000006,15.298566400000002]},"properties":{"id":13452172369,"name":"بالام برجر","type":"fast_food","category":"food","subcategory":"fast_food","osmType":"node","amenity":"fast_food","name:latin":"balam brjr"}},{"type":"Feature","id":13452172371,"geometry":{"type":"Point","coordinates":[44.19368240000001,15.297244300000001]},"properties":{"id":13452172371,"name":"مطعم 911","type":"restaurant","category":"food","subcategory":"restaurant","osmType":"node","amenity":"restaurant","name:latin":"mt'm 911"}},{"type":"Feature","id":13452172378,"geometry":{"type":"Point","coordinates":[44.189612100000005,15.2975574]},"properties":{"id":13452172378,"name":"جاناش","type":"restaurant","category":"food","subcategory":"restaurant","osmType":"node","amenity":"restaurant","name:latin":"janash"}},{"type":"Feature","id":13452172379,"geometry":{"type":"Point","coordinates":[44.1898696,15.297600000000001]},"properties":{"id":13452172379,"name":"كافيه هانترز","type":"cafe","category":"food","subcategory":"cafe","osmType":"node","amenity":"cafe","name:latin":"kafyh hantrz"}},{"type":"Feature","id":13452172383,"geometry":{"type":"Point","coordinates":[44.188425200000005,15.297079400000001]},"properties":{"id":13452172383,"name":"فرش مينيو","type":"fast_food","category":"food","subcategory":"fast_food","osmType":"node","amenity":"fast_food","name:latin":"frsh mynyw"}},{"type":"Feature","id":13452172385,"geometry":{"type":"Point","coordinates":[44.184292000000006,15.296497900000002]},"properties":{"id":13452172385,"name":"بيتزا هت","type":"fast_food","category":"food","subcategory":"fast_food","osmType":"node","amenity":"fast_food","name:latin":"bytza ht"}},{"type":"Feature","id":13452172389,"geometry":{"type":"Point","coordinates":[44.18517980000001,15.296567800000002]},"properties":{"id":13452172389,"name":"مطعم شهية","type":"restaurant","category":"food","subcategory":"restaurant","osmType":"node","amenity":"restaurant","name:latin":"mt'm shhya"}},{"type":"Feature","id":13452172392,"geometry":{"type":"Point","coordinates":[44.187285300000006,15.2968679]},"properties":{"id":13452172392,"name":"مطعم وكافتيريا يمنات","type":"restaurant","category":"food","subcategory":"restaurant","osmType":"node","amenity":"restaurant","name:latin":"mt'm wkaftyrya ymnat"}},{"type":"Feature","id":13452172399,"geometry":{"type":"Point","coordinates":[44.17849700000001,15.303885500000002]},"properties":{"id":13452172399,"name":"فلافل وبرجر سبايسي","type":"fast_food","category":"food","subcategory":"fast_food","osmType":"node","amenity":"fast_food","name:latin":"flafl wbrjr sbaysy"}},{"type":"Feature","id":13452194202,"geometry":{"type":"Point","coordinates":[44.179211900000006,15.302771700000001]},"properties":{"id":13452194202,"name":"مطعم وكفتيريا الشام الراقي","type":"restaurant","category":"food","subcategory":"restaurant","osmType":"node","amenity":"restaurant","name:latin":"mt'm wkftyrya al-sham al-raqy"}},{"type":"Feature","id":13452194208,"geometry":{"type":"Point","coordinates":[44.186651000000005,15.304677100000001]},"properties":{"id":13452194208,"name":"ممطعم بوحضرم","type":"restaurant","category":"food","subcategory":"restaurant","osmType":"node","amenity":"restaurant","name:latin":"mmt'm bwhdrm"}},{"type":"Feature","id":13452194211,"geometry":{"type":"Point","coordinates":[44.187074700000004,15.301153500000002]},"properties":{"id":13452194211,"name":"تيك تاكوز","type":"fast_food","category":"food","subcategory":"fast_food","osmType":"node","amenity":"fast_food","name:latin":"tyk takwz"}},{"type":"Feature","id":13452194212,"geometry":{"type":"Point","coordinates":[44.184825700000005,15.3035919]},"properties":{"id":13452194212,"name":"مطعم الحضارة","type":"restaurant","category":"food","subcategory":"restaurant","osmType":"node","amenity":"restaurant","name:latin":"mt'm al-hdara"}},{"type":"Feature","id":13452194214,"geometry":{"type":"Point","coordinates":[44.1828268,15.302281500000001]},"properties":{"id":13452194214,"name":"نورث جوس","type":"cafe","category":"food","subcategory":"cafe","osmType":"node","amenity":"cafe","name:latin":"nwrth jws"}},{"type":"Feature","id":13452194215,"geometry":{"type":"Point","coordinates":[44.1829462,15.302348100000001]},"properties":{"id":13452194215,"name":"تويستر","type":"fast_food","category":"food","subcategory":"fast_food","osmType":"node","amenity":"fast_food","name:latin":"twystr"}},{"type":"Feature","id":13452194216,"geometry":{"type":"Point","coordinates":[44.18302190000001,15.3023649]},"properties":{"id":13452194216,"name":"تراك برجر","type":"fast_food","category":"food","subcategory":"fast_food","osmType":"node","amenity":"fast_food","name:latin":"trak brjr"}},{"type":"Feature","id":13452194217,"geometry":{"type":"Point","coordinates":[44.183117800000005,15.302429600000002]},"properties":{"id":13452194217,"name":"مطعم بيست تيست","type":"restaurant","category":"food","subcategory":"restaurant","osmType":"node","amenity":"restaurant","name:latin":"mt'm byst tyst"}},{"type":"Feature","id":13452194226,"geometry":{"type":"Point","coordinates":[44.1810854,15.311164200000002]},"properties":{"id":13452194226,"name":"قهوة لاب","type":"cafe","category":"food","subcategory":"cafe","osmType":"node","amenity":"cafe","name:latin":"qhwa lab"}},{"type":"Feature","id":13452194236,"geometry":{"type":"Point","coordinates":[44.1788578,15.307336600000001]},"properties":{"id":13452194236,"name":"فوفاز سناكز","type":"restaurant","category":"food","subcategory":"restaurant","osmType":"node","amenity":"restaurant","name:latin":"fwfaz snakz"}},{"type":"Feature","id":13452194239,"geometry":{"type":"Point","coordinates":[44.1829187,15.308290000000001]},"properties":{"id":13452194239,"name":"برهوم للمأكولات المصرية الأصيلة","type":"restaurant","category":"food","subcategory":"restaurant","osmType":"node","amenity":"restaurant","name:latin":"brhwm llmakwlat al-msrya al-asyla"}},{"type":"Feature","id":13455410837,"geometry":{"type":"Point","coordinates":[44.1944146,15.334843000000001]},"properties":{"id":13455410837,"name":"نكهات كافيه","type":"cafe","category":"food","subcategory":"cafe","osmType":"node","amenity":"cafe","name:latin":"nkhat kafyh"}},{"type":"Feature","id":13455410839,"geometry":{"type":"Point","coordinates":[44.1984232,15.334271300000001]},"properties":{"id":13455410839,"name":"مطعم 99","type":"restaurant","category":"food","subcategory":"restaurant","osmType":"node","amenity":"restaurant","name:latin":"mt'm 99"}},{"type":"Feature","id":13455410847,"geometry":{"type":"Point","coordinates":[44.198271600000005,15.332279500000002]},"properties":{"id":13455410847,"name":"مطعم التواهي","type":"restaurant","category":"food","subcategory":"restaurant","osmType":"node","amenity":"restaurant","name:latin":"mt'm al-twahy"}},{"type":"Feature","id":13455410849,"geometry":{"type":"Point","coordinates":[44.1943878,15.330854200000001]},"properties":{"id":13455410849,"name":"يمي","type":"fast_food","category":"food","subcategory":"fast_food","osmType":"node","amenity":"fast_food","name:latin":"ymy"}},{"type":"Feature","id":13455410851,"geometry":{"type":"Point","coordinates":[44.195122700000006,15.3298415]},"properties":{"id":13455410851,"name":"ورد للسيدات","type":"cafe","category":"food","subcategory":"cafe","osmType":"node","amenity":"cafe","name:latin":"wrd llsydat"}},{"type":"Feature","id":13455410852,"geometry":{"type":"Point","coordinates":[44.194479,15.329479400000002]},"properties":{"id":13455410852,"name":"مطعم فلامينجو","type":"restaurant","category":"food","subcategory":"restaurant","osmType":"node","amenity":"restaurant","name:latin":"mt'm flamynjw"}},{"type":"Feature","id":13455410853,"geometry":{"type":"Point","coordinates":[44.1942108,15.329087500000002]},"properties":{"id":13455410853,"name":"مارينا آيس كريم","type":"ice_cream","category":"food","subcategory":"ice_cream","osmType":"node","amenity":"ice_cream","name:latin":"maryna ays krym"}},{"type":"Feature","id":13455410858,"geometry":{"type":"Point","coordinates":[44.1998649,15.3248878]},"properties":{"id":13455410858,"name":"كافيه دروب","type":"cafe","category":"food","subcategory":"cafe","osmType":"node","amenity":"cafe","name:latin":"kafyh drwb"}},{"type":"Feature","id":13455410859,"geometry":{"type":"Point","coordinates":[44.20010490000001,15.324865800000001]},"properties":{"id":13455410859,"name":"جارديني","type":"ice_cream","category":"food","subcategory":"ice_cream","osmType":"node","amenity":"ice_cream","name:latin":"jardyny"}},{"type":"Feature","id":13455410867,"geometry":{"type":"Point","coordinates":[44.19873570000001,15.3416834]},"properties":{"id":13455410867,"name":"فلافل الذمراني","type":"fast_food","category":"food","subcategory":"fast_food","osmType":"node","amenity":"fast_food","name:latin":"flafl al-dhmrany"}},{"type":"Feature","id":13455410877,"geometry":{"type":"Point","coordinates":[44.1970754,15.345884100000001]},"properties":{"id":13455410877,"name":"مطعم البلقة","type":"restaurant","category":"food","subcategory":"restaurant","osmType":"node","amenity":"restaurant","name:latin":"mt'm al-blqa"}},{"type":"Feature","id":13455410892,"geometry":{"type":"Point","coordinates":[44.232555600000005,15.380026700000002]},"properties":{"id":13455410892,"name":"مطاعم وبروست الربيع الملكي","type":"restaurant","category":"food","subcategory":"restaurant","osmType":"node","amenity":"restaurant","name:latin":"mta'm wbrwst al-rby' al-mlky"}},{"type":"Feature","id":13455426405,"geometry":{"type":"Point","coordinates":[44.2374413,15.377484500000001]},"properties":{"id":13455426405,"name":"مثلجات عبود","type":"ice_cream","category":"food","subcategory":"ice_cream","osmType":"node","amenity":"ice_cream","name:latin":"mthljat 'bwd"}},{"type":"Feature","id":13455426407,"geometry":{"type":"Point","coordinates":[44.239862,15.378575900000001]},"properties":{"id":13455426407,"name":"مطعم حسين","type":"restaurant","category":"food","subcategory":"restaurant","osmType":"node","amenity":"restaurant","name:latin":"mt'm hsyn"}},{"type":"Feature","id":13455426409,"geometry":{"type":"Point","coordinates":[44.23699070000001,15.378868100000002]},"properties":{"id":13455426409,"name":"هاوس كريم","type":"ice_cream","category":"food","subcategory":"ice_cream","osmType":"node","amenity":"ice_cream","name:latin":"haws krym"}},{"type":"Feature","id":13455426524,"geometry":{"type":"Point","coordinates":[44.237503000000004,15.385336]},"properties":{"id":13455426524,"name":"شورمان","type":"fast_food","category":"food","subcategory":"fast_food","osmType":"node","amenity":"fast_food","name:latin":"shwrman"}},{"type":"Feature","id":13455426544,"geometry":{"type":"Point","coordinates":[44.238384700000005,15.375983800000002]},"properties":{"id":13455426544,"name":"شاورما وفلافل الراقي","type":"fast_food","category":"food","subcategory":"fast_food","osmType":"node","amenity":"fast_food","name:latin":"shawrma wflafl al-raqy"}},{"type":"Feature","id":13455426650,"geometry":{"type":"Point","coordinates":[44.2366929,15.3773487]},"properties":{"id":13455426650,"name":"فاست فود للوجبات السريعة","type":"fast_food","category":"food","subcategory":"fast_food","osmType":"node","amenity":"fast_food","name:latin":"fast fwd llwjbat al-sry'a"}},{"type":"Feature","id":13466614732,"geometry":{"type":"Point","coordinates":[44.193530800000005,15.332873200000002]},"properties":{"id":13466614732,"name":"سفرة جائع","type":"fast_food","category":"food","subcategory":"fast_food","osmType":"node","amenity":"fast_food","name:latin":"sfra ja''"}},{"type":"Feature","id":13466614739,"geometry":{"type":"Point","coordinates":[44.1959408,15.329948900000002]},"properties":{"id":13466614739,"name":"مطعم سوي","type":"restaurant","category":"food","subcategory":"restaurant","osmType":"node","amenity":"restaurant","name:latin":"mt'm swy"}},{"type":"Feature","id":13466614740,"geometry":{"type":"Point","coordinates":[44.1962332,15.329004000000001]},"properties":{"id":13466614740,"name":"نور كافي","type":"cafe","category":"food","subcategory":"cafe","osmType":"node","amenity":"cafe","name:latin":"nwr kafy"}},{"type":"Feature","id":13466614743,"geometry":{"type":"Point","coordinates":[44.198817500000004,15.329249100000002]},"properties":{"id":13466614743,"name":"شواية العولقي","type":"restaurant","category":"food","subcategory":"restaurant","osmType":"node","amenity":"restaurant","cuisine":"chicken","name:latin":"shwaya al-'wlqy"}},{"type":"Feature","id":13466614744,"geometry":{"type":"Point","coordinates":[44.1987444,15.3308031]},"properties":{"id":13466614744,"name":"مطاعم السندباد","type":"restaurant","category":"food","subcategory":"restaurant","osmType":"node","amenity":"restaurant","name:latin":"mta'm al-sndbad"}},{"type":"Feature","id":13466614747,"geometry":{"type":"Point","coordinates":[44.198849,15.332214900000002]},"properties":{"id":13466614747,"name":"مطعم هاوس","type":"restaurant","category":"food","subcategory":"restaurant","osmType":"node","amenity":"restaurant","name:latin":"mt'm haws"}},{"type":"Feature","id":13466614748,"geometry":{"type":"Point","coordinates":[44.198844300000005,15.3322873]},"properties":{"id":13466614748,"name":"21 سنشري","type":"fast_food","category":"food","subcategory":"fast_food","osmType":"node","amenity":"fast_food","name:latin":"21 snshry"}},{"type":"Feature","id":13466614749,"geometry":{"type":"Point","coordinates":[44.1988295,15.332382400000002]},"properties":{"id":13466614749,"name":"شاورما تندوري","type":"fast_food","category":"food","subcategory":"fast_food","osmType":"node","amenity":"fast_food","name:latin":"shawrma tndwry"}},{"type":"Feature","id":13466614756,"geometry":{"type":"Point","coordinates":[44.1982689,15.334555900000002]},"properties":{"id":13466614756,"name":"باسيليكو","type":"restaurant","category":"food","subcategory":"restaurant","osmType":"node","amenity":"restaurant","name:latin":"basylykw"}},{"type":"Feature","id":13466614764,"geometry":{"type":"Point","coordinates":[44.1975266,15.335187000000001]},"properties":{"id":13466614764,"name":"مطعم تشيكن","type":"restaurant","category":"food","subcategory":"restaurant","osmType":"node","amenity":"restaurant","name:latin":"mt'm tshykn"}},{"type":"Feature","id":13466614786,"geometry":{"type":"Point","coordinates":[44.1912536,15.334586900000001]},"properties":{"id":13466614786,"name":"أمين بيتزا","type":"fast_food","category":"food","subcategory":"fast_food","osmType":"node","amenity":"fast_food","name:latin":"amyn bytza"}},{"type":"Feature","id":13466614787,"geometry":{"type":"Point","coordinates":[44.190206200000006,15.335268500000002]},"properties":{"id":13466614787,"name":"سموك هاوس","type":"fast_food","category":"food","subcategory":"fast_food","osmType":"node","amenity":"fast_food","name:latin":"smwk haws"}},{"type":"Feature","id":13466614788,"geometry":{"type":"Point","coordinates":[44.1895055,15.335304700000002]},"properties":{"id":13466614788,"name":"ع الهواء شوا","type":"fast_food","category":"food","subcategory":"fast_food","osmType":"node","amenity":"fast_food","name:latin":"' al-hwa' shwa"}},{"type":"Feature","id":13466614789,"geometry":{"type":"Point","coordinates":[44.189690600000006,15.335033100000002]},"properties":{"id":13466614789,"name":"أمين بيتزا","type":"fast_food","category":"food","subcategory":"fast_food","osmType":"node","amenity":"fast_food","cuisine":"pizza","name:latin":"amyn bytza"}},{"type":"Feature","id":13466614792,"geometry":{"type":"Point","coordinates":[44.1816527,15.335000100000002]},"properties":{"id":13466614792,"name":"كافيه لافونتانا","type":"cafe","category":"food","subcategory":"cafe","osmType":"node","amenity":"cafe","name:latin":"kafyh lafwntana"}},{"type":"Feature","id":13466614794,"geometry":{"type":"Point","coordinates":[44.1817137,15.335329300000001]},"properties":{"id":13466614794,"name":"في كوفي","type":"cafe","category":"food","subcategory":"cafe","osmType":"node","amenity":"cafe","name:latin":"fy kwfy"}},{"type":"Feature","id":13466614796,"geometry":{"type":"Point","coordinates":[44.181367,15.334483400000002]},"properties":{"id":13466614796,"name":"فايف فينجرز","type":"fast_food","category":"food","subcategory":"fast_food","osmType":"node","amenity":"fast_food","name:latin":"fayf fynjrz"}},{"type":"Feature","id":13466614799,"geometry":{"type":"Point","coordinates":[44.179726200000005,15.337033900000002]},"properties":{"id":13466614799,"name":"مطعم أحلى زربيان","type":"restaurant","category":"food","subcategory":"restaurant","osmType":"node","amenity":"restaurant","name:latin":"mt'm ahla zrbyan"}},{"type":"Feature","id":13466614800,"geometry":{"type":"Point","coordinates":[44.18120210000001,15.335675300000002]},"properties":{"id":13466614800,"name":"شواية المكلا","type":"restaurant","category":"food","subcategory":"restaurant","osmType":"node","amenity":"restaurant","name:latin":"shwaya al-mkla"}},{"type":"Feature","id":13466623803,"geometry":{"type":"Point","coordinates":[44.184121600000005,15.335609300000002]},"properties":{"id":13466623803,"name":"الشاورماتي","type":"fast_food","category":"food","subcategory":"fast_food","osmType":"node","amenity":"fast_food","name:latin":"al-shawrmaty"}},{"type":"Feature","id":13466623805,"geometry":{"type":"Point","coordinates":[44.18412360000001,15.3351482]},"properties":{"id":13466623805,"name":"كافتيريا خليفة","type":"fast_food","category":"food","subcategory":"fast_food","osmType":"node","amenity":"fast_food","name:latin":"kaftyrya khlyfa"}},{"type":"Feature","id":13466623806,"geometry":{"type":"Point","coordinates":[44.1840345,15.334412300000002]},"properties":{"id":13466623806,"name":"أكلة وتحلاية","type":"fast_food","category":"food","subcategory":"fast_food","osmType":"node","amenity":"fast_food","name:latin":"akla wthlaya"}},{"type":"Feature","id":13466623811,"geometry":{"type":"Point","coordinates":[44.18394060000001,15.331797100000001]},"properties":{"id":13466623811,"name":"شاورمانيا شاورما على الحطب","type":"fast_food","category":"food","subcategory":"fast_food","osmType":"node","amenity":"fast_food","name:latin":"shawrmanya shawrma 'la al-htb"}},{"type":"Feature","id":13467779537,"geometry":{"type":"Point","coordinates":[44.20983330000001,15.274698400000002]},"properties":{"id":13467779537,"name":"ابن بشير للايسكريم","type":"ice_cream","category":"food","subcategory":"ice_cream","osmType":"node","amenity":"ice_cream","name:latin":"abn bshyr llayskrym"}},{"type":"Feature","id":13467779538,"geometry":{"type":"Point","coordinates":[44.210064,15.275159000000002]},"properties":{"id":13467779538,"name":"مطاعم القمرين للفول","type":"restaurant","category":"food","subcategory":"restaurant","osmType":"node","amenity":"restaurant","name:latin":"mta'm al-qmryn llfwl"}},{"type":"Feature","id":13467779546,"geometry":{"type":"Point","coordinates":[44.2100371,15.275378900000002]},"properties":{"id":13467779546,"name":"مطعم غوار","type":"restaurant","category":"food","subcategory":"restaurant","osmType":"node","amenity":"restaurant","name:latin":"mt'm ghwar"}},{"type":"Feature","id":13467779553,"geometry":{"type":"Point","coordinates":[44.2180395,15.271144500000002]},"properties":{"id":13467779553,"name":"باسل فوود","type":"fast_food","category":"food","subcategory":"fast_food","osmType":"node","amenity":"fast_food","name:latin":"basl fwwd"}},{"type":"Feature","id":13467779562,"geometry":{"type":"Point","coordinates":[44.2174199,15.265750800000001]},"properties":{"id":13467779562,"name":"كباب","type":"fast_food","category":"food","subcategory":"fast_food","osmType":"node","amenity":"fast_food","name:latin":"kbab"}},{"type":"Feature","id":13467781415,"geometry":{"type":"Point","coordinates":[44.2171061,15.264918900000001]},"properties":{"id":13467781415,"name":"مطعم الراسني","type":"restaurant","category":"food","subcategory":"restaurant","osmType":"node","amenity":"restaurant","name:latin":"mt'm al-rasny"}},{"type":"Feature","id":13467781416,"geometry":{"type":"Point","coordinates":[44.216809700000006,15.264030100000001]},"properties":{"id":13467781416,"name":"مطاعم صنعاء الشعبية","type":"restaurant","category":"food","subcategory":"restaurant","osmType":"node","amenity":"restaurant","name:latin":"mta'm sn'a' al-sh'bya"}},{"type":"Feature","id":13467781418,"geometry":{"type":"Point","coordinates":[44.2171316,15.263581100000001]},"properties":{"id":13467781418,"name":"مطاعم وبروست صلالة","type":"restaurant","category":"food","subcategory":"restaurant","osmType":"node","amenity":"restaurant","name:latin":"mta'm wbrwst slala"}},{"type":"Feature","id":13467781449,"geometry":{"type":"Point","coordinates":[44.2155209,15.258840600000001]},"properties":{"id":13467781449,"name":"بوفية الصفوة","type":"fast_food","category":"food","subcategory":"fast_food","osmType":"node","amenity":"fast_food","name:latin":"bwfya al-sfwa"}},{"type":"Feature","id":13467781450,"geometry":{"type":"Point","coordinates":[44.21536270000001,15.259252000000002]},"properties":{"id":13467781450,"name":"فلافل عمو مرتضى","type":"fast_food","category":"food","subcategory":"fast_food","osmType":"node","amenity":"fast_food","name:latin":"flafl 'mw mrtda"}},{"type":"Feature","id":13469712992,"geometry":{"type":"Point","coordinates":[44.25200160000001,15.2327089]},"properties":{"id":13469712992,"name":"مطاعم وبروست ليالي العرب","type":"restaurant","category":"food","subcategory":"restaurant","osmType":"node","amenity":"restaurant","name:latin":"mta'm wbrwst lyaly al-'rb"}},{"type":"Feature","id":13469713017,"geometry":{"type":"Point","coordinates":[44.254099100000005,15.241456000000001]},"properties":{"id":13469713017,"name":"مطاعم أبراج الشرق","type":"restaurant","category":"food","subcategory":"restaurant","osmType":"node","amenity":"restaurant","name:latin":"mta'm abraj al-shrq"}},{"type":"Feature","id":13469713021,"geometry":{"type":"Point","coordinates":[44.254418300000005,15.241600900000002]},"properties":{"id":13469713021,"name":"وقت الفلافل","type":"fast_food","category":"food","subcategory":"fast_food","osmType":"node","amenity":"fast_food","name:latin":"wqt al-flafl"}},{"type":"Feature","id":13469713034,"geometry":{"type":"Point","coordinates":[44.254646300000005,15.2463729]},"properties":{"id":13469713034,"name":"بوفية ومخبازة السامعي","type":"fast_food","category":"food","subcategory":"fast_food","osmType":"node","amenity":"fast_food","name:latin":"bwfya wmkhbaza al-sam'y"}},{"type":"Feature","id":13469713201,"geometry":{"type":"Point","coordinates":[44.2166032,15.268755600000002]},"properties":{"id":13469713201,"name":"مطعم الدار للفول والتميز والمطبق","type":"restaurant","category":"food","subcategory":"restaurant","osmType":"node","amenity":"restaurant","name:latin":"mt'm al-dar llfwl waltmyz walmtbq"}},{"type":"Feature","id":13469713228,"geometry":{"type":"Point","coordinates":[44.2300035,15.270616700000001]},"properties":{"id":13469713228,"name":"فريزو كافيه","type":"cafe","category":"food","subcategory":"cafe","osmType":"node","amenity":"cafe","name:latin":"fryzw kafyh"}},{"type":"Feature","id":13469713233,"geometry":{"type":"Point","coordinates":[44.2287254,15.2701173]},"properties":{"id":13469713233,"name":"بروستد كي","type":"fast_food","category":"food","subcategory":"fast_food","osmType":"node","amenity":"fast_food","name:latin":"brwstd ky"}},{"type":"Feature","id":13469713244,"geometry":{"type":"Point","coordinates":[44.23108980000001,15.269615900000002]},"properties":{"id":13469713244,"name":"كافتيريا فايف ستارز","type":"fast_food","category":"food","subcategory":"fast_food","osmType":"node","amenity":"fast_food","name:latin":"kaftyrya fayf starz"}},{"type":"Feature","id":13469713282,"geometry":{"type":"Point","coordinates":[44.226855900000004,15.264327600000001]},"properties":{"id":13469713282,"name":"فلافل المذاق","type":"fast_food","category":"food","subcategory":"fast_food","osmType":"node","amenity":"fast_food","name:latin":"flafl al-mdhaq"}},{"type":"Feature","id":13470922413,"geometry":{"type":"Point","coordinates":[44.184417700000004,15.388732000000001]},"properties":{"id":13470922413,"name":"عالم السندوتشات","type":"fast_food","category":"food","subcategory":"fast_food","osmType":"node","amenity":"fast_food","name:latin":"'alm al-sndwtshat"}},{"type":"Feature","id":13470922414,"geometry":{"type":"Point","coordinates":[44.234245300000005,15.292013200000001]},"properties":{"id":13470922414,"name":"ترند كافيه","type":"cafe","category":"food","subcategory":"cafe","osmType":"node","amenity":"cafe","name:latin":"trnd kafyh"}},{"type":"Feature","id":13470929362,"geometry":{"type":"Point","coordinates":[44.1946602,15.331111900000002]},"properties":{"id":13470929362,"name":"ايفا كافيه","type":"cafe","category":"food","subcategory":"cafe","osmType":"node","amenity":"cafe","name:latin":"ayfa kafyh"}},{"type":"Feature","id":13470946557,"geometry":{"type":"Point","coordinates":[44.182801000000005,15.3022778]},"properties":{"id":13470946557,"name":"كشرينا","type":"fast_food","category":"food","subcategory":"fast_food","osmType":"node","amenity":"fast_food","name:latin":"kshryna"}},{"type":"Feature","id":13470955376,"geometry":{"type":"Point","coordinates":[44.199333200000005,15.295750600000002]},"properties":{"id":13470955376,"name":"ساندوتشات السلطان","type":"fast_food","category":"food","subcategory":"fast_food","osmType":"node","amenity":"fast_food","name:latin":"sandwtshat al-sltan"}},{"type":"Feature","id":13470970338,"geometry":{"type":"Point","coordinates":[44.2444344,15.303832100000001]},"properties":{"id":13470970338,"name":"ملك الشواية والبروست","type":"fast_food","category":"food","subcategory":"fast_food","osmType":"node","amenity":"fast_food","name:latin":"mlk al-shwaya walbrwst"}},{"type":"Feature","id":13470974673,"geometry":{"type":"Point","coordinates":[44.2256317,15.2857847]},"properties":{"id":13470974673,"name":"مطعم مأكولات شامية","type":"restaurant","category":"food","subcategory":"restaurant","osmType":"node","amenity":"restaurant","name:latin":"mt'm makwlat shamya"}},{"type":"Feature","id":13470981715,"geometry":{"type":"Point","coordinates":[44.198165900000006,15.334655800000002]},"properties":{"id":13470981715,"name":"مطعم خبزي وعجيني","type":"restaurant","category":"food","subcategory":"restaurant","osmType":"node","amenity":"restaurant","name:latin":"mt'm khbzy w'jyny"}},{"type":"Feature","id":13470982810,"geometry":{"type":"Point","coordinates":[44.181213400000004,15.352625800000002]},"properties":{"id":13470982810,"name":"الأكابر فوود","type":"fast_food","category":"food","subcategory":"fast_food","osmType":"node","amenity":"fast_food","name:latin":"al-akabr fwwd"}},{"type":"Feature","id":13470986186,"geometry":{"type":"Point","coordinates":[44.174892400000004,15.359807000000002]},"properties":{"id":13470986186,"name":"مطعم بيت المندي","type":"restaurant","category":"food","subcategory":"restaurant","osmType":"node","amenity":"restaurant","name:latin":"mt'm byt al-mndy"}},{"type":"Feature","id":13470986494,"geometry":{"type":"Point","coordinates":[44.1830482,15.356106800000001]},"properties":{"id":13470986494,"name":"المجرة للوجبات السريعة","type":"fast_food","category":"food","subcategory":"fast_food","osmType":"node","amenity":"fast_food","name:latin":"al-mjra llwjbat al-sry'a"}},{"type":"Feature","id":13470988484,"geometry":{"type":"Point","coordinates":[44.1936188,15.297227900000001]},"properties":{"id":13470988484,"name":"الأمير بيتزا","type":"fast_food","category":"food","subcategory":"fast_food","osmType":"node","amenity":"fast_food","name:latin":"al-amyr bytza"}},{"type":"Feature","id":13473682517,"geometry":{"type":"Point","coordinates":[44.198494000000004,15.337576900000002]},"properties":{"id":13473682517,"name":"مطعم فرايديز","type":"restaurant","category":"food","subcategory":"restaurant","osmType":"node","amenity":"restaurant","name:latin":"mt'm fraydyz"}},{"type":"Feature","id":13475400706,"geometry":{"type":"Point","coordinates":[44.179095200000006,15.359522700000001]},"properties":{"id":13475400706,"name":"دكتور شواية","type":"restaurant","category":"food","subcategory":"restaurant","osmType":"node","amenity":"restaurant","cuisine":"chicken","name:latin":"dktwr shwaya"}},{"type":"Feature","id":13475400712,"geometry":{"type":"Point","coordinates":[44.178703600000006,15.360854600000001]},"properties":{"id":13475400712,"name":"لؤي للوجبات الشامية","type":"fast_food","category":"food","subcategory":"fast_food","osmType":"node","amenity":"fast_food","name:latin":"l'y llwjbat al-shamya"}},{"type":"Feature","id":13475400718,"geometry":{"type":"Point","coordinates":[44.1745103,15.3589119]},"properties":{"id":13475400718,"name":"مطعم جريف","type":"restaurant","category":"food","subcategory":"restaurant","osmType":"node","amenity":"restaurant","name:latin":"mt'm jryf"}},{"type":"Feature","id":13475400719,"geometry":{"type":"Point","coordinates":[44.1744938,15.358691100000001]},"properties":{"id":13475400719,"name":"المطعم الفيتنامي","type":"restaurant","category":"food","subcategory":"restaurant","osmType":"node","amenity":"restaurant","name:latin":"al-mt'm al-fytnamy"}},{"type":"Feature","id":13475400720,"geometry":{"type":"Point","coordinates":[44.1764639,15.359256300000002]},"properties":{"id":13475400720,"name":"حواء لا ينسى","type":"restaurant","category":"food","subcategory":"restaurant","osmType":"node","amenity":"restaurant","name:latin":"hwa' la ynsa"}},{"type":"Feature","id":13475400724,"geometry":{"type":"Point","coordinates":[44.178782700000006,15.3603283]},"properties":{"id":13475400724,"name":"شواية الملكي","type":"restaurant","category":"food","subcategory":"restaurant","osmType":"node","amenity":"restaurant","cuisine":"chicken","name:latin":"shwaya al-mlky"}},{"type":"Feature","id":13475400738,"geometry":{"type":"Point","coordinates":[44.17653370000001,15.3593895]},"properties":{"id":13475400738,"name":"فلافل لبنان","type":"fast_food","category":"food","subcategory":"fast_food","osmType":"node","amenity":"fast_food","name:latin":"flafl lbnan"}},{"type":"Feature","id":13475400740,"geometry":{"type":"Point","coordinates":[44.1762494,15.359363600000002]},"properties":{"id":13475400740,"name":"بوفية فلفول","type":"fast_food","category":"food","subcategory":"fast_food","osmType":"node","amenity":"fast_food","name:latin":"bwfya flfwl"}},{"type":"Feature","id":13475400746,"geometry":{"type":"Point","coordinates":[44.174367800000006,15.359821400000001]},"properties":{"id":13475400746,"name":"كافتيريا خليجي 20","type":"fast_food","category":"food","subcategory":"fast_food","osmType":"node","amenity":"fast_food","name:latin":"kaftyrya khlyjy 20"}},{"type":"Feature","id":13485054541,"geometry":{"type":"Point","coordinates":[44.197620400000005,15.345171]},"properties":{"id":13485054541,"name":"توب سبايسي","type":"fast_food","category":"food","subcategory":"fast_food","osmType":"node","amenity":"fast_food","name:latin":"twb sbaysy"}},{"type":"Feature","id":13485072020,"geometry":{"type":"Point","coordinates":[44.223129300000004,15.286313100000001]},"properties":{"id":13485072020,"name":"بيتزا تايم","type":"fast_food","category":"food","subcategory":"fast_food","osmType":"node","amenity":"fast_food","name:latin":"bytza taym"}},{"type":"Feature","id":13485080635,"geometry":{"type":"Point","coordinates":[44.22760770000001,15.3161716]},"properties":{"id":13485080635,"name":"مطعم توب شيف","type":"restaurant","category":"food","subcategory":"restaurant","osmType":"node","amenity":"restaurant","name:latin":"mt'm twb shyf"}},{"type":"Feature","id":13503311514,"geometry":{"type":"Point","coordinates":[44.2038857,15.383139400000001]},"properties":{"id":13503311514,"name":"كافتيريا أحلى مكان","type":"fast_food","category":"food","subcategory":"fast_food","osmType":"node","amenity":"fast_food","name:latin":"kaftyrya ahla mkan"}},{"type":"Feature","id":13507413509,"geometry":{"type":"Point","coordinates":[44.206441100000006,15.387135700000002]},"properties":{"id":13507413509,"name":"السروري لعالم الكباب","type":"fast_food","category":"food","subcategory":"fast_food","osmType":"node","amenity":"fast_food","name:latin":"al-srwry l'alm al-kbab"}},{"type":"Feature","id":13508168480,"geometry":{"type":"Point","coordinates":[44.2047887,15.383065100000001]},"properties":{"id":13508168480,"name":"المختار للفلافل والشبس","type":"fast_food","category":"food","subcategory":"fast_food","osmType":"node","amenity":"fast_food","name:latin":"al-mkhtar llflafl walshbs"}},{"type":"Feature","id":13508176295,"geometry":{"type":"Point","coordinates":[44.203993600000004,15.3830389]},"properties":{"id":13508176295,"name":"ايس كريم السوري","type":"ice_cream","category":"food","subcategory":"ice_cream","osmType":"node","amenity":"ice_cream","name:latin":"ays krym al-swry"}},{"type":"Feature","id":13518556070,"geometry":{"type":"Point","coordinates":[44.197248,15.306237500000002]},"properties":{"id":13518556070,"name":"مطعم حواء لا ينسى","type":"restaurant","category":"food","subcategory":"restaurant","osmType":"node","amenity":"restaurant","name:latin":"mt'm hwa' la ynsa"}},{"type":"Feature","id":13518640380,"geometry":{"type":"Point","coordinates":[44.2234562,15.324243700000002]},"properties":{"id":13518640380,"name":"مطعم فرش فود","type":"fast_food","category":"food","subcategory":"fast_food","osmType":"node","amenity":"fast_food","name:latin":"mt'm frsh fwd"}},{"type":"Feature","id":13518704506,"geometry":{"type":"Point","coordinates":[44.2237245,15.321418800000002]},"properties":{"id":13518704506,"name":"بروستد تايم","type":"fast_food","category":"food","subcategory":"fast_food","osmType":"node","amenity":"fast_food","name:latin":"brwstd taym"}},{"type":"Feature","id":13518704507,"geometry":{"type":"Point","coordinates":[44.2238465,15.321321800000002]},"properties":{"id":13518704507,"name":"سمير للوجبات الخفيفة","type":"fast_food","category":"food","subcategory":"fast_food","osmType":"node","amenity":"fast_food","name:latin":"smyr llwjbat al-khfyfa"}},{"type":"Feature","id":13518704524,"geometry":{"type":"Point","coordinates":[44.224731600000005,15.330193300000001]},"properties":{"id":13518704524,"name":"مطعم الصنعاني للسلتة والفحسة","type":"restaurant","category":"food","subcategory":"restaurant","osmType":"node","amenity":"restaurant","name:latin":"mt'm al-sn'any llslta walfhsa"}},{"type":"Feature","id":13518704535,"geometry":{"type":"Point","coordinates":[44.2248255,15.3245593]},"properties":{"id":13518704535,"name":"آيس كريم تايم","type":"ice_cream","category":"food","subcategory":"ice_cream","osmType":"node","amenity":"ice_cream","name:latin":"ays krym taym"}},{"type":"Feature","id":13518704544,"geometry":{"type":"Point","coordinates":[44.22774510000001,15.322316400000002]},"properties":{"id":13518704544,"name":"المعلم للفلافل","type":"fast_food","category":"food","subcategory":"fast_food","osmType":"node","amenity":"fast_food","name:latin":"al-m'lm llflafl"}},{"type":"Feature","id":13518704562,"geometry":{"type":"Point","coordinates":[44.222918400000005,15.3193984]},"properties":{"id":13518704562,"name":"بوفية الحرازي","type":"fast_food","category":"food","subcategory":"fast_food","osmType":"node","amenity":"fast_food","name:latin":"bwfya al-hrazy"}},{"type":"Feature","id":13518704565,"geometry":{"type":"Point","coordinates":[44.2234884,15.318119200000002]},"properties":{"id":13518704565,"name":"مطعم شاورما هت 2","type":"restaurant","category":"food","subcategory":"restaurant","osmType":"node","amenity":"restaurant","name:latin":"mt'm shawrma ht 2"}},{"type":"Feature","id":13518704586,"geometry":{"type":"Point","coordinates":[44.228198400000004,15.322674700000002]},"properties":{"id":13518704586,"name":"أبو زياد للكباب البلدي","type":"fast_food","category":"food","subcategory":"fast_food","osmType":"node","amenity":"fast_food","name:latin":"abw zyad llkbab al-bldy"}},{"type":"Feature","id":13518704587,"geometry":{"type":"Point","coordinates":[44.22790740000001,15.322693500000002]},"properties":{"id":13518704587,"name":"مطعم فول وتميس","type":"restaurant","category":"food","subcategory":"restaurant","osmType":"node","amenity":"restaurant","name:latin":"mt'm fwl wtmys"}},{"type":"Feature","id":13518704600,"geometry":{"type":"Point","coordinates":[44.229405400000005,15.319401000000001]},"properties":{"id":13518704600,"name":"كافتيريا الشيباني","type":"fast_food","category":"food","subcategory":"fast_food","osmType":"node","amenity":"fast_food","name:latin":"kaftyrya al-shybany"}},{"type":"Feature","id":13518704630,"geometry":{"type":"Point","coordinates":[44.227220700000004,15.316970600000001]},"properties":{"id":13518704630,"name":"مطعم العزعزي","type":"restaurant","category":"food","subcategory":"restaurant","osmType":"node","amenity":"restaurant","name:latin":"mt'm al-'z'zy"}},{"type":"Feature","id":13518704631,"geometry":{"type":"Point","coordinates":[44.2274407,15.317056000000001]},"properties":{"id":13518704631,"name":"النجم 2 للايس كريم","type":"ice_cream","category":"food","subcategory":"ice_cream","osmType":"node","amenity":"ice_cream","name:latin":"al-njm 2 llays krym"}},{"type":"Feature","id":13518704640,"geometry":{"type":"Point","coordinates":[44.230007500000006,15.317203400000002]},"properties":{"id":13518704640,"name":"كافتيريا دبي","type":"fast_food","category":"food","subcategory":"fast_food","osmType":"node","amenity":"fast_food","name:latin":"kaftyrya dby"}},{"type":"Feature","id":13518744804,"geometry":{"type":"Point","coordinates":[44.232359800000005,15.310609200000002]},"properties":{"id":13518744804,"name":"مطعم الراسني","type":"restaurant","category":"food","subcategory":"restaurant","osmType":"node","amenity":"restaurant","name:latin":"mt'm al-rasny"}},{"type":"Feature","id":13518744814,"geometry":{"type":"Point","coordinates":[44.234217300000005,15.308105000000001]},"properties":{"id":13518744814,"name":"ناندوز","type":"fast_food","category":"food","subcategory":"fast_food","osmType":"node","amenity":"fast_food","name:latin":"nandwz"}},{"type":"Feature","id":13518744815,"geometry":{"type":"Point","coordinates":[44.233963800000005,15.310401]},"properties":{"id":13518744815,"name":"جست سبايسي","type":"fast_food","category":"food","subcategory":"fast_food","osmType":"node","amenity":"fast_food","name:latin":"jst sbaysy"}},{"type":"Feature","id":13518744821,"geometry":{"type":"Point","coordinates":[44.2337251,15.309521400000001]},"properties":{"id":13518744821,"name":"كافتيريا ركن الربيع الطازج","type":"fast_food","category":"food","subcategory":"fast_food","osmType":"node","amenity":"fast_food","name:latin":"kaftyrya rkn al-rby' al-tazj"}},{"type":"Feature","id":13518744824,"geometry":{"type":"Point","coordinates":[44.2334273,15.308973000000002]},"properties":{"id":13518744824,"name":"مطاعم المكلا حضرموت","type":"restaurant","category":"food","subcategory":"restaurant","osmType":"node","amenity":"restaurant","name:latin":"mta'm al-mkla hdrmwt"}},{"type":"Feature","id":13518744845,"geometry":{"type":"Point","coordinates":[44.22406110000001,15.308143800000002]},"properties":{"id":13518744845,"name":"قفلافل ماكس","type":"fast_food","category":"food","subcategory":"fast_food","osmType":"node","amenity":"fast_food","name:latin":"qflafl maks"}},{"type":"Feature","id":13518744851,"geometry":{"type":"Point","coordinates":[44.227828200000005,15.3088022]},"properties":{"id":13518744851,"name":"مروان للدجاج","type":"restaurant","category":"food","subcategory":"restaurant","osmType":"node","amenity":"restaurant","cuisine":"chicken","name:latin":"mrwan lldjaj"}},{"type":"Feature","id":13518744861,"geometry":{"type":"Point","coordinates":[44.2315042,15.310564000000001]},"properties":{"id":13518744861,"name":"قفلافل وبروست الراقي","type":"fast_food","category":"food","subcategory":"fast_food","osmType":"node","amenity":"fast_food","name:latin":"qflafl wbrwst al-raqy"}},{"type":"Feature","id":13518744865,"geometry":{"type":"Point","coordinates":[44.231061600000004,15.310398400000002]},"properties":{"id":13518744865,"name":"وجبات سفن إيت","type":"fast_food","category":"food","subcategory":"fast_food","osmType":"node","amenity":"fast_food","name:latin":"wjbat sfn iyt"}},{"type":"Feature","id":13518744884,"geometry":{"type":"Point","coordinates":[44.2271617,15.3115108]},"properties":{"id":13518744884,"name":"ناصر للشبس","type":"fast_food","category":"food","subcategory":"fast_food","osmType":"node","amenity":"fast_food","name:latin":"nasr llshbs"}},{"type":"Feature","id":13518744887,"geometry":{"type":"Point","coordinates":[44.227188500000004,15.311151200000001]},"properties":{"id":13518744887,"name":"دجاج العاصمة","type":"restaurant","category":"food","subcategory":"restaurant","osmType":"node","amenity":"restaurant","cuisine":"chicken","name:latin":"djaj al-'asma"}},{"type":"Feature","id":13518744891,"geometry":{"type":"Point","coordinates":[44.226432100000004,15.311225000000002]},"properties":{"id":13518744891,"name":"وجبات العم طارق","type":"fast_food","category":"food","subcategory":"fast_food","osmType":"node","amenity":"fast_food","name:latin":"wjbat al-'m tarq"}},{"type":"Feature","id":13518892428,"geometry":{"type":"Point","coordinates":[44.202704000000004,15.348215900000001]},"properties":{"id":13518892428,"name":"مطعم السريع للبيتزا","type":"restaurant","category":"food","subcategory":"restaurant","osmType":"node","amenity":"restaurant","cuisine":"pizza","name:latin":"mt'm al-sry' llbytza"}},{"type":"Feature","id":13518892506,"geometry":{"type":"Point","coordinates":[44.189943400000004,15.3507209]},"properties":{"id":13518892506,"name":"كويك نودلز","type":"fast_food","category":"food","subcategory":"fast_food","osmType":"node","amenity":"fast_food","name:latin":"kwyk nwdlz"}},{"type":"Feature","id":13518892515,"geometry":{"type":"Point","coordinates":[44.191770000000005,15.349879000000001]},"properties":{"id":13518892515,"name":"مطعم تيك أوي","type":"fast_food","category":"food","subcategory":"fast_food","osmType":"node","amenity":"fast_food","name:latin":"mt'm tyk awy"}},{"type":"Feature","id":13518892549,"geometry":{"type":"Point","coordinates":[44.1904758,15.3467493]},"properties":{"id":13518892549,"name":"زاك سناك","type":"fast_food","category":"food","subcategory":"fast_food","osmType":"node","amenity":"fast_food","name:latin":"zak snak"}},{"type":"Feature","id":13518892573,"geometry":{"type":"Point","coordinates":[44.191879300000004,15.347362300000002]},"properties":{"id":13518892573,"name":"مطعم تعز","type":"restaurant","category":"food","subcategory":"restaurant","osmType":"node","amenity":"restaurant","name:latin":"mt'm t'z"}},{"type":"Feature","id":13518921229,"geometry":{"type":"Point","coordinates":[44.20133740000001,15.351755500000001]},"properties":{"id":13518921229,"name":"الكوري للخمير والخبز الطاوة","type":"fast_food","category":"food","subcategory":"fast_food","osmType":"node","amenity":"fast_food","name:latin":"al-kwry llkhmyr walkhbz al-tawa"}},{"type":"Feature","id":13518921230,"geometry":{"type":"Point","coordinates":[44.201356200000006,15.351984400000001]},"properties":{"id":13518921230,"name":"مطعم جلاكسي","type":"restaurant","category":"food","subcategory":"restaurant","osmType":"node","amenity":"restaurant","name:latin":"mt'm jlaksy"}},{"type":"Feature","id":13518921264,"geometry":{"type":"Point","coordinates":[44.2040008,15.3527087]},"properties":{"id":13518921264,"name":"بيت العصير للوجبات والعصائر","type":"fast_food","category":"food","subcategory":"fast_food","osmType":"node","amenity":"fast_food","name:latin":"byt al-'syr llwjbat wal'sa'r"}},{"type":"Feature","id":13521156699,"geometry":{"type":"Point","coordinates":[44.217318000000006,15.380765700000001]},"properties":{"id":13521156699,"name":"مطعم ومندي البادية","type":"restaurant","category":"food","subcategory":"restaurant","osmType":"node","amenity":"restaurant","name:latin":"mt'm wmndy al-badya"}},{"type":"Feature","id":13521158001,"geometry":{"type":"Point","coordinates":[44.216638100000004,15.380449500000001]},"properties":{"id":13521158001,"name":"مطعم الطويل","type":"restaurant","category":"food","subcategory":"restaurant","osmType":"node","amenity":"restaurant","name:latin":"mt'm al-twyl"}},{"type":"Feature","id":13521158008,"geometry":{"type":"Point","coordinates":[44.213790900000006,15.379733800000002]},"properties":{"id":13521158008,"name":"فلافل وشاوارما ابن الشام","type":"fast_food","category":"food","subcategory":"fast_food","osmType":"node","amenity":"fast_food","name:latin":"flafl wshawarma abn al-sham"}},{"type":"Feature","id":13521158068,"geometry":{"type":"Point","coordinates":[44.20217830000001,15.362309500000002]},"properties":{"id":13521158068,"name":"مطعم تونس","type":"restaurant","category":"food","subcategory":"restaurant","osmType":"node","amenity":"restaurant","name:latin":"mt'm twns"}},{"type":"Feature","id":13521158069,"geometry":{"type":"Point","coordinates":[44.202176900000005,15.3627207]},"properties":{"id":13521158069,"name":"مطعم وبروست جراند باشا","type":"restaurant","category":"food","subcategory":"restaurant","osmType":"node","amenity":"restaurant","name:latin":"mt'm wbrwst jrand basha"}},{"type":"Feature","id":13521158071,"geometry":{"type":"Point","coordinates":[44.2013401,15.363163600000002]},"properties":{"id":13521158071,"name":"مطعم وبروست العربي","type":"restaurant","category":"food","subcategory":"restaurant","osmType":"node","amenity":"restaurant","name:latin":"mt'm wbrwst al-'rby"}},{"type":"Feature","id":13569213187,"geometry":{"type":"Point","coordinates":[44.20490650000001,15.277759600000001]},"properties":{"id":13569213187,"name":"نواة كوفي للقهوة اليمنية الفاخرة","type":"cafe","category":"food","subcategory":"cafe","osmType":"node","amenity":"cafe","name:latin":"nwaa kwfy llqhwa al-ymnya al-fakhra"}},{"type":"Feature","id":1027480974,"geometry":{"type":"Polygon","coordinates":[[[44.166796600000005,15.3814413],[44.16714880000001,15.381649600000001],[44.16726620000001,15.381427700000001],[44.1670595,15.3813688],[44.1669515,15.381359800000002],[44.166878700000005,15.381382400000001],[44.166796600000005,15.3814413]]]},"properties":{"id":1027480974,"name":"مطاعم الفقيه الشعبية للسلتة","type":"restaurant","category":"food","subcategory":"restaurant","osmType":"way","addr:street":"خط وادي ظهر - شبام","amenity":"restaurant","building":"yes","name:latin":"mta'm al-fqyh al-sh'bya llslta"}},{"type":"Feature","id":1089171473,"geometry":{"type":"Polygon","coordinates":[[[44.2706712,15.283634700000002],[44.2705337,15.283469700000001],[44.2703143,15.283600200000002],[44.2704244,15.283754400000001],[44.270518200000005,15.2836908],[44.27055180000001,15.283735000000002],[44.2706712,15.283634700000002]]]},"properties":{"id":1089171473,"name":"كفتيريا الؤلؤة","type":"restaurant","category":"food","subcategory":"restaurant","osmType":"way","amenity":"restaurant","building":"yes","cuisine":"arab","name:latin":"kftyrya al-'l'a"}},{"type":"Feature","id":1170949191,"geometry":{"type":"Polygon","coordinates":[[[44.209726700000004,15.385010800000002],[44.209863000000006,15.384833400000002],[44.2096321,15.3847897],[44.209563700000004,15.384956500000001],[44.209726700000004,15.385010800000002]]]},"properties":{"id":1170949191,"name":"مطعم القرموشي","type":"restaurant","category":"food","subcategory":"restaurant","osmType":"way","amenity":"restaurant","name:latin":"mt'm al-qrmwshy"}},{"type":"Feature","id":1182563537,"geometry":{"type":"Polygon","coordinates":[[[44.175788000000004,15.384266600000002],[44.1758242,15.384283500000002],[44.175838600000006,15.3842379],[44.1758024,15.384224600000001],[44.175788000000004,15.384266600000002]]]},"properties":{"id":1182563537,"name":"باسكن روينز","type":"ice_cream","category":"food","subcategory":"ice_cream","osmType":"way","amenity":"ice_cream","name:latin":"baskn rwynz"}}]}