{"type":"FeatureCollection","features":[{"type":"Feature","id":265965072,"geometry":{"type":"Point","coordinates":[44.1955904,15.307878100000002]},"properties":{"id":265965072,"name":"صيدلية كل الناس","type":"pharmacy","category":"healthcare","subcategory":"pharmacy","osmType":"node","addr:city":"صنعاء","addr:street":"شارع بيروت","amenity":"pharmacy","healthcare":"pharmacy","name:latin":"sydlya kl al-nas"}},{"type":"Feature","id":450157266,"geometry":{"type":"Point","coordinates":[44.179802900000006,15.341499]},"properties":{"id":450157266,"name":"مستشفى أنا وطفلي التخصصي","type":"hospital","category":"healthcare","subcategory":"hospital","osmType":"node","alt_name":"Me & My Child Specialized Hospital","amenity":"hospital","description":"مستشفى \"أنا وطفلي\" هو مستشفى طبي متخصص يهدف إلى تقديم الرعاية الصحية المتميزة للنساء والأطفال على المستوى المحلي والإقليمي. نحن نسعى جاهدين لأن نكون الخيار الأول والأفضل لصحة المرأة والطفل في منطقتنا.\r\n\r\nنحن نقدم خدمات طبية تخصصية آمنة وعالية الجودة","name:ar":"مستشفى أنا وطفلي التخصصي","name:en":"Me & My Child Specialized Hospital","phone":"01213030","website":"www.mamch.com"}},{"type":"Feature","id":606150487,"geometry":{"type":"Point","coordinates":[44.2138873,15.354848400000002]},"properties":{"id":606150487,"name":"","type":"hospital","category":"healthcare","subcategory":"hospital","osmType":"node","amenity":"hospital"}},{"type":"Feature","id":606150489,"geometry":{"type":"Point","coordinates":[44.214351300000004,15.354787100000001]},"properties":{"id":606150489,"name":"","type":"pharmacy","category":"healthcare","subcategory":"pharmacy","osmType":"node","amenity":"pharmacy"}},{"type":"Feature","id":606150491,"geometry":{"type":"Point","coordinates":[44.2144625,15.354922000000002]},"properties":{"id":606150491,"name":"","type":"pharmacy","category":"healthcare","subcategory":"pharmacy","osmType":"node","amenity":"pharmacy"}},{"type":"Feature","id":704297320,"geometry":{"type":"Point","coordinates":[44.199266200000004,15.3187656]},"properties":{"id":704297320,"name":"المستشفى اليمني الألماني","type":"hospital","category":"healthcare","subcategory":"hospital","osmType":"node","addr:street":"شارع حدة","amenity":"hospital","name:ar":"المستشفى اليمني الألماني","name:en":"Yemeni German Hospital","opening_hours":"24/7"}},{"type":"Feature","id":760301550,"geometry":{"type":"Point","coordinates":[44.234009500000006,15.310195900000002]},"properties":{"id":760301550,"name":"مستشفى الصفاء العام","type":"hospital","category":"healthcare","subcategory":"hospital","osmType":"node","addr:street":"شارع تعز","amenity":"hospital","healthcare":"hospital","name:en":"Alsafaa General Hospital","opening_hours":"24/7"}},{"type":"Feature","id":998985816,"geometry":{"type":"Point","coordinates":[44.228267200000005,15.382293400000002]},"properties":{"id":998985816,"name":"","type":"pharmacy","category":"healthcare","subcategory":"pharmacy","osmType":"node","amenity":"pharmacy","name:ar":"صيدلية القحوم","name:latin":"sydlya al-qhwm"}},{"type":"Feature","id":1038698634,"geometry":{"type":"Point","coordinates":[44.230792300000005,15.382258400000001]},"properties":{"id":1038698634,"name":"مستوصف الرأفة","type":"hospital","category":"healthcare","subcategory":"hospital","osmType":"node","addr:street":"شارع النصر","amenity":"hospital","name:ar":"مستوصف الرأفة","name:en":"Alra'afah Hospital"}},{"type":"Feature","id":1222621680,"geometry":{"type":"Point","coordinates":[44.191689200000006,15.342183600000002]},"properties":{"id":1222621680,"name":"مركز الأمومة و الطفولة ماري ستوبس","type":"clinic","category":"healthcare","subcategory":"clinic","osmType":"node","GNS:dsg_code":"HSPC","GNS:dsg_name":"clinic","GNS:id":"10780216","addr:street":"الخط الدائري","alt_name":"مركز الأمومة و الطفولة ماري ستوبس","amenity":"clinic","healthcare":"clinic","int_name":"Markaz al Umūmah wa aţ Ţufūlah Mārī Stūbis","name:ar":"مركز الأمومة و الطفولة ماري ستوبس","name:de":"Markaz al Umumah wa at Tufulah Mari Stubis","name:en":"Markaz al Umumah wa at Tufulah Mari Stubis","name:fr":"Markaz al Umumah wa at Tufulah Mari Stubis","source:name":"GNS"}},{"type":"Feature","id":1222627693,"geometry":{"type":"Point","coordinates":[44.2439218,15.300581400000002]},"properties":{"id":1222627693,"name":"مجمع صحي الجرداء","type":"clinic","category":"healthcare","subcategory":"clinic","osmType":"node","GNS:dsg_code":"HSPC","GNS:dsg_name":"clinic","GNS:id":"10779473","addr:street":"شارع تعز","amenity":"clinic","healthcare":"clinic","int_name":"Mujamma‘ Şiḩḩī al Jardā’","name:ar":"مجمع صحي الجرداء","name:de":"Mujamma Sihhiy al Jurda","name:en":"Aljurda Medical complex","name:fr":"Mujamma Sihhiy al Jurda","source:name":"GNS"}},{"type":"Feature","id":1222637610,"geometry":{"type":"Point","coordinates":[44.193371000000006,15.358430000000002]},"properties":{"id":1222637610,"name":"المركز الصحي الثقافي بامانة العاصمة","type":"clinic","category":"healthcare","subcategory":"clinic","osmType":"node","GNS:dsg_code":"HSPC","GNS:dsg_name":"clinic","GNS:id":"10779232","amenity":"clinic","healthcare":"clinic","int_name":"Al Markaz as Sihhiy ath Thaqafi bi Amanat al Asimah","name:ar":"المركز الصحي الثقافي بامانة العاصمة","name:de":"Al Markaz as Sihhiy ath Thaqafi bi Amanat al Asimah","name:en":"Sana'a cultural health centre","name:fr":"Al Markaz as Sihhiy ath Thaqafi bi Amanat al Asimah","source:name":"GNS"}},{"type":"Feature","id":1222637640,"geometry":{"type":"Point","coordinates":[44.214078,15.354373]},"properties":{"id":1222637640,"name":"مركز الأمومة والطفولة","type":"clinic","category":"healthcare","subcategory":"clinic","osmType":"node","GNS:dsg_code":"HSPC","GNS:dsg_name":"clinic","GNS:id":"10779266","amenity":"clinic","healthcare":"clinic","int_name":"Markaz al Umumah wa at Tufulah fi Hay al Abhar","name:ar":"مركز الأمومة و الطفولة في حي الأبهر","name:de":"Markaz al Umumah wa at Tufulah fi Hay al Abhar","name:en":"Markaz al Umumah wa at Tufulah fi Hay al Abhar","name:fr":"Markaz al Umumah wa at Tufulah fi Hay al Abhar","source:name":"GNS"}},{"type":"Feature","id":1222640412,"geometry":{"type":"Point","coordinates":[44.168614500000004,15.343952700000001]},"properties":{"id":1222640412,"name":"مجمع صحي الدائرة أحد عشر","type":"clinic","category":"healthcare","subcategory":"clinic","osmType":"node","GNS:dsg_code":"HSPC","GNS:dsg_name":"clinic","GNS:id":"10779265","amenity":"clinic","healthcare":"clinic","int_name":"Mujamma‘ Şiḩḩī ad Dā’irah Aḩad ‘Ashar","name:ar":"مجمع صحي الدائرة أحد عشر","name:de":"Mujamma` Sihhi ad Da'irah Ahad `Ashar","name:en":"Mujamma` Sihhi ad Da'irah Ahad `Ashar","name:fr":"Mujamma` Sihhi ad Da'irah Ahad `Ashar","source:name":"GNS"}},{"type":"Feature","id":1222640457,"geometry":{"type":"Point","coordinates":[44.171931,15.356706]},"properties":{"id":1222640457,"name":"وحدة عصر","type":"clinic","category":"healthcare","subcategory":"clinic","osmType":"node","GNS:dsg_code":"HSPC","GNS:dsg_name":"clinic","GNS:id":"10780924","amenity":"clinic","healthcare":"clinic","int_name":"Waḩdat ‘Aşr","name:ar":"وحدة عصر","name:de":"Wahdat Asr","name:en":"Wahdat `Asr","name:fr":"Wahdat Asr","source:name":"GNS"}},{"type":"Feature","id":1222641832,"geometry":{"type":"Point","coordinates":[44.226238,15.351206000000001]},"properties":{"id":1222641832,"name":"مركز المجد الطبي في حي نقم","type":"clinic","category":"healthcare","subcategory":"clinic","osmType":"node","GNS:dsg_code":"HSPC","GNS:dsg_name":"clinic","GNS:id":"10779278","alt_name":"مركز المجد الطبي في حي نقم","amenity":"clinic","healthcare":"clinic","int_name":"Markaz al Majd aţ Ţibbī fī Ḩayy Naqm","name:ar":"مركز المجد الطبي في حي نقم","name:de":"Markaz al Majd at Tibbi fi Hayy Naqm","name:en":"Markaz al Majd at Tibbi fi Hayy Naqm","name:fr":"Markaz al Majd at Tibbi fi Hayy Naqm","source:name":"GNS"}},{"type":"Feature","id":1222642529,"geometry":{"type":"Point","coordinates":[44.2276267,15.364614800000002]},"properties":{"id":1222642529,"name":"مجمع صحي غول المراني","type":"clinic","category":"healthcare","subcategory":"clinic","osmType":"node","GNS:dsg_code":"HSPC","GNS:dsg_name":"clinic","GNS:id":"10779474","amenity":"clinic","healthcare":"clinic","int_name":"Mujamma‘ Şiḩḩī Ghawl al Marānī","name:ar":"مجمع صحي غول المراني","name:de":"Mujamma` Sihhi Ghawl al Marani","name:en":"Mujamma` Sihhi Ghawl al Marani","name:fr":"Mujamma` Sihhi Ghawl al Marani","source:name":"GNS"}},{"type":"Feature","id":1222644430,"geometry":{"type":"Point","coordinates":[44.2029445,15.379540900000002]},"properties":{"id":1222644430,"name":"مركز الطبري","type":"clinic","category":"healthcare","subcategory":"clinic","osmType":"node","GNS:dsg_code":"HSPC","GNS:dsg_name":"clinic","GNS:id":"10779658","amenity":"clinic","healthcare":"clinic","int_name":"Markaz aţ Ţabarī","name:ar":"مركز الطبري","name:de":"Markaz at Tabari","name:en":"Markaz at Tabari","name:fr":"Markaz at Tabari","source:name":"GNS"}},{"type":"Feature","id":1222644447,"geometry":{"type":"Point","coordinates":[44.197611900000005,15.383081400000002]},"properties":{"id":1222644447,"name":"مركز الأطراف و العلاج الطبيعي","type":"clinic","category":"healthcare","subcategory":"clinic","osmType":"node","GNS:dsg_code":"HSPC","GNS:dsg_name":"clinic","GNS:id":"10779659","alt_name":"Markaz al Atraf wa al `Alaj at Tabi`i;Markaz al Aţrāf wa al ‘Alāj aţ Ţabī‘ī;مركز الأطراف و العلاج الطبيعي;مستشفى الأطراف","amenity":"clinic","healthcare":"clinic","int_name":"Mustashfá al Aţrāf","name:ar":"مركز الأطراف و العلاج الطبيعي","name:de":"Mustashfa al Atraf","name:en":"Mustashfa al Atraf","name:fr":"Mustashfa al Atraf","source:name":"GNS"}},{"type":"Feature","id":1222644472,"geometry":{"type":"Point","coordinates":[44.21421,15.391212000000001]},"properties":{"id":1222644472,"name":"مستوصف السجن المركزي","type":"clinic","category":"healthcare","subcategory":"clinic","osmType":"node","GNS:dsg_code":"HSPC","GNS:dsg_name":"clinic","GNS:id":"10780922","amenity":"clinic","healthcare":"clinic","int_name":"Mustawşaf as Sijn al Markazī","name:ar":"مستوصف السجن المركزي","name:de":"Mustawsaf as Sijn al Markazi","name:en":"Central prison medical center","name:fr":"Mustawsaf as Sijn al Markazi","source:name":"GNS"}},{"type":"Feature","id":1222646554,"geometry":{"type":"Point","coordinates":[44.17069300000001,15.377503]},"properties":{"id":1222646554,"name":"مركز ضلاع","type":"clinic","category":"healthcare","subcategory":"clinic","osmType":"node","GNS:dsg_code":"HSPC","GNS:dsg_name":"clinic","GNS:id":"10779660","amenity":"clinic","healthcare":"clinic","int_name":"Markaz Ḑalā‘","name:ar":"مركز ضلاع","name:de":"Markaz Dala","name:en":"Markaz Dala`","name:fr":"Markaz Dala","source:name":"GNS"}},{"type":"Feature","id":1222646567,"geometry":{"type":"Point","coordinates":[44.23475800000001,15.378175]},"properties":{"id":1222646567,"name":"","type":"clinic","category":"healthcare","subcategory":"clinic","osmType":"node","GNS:dsg_code":"HSPC","GNS:dsg_name":"clinic","GNS:id":"10779279","addr:city":"sanaa","addr:housenumber":"13","addr:postcode":"01","addr:street":"شارع الحكيمي","alt_name":"مركز الصحة الإنجابية في منطقة سواد سعوان","amenity":"clinic","healthcare":"clinic","int_name":"Markaz Sihhah al Injabiyah fi Muntaqah Suwad Sawan","name:ar":"مركز الصحة الإنجابية في منطقة سواد سعوان","name:de":"Markaz Sihhah al Injabiyah fi Muntaqah Suwad Sawan","name:en":"action grop sanaa yemen","source:name":"GNS"}},{"type":"Feature","id":1222646668,"geometry":{"type":"Point","coordinates":[44.233821000000006,15.379528]},"properties":{"id":1222646668,"name":"المركز الطبي","type":"clinic","category":"healthcare","subcategory":"clinic","osmType":"node","GNS:dsg_code":"HSPC","GNS:dsg_name":"clinic","GNS:id":"10779262","amenity":"clinic","healthcare":"clinic","int_name":"Al Markaz at Tubbi fi Suwan","name:de":"Al Markaz at Tubbi fi Suwan","name:en":"Al Markaz at Tubbi fi Suwan","name:fr":"Al Markaz at Tubbi fi Suwan","source:name":"GNS"}},{"type":"Feature","id":1222646695,"geometry":{"type":"Point","coordinates":[44.256811000000006,15.370548000000001]},"properties":{"id":1222646695,"name":"الوحدة الصحية سعوان","type":"clinic","category":"healthcare","subcategory":"clinic","osmType":"node","GNS:dsg_code":"HSPC","GNS:dsg_name":"clinic","GNS:id":"10779021","amenity":"clinic","healthcare":"clinic","int_name":"Al Waḩdah aş Şiḩḩīyah Sa‘wān","name:ar":"الوحدة الصحية سعوان","name:de":"Al Wahdah as Sihhiyah Sawan","name:en":"Al Wahdah as Sihhiyah Sawan","name:fr":"Al Wahdah as Sihhiyah Sawan","source:name":"GNS"}},{"type":"Feature","id":1222650976,"geometry":{"type":"Point","coordinates":[44.127219000000004,15.413280000000002]},"properties":{"id":1222650976,"name":"المركز الصحي ضلاع","type":"clinic","category":"healthcare","subcategory":"clinic","osmType":"node","GNS:dsg_code":"HSPC","GNS:dsg_name":"clinic","GNS:id":"10780094","amenity":"clinic","healthcare":"clinic","int_name":"Al Markaz aş Şiḩḩī Ḑalā‘","name:ar":"المركز الصحي ضلاع","name:de":"Al Markaz as Sihhiy Dala","name:en":"Al Markaz as Sihhiy Dala","name:fr":"Al Markaz as Sihhiy Dala","source:name":"GNS"}},{"type":"Feature","id":1222651006,"geometry":{"type":"Point","coordinates":[44.2263256,15.4340246]},"properties":{"id":1222651006,"name":"المركز الصحي بالروضة","type":"clinic","category":"healthcare","subcategory":"clinic","osmType":"node","GNS:dsg_code":"HSPC","GNS:dsg_name":"clinic","GNS:id":"10780928","amenity":"clinic","healthcare":"clinic","int_name":"Al Markaz aş Şiḩḩī bir Rawḑah","name:ar":"المركز الصحي بالروضة","name:de":"Al Markaz as Sihhi bir Rawdah","name:en":"Al Markaz as Sihhi bir Rawdah","name:fr":"Al Markaz as Sihhi bir Rawdah","source:name":"GNS"}},{"type":"Feature","id":1222651007,"geometry":{"type":"Point","coordinates":[44.211561,15.426595]},"properties":{"id":1222651007,"name":"مركز جدر الصحي","type":"hospital","category":"healthcare","subcategory":"hospital","osmType":"node","alt_name":"مركز جدر صحي","amenity":"hospital","healthcare":"hospital","int_name":"Markaz Jidr Sihhiy","name:ar":"مركز جدر صحي","name:ar1":"مركز جدر صحي","name:de":"Markaz Jidr Sihhiy","name:en":"Markaz Jidr. AL.Sihhiy","name:fr":"Markaz Jidr Sihhiy"}},{"type":"Feature","id":1222651008,"geometry":{"type":"Point","coordinates":[44.2144647,15.436274400000002]},"properties":{"id":1222651008,"name":"مركز عمر بن عبد العزيز","type":"clinic","category":"healthcare","subcategory":"clinic","osmType":"node","GNS:dsg_code":"HSPC","GNS:dsg_name":"clinic","GNS:id":"10780920","amenity":"clinic","healthcare":"clinic","int_name":"Markaz ‘Umar Bin ‘Abd al ‘Azīz","name:ar":"مركز عمر بن عبد العزيز","name:de":"Markaz `Umar Bin `Abd al `Aziz","name:en":"Markaz `Umar Bin `Abd al `Aziz","name:fr":"Markaz `Umar Bin `Abd al `Aziz","source:name":"GNS"}},{"type":"Feature","id":1222651079,"geometry":{"type":"Point","coordinates":[44.127724,15.448547000000001]},"properties":{"id":1222651079,"name":"المركز الصحي الروض","type":"clinic","category":"healthcare","subcategory":"clinic","osmType":"node","GNS:dsg_code":"HSPC","GNS:dsg_name":"clinic","GNS:id":"10779018","amenity":"clinic","healthcare":"clinic","int_name":"Al Markaz aş Şiḩḩī ar Rawḑ","name:ar":"المركز الصحي الروض","name:de":"Al Markaz as Sihhiy ar Rawd","name:en":"Al Markaz as Sihhiy ar Rawd","name:fr":"Al Markaz as Sihhiy ar Rawd","source:name":"GNS"}},{"type":"Feature","id":1222651459,"geometry":{"type":"Point","coordinates":[44.256553000000004,15.492979000000002]},"properties":{"id":1222651459,"name":"الوحدة الصحية العروق","type":"clinic","category":"healthcare","subcategory":"clinic","osmType":"node","GNS:dsg_code":"HSPC","GNS:dsg_name":"clinic","GNS:id":"10779107","amenity":"clinic","healthcare":"clinic","int_name":"Al Waḩdah aş Şiḩḩīyah al ‘Urūq","name:ar":"الوحدة الصحية العروق","name:de":"Al Wahdah as Sihhiyah al Aruq","name:en":"Al Wahdah as Sihhiyah al Aruq","name:fr":"Al Wahdah as Sihhiyah al Aruq","source:name":"GNS"}},{"type":"Feature","id":1222651491,"geometry":{"type":"Point","coordinates":[44.184499,15.42355]},"properties":{"id":1222651491,"name":"مركز صحي ذهبان","type":"clinic","category":"healthcare","subcategory":"clinic","osmType":"node","GNS:dsg_code":"HSPC","GNS:dsg_name":"clinic","GNS:id":"10779250","amenity":"clinic","healthcare":"clinic","int_name":"Markaz Şiḩḩī Dhahabān","name:ar":"مركز صحي ذهبان","name:de":"Markaz Sihhiy Dhahban","name:en":"Markaz Sihhi Dhahaban","name:fr":"Markaz Sihhiy Dhahban","source:name":"GNS"}},{"type":"Feature","id":1222651565,"geometry":{"type":"Point","coordinates":[44.201635,15.257661]},"properties":{"id":1222651565,"name":"المركز الصحي أرتل","type":"clinic","category":"healthcare","subcategory":"clinic","osmType":"node","GNS:dsg_code":"HSPC","GNS:dsg_name":"clinic","GNS:id":"10779099","amenity":"clinic","healthcare":"clinic","int_name":"Al Markaz aş Şiḩḩī Artil","name:ar":"المركز الصحي أرتل","name:de":"Al Markaz as Sihhiy Artal","name:en":"Al Markaz as Sihhiy Artal","name:fr":"Al Markaz as Sihhiy Artal","source:name":"GNS"}},{"type":"Feature","id":1222651691,"geometry":{"type":"Point","coordinates":[44.3555015,15.2726085]},"properties":{"id":1222651691,"name":"مركز صحي غيمان","type":"clinic","category":"healthcare","subcategory":"clinic","osmType":"node","GNS:dsg_code":"HSPC","GNS:dsg_name":"clinic","GNS:id":"10780951","amenity":"clinic","healthcare":"clinic","int_name":"Markaz Şiḩḩī Ghaymān","name:ar":"مركز صحي غيمان","name:de":"Markaz Sihhi Ghayman","name:en":"Markaz Sihhi Ghayman","name:fr":"Markaz Sihhi Ghayman","source:name":"GNS"}},{"type":"Feature","id":1226370821,"geometry":{"type":"Point","coordinates":[44.170601000000005,15.541299000000002]},"properties":{"id":1226370821,"name":"الوحدة الصحية الحقة","type":"clinic","category":"healthcare","subcategory":"clinic","osmType":"node","GNS:dsg_code":"HSPC","GNS:dsg_name":"clinic","GNS:id":"10778987","amenity":"clinic","healthcare":"clinic","int_name":"Al Waḩdah aş Şiḩḩīyah al Ḩuqqah","name:ar":"الوحدة الصحية الحقة","name:de":"Al Wahdah as Sihhiyah al Huqqah","name:en":"Al Wahdah as Sihhiyah al Huqqah","name:fr":"Al Wahdah as Sihhiyah al Huqqah","source:name":"GNS"}},{"type":"Feature","id":1226370831,"geometry":{"type":"Point","coordinates":[44.193988000000004,15.526759000000002]},"properties":{"id":1226370831,"name":"المركز الصحي الجاهلية","type":"clinic","category":"healthcare","subcategory":"clinic","osmType":"node","GNS:dsg_code":"HSPC","GNS:dsg_name":"clinic","GNS:id":"10780089","amenity":"clinic","healthcare":"clinic","int_name":"Al Markaz aş Şiḩḩī al Jāhilīyah","name:ar":"المركز الصحي الجاهلية","name:de":"Al Markaz as Sihhi al Jahiliyah","name:en":"Al Markaz as Sihhi al Jahiliyah","name:fr":"Al Markaz as Sihhi al Jahiliyah","source:name":"GNS"}},{"type":"Feature","id":1226370834,"geometry":{"type":"Point","coordinates":[44.193988000000004,15.526759000000002]},"properties":{"id":1226370834,"name":"الوحدة الصحية الجاهلية","type":"clinic","category":"healthcare","subcategory":"clinic","osmType":"node","GNS:dsg_code":"HSPC","GNS:dsg_name":"clinic","GNS:id":"10780088","amenity":"clinic","healthcare":"clinic","int_name":"Al Waḩdah aş Şiḩḩīyah al Jāhilīyah","name:ar":"الوحدة الصحية الجاهلية","name:de":"Al Wahdah as Sihhiyah al Jahiliyah","name:en":"Al Wahdah as Sihhiyah al Jahiliyah","name:fr":"Al Wahdah as Sihhiyah al Jahiliyah","source:name":"GNS"}},{"type":"Feature","id":1226370874,"geometry":{"type":"Point","coordinates":[44.229705,15.517774000000001]},"properties":{"id":1226370874,"name":"الوحدة الصحية بيت الخاوي","type":"clinic","category":"healthcare","subcategory":"clinic","osmType":"node","GNS:dsg_code":"HSPC","GNS:dsg_name":"clinic","GNS:id":"10779104","amenity":"clinic","healthcare":"clinic","int_name":"Al Waḩdah aş Şiḩḩīyah Bayt al Khāwī","name:ar":"الوحدة الصحية بيت الخاوي","name:de":"Al Wahdah as Sihhiyah Bayt al Khawi","name:en":"Al Wahdah as Sihhiyah Bayt al Khawi","name:fr":"Al Wahdah as Sihhiyah Bayt al Khawi","source:name":"GNS"}},{"type":"Feature","id":1226371075,"geometry":{"type":"Point","coordinates":[44.24658,15.577018]},"properties":{"id":1226371075,"name":"المركز الصحي عومرة","type":"clinic","category":"healthcare","subcategory":"clinic","osmType":"node","GNS:dsg_code":"HSPC","GNS:dsg_name":"clinic","GNS:id":"10779027","amenity":"clinic","healthcare":"clinic","int_name":"Al Markaz aş Şiḩḩī ‘Awamirah","name:ar":"المركز الصحي عومرة","name:de":"Al Markaz as Sihhi `Awamirah","name:en":"Al Markaz as Sihhi `Awamirah","name:fr":"Al Markaz as Sihhi `Awamirah","source:name":"GNS"}},{"type":"Feature","id":1226371084,"geometry":{"type":"Point","coordinates":[44.24658,15.577018]},"properties":{"id":1226371084,"name":"وحدة صحية بيت العذري","type":"clinic","category":"healthcare","subcategory":"clinic","osmType":"node","GNS:dsg_code":"HSPC","GNS:dsg_name":"clinic","GNS:id":"10780952","amenity":"clinic","healthcare":"clinic","int_name":"Waḩdah Şiḩḩīyah Bayt al ‘Idhrī","name:ar":"وحدة صحية بيت العذري","name:de":"Wahdah Sihhiyah Bayt al Udhri","name:en":"Wahdah Sihhiyah Bayt al `Idhri","name:fr":"Wahdah Sihhiyah Bayt al Udhri","source:name":"GNS"}},{"type":"Feature","id":1226371278,"geometry":{"type":"Point","coordinates":[44.2325901,15.476007800000001]},"properties":{"id":1226371278,"name":"المركز الصحي بني حوات","type":"clinic","category":"healthcare","subcategory":"clinic","osmType":"node","GNS:dsg_code":"HSPC","GNS:dsg_name":"clinic","GNS:id":"10779102","amenity":"clinic","healthcare":"clinic","int_name":"Al Markaz aş Şiḩḩī Banī Ḩawāt","name:ar":"المركز الصحي بني حوات","name:de":"Al Markaz as Sihhi Bani Hawat","name:en":"Al Markaz as Sihhi Bani Hawat","name:fr":"Al Markaz as Sihhi Bani Hawat","source:name":"GNS"}},{"type":"Feature","id":1226371310,"geometry":{"type":"Point","coordinates":[44.165403000000005,15.597797000000002]},"properties":{"id":1226371310,"name":"المركز الصحي هزم","type":"clinic","category":"healthcare","subcategory":"clinic","osmType":"node","GNS:dsg_code":"HSPC","GNS:dsg_name":"clinic","GNS:id":"10779012","amenity":"clinic","healthcare":"clinic","int_name":"Al Markaz aş Şiḩḩī Hazm","name:ar":"المركز الصحي هزم","name:de":"Al Markaz as Sihhiy Hazm","name:en":"Al Markaz as Sihhiy Hazm","name:fr":"Al Markaz as Sihhiy Hazm","source:name":"GNS"}},{"type":"Feature","id":1226371331,"geometry":{"type":"Point","coordinates":[44.175705,15.462914000000001]},"properties":{"id":1226371331,"name":"المركز الصحي جدر","type":"clinic","category":"healthcare","subcategory":"clinic","osmType":"node","GNS:dsg_code":"HSPC","GNS:dsg_name":"clinic","GNS:id":"10779117","amenity":"clinic","healthcare":"clinic","int_name":"Al Markaz aş Şiḩḩī Jidr","name:ar":"المركز الصحي جدر","name:de":"Al Markaz as Sihhiy Jidr","name:en":"Al Markaz as Sihhiy Jidr","name:fr":"Al Markaz as Sihhiy Jidr","source:name":"GNS"}},{"type":"Feature","id":1226371333,"geometry":{"type":"Point","coordinates":[44.287183000000006,15.551181000000001]},"properties":{"id":1226371333,"name":"الوحدة الصحية بني عاصم","type":"clinic","category":"healthcare","subcategory":"clinic","osmType":"node","GNS:dsg_code":"HSPC","GNS:dsg_name":"clinic","GNS:id":"10779106","amenity":"clinic","healthcare":"clinic","int_name":"Al Waḩdah aş Şiḩḩīyah Banī ‘Āşim","name:ar":"الوحدة الصحية بني عاصم","name:de":"Al Wahdah as Sihhiyah Bani Asim","name:en":"Al Wahdah as Sihhiyah Bani Asim","name:fr":"Al Wahdah as Sihhiyah Bani Asim","source:name":"GNS"}},{"type":"Feature","id":1226371672,"geometry":{"type":"Point","coordinates":[44.313824000000004,15.577093000000001]},"properties":{"id":1226371672,"name":"الوحدة الصحية بني جرموز","type":"clinic","category":"healthcare","subcategory":"clinic","osmType":"node","GNS:dsg_code":"HSPC","GNS:dsg_name":"clinic","GNS:id":"10779092","amenity":"clinic","healthcare":"clinic","int_name":"Al Waḩdah aş Şiḩḩīyah Banī Jirmūz","name:ar":"الوحدة الصحية بني جرموز","name:de":"Al Wahdah as Sihhiyah Bani Jurmuz","name:en":"Al Wahdah as Sihhiyah Bani Jurmuz","name:fr":"Al Wahdah as Sihhiyah Bani Jurmuz","source:name":"GNS"}},{"type":"Feature","id":1226371737,"geometry":{"type":"Point","coordinates":[44.336676000000004,15.418569000000002]},"properties":{"id":1226371737,"name":"الوحدة الصحية المرونة","type":"clinic","category":"healthcare","subcategory":"clinic","osmType":"node","GNS:dsg_code":"HSPC","GNS:dsg_name":"clinic","GNS:id":"10779019","amenity":"clinic","healthcare":"clinic","int_name":"Al Waḩdah aş Şiḩḩīyah al Marūnah","name:ar":"الوحدة الصحية المرونة","name:de":"Al Wahdah as Sihhiyah al Marunah","name:en":"Al Wahdah as Sihhiyah al Marunah","name:fr":"Al Wahdah as Sihhiyah al Marunah","source:name":"GNS"}},{"type":"Feature","id":1226372149,"geometry":{"type":"Point","coordinates":[44.374219000000004,15.501208000000002]},"properties":{"id":1226372149,"name":"الوحدة الصحية الحنكة","type":"clinic","category":"healthcare","subcategory":"clinic","osmType":"node","GNS:dsg_code":"HSPC","GNS:dsg_name":"clinic","GNS:id":"10779020","amenity":"clinic","healthcare":"clinic","int_name":"Al Waḩdah aş Şiḩḩīyah al Ḩanakah","name:ar":"الوحدة الصحية الحنكة","name:de":"Al Wahdah as Sihhiyah al Hanakah","name:en":"Al Wahdah as Sihhiyah al Hanakah","name:fr":"Al Wahdah as Sihhiyah al Hanakah","source:name":"GNS"}},{"type":"Feature","id":1227031229,"geometry":{"type":"Point","coordinates":[44.325058000000006,15.170410000000002]},"properties":{"id":1227031229,"name":"المركز الصحي سيان","type":"clinic","category":"healthcare","subcategory":"clinic","osmType":"node","GNS:dsg_code":"HSPC","GNS:dsg_name":"clinic","GNS:id":"10779098","amenity":"clinic","healthcare":"clinic","int_name":"Al Markaz aş Şiḩḩī Sayyān","name:ar":"المركز الصحي سيان","name:de":"Al Markaz as Sihhiy Sayyan","name:en":"Al Markaz as Sihhiy Sayyan","name:fr":"Al Markaz as Sihhiy Sayyan","source:name":"GNS"}},{"type":"Feature","id":1227045716,"geometry":{"type":"Point","coordinates":[44.125007000000004,15.162526000000002]},"properties":{"id":1227045716,"name":"مركز صحي لدان","type":"clinic","category":"healthcare","subcategory":"clinic","osmType":"node","GNS:dsg_code":"HSPC","GNS:dsg_name":"clinic","GNS:id":"10780949","amenity":"clinic","healthcare":"clinic","int_name":"Markaz Şiḩḩī Lidān","name:ar":"مركز صحي لدان","name:de":"Markaz Sihhiy Lidan","name:en":"Markaz Sihhi Lidan","name:fr":"Markaz Sihhiy Lidan","source:name":"GNS"}},{"type":"Feature","id":1227048752,"geometry":{"type":"Point","coordinates":[44.15695,15.155859000000001]},"properties":{"id":1227048752,"name":"الوحدة الصحية وادي يقلان","type":"clinic","category":"healthcare","subcategory":"clinic","osmType":"node","GNS:dsg_code":"HSPC","GNS:dsg_name":"clinic","GNS:id":"10778781","amenity":"clinic","healthcare":"clinic","int_name":"Al Waḩdah aş Şiḩḩīyah Wādī Yaqlān","name:ar":"الوحدة الصحية وادي يقلان","name:de":"Al Wahdah as Sihhiyah Wadi Yaqlan","name:en":"Al Wahdah as Sihhiyah Wadi Yaqlan","name:fr":"Al Wahdah as Sihhiyah Wadi Yaqlan","source:name":"GNS"}},{"type":"Feature","id":1227052130,"geometry":{"type":"Point","coordinates":[44.372238,15.297566000000002]},"properties":{"id":1227052130,"name":"المركز الصحي بهران","type":"clinic","category":"healthcare","subcategory":"clinic","osmType":"node","GNS:dsg_code":"HSPC","GNS:dsg_name":"clinic","GNS:id":"10779973","amenity":"clinic","healthcare":"clinic","int_name":"Al Markaz aş Şiḩḩī bi Hirān","name:ar":"المركز الصحي بهران","name:de":"Al Markaz as Sihhiy bi Hiran","name:en":"Al Markaz as Sihhiy bi Hiran","name:fr":"Al Markaz as Sihhiy bi Hiran","source:name":"GNS"}},{"type":"Feature","id":1227052285,"geometry":{"type":"Point","coordinates":[44.399607,15.319348000000002]},"properties":{"id":1227052285,"name":"المركز الصحي خيران","type":"clinic","category":"healthcare","subcategory":"clinic","osmType":"node","GNS:dsg_code":"HSPC","GNS:dsg_name":"clinic","GNS:id":"10779097","amenity":"clinic","healthcare":"clinic","int_name":"Al Markaz aş Şiḩḩī Khayrān","name:ar":"المركز الصحي خيران","name:de":"Al Markaz as Sihhiy Khayran","name:en":"Al Markaz as Sihhiy Khayran","name:fr":"Al Markaz as Sihhiy Khayran","source:name":"GNS"}},{"type":"Feature","id":1227053185,"geometry":{"type":"Point","coordinates":[44.384136000000005,15.277249000000001]},"properties":{"id":1227053185,"name":"مركز صحي الأجبار","type":"clinic","category":"healthcare","subcategory":"clinic","osmType":"node","GNS:dsg_code":"HSPC","GNS:dsg_name":"clinic","GNS:id":"10780950","amenity":"clinic","healthcare":"clinic","int_name":"Markaz Şiḩḩī al Ajbār","name:ar":"مركز صحي الأجبار","name:de":"Markaz Sihhiy al Ajbar","name:en":"Markaz Sihhi al Ajbar","name:fr":"Markaz Sihhiy al Ajbar","source:name":"GNS"}},{"type":"Feature","id":1227053215,"geometry":{"type":"Point","coordinates":[44.345778,15.35101]},"properties":{"id":1227053215,"name":"الوحدة الصحية بيت نمير","type":"clinic","category":"healthcare","subcategory":"clinic","osmType":"node","GNS:dsg_code":"HSPC","GNS:dsg_name":"clinic","GNS:id":"10779100","amenity":"clinic","healthcare":"clinic","int_name":"Al Waḩdah aş Şiḩḩīyah Bayt Numayr","name:ar":"الوحدة الصحية بيت نمير","name:de":"Al Wahdah as Sihhiyah Bayt Numir","name:en":"Al Wahdah as Sihhiyah Bayt Numir","name:fr":"Al Wahdah as Sihhiyah Bayt Numir","source:name":"GNS"}},{"type":"Feature","id":1227056668,"geometry":{"type":"Point","coordinates":[44.20949400000001,15.438358000000001]},"properties":{"id":1227056668,"name":"وحدة الحجر الصحي","type":"hospital","category":"healthcare","subcategory":"hospital","osmType":"node","alt_name":"وحدة الحجر الصحي","amenity":"hospital","healthcare":"hospital","int_name":"Wahdat al Hajr as Sihhiy","name:ar":"وحدة الحجر الصحي","name:ar1":"وحدة الحجر الصحي","name:de":"Wahdat al Hajr as Sihhiy","name:en":"Wahdat al Hajr as Sihhiy","name:fr":"Wahdat al Hajr as Sihhiy"}},{"type":"Feature","id":2173416638,"geometry":{"type":"Point","coordinates":[44.1736318,15.357714800000002]},"properties":{"id":2173416638,"name":"","type":"hospital","category":"healthcare","subcategory":"hospital","osmType":"node","amenity":"hospital"}},{"type":"Feature","id":2173416640,"geometry":{"type":"Point","coordinates":[44.173117600000005,15.358907300000002]},"properties":{"id":2173416640,"name":"مستشفى الكمالي التخصصي","type":"hospital","category":"healthcare","subcategory":"hospital","osmType":"node","addr:street":"شارع الستين","amenity":"hospital","emergency":"yes","name:ar":"مستشفى الكمالي التخصصي","name:latin":"mstshfa al-kmaly al-tkhssy"}},{"type":"Feature","id":2314622714,"geometry":{"type":"Point","coordinates":[44.200749300000005,15.296868900000002]},"properties":{"id":2314622714,"name":"مستشفى لبنان","type":"hospital","category":"healthcare","subcategory":"hospital","osmType":"node","addr:street":"شارع مصنع حده","amenity":"hospital","emergency":"yes","healthcare":"hospital","name:en":"Lebanon Hospital","opening_hours":"24/7"}},{"type":"Feature","id":2395137137,"geometry":{"type":"Point","coordinates":[44.2539919,15.272082100000002]},"properties":{"id":2395137137,"name":"مستشفى 17 يوليو","type":"hospital","category":"healthcare","subcategory":"hospital","osmType":"node","addr:street":"شارع المقالح","amenity":"hospital","internet_access":"wlan","name:ar":"مستشفى 17 يوليو","name:en":"17 July Hospital"}},{"type":"Feature","id":2395138147,"geometry":{"type":"Point","coordinates":[44.248285900000006,15.271380200000001]},"properties":{"id":2395138147,"name":"مستشفى الاوروبي اليمني","type":"hospital","category":"healthcare","subcategory":"hospital","osmType":"node","amenity":"hospital","healthcare":"hospital","name:ar":"مستشفى الاوروبي اليمني","name:latin":"mstshfa al-awrwby al-ymny"}},{"type":"Feature","id":2456316498,"geometry":{"type":"Point","coordinates":[44.2032724,15.381277500000001]},"properties":{"id":2456316498,"name":"مستشفى الأمل التخصصي","type":"hospital","category":"healthcare","subcategory":"hospital","osmType":"node","amenity":"hospital","healthcare":"hospital","name:ar":"مستشفى الأمل التخصصي","name:latin":"mstshfa al-aml al-tkhssy"}},{"type":"Feature","id":3256253231,"geometry":{"type":"Point","coordinates":[44.1944991,15.3589075]},"properties":{"id":3256253231,"name":"المركز الوطني لمختبرات الصحة العامة المركزية","type":"laboratory","category":"healthcare","subcategory":"other","osmType":"node","alt_name":"بنك الدم","healthcare":"laboratory","name:en":"National Center of Public Health Laboratories","phone":"+967-01295796"}},{"type":"Feature","id":3256253233,"geometry":{"type":"Point","coordinates":[44.19701620000001,15.356130300000002]},"properties":{"id":3256253233,"name":"جمعية الهلال الأحمر اليمنية","type":"hospital","category":"healthcare","subcategory":"hospital","osmType":"node","amenity":"hospital","healthcare":"hospital","name:ar":"جمعية الهلال الأحمر اليمنية","name:en":"Yemeni Red Crescent Society"}},{"type":"Feature","id":3256260075,"geometry":{"type":"Point","coordinates":[44.191530500000006,15.354513400000002]},"properties":{"id":3256260075,"name":"مركز الزراعة الصحي","type":"hospital","category":"healthcare","subcategory":"hospital","osmType":"node","amenity":"hospital","name:ar":"مركز الزراعة الصحي","name:latin":"mrkz al-zra'a al-shy"}},{"type":"Feature","id":3314619666,"geometry":{"type":"Point","coordinates":[44.1951486,15.302402700000002]},"properties":{"id":3314619666,"name":"مستشفى إسراء التخصصي","type":"hospital","category":"healthcare","subcategory":"hospital","osmType":"node","addr:city":"صنعاء","addr:street":"شارع صفر","amenity":"hospital","healthcare":"hospital","name:en":"Esra Hospital","opening_hours":"24/7","phone":"01433433"}},{"type":"Feature","id":3362524757,"geometry":{"type":"Point","coordinates":[44.196963100000005,15.351000500000001]},"properties":{"id":3362524757,"name":"مركز الامومة و الطفولة","type":"hospital","category":"healthcare","subcategory":"hospital","osmType":"node","amenity":"hospital","name:ar":"مركز الامومة و الطفولة","name:latin":"mrkz al-amwma w al-tfwla"}},{"type":"Feature","id":3986884240,"geometry":{"type":"Point","coordinates":[44.232805000000006,15.310755300000002]},"properties":{"id":3986884240,"name":"الصيدلية السويسرية","type":"pharmacy","category":"healthcare","subcategory":"pharmacy","osmType":"node","amenity":"pharmacy","dispensing":"yes","healthcare":"pharmacy","name:ar":"الصيدلية السويسرية","name:latin":"al-sydlya al-swysrya"}},{"type":"Feature","id":4182412895,"geometry":{"type":"Point","coordinates":[44.1664339,15.346182400000002]},"properties":{"id":4182412895,"name":"مستشفى الامل لاورام السرطان","type":"hospital","category":"healthcare","subcategory":"hospital","osmType":"node","addr:street":"60 meters St","amenity":"hospital","name:ar":"مستشفى الامل لاورام السرطان","name:latin":"mstshfa al-aml lawram al-srtan"}},{"type":"Feature","id":4182412896,"geometry":{"type":"Point","coordinates":[44.165256500000005,15.346480500000002]},"properties":{"id":4182412896,"name":"عيادة الطيب","type":"clinic","category":"healthcare","subcategory":"clinic","osmType":"node","addr:street":"60 meters St","amenity":"clinic","name:ar":"عيادة الطيب","name:latin":"'yada al-tyb"}},{"type":"Feature","id":4182443391,"geometry":{"type":"Point","coordinates":[44.1680549,15.341565600000001]},"properties":{"id":4182443391,"name":"مستشفى العاقل","type":"hospital","category":"healthcare","subcategory":"hospital","osmType":"node","addr:street":"شارع الزبيري","amenity":"hospital","healthcare":"hospital","name:en":"Alaqil Hospital","opening_hours":"24/7"}},{"type":"Feature","id":4182449194,"geometry":{"type":"Point","coordinates":[44.1659128,15.343724700000001]},"properties":{"id":4182449194,"name":"صيدلية","type":"pharmacy","category":"healthcare","subcategory":"pharmacy","osmType":"node","addr:street":"شارع الزبيري","amenity":"pharmacy","healthcare":"pharmacy","name:ar":"صيدلية","name:latin":"sydlya"}},{"type":"Feature","id":4182449195,"geometry":{"type":"Point","coordinates":[44.165036300000004,15.345873200000002]},"properties":{"id":4182449195,"name":"عيادة","type":"clinic","category":"healthcare","subcategory":"clinic","osmType":"node","addr:street":"شارع الزبيري","amenity":"clinic","name:ar":"عيادة","name:latin":"'yada"}},{"type":"Feature","id":4182489689,"geometry":{"type":"Point","coordinates":[44.169741800000004,15.3466716]},"properties":{"id":4182489689,"name":"عيادة ميار","type":"clinic","category":"healthcare","subcategory":"clinic","osmType":"node","addr:street":"شارع الستين","amenity":"clinic","name:ar":"عيادة ميار","name:en":"Mayar clinic"}},{"type":"Feature","id":4182489989,"geometry":{"type":"Point","coordinates":[44.1679302,15.341524000000001]},"properties":{"id":4182489989,"name":"صيدلية اليمن السعيد 4","type":"pharmacy","category":"healthcare","subcategory":"pharmacy","osmType":"node","addr:city":"صنعاء","addr:street":"طريق صنعاء الحديدة","amenity":"pharmacy","healthcare":"pharmacy","name:latin":"sydlya al-ymn al-s'yd 4"}},{"type":"Feature","id":4221242400,"geometry":{"type":"Point","coordinates":[44.191687200000004,15.303281000000002]},"properties":{"id":4221242400,"name":"صيدلية أنوار المدينة","type":"pharmacy","category":"healthcare","subcategory":"pharmacy","osmType":"node","addr:street":"شارع إيران","amenity":"pharmacy","healthcare":"pharmacy","name:en":"Anwar Al-Madina Pharmacy","opening_hours":"Mo-Su 06:30-22:00","phone":"01 418 318"}},{"type":"Feature","id":4242581794,"geometry":{"type":"Point","coordinates":[44.20401880000001,15.3798229]},"properties":{"id":4242581794,"name":"صيدلية فيتامين","type":"pharmacy","category":"healthcare","subcategory":"pharmacy","osmType":"node","addr:city":"صنعاء","addr:street":"شارع الصحة","amenity":"pharmacy","healthcare":"pharmacy","name:ar":"صيدلية فيتامين","name:latin":"sydlya fytamyn"}},{"type":"Feature","id":4242581795,"geometry":{"type":"Point","coordinates":[44.204326800000004,15.379998200000001]},"properties":{"id":4242581795,"name":"صيدلية القسام","type":"pharmacy","category":"healthcare","subcategory":"pharmacy","osmType":"node","addr:city":"صنعاء","addr:street":"شارع الصحة","amenity":"pharmacy","healthcare":"pharmacy","name:ar":"صيدلية القسام","name:latin":"sydlya al-qsam"}},{"type":"Feature","id":4242619092,"geometry":{"type":"Point","coordinates":[44.204968300000004,15.379926300000001]},"properties":{"id":4242619092,"name":"صيدلية رولكس المركزية","type":"pharmacy","category":"healthcare","subcategory":"pharmacy","osmType":"node","addr:city":"صنعاء","addr:street":"شارع مازدا","amenity":"pharmacy","healthcare":"pharmacy","name:latin":"sydlya rwlks al-mrkzya"}},{"type":"Feature","id":4242714894,"geometry":{"type":"Point","coordinates":[44.202604,15.379602300000002]},"properties":{"id":4242714894,"name":"مجمع الثورة الطبي","type":"hospital","category":"healthcare","subcategory":"hospital","osmType":"node","addr:street":"خلف اللجنة الدائمة","amenity":"hospital","healthcare":"hospital","internet_access":"wlan","name:latin":"mjm' al-thwra al-tby"}},{"type":"Feature","id":4242718998,"geometry":{"type":"Point","coordinates":[44.203012,15.380382700000002]},"properties":{"id":4242718998,"name":"صيدلية الأكحلي","type":"pharmacy","category":"healthcare","subcategory":"pharmacy","osmType":"node","addr:street":"شارع الصحة","amenity":"pharmacy","healthcare":"pharmacy","name:ar":"صيدلية الأكحلي","name:latin":"sydlya al-akhly"}},{"type":"Feature","id":4242719400,"geometry":{"type":"Point","coordinates":[44.179429000000006,15.3558067]},"properties":{"id":4242719400,"name":"عيادة الدكتور محمد عبدالكريم الخولاني","type":"dentist","category":"healthcare","subcategory":"dentist","osmType":"node","addr:housenumber":"777373516","addr:street":"شارع 16","amenity":"dentist","name:ar":"عيادة الدكتور محمد عبدالكريم الخولاني","phone":"01210855","name:latin":"'yada al-dktwr mhmd 'bdalkrym al-khwlany"}},{"type":"Feature","id":4242732075,"geometry":{"type":"Point","coordinates":[44.2053841,15.374195600000002]},"properties":{"id":4242732075,"name":"عالم الصيدلة - 10","type":"pharmacy","category":"healthcare","subcategory":"pharmacy","osmType":"node","addr:city":"صنعاء","addr:street":"شارع القيادة","amenity":"pharmacy","healthcare":"pharmacy","name:latin":"'alm al-sydla - 10"}},{"type":"Feature","id":4242788271,"geometry":{"type":"Point","coordinates":[44.201688700000005,15.366518800000001]},"properties":{"id":4242788271,"name":"صيدلية الرضا","type":"pharmacy","category":"healthcare","subcategory":"pharmacy","osmType":"node","addr:street":"شارع تونس","amenity":"pharmacy","name:ar":"صيدلية الرضا","name:latin":"sydlya al-rda"}},{"type":"Feature","id":4242805416,"geometry":{"type":"Point","coordinates":[44.2017499,15.365245100000001]},"properties":{"id":4242805416,"name":"صيدلية البتول","type":"pharmacy","category":"healthcare","subcategory":"pharmacy","osmType":"node","addr:street":"شارع تونس","amenity":"pharmacy","name:ar":"صيدلية البتول","name:en":"Albattol pharmacy"}},{"type":"Feature","id":4298021159,"geometry":{"type":"Point","coordinates":[44.19195980000001,15.330956900000002]},"properties":{"id":4298021159,"name":"صيدلية الأميل","type":"pharmacy","category":"healthcare","subcategory":"pharmacy","osmType":"node","addr:city":"صنعاء","addr:street":"شارع خولة","amenity":"pharmacy","dispensing":"yes","healthcare":"pharmacy","name:en":"Alameel Pharmacy","opening_hours":"Sa-Th 09:00-21:00"}},{"type":"Feature","id":4298021191,"geometry":{"type":"Point","coordinates":[44.187613000000006,15.335455000000001]},"properties":{"id":4298021191,"name":"Alanfal Pharmacy","type":"pharmacy","category":"healthcare","subcategory":"pharmacy","osmType":"node","amenity":"pharmacy","dispensing":"yes","healthcare":"pharmacy","name:en":"Alanfal Pharmacy"}},{"type":"Feature","id":4298021216,"geometry":{"type":"Point","coordinates":[44.2263394,15.326838000000002]},"properties":{"id":4298021216,"name":"مستشفى الاشول التخصصي","type":"hospital","category":"healthcare","subcategory":"hospital","osmType":"node","addr:street":"شارع تعز","amenity":"hospital","healthcare":"hospital","name:en":"Alashwal Hospital","opening_hours":"24/7"}},{"type":"Feature","id":4298021220,"geometry":{"type":"Point","coordinates":[44.236242700000005,15.301255200000002]},"properties":{"id":4298021220,"name":"مستشفى العواضي","type":"hospital","category":"healthcare","subcategory":"hospital","osmType":"node","amenity":"hospital","healthcare":"hospital","name:en":"Alawadhi Hospital"}},{"type":"Feature","id":4298021383,"geometry":{"type":"Point","coordinates":[44.226148800000004,15.3270569]},"properties":{"id":4298021383,"name":"صيدلية الغزالي","type":"pharmacy","category":"healthcare","subcategory":"pharmacy","osmType":"node","amenity":"pharmacy","dispensing":"yes","healthcare":"pharmacy","name:en":"Alghzali Pharmacy"}},{"type":"Feature","id":4298021421,"geometry":{"type":"Point","coordinates":[44.1854482,15.343856200000001]},"properties":{"id":4298021421,"name":"صيدلية الحكمة","type":"pharmacy","category":"healthcare","subcategory":"pharmacy","osmType":"node","addr:street":"شارع هائل","amenity":"pharmacy","dispensing":"yes","healthcare":"pharmacy","name:en":"Alhekma Pharmacy"}},{"type":"Feature","id":4298021425,"geometry":{"type":"Point","coordinates":[44.208646400000006,15.334918000000002]},"properties":{"id":4298021425,"name":"صيدلية الهلال","type":"pharmacy","category":"healthcare","subcategory":"pharmacy","osmType":"node","amenity":"pharmacy","dispensing":"yes","healthcare":"pharmacy","name:en":"Alhelal Pharmacy"}},{"type":"Feature","id":4298021725,"geometry":{"type":"Point","coordinates":[44.21065960000001,15.3351649]},"properties":{"id":4298021725,"name":"صيدلية الكامل","type":"pharmacy","category":"healthcare","subcategory":"pharmacy","osmType":"node","amenity":"pharmacy","healthcare":"pharmacy","name:en":"Alkamel Pharmacy"}},{"type":"Feature","id":4298021786,"geometry":{"type":"Point","coordinates":[44.1804556,15.3426617]},"properties":{"id":4298021786,"name":"مستشفى المدينة التخصصي","type":"hospital","category":"healthcare","subcategory":"hospital","osmType":"node","addr:street":"شارع الزبيري","amenity":"hospital","healthcare":"hospital","name:en":"Almadena Specialist Hospital"}},{"type":"Feature","id":4298021902,"geometry":{"type":"Point","coordinates":[44.20259,15.337901]},"properties":{"id":4298021902,"name":"صيدلية المرسم","type":"pharmacy","category":"healthcare","subcategory":"pharmacy","osmType":"node","amenity":"pharmacy","dispensing":"yes","healthcare":"pharmacy","name:en":"Almarsam Pharmacy"}},{"type":"Feature","id":4298021907,"geometry":{"type":"Point","coordinates":[44.184051000000004,15.351720000000002]},"properties":{"id":4298021907,"name":"صيدلية المازن","type":"pharmacy","category":"healthcare","subcategory":"pharmacy","osmType":"node","addr:street":"شارع هائل","amenity":"pharmacy","dispensing":"yes","healthcare":"pharmacy","name:en":"Almazen Pharmacy"}},{"type":"Feature","id":4298021978,"geometry":{"type":"Point","coordinates":[44.201260000000005,15.346398]},"properties":{"id":4298021978,"name":"صيدلية المسار","type":"pharmacy","category":"healthcare","subcategory":"pharmacy","osmType":"node","addr:street":"شارع الزبيري","amenity":"pharmacy","dispensing":"yes","healthcare":"pharmacy","name:en":"Almsar Pharmacy"}},{"type":"Feature","id":4298022231,"geometry":{"type":"Point","coordinates":[44.205697900000004,15.339489000000002]},"properties":{"id":4298022231,"name":"مستشفى الأم","type":"hospital","category":"healthcare","subcategory":"hospital","osmType":"node","amenity":"hospital","healthcare":"hospital","name:ar":"مستشفى الأم","name:latin":"mstshfa al-am"}},{"type":"Feature","id":4298022396,"geometry":{"type":"Point","coordinates":[44.18285530000001,15.357103200000001]},"properties":{"id":4298022396,"name":"صيدلية الريان","type":"pharmacy","category":"healthcare","subcategory":"pharmacy","osmType":"node","addr:street":"شارع هائل","amenity":"pharmacy","dispensing":"yes","healthcare":"pharmacy","name:en":"Alrian Pharmacy"}},{"type":"Feature","id":4298022432,"geometry":{"type":"Point","coordinates":[44.184308,15.350604]},"properties":{"id":4298022432,"name":"صيدلية الصادق","type":"pharmacy","category":"healthcare","subcategory":"pharmacy","osmType":"node","addr:street":"شارع هائل","amenity":"pharmacy","dispensing":"yes","healthcare":"pharmacy","name:en":"Alsadeg Pharmacy"}},{"type":"Feature","id":4298022453,"geometry":{"type":"Point","coordinates":[44.1896125,15.346282100000002]},"properties":{"id":4298022453,"name":"صيدلية الساهر","type":"pharmacy","category":"healthcare","subcategory":"pharmacy","osmType":"node","addr:street":"الخط الدائري","amenity":"pharmacy","dispensing":"yes","healthcare":"pharmacy","name:ar":"صيدلية الساهر","name:latin":"sydlya al-sahr"}},{"type":"Feature","id":4298022675,"geometry":{"type":"Point","coordinates":[44.18589600000001,15.304470000000002]},"properties":{"id":4298022675,"name":"Alsroor Pharmacy","type":"pharmacy","category":"healthcare","subcategory":"pharmacy","osmType":"node","amenity":"pharmacy","name:en":"Alsroor Pharmacy"}},{"type":"Feature","id":4298022688,"geometry":{"type":"Point","coordinates":[44.1913708,15.3440264]},"properties":{"id":4298022688,"name":"صيدلية التضامن","type":"pharmacy","category":"healthcare","subcategory":"pharmacy","osmType":"node","addr:street":"شارع الزبيري","amenity":"pharmacy","dispensing":"yes","healthcare":"pharmacy","name:ar":"صيدلية التضامن","name:latin":"sydlya al-tdamn"}},{"type":"Feature","id":4298022988,"geometry":{"type":"Point","coordinates":[44.1850553,15.3471775]},"properties":{"id":4298022988,"name":"صيدلية الزهراء","type":"pharmacy","category":"healthcare","subcategory":"pharmacy","osmType":"node","addr:street":"شارع هائل","amenity":"pharmacy","dispensing":"yes","healthcare":"pharmacy","name:en":"Alzhra Pharmacy"}},{"type":"Feature","id":4298023002,"geometry":{"type":"Point","coordinates":[44.19475190000001,15.417462200000001]},"properties":{"id":4298023002,"name":"صيدلية عمران","type":"pharmacy","category":"healthcare","subcategory":"pharmacy","osmType":"node","addr:street":"خط عمران","amenity":"pharmacy","dispensing":"yes","healthcare":"pharmacy","name:ar":"صيدلية عمران","name:en":"Ammran pharmacy"}},{"type":"Feature","id":4298023037,"geometry":{"type":"Point","coordinates":[44.189103300000006,15.354252200000001]},"properties":{"id":4298023037,"name":"صيدلية ابن الهيثم","type":"pharmacy","category":"healthcare","subcategory":"pharmacy","osmType":"node","addr:street":"الخط الدائري","amenity":"pharmacy","dispensing":"yes","healthcare":"pharmacy","name:latin":"sydlya abn al-hythm"}},{"type":"Feature","id":4298023674,"geometry":{"type":"Point","coordinates":[44.1919387,15.309256600000001]},"properties":{"id":4298023674,"name":"مركز آل سليمان","type":"dentist","category":"healthcare","subcategory":"dentist","osmType":"node","addr:city":"صنعاء","addr:street":"شارع حدة","amenity":"dentist","healthcare":"dentist","name:latin":"mrkz al slyman"}},{"type":"Feature","id":4298023688,"geometry":{"type":"Point","coordinates":[44.1933591,15.3696294]},"properties":{"id":4298023688,"name":"صيدلية درب الأمجاد","type":"pharmacy","category":"healthcare","subcategory":"pharmacy","osmType":"node","addr:street":"شارع القاهرة","amenity":"pharmacy","dispensing":"yes","healthcare":"pharmacy","name:latin":"sydlya drb al-amjad"}},{"type":"Feature","id":4298023738,"geometry":{"type":"Point","coordinates":[44.190904100000004,15.369536300000002]},"properties":{"id":4298023738,"name":"صيدلية ايجل","type":"pharmacy","category":"healthcare","subcategory":"pharmacy","osmType":"node","addr:street":"شارع القاهرة","amenity":"pharmacy","dispensing":"yes","healthcare":"pharmacy","name:ar":"صيدلية ايجل","name:latin":"sydlya ayjl"}},{"type":"Feature","id":4298023761,"geometry":{"type":"Point","coordinates":[44.184466300000004,15.338049700000001]},"properties":{"id":4298023761,"name":"صيدلية فضل","type":"pharmacy","category":"healthcare","subcategory":"pharmacy","osmType":"node","amenity":"pharmacy","dispensing":"yes","healthcare":"pharmacy","name:en":"Fadhel Pharmacy"}},{"type":"Feature","id":4298023947,"geometry":{"type":"Point","coordinates":[44.206087600000004,15.351139700000001]},"properties":{"id":4298023947,"name":"صيدلية ابن حيان 3","type":"pharmacy","category":"healthcare","subcategory":"pharmacy","osmType":"node","addr:city":"صنعاء","addr:street":"جسر الصداقة","amenity":"pharmacy","dispensing":"yes","healthcare":"pharmacy","name:en":"Ibn Heian Pharmacy 3"}},{"type":"Feature","id":4298023951,"geometry":{"type":"Point","coordinates":[44.168753900000006,15.341144800000002]},"properties":{"id":4298023951,"name":"مستشفى ابن سينا التخصصي","type":"hospital","category":"healthcare","subcategory":"hospital","osmType":"node","addr:street":"شارع الستين","amenity":"hospital","healthcare":"hospital","name:en":"Ibn Sina Specialist Hospital","opening_hours":"24/7"}},{"type":"Feature","id":4298023953,"geometry":{"type":"Point","coordinates":[44.20146810000001,15.338031400000002]},"properties":{"id":4298023953,"name":"صيدلية ايديكو","type":"pharmacy","category":"healthcare","subcategory":"pharmacy","osmType":"node","amenity":"pharmacy","dispensing":"yes","healthcare":"pharmacy","name:en":"Ideco Pharmacy"}},{"type":"Feature","id":4298024216,"geometry":{"type":"Point","coordinates":[44.1726055,15.341708200000001]},"properties":{"id":4298024216,"name":"صيدلية","type":"pharmacy","category":"healthcare","subcategory":"pharmacy","osmType":"node","amenity":"pharmacy","dispensing":"yes","healthcare":"pharmacy","name:ar":"صيدلية كنوز الصحه","name:en":"Knoz Alseha Pharmacy"}},{"type":"Feature","id":4298024233,"geometry":{"type":"Point","coordinates":[44.197841200000006,15.3150793]},"properties":{"id":4298024233,"name":"صيدلية لمسة شفاء","type":"pharmacy","category":"healthcare","subcategory":"pharmacy","osmType":"node","addr:street":"شارع حدة","amenity":"pharmacy","dispensing":"yes","healthcare":"pharmacy","name:en":"Lemset Shefa Pharmacy","opening_hours":"Mo-Su 08:00-22:00"}},{"type":"Feature","id":4298024271,"geometry":{"type":"Point","coordinates":[44.185295,15.34584]},"properties":{"id":4298024271,"name":"صيدلية مركز الدواء","type":"pharmacy","category":"healthcare","subcategory":"pharmacy","osmType":"node","addr:street":"شارع هائل","amenity":"pharmacy","dispensing":"yes","healthcare":"pharmacy","name:en":"Markez Aldwa Pharmacy"}},{"type":"Feature","id":4298024711,"geometry":{"type":"Point","coordinates":[44.18362630000001,15.353572800000002]},"properties":{"id":4298024711,"name":"صيدلية","type":"pharmacy","category":"healthcare","subcategory":"pharmacy","osmType":"node","amenity":"pharmacy","dispensing":"yes","healthcare":"pharmacy","name:en":"Qzween Pharmacy"}},{"type":"Feature","id":4315893489,"geometry":{"type":"Point","coordinates":[44.199089,15.338236400000001]},"properties":{"id":4315893489,"name":"عيادة البصيلي","type":"clinic","category":"healthcare","subcategory":"clinic","osmType":"node","addr:street":"شارع مجاهد","amenity":"clinic","healthcare":"clinic","name:ar":"عيادة البصيلي","name:latin":"'yada al-bsyly"}},{"type":"Feature","id":4319651591,"geometry":{"type":"Point","coordinates":[44.2167618,15.403849300000001]},"properties":{"id":4319651591,"name":"مستشفى المؤيد","type":"hospital","category":"healthcare","subcategory":"hospital","osmType":"node","amenity":"hospital","healthcare":"hospital","internet_access":"wlan","name:ar":"مستشفى المؤيد","name:en":"Almoa'ayad hospital"}},{"type":"Feature","id":4325314605,"geometry":{"type":"Point","coordinates":[44.1732279,15.340219200000002]},"properties":{"id":4325314605,"name":"مستشفى سيبلاس","type":"hospital","category":"healthcare","subcategory":"hospital","osmType":"node","addr:city":"صنعاء","addr:street":"شارع الزبيري","amenity":"hospital","healthcare":"hospital","name:en":"C-Plas Hospital","opening_hours":"Mo-Su 08:00-23:00","phone":"+967 1 201 201"}},{"type":"Feature","id":4346513462,"geometry":{"type":"Point","coordinates":[44.2033769,15.295440000000001]},"properties":{"id":4346513462,"name":"مستشفى القدس العسكري","type":"hospital","category":"healthcare","subcategory":"hospital","osmType":"node","addr:street":"شارع مصنع حده","amenity":"hospital","healthcare":"hospital","name:ar":"مستشفى القدس العسكري","name:en":"Alkods Military Hospital","opening_hours":"24/7"}},{"type":"Feature","id":4346529067,"geometry":{"type":"Point","coordinates":[44.1712829,15.355344400000002]},"properties":{"id":4346529067,"name":"مركز الزهراء للأطراف الصناعية والأجهزة التعويضية","type":"clinic","category":"healthcare","subcategory":"clinic","osmType":"node","addr:city":"صنعاء","addr:street":"شارع الستين","amenity":"clinic","healthcare":"clinic","name:latin":"mrkz al-zhra' llatraf al-sna'ya walajhza al-t'wydya"}},{"type":"Feature","id":4346542914,"geometry":{"type":"Point","coordinates":[44.1922329,15.3692015]},"properties":{"id":4346542914,"name":"مستشفى القاهرة","type":"hospital","category":"healthcare","subcategory":"hospital","osmType":"node","addr:street":"شارع القاهرة","amenity":"hospital","healthcare":"hospital","name:ar":"مستشفى القاهرة","name:latin":"mstshfa al-qahra"}},{"type":"Feature","id":4349901690,"geometry":{"type":"Point","coordinates":[44.2171074,15.279635]},"properties":{"id":4349901690,"name":"مستشفى الخمسين","type":"hospital","category":"healthcare","subcategory":"hospital","osmType":"node","addr:city":"صنعاء","addr:street":"شارع الخمسين","amenity":"hospital","healthcare":"hospital","name:en":"50 st Hospital"}},{"type":"Feature","id":4355003889,"geometry":{"type":"Point","coordinates":[44.244065400000004,15.2969199]},"properties":{"id":4355003889,"name":"مستشفى الدرن","type":"hospital","category":"healthcare","subcategory":"hospital","osmType":"node","addr:street":"شارع تعز","amenity":"hospital","name:ar":"مستشفى الدرن","name:en":"Tuberculosis Hospital"}},{"type":"Feature","id":4365790011,"geometry":{"type":"Point","coordinates":[44.2254641,15.391981600000001]},"properties":{"id":4365790011,"name":"صيدلية القاسمي","type":"pharmacy","category":"healthcare","subcategory":"pharmacy","osmType":"node","addr:street":"شارع الشيخ زايد","amenity":"pharmacy","healthcare":"pharmacy","name:ar":"صيدلية القاسمي","name:en":"Algassmy pharmacy"}},{"type":"Feature","id":4367212296,"geometry":{"type":"Point","coordinates":[44.223345,15.387902300000002]},"properties":{"id":4367212296,"name":"التلال للادوية","type":"pharmacy","category":"healthcare","subcategory":"pharmacy","osmType":"node","amenity":"pharmacy","healthcare":"pharmacy","name:ar":"التلال للادوية","name:en":"Altelal pharmacy"}},{"type":"Feature","id":4368828990,"geometry":{"type":"Point","coordinates":[44.18405250000001,15.3362323]},"properties":{"id":4368828990,"name":"مستشفى د.عبدالقادر المتوكل","type":"hospital","category":"healthcare","subcategory":"hospital","osmType":"node","addr:city":"صنعاء","addr:street":"شارع بغداد","amenity":"hospital","healthcare":"hospital","name:en":"Almtwakel Hospital","opening_hours":"24/7"}},{"type":"Feature","id":4379341189,"geometry":{"type":"Point","coordinates":[44.2132779,15.402565200000002]},"properties":{"id":4379341189,"name":"مستشفى الملك التخصصي","type":"hospital","category":"healthcare","subcategory":"hospital","osmType":"node","amenity":"hospital","healthcare":"hospital","name:latin":"mstshfa al-mlk al-tkhssy"}},{"type":"Feature","id":4386074990,"geometry":{"type":"Point","coordinates":[44.2530305,15.249703100000001]},"properties":{"id":4386074990,"name":"مستشفى 48 الطبي","type":"hospital","category":"healthcare","subcategory":"hospital","osmType":"node","addr:street":"طريق صنعاء تعز","amenity":"hospital","healthcare":"hospital","name:ar":"مستشفى 48 الطبي","name:en":"48 Hospital","opening_hours":"24/7"}},{"type":"Feature","id":4388524491,"geometry":{"type":"Point","coordinates":[44.2236775,15.332500300000001]},"properties":{"id":4388524491,"name":"صيدلية الحياة للادوية","type":"pharmacy","category":"healthcare","subcategory":"pharmacy","osmType":"node","addr:city":"صنعاء","addr:street":"شارع تعز","amenity":"pharmacy","healthcare":"pharmacy","opening_hours":"24/7","name:latin":"sydlya al-hyaa lladwya"}},{"type":"Feature","id":4388528989,"geometry":{"type":"Point","coordinates":[44.221779700000006,15.3322692]},"properties":{"id":4388528989,"name":"مركز الزهراوي الطبي","type":"hospital","category":"healthcare","subcategory":"hospital","osmType":"node","addr:street":"Ta'izz road","amenity":"hospital","name:ar":"مركز الزهراوي الطبي","name:en":"Alzahrawi Medical Center","opening_hours":"Sa-Th"}},{"type":"Feature","id":4388529190,"geometry":{"type":"Point","coordinates":[44.223195700000005,15.332715900000002]},"properties":{"id":4388529190,"name":"مستشفى الهلال الابيض","type":"hospital","category":"healthcare","subcategory":"hospital","osmType":"node","addr:city":"صنعاء","addr:street":"شارع تعز","amenity":"hospital","healthcare":"hospital","name:ar":"مستشفى الهلال الابيض","opening_hours":"24/7","name:latin":"mstshfa al-hlal al-abyd"}},{"type":"Feature","id":4388529289,"geometry":{"type":"Point","coordinates":[44.22231120000001,15.331895000000001]},"properties":{"id":4388529289,"name":"صيدلية اليمن السعيد 5","type":"pharmacy","category":"healthcare","subcategory":"pharmacy","osmType":"node","addr:city":"صنعاء","addr:street":"شارع تعز","amenity":"pharmacy","healthcare":"pharmacy","name:en":"Al Yemen Alsaeed 5 pharmacy","opening_hours":"24/7"}},{"type":"Feature","id":4389043190,"geometry":{"type":"Point","coordinates":[44.2335361,15.309820300000002]},"properties":{"id":4389043190,"name":"عيادة الجلد الدكتور محمد اليحيري","type":"clinic","category":"healthcare","subcategory":"clinic","osmType":"node","addr:street":"Ta'izz road","amenity":"clinic","healthcare":"clinic","name:ar":"عيادة الجلد الدكتور محمد اليحيري","opening_hours":"Sa-Th 16:00-21:00","name:latin":"'yada al-jld al-dktwr mhmd al-yhyry"}},{"type":"Feature","id":4392949190,"geometry":{"type":"Point","coordinates":[44.207294700000006,15.358426200000002]},"properties":{"id":4392949190,"name":"الطبيبة فايزة عاشور","type":"dentist","category":"healthcare","subcategory":"dentist","osmType":"node","amenity":"dentist","healthcare":"dentist","name:ar":"الطبيبة فايزة عاشور","name:en":"Dr. Fayzah Ashoor Dentist"}},{"type":"Feature","id":4401651994,"geometry":{"type":"Point","coordinates":[44.183418800000005,15.357508700000002]},"properties":{"id":4401651994,"name":"مركز ازال لطب الاسنان","type":"dentist","category":"healthcare","subcategory":"dentist","osmType":"node","addr:housenumber":"01218861","addr:street":"شارع الرقاص","amenity":"dentist","name:ar":"مركز ازال لطب الاسنان","opening_hours":"Sa-Th 09:00-20:00","name:latin":"mrkz azal ltb al-asnan"}},{"type":"Feature","id":4402524892,"geometry":{"type":"Point","coordinates":[44.17821610000001,15.3956212]},"properties":{"id":4402524892,"name":"صيدلية العزعزي","type":"pharmacy","category":"healthcare","subcategory":"pharmacy","osmType":"node","addr:city":"حي النهضة","addr:street":"شارع النهضة","amenity":"pharmacy","healthcare":"pharmacy","name:en":"Alazazi Pharmacy"}},{"type":"Feature","id":4413032892,"geometry":{"type":"Point","coordinates":[44.19485650000001,15.344076500000002]},"properties":{"id":4413032892,"name":"برج الاطباء","type":"doctors","category":"healthcare","subcategory":"clinic","osmType":"node","addr:street":"شارع الزبيري","amenity":"doctors","healthcare":"doctor","name:ar":"برج الاطباء","name:en":"Doctors Tower"}},{"type":"Feature","id":4413032997,"geometry":{"type":"Point","coordinates":[44.195915500000005,15.3445417]},"properties":{"id":4413032997,"name":"صيدلية ابن حيان 1","type":"pharmacy","category":"healthcare","subcategory":"pharmacy","osmType":"node","addr:city":"صنعاء","addr:street":"شارع الزبيري","amenity":"pharmacy","healthcare":"pharmacy","name:latin":"sydlya abn hyan 1"}},{"type":"Feature","id":4413068790,"geometry":{"type":"Point","coordinates":[44.194092600000005,15.3443567]},"properties":{"id":4413068790,"name":"صيدلية ابن حيان 4","type":"pharmacy","category":"healthcare","subcategory":"pharmacy","osmType":"node","addr:street":"شارع الزبيري","amenity":"pharmacy","healthcare":"pharmacy","name:latin":"sydlya abn hyan 4"}},{"type":"Feature","id":4417434392,"geometry":{"type":"Point","coordinates":[44.1930118,15.324917000000001]},"properties":{"id":4417434392,"name":"مركز الدكتور العمراني لأمراض الكبد","type":"clinic","category":"healthcare","subcategory":"clinic","osmType":"node","addr:street":"شارع جيبوتي","amenity":"clinic","name:ar":"مركز الدكتور العمراني لأمراض الكبد","opening_hours":"Sa-Th 22:00-08:00","name:latin":"mrkz al-dktwr al-'mrany lamrad al-kbd"}},{"type":"Feature","id":4420519299,"geometry":{"type":"Point","coordinates":[44.233356500000006,15.310368300000002]},"properties":{"id":4420519299,"name":"د. عبد السلام عواس لطب الاسنان","type":"dentist","category":"healthcare","subcategory":"dentist","osmType":"node","addr:street":"Ta'izz road","amenity":"dentist","healthcare":"dentist","name:ar":"د. عبد السلام عواس لطب الاسنان","opening_hours":"Sa-Th","phone":"00967771111153","website":"https://www.awas1.com/","name:latin":"d. 'bd al-slam 'was ltb al-asnan"}},{"type":"Feature","id":4420542094,"geometry":{"type":"Point","coordinates":[44.1987936,15.330492900000001]},"properties":{"id":4420542094,"name":"د. عبدالسلام عواس لطب الاسنان","type":"dentist","category":"healthcare","subcategory":"dentist","osmType":"node","addr:housenumber":"00967771111153","addr:postcode":"37574","addr:street":"شارع حدة","amenity":"dentist","description":"مركز متخصص في زراعة و تقويم وتجميل الاسنان في صنعاء","name:ar":"د. عبدالسلام عواس لطب الاسنان","name:en":"Dr. Abdulsalam Awas Dental center","opening_hours":"Sa-Th","phone":"00967711831000","website":"https://www.awas1.com/"}},{"type":"Feature","id":4424842397,"geometry":{"type":"Point","coordinates":[44.2048653,15.384706600000001]},"properties":{"id":4424842397,"name":"صيدلية زمزم","type":"pharmacy","category":"healthcare","subcategory":"pharmacy","osmType":"node","addr:street":"شارع مازدا","amenity":"pharmacy","healthcare":"pharmacy","name:ar":"صيدلية زمزم","name:en":"Zamzam pharmacy","opening_hours":"Mo-Su 08:30-22:00"}},{"type":"Feature","id":4431870392,"geometry":{"type":"Point","coordinates":[44.198878,15.305181700000002]},"properties":{"id":4431870392,"name":"عالم الصيدلة","type":"pharmacy","category":"healthcare","subcategory":"pharmacy","osmType":"node","addr:street":"شارع بيروت","amenity":"pharmacy","healthcare":"pharmacy","name:ar":"عالم الصيدلة","name:en":"Pharmacy World"}},{"type":"Feature","id":4431880089,"geometry":{"type":"Point","coordinates":[44.1919289,15.308874900000001]},"properties":{"id":4431880089,"name":"صيدلية ابن حيان 5","type":"pharmacy","category":"healthcare","subcategory":"pharmacy","osmType":"node","addr:city":"صنعاء","addr:street":"شارع حدة","amenity":"pharmacy","healthcare":"pharmacy","name:en":"ibn Hyan 5 pharmacy","opening_hours":"Sa-Th 09:00-21:00"}},{"type":"Feature","id":4438447489,"geometry":{"type":"Point","coordinates":[44.2017657,15.339132300000001]},"properties":{"id":4438447489,"name":"مركز النعامي الطبي تحت اشراف الدكتور امين علي النعامي","type":"clinic","category":"healthcare","subcategory":"clinic","osmType":"node","amenity":"clinic","name:ar":"دكتور الاطفال النعامي","name:latin":"mrkz al-n'amy al-tby tht ashraf al-dktwr amyn 'ly al-n'amy"}},{"type":"Feature","id":4472737998,"geometry":{"type":"Point","coordinates":[44.174351200000004,15.354128500000002]},"properties":{"id":4472737998,"name":"المجمع الطبي لجامعة العلوم والتكنولوجيا","type":"clinic","category":"healthcare","subcategory":"clinic","osmType":"node","amenity":"clinic","healthcare":"clinic","name:ar":"المجمع الطبي","name:en":"The medical compound"}},{"type":"Feature","id":4473010723,"geometry":{"type":"Point","coordinates":[44.1888712,15.350683100000001]},"properties":{"id":4473010723,"name":"مركز الجامعة الطبي","type":"doctors","category":"healthcare","subcategory":"clinic","osmType":"node","addr:street":"الخط الدائري","amenity":"doctors","name:ar":"مركز الجامعه الطبي","name:en":"University Medical Center","opening_hours":"Sa-Th 10:00-20:00"}},{"type":"Feature","id":4486209092,"geometry":{"type":"Point","coordinates":[44.1895443,15.351775400000001]},"properties":{"id":4486209092,"name":"","type":"dentist","category":"healthcare","subcategory":"dentist","osmType":"node","addr:city":"952Q+VP4 الشوافي دنت لوازم طب الأسنان، https://maps.app.goo.gl/EGPEywGYkwSynatz6","addr:housenumber":"952Q+VP4 الشوافي دنت لوازم طب الأسنان، https://maps.app.goo.gl/EGPEywGYkwSynatz6","addr:street":"شارع 20","amenity":"dentist","email":"waheebalshwafyDentistry@gmail.com","healthcare":"dentist","healthcare:speciality":"dentistry","name:ar":"الشوافي دنت اجهزة ومستلزمات طب الأسنان","phone":"777952232","website":"https://www.facebook.com/AlshwafyDentDentistry","name:latin":"al-shwafy dnt ajhza wmstlzmat tb al-asnan"}},{"type":"Feature","id":4505971894,"geometry":{"type":"Point","coordinates":[44.217251700000006,15.278854700000002]},"properties":{"id":4505971894,"name":"مستشفى عالم الطب التخصصي الدكتور محمد الصوفي","type":"clinic","category":"healthcare","subcategory":"clinic","osmType":"node","amenity":"clinic","healthcare":"clinic","name:ar":"مستشفى عالم الطب التخصصي الدكتور محمد الصوفي","name:latin":"mstshfa 'alm al-tb al-tkhssy al-dktwr mhmd al-swfy"}},{"type":"Feature","id":4513763827,"geometry":{"type":"Point","coordinates":[44.1745632,15.335158300000002]},"properties":{"id":4513763827,"name":"المستشفى الأهلي الحديث","type":"hospital","category":"healthcare","subcategory":"hospital","osmType":"node","addr:street":"شارع الستين","amenity":"hospital","description":"مستشفى","healthcare":"hospital","name:ar":"المستشفى الاهلي الحديث","opening_hours":"24/7","name:latin":"al-mstshfa al-ahly al-hdyth"}},{"type":"Feature","id":4514448789,"geometry":{"type":"Point","coordinates":[44.219838,15.279878900000002]},"properties":{"id":4514448789,"name":"Smile Dentist","type":"dentist","category":"healthcare","subcategory":"dentist","osmType":"node","addr:street":"شارع الاربعين","amenity":"dentist","name:en":"Smile Dentist","opening_hours":"Sa-We 16:00-20:00"}},{"type":"Feature","id":4522685189,"geometry":{"type":"Point","coordinates":[44.206848900000004,15.406745100000002]},"properties":{"id":4522685189,"name":"مجمع الجراف الطبي","type":"clinic","category":"healthcare","subcategory":"clinic","osmType":"node","amenity":"clinic","healthcare":"clinic","name:ar":"مجمع الجراف الطبي","name:latin":"mjm' al-jraf al-tby"}},{"type":"Feature","id":4525827989,"geometry":{"type":"Point","coordinates":[44.219705700000006,15.390335100000001]},"properties":{"id":4525827989,"name":"المركز الطبي","type":"clinic","category":"healthcare","subcategory":"clinic","osmType":"node","amenity":"clinic","healthcare":"clinic","name:ar":"المركز الطبي","name:en":"Medical center"}},{"type":"Feature","id":4535237990,"geometry":{"type":"Point","coordinates":[44.1968874,15.3347276]},"properties":{"id":4535237990,"name":"عياده الجرافي لطب العيون","type":"clinic","category":"healthcare","subcategory":"clinic","osmType":"node","addr:street":"Ring RD","amenity":"clinic","healthcare":"clinic","internet_access":"wlan","name:ar":"عياده الجرافي لطب العيون","name:en":"Algorithm Eye Clinic","opening_hours":"Sa-Th"}},{"type":"Feature","id":4551175792,"geometry":{"type":"Point","coordinates":[44.1735515,15.376516700000002]},"properties":{"id":4551175792,"name":"مستشفى الامانة","type":"hospital","category":"healthcare","subcategory":"hospital","osmType":"node","addr:postcode":"00967","addr:street":"خط وادي ظهر - شبام","amenity":"hospital","healthcare":"hospital","name:latin":"mstshfa al-amana"}},{"type":"Feature","id":4551224889,"geometry":{"type":"Point","coordinates":[44.1740926,15.376178300000001]},"properties":{"id":4551224889,"name":"مستشفى دار الرحمة","type":"hospital","category":"healthcare","subcategory":"hospital","osmType":"node","addr:postcode":"00967","addr:street":"خط وادي ظهر - شبام","amenity":"hospital","healthcare":"hospital","name:ar":"مستشفى دار الرحمه","opening_hours":"24/7","name:latin":"mstshfa dar al-rhma"}},{"type":"Feature","id":4580756491,"geometry":{"type":"Point","coordinates":[44.226152400000004,15.381951700000002]},"properties":{"id":4580756491,"name":"مركز علاو الانجابي","type":"clinic","category":"healthcare","subcategory":"clinic","osmType":"node","addr:street":"شارع الجامعة العربية","amenity":"clinic","name:ar":"مركز علاو الانجابي","name:latin":"mrkz 'law al-anjaby"}},{"type":"Feature","id":4581301291,"geometry":{"type":"Point","coordinates":[44.23028300000001,15.385511600000001]},"properties":{"id":4581301291,"name":"مركز النصر الطبي","type":"clinic","category":"healthcare","subcategory":"clinic","osmType":"node","amenity":"clinic","healthcare":"clinic","name:latin":"mrkz al-nsr al-tby"}},{"type":"Feature","id":4581301292,"geometry":{"type":"Point","coordinates":[44.23032250000001,15.385395400000002]},"properties":{"id":4581301292,"name":"صيدلية النصر","type":"pharmacy","category":"healthcare","subcategory":"pharmacy","osmType":"node","addr:city":"صنعاء","addr:street":"شارع النصر","amenity":"pharmacy","healthcare":"pharmacy","name:latin":"sydlya al-nsr"}},{"type":"Feature","id":4582791991,"geometry":{"type":"Point","coordinates":[44.23125280000001,15.382665500000002]},"properties":{"id":4582791991,"name":"صيدلية الثور","type":"pharmacy","category":"healthcare","subcategory":"pharmacy","osmType":"node","addr:street":"شارع النصر","amenity":"pharmacy","name:ar":"صيدلية الثور","name:en":"Althor pharmacy","operator":"د.علي الثور"}},{"type":"Feature","id":4582799489,"geometry":{"type":"Point","coordinates":[44.231260000000006,15.382482800000002]},"properties":{"id":4582799489,"name":"صيدلية النور","type":"pharmacy","category":"healthcare","subcategory":"pharmacy","osmType":"node","addr:street":"شارع النصر","amenity":"pharmacy","name:ar":"صيدلية النور","name:en":"Al-noor"}},{"type":"Feature","id":4582800591,"geometry":{"type":"Point","coordinates":[44.2309515,15.3836802]},"properties":{"id":4582800591,"name":"صيدلية","type":"pharmacy","category":"healthcare","subcategory":"pharmacy","osmType":"node","amenity":"pharmacy","name:ar":"صيدلية","name:latin":"sydlya"}},{"type":"Feature","id":4582938389,"geometry":{"type":"Point","coordinates":[44.2297809,15.385560500000002]},"properties":{"id":4582938389,"name":"عيادة","type":"clinic","category":"healthcare","subcategory":"clinic","osmType":"node","amenity":"clinic","healthcare":"clinic","name:ar":"عيادة","name:en":"Clinic","operator":"عبدالبديع"}},{"type":"Feature","id":4611345389,"geometry":{"type":"Point","coordinates":[44.1968468,15.305467300000002]},"properties":{"id":4611345389,"name":"صيدلية قطرات","type":"pharmacy","category":"healthcare","subcategory":"pharmacy","osmType":"node","addr:street":"شارع صفر","amenity":"pharmacy","healthcare":"pharmacy","name:ar":"صيدلية قطرات","name:en":"Qatarat pharmacy","opening_hours":"Mo-Su 08:00-23:00","phone":"01425988"}},{"type":"Feature","id":4636983994,"geometry":{"type":"Point","coordinates":[44.2054295,15.4112097]},"properties":{"id":4636983994,"name":"صيدلية الرحاب","type":"pharmacy","category":"healthcare","subcategory":"pharmacy","osmType":"node","addr:street":"شارع النصر","amenity":"pharmacy","healthcare":"pharmacy","name:ar":"صيدلية الرحاب","name:en":"Alrehab pharmacy"}},{"type":"Feature","id":4636983997,"geometry":{"type":"Point","coordinates":[44.1886328,15.342785400000002]},"properties":{"id":4636983997,"name":"مستشفى المدينة النموذجي","type":"hospital","category":"healthcare","subcategory":"hospital","osmType":"node","addr:street":"شارع عمان","amenity":"hospital","healthcare":"hospital","name:en":"Almadinah hospital"}},{"type":"Feature","id":4637027892,"geometry":{"type":"Point","coordinates":[44.2068561,15.406836300000002]},"properties":{"id":4637027892,"name":"مركز الجراف الطبي","type":"hospital","category":"healthcare","subcategory":"hospital","osmType":"node","amenity":"hospital","healthcare":"hospital","name:ar":"مركز الجراف الطبي","name:latin":"mrkz al-jraf al-tby"}},{"type":"Feature","id":4641653589,"geometry":{"type":"Point","coordinates":[44.2194827,15.3397795]},"properties":{"id":4641653589,"name":"الفسيلة","type":"doctors","category":"healthcare","subcategory":"clinic","osmType":"node","amenity":"doctors","name:ar":"الفسيلة","name:en":"Alfasila"}},{"type":"Feature","id":4653116991,"geometry":{"type":"Point","coordinates":[44.2207408,15.279042500000001]},"properties":{"id":4653116991,"name":"مستشفى التوفيق الاستشاري","type":"hospital","category":"healthcare","subcategory":"hospital","osmType":"node","addr:city":"صنعاء","addr:street":"شارع الأربعين","amenity":"hospital","emergency":"yes","healthcare":"hospital","name:ar":"مستشفى التوفيق الاستشاري","name:en":"Al-Tawfiq Consulting Hospital","opening_hours":"24/7"}},{"type":"Feature","id":4672077690,"geometry":{"type":"Point","coordinates":[44.1940844,15.368894300000001]},"properties":{"id":4672077690,"name":"محمد نجيب الجرموزي","type":"doctors","category":"healthcare","subcategory":"clinic","osmType":"node","addr:street":"شارع القاهرة","amenity":"doctors","name:ar":"محمد نجيب الجرموزي","name:en":"aljarmozi"}},{"type":"Feature","id":4686866992,"geometry":{"type":"Point","coordinates":[44.2345893,15.307167900000001]},"properties":{"id":4686866992,"name":"عيادة اسنان الدكتور ايمن نصار","type":"dentist","category":"healthcare","subcategory":"dentist","osmType":"node","amenity":"dentist","healthcare":"dentist","name:ar":"عيادة اسنان الدكتور ايمن نصار","name:en":"D. Aiman Nassar (teeth)"}},{"type":"Feature","id":4706664394,"geometry":{"type":"Point","coordinates":[44.21111750000001,15.335420000000001]},"properties":{"id":4706664394,"name":"هلال فارما","type":"pharmacy","category":"healthcare","subcategory":"pharmacy","osmType":"node","amenity":"pharmacy","name:ar":"هلال فارما","name:latin":"hlal farma"}},{"type":"Feature","id":4706722190,"geometry":{"type":"Point","coordinates":[44.2109133,15.335400600000002]},"properties":{"id":4706722190,"name":"صيدلية الأردن","type":"pharmacy","category":"healthcare","subcategory":"pharmacy","osmType":"node","amenity":"pharmacy","name:ar":"صيدليه الأردن","name:latin":"sydlya al-ardn"}},{"type":"Feature","id":4711241685,"geometry":{"type":"Point","coordinates":[44.182205700000004,15.342093000000002]},"properties":{"id":4711241685,"name":"مركز جلال العبسي","type":"clinic","category":"healthcare","subcategory":"clinic","osmType":"node","addr:street":"شارع الزبيري مقابل وزارة النفط والمعادن الشارع الخلفي","amenity":"clinic","description":"مركز جلال العبسي للأمراض الجلدية","name:ar":"مركز جلال العبسي","opening_hours":"Mo-Th, Sa, Su 10:00-00:00, 16:00-18:00","phone":"777930088","name:latin":"mrkz jlal al-'bsy"}},{"type":"Feature","id":4712293089,"geometry":{"type":"Point","coordinates":[44.1987953,15.305094300000002]},"properties":{"id":4712293089,"name":"مستشفى الموشكي","type":"hospital","category":"healthcare","subcategory":"hospital","osmType":"node","addr:street":"شارع صفر","amenity":"hospital","healthcare":"hospital","name:ar":"مستشفى الموشكي","name:en":"Almoshki Hospital","opening_hours":"24/7","phone":"96701433334"}},{"type":"Feature","id":4723964094,"geometry":{"type":"Point","coordinates":[44.215332100000005,15.335924200000001]},"properties":{"id":4723964094,"name":"صيدلية اورنج","type":"pharmacy","category":"healthcare","subcategory":"pharmacy","osmType":"node","amenity":"pharmacy","name:ar":"صيدلية اورنج","name:latin":"sydlya awrnj"}},{"type":"Feature","id":4729303998,"geometry":{"type":"Point","coordinates":[44.212993000000004,15.396887600000001]},"properties":{"id":4729303998,"name":"مركز التعاون الطبي","type":"hospital","category":"healthcare","subcategory":"hospital","osmType":"node","amenity":"hospital","healthcare":"hospital","name:ar":"مركز التعاون الطبي","name:latin":"mrkz al-t'awn al-tby"}},{"type":"Feature","id":4729303999,"geometry":{"type":"Point","coordinates":[44.2129939,15.396741100000002]},"properties":{"id":4729303999,"name":"صيدلية بوابة الصحة","type":"pharmacy","category":"healthcare","subcategory":"pharmacy","osmType":"node","amenity":"pharmacy","healthcare":"pharmacy","name:ar":"صيدلية بوابة الصحة","name:latin":"sydlya bwaba al-sha"}},{"type":"Feature","id":4729378489,"geometry":{"type":"Point","coordinates":[44.213411,15.397996400000002]},"properties":{"id":4729378489,"name":"مختبرات الرواد الطبية","type":"laboratory","category":"healthcare","subcategory":"other","osmType":"node","addr:city":"صنعاء","addr:street":"شارع المطار","healthcare":"laboratory","name:latin":"mkhtbrat al-rwad al-tbya"}},{"type":"Feature","id":4736034821,"geometry":{"type":"Point","coordinates":[44.217639500000004,15.278591900000002]},"properties":{"id":4736034821,"name":"د. محمد عواس لتجميل وتقويم وزراعة الاسنان","type":"clinic","category":"healthcare","subcategory":"clinic","osmType":"node","addr:street":"شارع الخمسين","amenity":"clinic","email":"Dr_Mohammed.Awas@yahoo.com","healthcare":"clinic","name:ar":"د. محمد عواس لتجميل وتقويم وزراعة الاسنان","phone":"9671682988","name:latin":"d. mhmd 'was ltjmyl wtqwym wzra'a al-asnan"}},{"type":"Feature","id":4741305323,"geometry":{"type":"Point","coordinates":[44.1877244,15.332369400000001]},"properties":{"id":4741305323,"name":"مركز الدكتور سالم باناجة لطب الأطفال","type":"clinic","category":"healthcare","subcategory":"clinic","osmType":"node","addr:street":"شارع جيبوتي","amenity":"clinic","healthcare":"clinic","name:ar":"مركز الدكتور سالم باناجة لطب الأطفال","name:en":"Dr Ba Najah Center  for children","opening_hours":"Sa-Th 08:00-20:00"}},{"type":"Feature","id":4741334723,"geometry":{"type":"Point","coordinates":[44.198978700000005,15.325641100000002]},"properties":{"id":4741334723,"name":"صيدلية ريماس","type":"pharmacy","category":"healthcare","subcategory":"pharmacy","osmType":"node","addr:street":"شارع حدة","amenity":"pharmacy","dispensing":"yes","healthcare":"pharmacy","name:en":"Rimas Pharmacy","opening_hours":"Sa-Th 09:00-21:00"}},{"type":"Feature","id":4789701422,"geometry":{"type":"Point","coordinates":[44.2354944,15.379707900000001]},"properties":{"id":4789701422,"name":"زمزم الحديثة","type":"pharmacy","category":"healthcare","subcategory":"pharmacy","osmType":"node","amenity":"pharmacy","name:ar":"زمزم الحديثة","name:latin":"zmzm al-hdytha"}},{"type":"Feature","id":4789701423,"geometry":{"type":"Point","coordinates":[44.207421200000006,15.387675500000002]},"properties":{"id":4789701423,"name":"صيدلية صلاح الدين","type":"pharmacy","category":"healthcare","subcategory":"pharmacy","osmType":"node","addr:street":"شارع التلفزيون","amenity":"pharmacy","healthcare":"pharmacy","name:ar":"صلاح الدين","name:latin":"sydlya slah al-dyn"}},{"type":"Feature","id":4789701522,"geometry":{"type":"Point","coordinates":[44.234948700000004,15.379456600000001]},"properties":{"id":4789701522,"name":"أدوية الحضرية","type":"pharmacy","category":"healthcare","subcategory":"pharmacy","osmType":"node","amenity":"pharmacy","name:ar":"أدوية الحضرية","opening_hours":"Mo-Su 08:30-22:00","phone":"01300000","name:latin":"adwya al-hdrya"}},{"type":"Feature","id":4789717525,"geometry":{"type":"Point","coordinates":[44.2204995,15.278853800000002]},"properties":{"id":4789717525,"name":"العودي الحديثة","type":"pharmacy","category":"healthcare","subcategory":"pharmacy","osmType":"node","addr:street":"شارع الاربعين","amenity":"pharmacy","name:ar":"العودي الحديثة","opening_hours":"Mo-Su 09:00-23:30","name:latin":"al-'wdy al-hdytha"}},{"type":"Feature","id":4789738744,"geometry":{"type":"Point","coordinates":[44.220488,15.278932400000002]},"properties":{"id":4789738744,"name":"عيادة العودي الحديثة لطب وجراحة الأسنان","type":"dentist","category":"healthcare","subcategory":"dentist","osmType":"node","addr:city":"صنعاء","addr:street":"شارع الأربعين","amenity":"dentist","healthcare":"dentist","healthcare:speciality":"dentist","opening_hours":"Sa-Th 09:00-21:00","operator":"عبدة احمد العودي","name:latin":"'yada al-'wdy al-hdytha ltb wjraha al-asnan"}},{"type":"Feature","id":4846638548,"geometry":{"type":"Point","coordinates":[44.2370348,15.2988484]},"properties":{"id":4846638548,"name":"صيدلية الشهاري","type":"pharmacy","category":"healthcare","subcategory":"pharmacy","osmType":"node","amenity":"pharmacy","name:ar":"صيدلية الشهاري","name:latin":"sydlya al-shhary"}},{"type":"Feature","id":4846638552,"geometry":{"type":"Point","coordinates":[44.235353800000006,15.305009300000002]},"properties":{"id":4846638552,"name":"مستشفى نبض الحياة","type":"hospital","category":"healthcare","subcategory":"hospital","osmType":"node","addr:city":"صنعاء","addr:street":"شارع تعز","amenity":"hospital","healthcare":"hospital","name:en":"Nabdh AlHyat Hospitable"}},{"type":"Feature","id":4874671022,"geometry":{"type":"Point","coordinates":[44.221311400000005,15.336162900000001]},"properties":{"id":4874671022,"name":"مركز المأمون الطبي التشخيصي","type":"centre","category":"healthcare","subcategory":"other","osmType":"node","addr:city":"صنعاء","addr:street":"شارع تعز","healthcare":"centre","phone":"01247774","name:latin":"mrkz al-mamwn al-tby al-tshkhysy"}},{"type":"Feature","id":4913513922,"geometry":{"type":"Point","coordinates":[44.234314700000006,15.3065931]},"properties":{"id":4913513922,"name":"الاستشاريون لطب العيون","type":"clinic","category":"healthcare","subcategory":"clinic","osmType":"node","addr:street":"شارع الزبيري","amenity":"clinic","healthcare":"clinic","name:ar":"الاستشاريون لطب العيون","name:en":"Consultants for eye","opening_hours":"Sa-Th 09:00-19:00"}},{"type":"Feature","id":4967048024,"geometry":{"type":"Point","coordinates":[44.184576500000006,15.348063100000001]},"properties":{"id":4967048024,"name":"صيدلية الجرادي","type":"pharmacy","category":"healthcare","subcategory":"pharmacy","osmType":"node","amenity":"pharmacy","name:ar":"صيدلية الجرادي","name:latin":"sydlya al-jrady"}},{"type":"Feature","id":4967048025,"geometry":{"type":"Point","coordinates":[44.1848644,15.3474207]},"properties":{"id":4967048025,"name":"صيدلية دار الطب","type":"pharmacy","category":"healthcare","subcategory":"pharmacy","osmType":"node","addr:street":"شارع هائل","amenity":"pharmacy","name:latin":"sydlya dar al-tb"}},{"type":"Feature","id":4967048122,"geometry":{"type":"Point","coordinates":[44.184633500000004,15.348261800000001]},"properties":{"id":4967048122,"name":"صيدلية المواسط","type":"pharmacy","category":"healthcare","subcategory":"pharmacy","osmType":"node","amenity":"pharmacy","name:ar":"صيدلية المواسط","name:latin":"sydlya al-mwast"}},{"type":"Feature","id":4969195922,"geometry":{"type":"Point","coordinates":[44.18444650000001,15.348598700000002]},"properties":{"id":4969195922,"name":"صيدلية الوسط","type":"pharmacy","category":"healthcare","subcategory":"pharmacy","osmType":"node","addr:street":"شارع هائل","amenity":"pharmacy","name:ar":"صيدلية الوسط","name:latin":"sydlya al-wst"}},{"type":"Feature","id":4972278723,"geometry":{"type":"Point","coordinates":[44.242041300000004,15.286540700000002]},"properties":{"id":4972278723,"name":"خالد الهزار التخصصي","type":"hospital","category":"healthcare","subcategory":"hospital","osmType":"node","addr:city":"صنعاء","addr:street":"شارع تعز","amenity":"hospital","healthcare":"hospital","name:ar":"خالد الهزار التخصصي","name:latin":"khald al-hzar al-tkhssy"}},{"type":"Feature","id":4980171622,"geometry":{"type":"Point","coordinates":[44.2313168,15.3150556]},"properties":{"id":4980171622,"name":"طبيب أسنان","type":"dentist","category":"healthcare","subcategory":"dentist","osmType":"node","amenity":"dentist","name:ar":"طبيب أسنان","name:en":"Dentist"}},{"type":"Feature","id":4981502222,"geometry":{"type":"Point","coordinates":[44.2045468,15.383233100000002]},"properties":{"id":4981502222,"name":"مركز الارتقاء لطب الأسنان","type":"dentist","category":"healthcare","subcategory":"dentist","osmType":"node","addr:street":"شارع مازدا","amenity":"dentist","healthcare":"dentist","name:ar":"عيادة الدكتور محمد الوادعي لطب وجراحة الاسنان","name:latin":"mrkz al-artqa' ltb al-asnan"}},{"type":"Feature","id":4990868928,"geometry":{"type":"Point","coordinates":[44.196617800000006,15.3446539]},"properties":{"id":4990868928,"name":"مختبرات العولقي التخصصية","type":"laboratory","category":"healthcare","subcategory":"other","osmType":"node","addr:city":"صنعاء","addr:street":"شارع الزبيري","healthcare":"laboratory","name:ar":"مختبرات العولقي التخصصية","name:en":"Aulaqi Specialized Med. Lab","opening_hours":"Sa-Th 09:00-21:30","operator":"د. صالح العولقي"}},{"type":"Feature","id":4999473224,"geometry":{"type":"Point","coordinates":[44.237339600000006,15.2995733]},"properties":{"id":4999473224,"name":"مستشفى النخبة","type":"hospital","category":"healthcare","subcategory":"hospital","osmType":"node","amenity":"hospital","name:ar":"مستشفى النخبة","name:en":"Alnukhbah Hospital","opening_hours":"24/7"}},{"type":"Feature","id":5000072521,"geometry":{"type":"Point","coordinates":[44.1893279,15.351751300000002]},"properties":{"id":5000072521,"name":"الشوافي دنت لوازم طب الاسنان","type":"dentist","category":"healthcare","subcategory":"dentist","osmType":"node","addr:street":"952Q+VP4  الشوافي دنت لوازم طب الأسنان","amenity":"dentist","email":"waheebalshwafyDentistry@gmail.com","healthcare":"dentist","healthcare:speciality":"dentistry_supplies","internet_access":"wlan","name:ar":"#الشوافي_دنت_لوازم_طب_الاسنان","opening_hours":"Sa-Th","phone":"777952232","name:latin":"al-shwafy dnt lwazm tb al-asnan"}},{"type":"Feature","id":5022738121,"geometry":{"type":"Point","coordinates":[44.23755010000001,15.299034700000002]},"properties":{"id":5022738121,"name":"مستشفى النخبة","type":"hospital","category":"healthcare","subcategory":"hospital","osmType":"node","addr:street":"شارع تعز","amenity":"hospital","name:ar":"مستشفى النخبة","name:en":"Elite Hospital","opening_hours":"24/7"}},{"type":"Feature","id":5028865121,"geometry":{"type":"Point","coordinates":[44.2177542,15.345036600000002]},"properties":{"id":5028865121,"name":"عيادة الدكتور أحمد قاسم سالم","type":"clinic","category":"healthcare","subcategory":"clinic","osmType":"node","addr:street":"Ta'izz road","amenity":"clinic","name:ar":"عيادة الدكتور أحمد قاسم سالم","name:en":"Dr. Ahmed Qasim Salim"}},{"type":"Feature","id":5028865522,"geometry":{"type":"Point","coordinates":[44.2253917,15.329076700000002]},"properties":{"id":5028865522,"name":"مركز ابن سيناء الطبي","type":"clinic","category":"healthcare","subcategory":"clinic","osmType":"node","addr:street":"Ta'izz road","amenity":"clinic","healthcare":"clinic","name:ar":"مركز ابن سيناء الطبي","name:en":"Ibn Sinaa Medical Center"}},{"type":"Feature","id":5030285122,"geometry":{"type":"Point","coordinates":[44.204892300000004,15.348804600000001]},"properties":{"id":5030285122,"name":"السماوي للمستلزمات الطبية","type":"doctors","category":"healthcare","subcategory":"clinic","osmType":"node","addr:street":"جسر الصداقة","amenity":"doctors","name:ar":"السماوي للمستلزمات الطبية","name:latin":"al-smawy llmstlzmat al-tbya"}},{"type":"Feature","id":5052014524,"geometry":{"type":"Point","coordinates":[44.2258257,15.337684800000002]},"properties":{"id":5052014524,"name":"مستشفى الأمومة والطفولة","type":"hospital","category":"healthcare","subcategory":"hospital","osmType":"node","addr:city":"صنعاء","addr:street":"طريق خولان","amenity":"hospital","healthcare":"hospital","name:latin":"mstshfa al-amwma waltfwla"}},{"type":"Feature","id":5052046922,"geometry":{"type":"Point","coordinates":[44.2099406,15.343637900000001]},"properties":{"id":5052046922,"name":"عيادة الدكتور عبدالله هادي سالم","type":"clinic","category":"healthcare","subcategory":"clinic","osmType":"node","amenity":"clinic","name:ar":"عيادة الدكتور عبدالله هادي سالم","name:en":"Dr.Abdallah Hady Salem Clinic"}},{"type":"Feature","id":5052506724,"geometry":{"type":"Point","coordinates":[44.22227710000001,15.335536000000001]},"properties":{"id":5052506724,"name":"مختبرات الذبحاني","type":"hospital","category":"healthcare","subcategory":"hospital","osmType":"node","addr:street":"Ta'izz road","amenity":"hospital","name:ar":"مختبرات الذبحاني","name:en":"Aldabhany laboratory","opening_hours":"24/7"}},{"type":"Feature","id":5052516322,"geometry":{"type":"Point","coordinates":[44.221983200000004,15.336331900000001]},"properties":{"id":5052516322,"name":"صيدلية ابن حيان 2","type":"pharmacy","category":"healthcare","subcategory":"pharmacy","osmType":"node","addr:city":"صنعاء","addr:street":"شارع تعز","amenity":"pharmacy","healthcare":"pharmacy","name:en":"Iben Hayan 2 pharmacy"}},{"type":"Feature","id":5072397421,"geometry":{"type":"Point","coordinates":[44.187496800000005,15.343539600000001]},"properties":{"id":5072397421,"name":"مستشفى العلياء الدولي","type":"hospital","category":"healthcare","subcategory":"hospital","osmType":"node","addr:city":"صنعاء","addr:street":"شارع الزبيري","amenity":"hospital","healthcare":"hospital","name:latin":"mstshfa al-'lya' al-dwly"}},{"type":"Feature","id":5072397821,"geometry":{"type":"Point","coordinates":[44.205674900000005,15.3488064]},"properties":{"id":5072397821,"name":"الأول فارما","type":"pharmacy","category":"healthcare","subcategory":"pharmacy","osmType":"node","addr:street":"شارع الأدوية التحرير","amenity":"pharmacy","healthcare":"pharmacy","name:ar":"الأول فارما","name:en":"First Pharma"}},{"type":"Feature","id":5074223521,"geometry":{"type":"Point","coordinates":[44.219857000000005,15.3412427]},"properties":{"id":5074223521,"name":"الصيدلية الأولى","type":"pharmacy","category":"healthcare","subcategory":"pharmacy","osmType":"node","amenity":"pharmacy","name:ar":"الصيدلية الأولى","name:latin":"al-sydlya al-awla"}},{"type":"Feature","id":5157122521,"geometry":{"type":"Point","coordinates":[44.217056400000004,15.3403243]},"properties":{"id":5157122521,"name":"الصيدلية الاولى","type":"pharmacy","category":"healthcare","subcategory":"pharmacy","osmType":"node","amenity":"pharmacy","name:ar":"الصيدلية الاولى","name:latin":"al-sydlya al-awla"}},{"type":"Feature","id":5164093023,"geometry":{"type":"Point","coordinates":[44.1850396,15.348599600000002]},"properties":{"id":5164093023,"name":"صيدلية زهرتي الاولى","type":"pharmacy","category":"healthcare","subcategory":"pharmacy","osmType":"node","addr:street":"شارع هائل","amenity":"pharmacy","name:ar":"صيدلية زهرتي الاولى","name:latin":"sydlya zhrty al-awla"}},{"type":"Feature","id":5196307026,"geometry":{"type":"Point","coordinates":[44.227726600000004,15.322898200000001]},"properties":{"id":5196307026,"name":"مستشفى ناصر التخصصي","type":"hospital","category":"healthcare","subcategory":"hospital","osmType":"node","addr:city":"صنعاء","addr:street":"شارع تعز","amenity":"hospital","healthcare":"hospital","name:en":"Alnasser hospital"}},{"type":"Feature","id":5200413823,"geometry":{"type":"Point","coordinates":[44.1999093,15.369871000000002]},"properties":{"id":5200413823,"name":"عيادة الدكتور وليد شوعي الحاج لطب وجراحة الفم والاسنان","type":"dentist","category":"healthcare","subcategory":"dentist","osmType":"node","addr:street":"شارع القاهرة","amenity":"dentist","healthcare":"dentist","internet_access":"wlan","name:en":"Dr. Waleed Shuei Al-Hajj for Dental Surgery","opening_hours":"Mo-Su 09:00-13:00, 16:00-20:00","phone":"771519239"}},{"type":"Feature","id":5208267321,"geometry":{"type":"Point","coordinates":[44.2053322,15.386385100000002]},"properties":{"id":5208267321,"name":"صيدلية اليرموك فارما","type":"pharmacy","category":"healthcare","subcategory":"pharmacy","osmType":"node","addr:street":"شارع مازدا","amenity":"pharmacy","healthcare":"pharmacy","name:ar":"صيدلية اليرموك","name:en":"Al Yarmouk pharma Pharmacy","opening_hours":"Mo-Su 09:00-23:00","phone":"00967770471321"}},{"type":"Feature","id":5211209321,"geometry":{"type":"Point","coordinates":[44.2535918,15.272229200000002]},"properties":{"id":5211209321,"name":"عمر النمر لطب الأسنان","type":"dentist","category":"healthcare","subcategory":"dentist","osmType":"node","addr:street":"شارع المقالح","amenity":"dentist","internet_access":"wlan","name:ar":"عمر النمر لطب الأسنان","opening_hours":"Mo-We, Sa, Su 09:00-13:00, 16:00-21:00","phone":"771277100","name:latin":"'mr al-nmr ltb al-asnan"}},{"type":"Feature","id":5225455978,"geometry":{"type":"Point","coordinates":[44.227610000000006,15.282838100000001]},"properties":{"id":5225455978,"name":"","type":"clinic","category":"healthcare","subcategory":"clinic","osmType":"node","addr:street":"شارع الحربي","amenity":"clinic","name:ar":"مركز البتول الطبي","name:en":"Albatol medical center","opening_hours":"Sa-Th 08:00-20:00","phone":"777655557"}},{"type":"Feature","id":5228839821,"geometry":{"type":"Point","coordinates":[44.177627900000005,15.339082600000001]},"properties":{"id":5228839821,"name":"مستشفى المودة","type":"hospital","category":"healthcare","subcategory":"hospital","osmType":"node","addr:street":"شارع نواكشوط","amenity":"hospital","healthcare":"hospital","name:ar":"مستشفى المودة","name:en":"Almawada Hospital","opening_hours":"24/7"}},{"type":"Feature","id":5266706822,"geometry":{"type":"Point","coordinates":[44.228343800000005,15.3215464]},"properties":{"id":5266706822,"name":"المستشفى الألماني الحديث","type":"hospital","category":"healthcare","subcategory":"hospital","osmType":"node","addr:city":"صنعاء","addr:street":"شارع تعز","amenity":"hospital","healthcare":"hospital","healthcare:speciality":"general","name:ar":"المستشفى الالماني الحديث","name:en":"Modern German Hospital"}},{"type":"Feature","id":5355499023,"geometry":{"type":"Point","coordinates":[44.21305100000001,15.333732000000001]},"properties":{"id":5355499023,"name":"شركة الجيش للادويه والمستلزمات الطبيه فرع صنعاء","type":"pharmacy","category":"healthcare","subcategory":"pharmacy","osmType":"node","amenity":"pharmacy","name:ar":"شركة الجيش للادويه والمستلزمات الطبيه فرع صنعاء","name:latin":"shrka al-jysh lladwyh walmstlzmat al-tbyh fr' sn'a'"}},{"type":"Feature","id":5367489524,"geometry":{"type":"Point","coordinates":[44.18263,15.358660900000002]},"properties":{"id":5367489524,"name":"صيدلية الفوز","type":"pharmacy","category":"healthcare","subcategory":"pharmacy","osmType":"node","addr:street":"شارع الرقاص","amenity":"pharmacy","name:ar":"صيدلية الفوز","name:en":"Alfawz pharmacy","phone":"00967774605084"}},{"type":"Feature","id":5448518323,"geometry":{"type":"Point","coordinates":[44.195846800000005,15.303770000000002]},"properties":{"id":5448518323,"name":"مركز الدكتور فهد العريفي","type":"dentist","category":"healthcare","subcategory":"dentist","osmType":"node","addr:housenumber":"01435770","addr:street":"شارع صفر","amenity":"dentist","healthcare":"dentist","name:ar":"مركز الدكتور فهد العريفي","opening_hours":"Sa-Th 09:00-20:00","phone":"774795075","name:latin":"mrkz al-dktwr fhd al-'ryfy"}},{"type":"Feature","id":5471078723,"geometry":{"type":"Point","coordinates":[44.20352930000001,15.347043300000001]},"properties":{"id":5471078723,"name":"مستشفى ابن الهيثم للبصريات والسمعيات","type":"hospital","category":"healthcare","subcategory":"hospital","osmType":"node","addr:street":"شارع الزبيري","amenity":"hospital","healthcare":"hospital","name:en":"ibn alhethem hosptial"}},{"type":"Feature","id":5539676537,"geometry":{"type":"Point","coordinates":[44.2302413,15.310099100000002]},"properties":{"id":5539676537,"name":"صيدلية الوحدة للأدوية","type":"pharmacy","category":"healthcare","subcategory":"pharmacy","osmType":"node","amenity":"pharmacy","healthcare":"pharmacy","opening_hours":"24/7","phone":"775028966","name:latin":"sydlya al-whda lladwya"}},{"type":"Feature","id":5577254022,"geometry":{"type":"Point","coordinates":[44.1977094,15.3300899]},"properties":{"id":5577254022,"name":"مركز اليمن للقلب الدكتور النعمي","type":"clinic","category":"healthcare","subcategory":"clinic","osmType":"node","addr:street":"شارع حدة","amenity":"clinic","name:ar":"مركز اليمن للقلب الدكتور النعمي","name:latin":"mrkz al-ymn llqlb al-dktwr al-n'my"}},{"type":"Feature","id":5584370924,"geometry":{"type":"Point","coordinates":[44.174361700000006,15.301680300000001]},"properties":{"id":5584370924,"name":"فيتامين الصحة","type":"pharmacy","category":"healthcare","subcategory":"pharmacy","osmType":"node","addr:street":"بيت العفيف","amenity":"pharmacy","name:ar":"فيتامين الصحة","name:en":"Health Vitamin Pharmacy","opening_hours":"Sa-Th 09:00-21:00","operator":"ناجي"}},{"type":"Feature","id":5593106322,"geometry":{"type":"Point","coordinates":[44.236704700000004,15.307666600000001]},"properties":{"id":5593106322,"name":"الصيدلية الالمانية 2","type":"pharmacy","category":"healthcare","subcategory":"pharmacy","osmType":"node","addr:housenumber":"01505825","addr:street":"سوق شميلة","amenity":"pharmacy","email":"German.Pharmacy.Ye@gmail.com","name:ar":"الصيدلية الالمانية 2","name:en":"GERMAN PHARMACY 2","opening_hours":"Mo-Su 08:00-01:00","website":"http://www.German.Pharmacy.Ye.com"}},{"type":"Feature","id":5599381821,"geometry":{"type":"Point","coordinates":[44.199017000000005,15.340274]},"properties":{"id":5599381821,"name":"الدكتور عبدالكافي شجاع الدين","type":"doctors","category":"healthcare","subcategory":"clinic","osmType":"node","amenity":"doctors","healthcare":"doctor","name:ar":"الدكتور عبدالكافي شجاع الدين","name:latin":"al-dktwr 'bdalkafy shja' al-dyn"}},{"type":"Feature","id":5644779521,"geometry":{"type":"Point","coordinates":[44.193622700000006,15.3700959]},"properties":{"id":5644779521,"name":"عيادة الدكتور وجدي السروري","type":"dentist","category":"healthcare","subcategory":"dentist","osmType":"node","addr:street":"شارع القاهرة","amenity":"dentist","healthcare":"dentist","opening_hours":"Sa-Th 09:00-13:00, 15:30-19:30","name:latin":"'yada al-dktwr wjdy al-srwry"}},{"type":"Feature","id":5653316640,"geometry":{"type":"Point","coordinates":[44.23853080000001,15.586795200000001]},"properties":{"id":5653316640,"name":"مركز شعب الطبي","type":"doctors","category":"healthcare","subcategory":"clinic","osmType":"node","amenity":"doctors","name:ar":"مركز شعب الطبي","name:latin":"mrkz sh'b al-tby"}},{"type":"Feature","id":5696759683,"geometry":{"type":"Point","coordinates":[44.176797300000004,15.378441300000002]},"properties":{"id":5696759683,"name":"مركز الصفوة لطب وجراحة العيون","type":"doctors","category":"healthcare","subcategory":"clinic","osmType":"node","addr:housenumber":"برج الستين الطبي","addr:street":"شارع الستين الشمالي","amenity":"doctors","description":"أطباء إستشاريين في طب وجراحة العيون","healthcare":"centre","name:ar":"عيادة الصفوة لطب وجراحة العيون","opening_hours":"Mo, We, Sa, Su 09:00-13:00, 16:00-21:00; Tu 16:00-21:00; Th 09:00-13:00","phone":"772025577","name:latin":"mrkz al-sfwa ltb wjraha al-'ywn"}},{"type":"Feature","id":5709382624,"geometry":{"type":"Point","coordinates":[44.23122180000001,15.3799033]},"properties":{"id":5709382624,"name":"صيدلية الرأفة","type":"pharmacy","category":"healthcare","subcategory":"pharmacy","osmType":"node","addr:city":"صنعاء","addr:street":"شارع النصر","amenity":"pharmacy","dispensing":"yes","healthcare":"pharmacy","name:latin":"sydlya al-rafa"}},{"type":"Feature","id":5709382625,"geometry":{"type":"Point","coordinates":[44.231095200000006,15.380600200000002]},"properties":{"id":5709382625,"name":"مستشفى الحرمين","type":"hospital","category":"healthcare","subcategory":"hospital","osmType":"node","addr:city":"صنعاء","addr:street":"شارع النصر","amenity":"hospital","healthcare":"hospital","name:ar":"مستشفى الحرمين","name:en":"Alharameen Hospital"}},{"type":"Feature","id":5709382627,"geometry":{"type":"Point","coordinates":[44.2314214,15.3790387]},"properties":{"id":5709382627,"name":"صيدلية الفردوس","type":"pharmacy","category":"healthcare","subcategory":"pharmacy","osmType":"node","addr:city":"صنعاء","addr:street":"شارع النصر","amenity":"pharmacy","dispensing":"yes","healthcare":"pharmacy","name:latin":"sydlya al-frdws"}},{"type":"Feature","id":5712437514,"geometry":{"type":"Point","coordinates":[44.2054453,15.373602100000001]},"properties":{"id":5712437514,"name":"صيدلية الشيخ","type":"pharmacy","category":"healthcare","subcategory":"pharmacy","osmType":"node","addr:street":"شارع القيادة","amenity":"pharmacy","dispensing":"yes","healthcare":"pharmacy","name:ar":"صيدلية الشيخ","name:latin":"sydlya al-shykh"}},{"type":"Feature","id":5749537021,"geometry":{"type":"Point","coordinates":[44.2166379,15.263511600000001]},"properties":{"id":5749537021,"name":"صيدلية نهى فارما","type":"pharmacy","category":"healthcare","subcategory":"pharmacy","osmType":"node","amenity":"pharmacy","email":"anas.aljbri@gmail.com","healthcare":"pharmacy","name:en":"NOHA","opening_hours":"24/7"}},{"type":"Feature","id":5763229614,"geometry":{"type":"Point","coordinates":[44.2064425,15.386746900000002]},"properties":{"id":5763229614,"name":"صيدلية العملاق فارما","type":"pharmacy","category":"healthcare","subcategory":"pharmacy","osmType":"node","addr:city":"صنعاء","amenity":"pharmacy","dispensing":"yes","healthcare":"pharmacy","name:latin":"sydlya al-'mlaq farma"}},{"type":"Feature","id":5763229615,"geometry":{"type":"Point","coordinates":[44.20606840000001,15.386453300000001]},"properties":{"id":5763229615,"name":"صيدلية نسايم ادفانس","type":"pharmacy","category":"healthcare","subcategory":"pharmacy","osmType":"node","addr:city":"صنعاء","amenity":"pharmacy","dispensing":"yes","healthcare":"pharmacy","name:latin":"sydlya nsaym adfans"}},{"type":"Feature","id":5763229616,"geometry":{"type":"Point","coordinates":[44.206900600000004,15.390192800000001]},"properties":{"id":5763229616,"name":"صيدلية بن جابر","type":"pharmacy","category":"healthcare","subcategory":"pharmacy","osmType":"node","addr:city":"صنعاء","addr:street":"شارع التلفزيون","amenity":"pharmacy","dispensing":"yes","healthcare":"pharmacy","name:latin":"sydlya bn jabr"}},{"type":"Feature","id":5763229626,"geometry":{"type":"Point","coordinates":[44.2035368,15.3857811]},"properties":{"id":5763229626,"name":"صيدلية الياسمين","type":"pharmacy","category":"healthcare","subcategory":"pharmacy","osmType":"node","addr:city":"صنعاء","addr:street":"شارع صوفان","amenity":"pharmacy","dispensing":"yes","healthcare":"pharmacy","name:latin":"sydlya al-yasmyn"}},{"type":"Feature","id":5778994971,"geometry":{"type":"Point","coordinates":[44.1953626,15.328706200000001]},"properties":{"id":5778994971,"name":"صيدلية الصبر","type":"pharmacy","category":"healthcare","subcategory":"pharmacy","osmType":"node","addr:street":"شارع جيبوتي","amenity":"pharmacy","dispensing":"yes","healthcare":"pharmacy","name:latin":"sydlya al-sbr"}},{"type":"Feature","id":5778994972,"geometry":{"type":"Point","coordinates":[44.1953558,15.328419100000001]},"properties":{"id":5778994972,"name":"صيدلية غاية","type":"pharmacy","category":"healthcare","subcategory":"pharmacy","osmType":"node","addr:street":"شارع جيبوتي","amenity":"pharmacy","dispensing":"yes","healthcare":"pharmacy","name:latin":"sydlya ghaya"}},{"type":"Feature","id":5778994975,"geometry":{"type":"Point","coordinates":[44.1942195,15.328955800000001]},"properties":{"id":5778994975,"name":"صيدلية نور حدة","type":"pharmacy","category":"healthcare","subcategory":"pharmacy","osmType":"node","addr:street":"شارع جيبوتي","amenity":"pharmacy","dispensing":"yes","healthcare":"pharmacy","name:en":"Noor Haddah pharmacy"}},{"type":"Feature","id":5778995000,"geometry":{"type":"Point","coordinates":[44.1902758,15.340521500000001]},"properties":{"id":5778995000,"name":"صيدلية اليسر","type":"pharmacy","category":"healthcare","subcategory":"pharmacy","osmType":"node","addr:street":"شارع نواكشوط","amenity":"pharmacy","dispensing":"yes","healthcare":"pharmacy","name:latin":"sydlya al-ysr"}},{"type":"Feature","id":5778995010,"geometry":{"type":"Point","coordinates":[44.1722054,15.397017900000002]},"properties":{"id":5778995010,"name":"صيدلية الأحمدي","type":"pharmacy","category":"healthcare","subcategory":"pharmacy","osmType":"node","addr:city":"صنعاء","addr:street":"شارع الثلاثين","amenity":"pharmacy","dispensing":"yes","healthcare":"pharmacy","name:latin":"sydlya al-ahmdy"}},{"type":"Feature","id":5778995016,"geometry":{"type":"Point","coordinates":[44.171666200000004,15.3974316]},"properties":{"id":5778995016,"name":"عيادة نبض الحياة","type":"clinic","category":"healthcare","subcategory":"clinic","osmType":"node","addr:city":"صنعاء","addr:street":"شارع الثلاثين","amenity":"clinic","healthcare":"clinic","name:latin":"'yada nbd al-hyaa"}},{"type":"Feature","id":5786621457,"geometry":{"type":"Point","coordinates":[44.1734512,15.359602500000001]},"properties":{"id":5786621457,"name":"مستشفى عزالدين الشيباني","type":"doctors","category":"healthcare","subcategory":"clinic","osmType":"node","addr:street":"شارع الستين","amenity":"doctors","opening_hours":"24/7","name:latin":"mstshfa 'zaldyn al-shybany"}},{"type":"Feature","id":5786655853,"geometry":{"type":"Point","coordinates":[44.235813300000004,15.293214]},"properties":{"id":5786655853,"name":"مستشفى اليحيري","type":"doctors","category":"healthcare","subcategory":"clinic","osmType":"node","amenity":"doctors","opening_hours":"Mo-Su 08:00-21:00","name:latin":"mstshfa al-yhyry"}},{"type":"Feature","id":5816270355,"geometry":{"type":"Point","coordinates":[44.203572300000005,15.3860404]},"properties":{"id":5816270355,"name":"مركز دار الصحة الطبي","type":"clinic","category":"healthcare","subcategory":"clinic","osmType":"node","addr:street":"شارع صوفان","amenity":"clinic","healthcare":"clinic","name:latin":"mrkz dar al-sha al-tby"}},{"type":"Feature","id":5817049553,"geometry":{"type":"Point","coordinates":[44.194378400000005,15.3447302]},"properties":{"id":5817049553,"name":"د / فؤاد الشاحذي إستشاري عظام","type":"clinic","category":"healthcare","subcategory":"clinic","osmType":"node","addr:city":"صنعاء","addr:street":"شارع الزبيري","amenity":"clinic","healthcare":"clinic","name:latin":"d / f'ad al-shahdhy istshary 'zam"}},{"type":"Feature","id":5869201486,"geometry":{"type":"Point","coordinates":[44.23426250000001,15.306791300000002]},"properties":{"id":5869201486,"name":"مستشفى العظام التخصصي","type":"hospital","category":"healthcare","subcategory":"hospital","osmType":"node","addr:city":"صنعاء","addr:street":"شارع تعز","amenity":"hospital","healthcare":"hospital","name:en":"Bones Specialist Hospital","opening_hours":"24/7"}},{"type":"Feature","id":5875416572,"geometry":{"type":"Point","coordinates":[44.179982800000005,15.400204100000002]},"properties":{"id":5875416572,"name":"صيدلية المرهبي","type":"pharmacy","category":"healthcare","subcategory":"pharmacy","osmType":"node","addr:city":"صنعاء","addr:street":"شارع الستين","amenity":"pharmacy","dispensing":"yes","healthcare":"pharmacy","name:latin":"sydlya al-mrhby"}},{"type":"Feature","id":5875416580,"geometry":{"type":"Point","coordinates":[44.17414110000001,15.395625]},"properties":{"id":5875416580,"name":"صيدلية النجار فارما","type":"pharmacy","category":"healthcare","subcategory":"pharmacy","osmType":"node","addr:city":"صنعاء","addr:street":"شارع الستين","amenity":"pharmacy","dispensing":"yes","healthcare":"pharmacy","name:latin":"sydlya al-njar farma"}},{"type":"Feature","id":5875416582,"geometry":{"type":"Point","coordinates":[44.1723294,15.393517700000002]},"properties":{"id":5875416582,"name":"مركز الوليد الطبي","type":"hospital","category":"healthcare","subcategory":"hospital","osmType":"node","addr:city":"صنعاء","addr:street":"شارع الستين","amenity":"hospital","healthcare":"hospital","name:latin":"mrkz al-wlyd al-tby"}},{"type":"Feature","id":5875416888,"geometry":{"type":"Point","coordinates":[44.1754613,15.384639700000001]},"properties":{"id":5875416888,"name":"صيدلية مدينة الدواء","type":"pharmacy","category":"healthcare","subcategory":"pharmacy","osmType":"node","addr:city":"صنعاء","addr:street":"شارع الستين","amenity":"pharmacy","dispensing":"yes","healthcare":"pharmacy","name:latin":"sydlya mdyna al-dwa'"}},{"type":"Feature","id":5875416890,"geometry":{"type":"Point","coordinates":[44.1760133,15.383338300000002]},"properties":{"id":5875416890,"name":"عالم الصيدلة 14","type":"pharmacy","category":"healthcare","subcategory":"pharmacy","osmType":"node","addr:city":"صنعاء","addr:street":"شارع الستين","amenity":"pharmacy","dispensing":"yes","healthcare":"pharmacy","name:latin":"'alm al-sydla 14"}},{"type":"Feature","id":5875416891,"geometry":{"type":"Point","coordinates":[44.1769991,15.378141200000002]},"properties":{"id":5875416891,"name":"صيدلية الستين","type":"pharmacy","category":"healthcare","subcategory":"pharmacy","osmType":"node","addr:city":"صنعاء","addr:street":"شارع الستين","amenity":"pharmacy","dispensing":"yes","healthcare":"pharmacy","name:latin":"sydlya al-styn"}},{"type":"Feature","id":5875416895,"geometry":{"type":"Point","coordinates":[44.177745,15.375763300000001]},"properties":{"id":5875416895,"name":"عالم الصيدلة","type":"pharmacy","category":"healthcare","subcategory":"pharmacy","osmType":"node","addr:city":"صنعاء","addr:street":"شارع الستين","amenity":"pharmacy","dispensing":"yes","healthcare":"pharmacy","name:latin":"'alm al-sydla"}},{"type":"Feature","id":5875416899,"geometry":{"type":"Point","coordinates":[44.1761586,15.374462500000002]},"properties":{"id":5875416899,"name":"صيدلية القصر العيني","type":"pharmacy","category":"healthcare","subcategory":"pharmacy","osmType":"node","addr:city":"صنعاء‎","amenity":"pharmacy","dispensing":"yes","healthcare":"pharmacy","name:latin":"sydlya al-qsr al-'yny"}},{"type":"Feature","id":5875416904,"geometry":{"type":"Point","coordinates":[44.1735759,15.3758002]},"properties":{"id":5875416904,"name":"صيدلية الوليد","type":"pharmacy","category":"healthcare","subcategory":"pharmacy","osmType":"node","amenity":"pharmacy","dispensing":"yes","healthcare":"pharmacy","name:latin":"sydlya al-wlyd"}},{"type":"Feature","id":5875416935,"geometry":{"type":"Point","coordinates":[44.173654500000005,15.364331800000002]},"properties":{"id":5875416935,"name":"صيدلية دنيا الدواء","type":"pharmacy","category":"healthcare","subcategory":"pharmacy","osmType":"node","addr:street":"شارع الستين","amenity":"pharmacy","dispensing":"yes","healthcare":"pharmacy","name:en":"Donya aldawa pharmacy"}},{"type":"Feature","id":5875416941,"geometry":{"type":"Point","coordinates":[44.174518400000004,15.359772900000001]},"properties":{"id":5875416941,"name":"الصيدلية اليمنية الحديثة","type":"pharmacy","category":"healthcare","subcategory":"pharmacy","osmType":"node","addr:city":"صنعاء","addr:street":"شارع الستين","amenity":"pharmacy","dispensing":"yes","healthcare":"pharmacy","opening_hours":"Mo-Su 08:00-00:00","phone":"+967 1 216 370","name:latin":"al-sydlya al-ymnya al-hdytha"}},{"type":"Feature","id":5875416942,"geometry":{"type":"Point","coordinates":[44.17507500000001,15.359597700000002]},"properties":{"id":5875416942,"name":"صيدلية الطيار","type":"pharmacy","category":"healthcare","subcategory":"pharmacy","osmType":"node","addr:street":"شارع الرباط","amenity":"pharmacy","dispensing":"yes","healthcare":"pharmacy","opening_hours":"Mo-Su 08:00-23:00","phone":"+967 772 227 673","name:latin":"sydlya al-tyar"}},{"type":"Feature","id":5875416944,"geometry":{"type":"Point","coordinates":[44.1774003,15.360030700000001]},"properties":{"id":5875416944,"name":"صيدلية الفؤاد","type":"pharmacy","category":"healthcare","subcategory":"pharmacy","osmType":"node","addr:street":"شارع الرباط","amenity":"pharmacy","dispensing":"yes","healthcare":"pharmacy","name:latin":"sydlya al-f'ad"}},{"type":"Feature","id":5875416945,"geometry":{"type":"Point","coordinates":[44.1738853,15.358858500000002]},"properties":{"id":5875416945,"name":"صيدلية ركن الستين","type":"pharmacy","category":"healthcare","subcategory":"pharmacy","osmType":"node","addr:city":"صنعاء","addr:street":"شارع الستين","amenity":"pharmacy","dispensing":"yes","healthcare":"pharmacy","name:latin":"sydlya rkn al-styn"}},{"type":"Feature","id":5875416946,"geometry":{"type":"Point","coordinates":[44.174575100000006,15.358408500000001]},"properties":{"id":5875416946,"name":"صيدلية الستين","type":"pharmacy","category":"healthcare","subcategory":"pharmacy","osmType":"node","addr:city":"صنعاء","addr:street":"شارع الستين","amenity":"pharmacy","dispensing":"yes","healthcare":"pharmacy","name:latin":"sydlya al-styn"}},{"type":"Feature","id":5875416949,"geometry":{"type":"Point","coordinates":[44.174941700000005,15.355491100000002]},"properties":{"id":5875416949,"name":"صيدلية السعيد","type":"pharmacy","category":"healthcare","subcategory":"pharmacy","osmType":"node","addr:street":"شارع الستين","amenity":"pharmacy","dispensing":"yes","healthcare":"pharmacy","name:latin":"sydlya al-s'yd"}},{"type":"Feature","id":5878121419,"geometry":{"type":"Point","coordinates":[44.175168600000006,15.353516200000001]},"properties":{"id":5878121419,"name":"صيدلية الربيع","type":"pharmacy","category":"healthcare","subcategory":"pharmacy","osmType":"node","addr:city":"صنعاء","addr:street":"شارع الستين","amenity":"pharmacy","dispensing":"yes","healthcare":"pharmacy","name:latin":"sydlya al-rby'"}},{"type":"Feature","id":5878121429,"geometry":{"type":"Point","coordinates":[44.170797,15.346861700000002]},"properties":{"id":5878121429,"name":"صيدلية الدواء المركزية","type":"pharmacy","category":"healthcare","subcategory":"pharmacy","osmType":"node","addr:street":"شارع الستين","amenity":"pharmacy","dispensing":"yes","healthcare":"pharmacy","name:en":"Aldawaa pharmacy"}},{"type":"Feature","id":5878121458,"geometry":{"type":"Point","coordinates":[44.199098400000004,15.319249700000002]},"properties":{"id":5878121458,"name":"صيدلية النيروز","type":"pharmacy","category":"healthcare","subcategory":"pharmacy","osmType":"node","addr:street":"شارع حدة","amenity":"pharmacy","dispensing":"yes","healthcare":"pharmacy","name:en":"Alnairooz Pharmacy","opening_hours":"Sa-Th 09:00-21:00"}},{"type":"Feature","id":5878121477,"geometry":{"type":"Point","coordinates":[44.22378140000001,15.3178449]},"properties":{"id":5878121477,"name":"صيدلية المذحجي","type":"pharmacy","category":"healthcare","subcategory":"pharmacy","osmType":"node","amenity":"pharmacy","dispensing":"yes","healthcare":"pharmacy","name:latin":"sydlya al-mdhhjy"}},{"type":"Feature","id":5895667751,"geometry":{"type":"Point","coordinates":[44.2053427,15.3703683]},"properties":{"id":5895667751,"name":"مركز سبأ الصحي","type":"hospital","category":"healthcare","subcategory":"hospital","osmType":"node","amenity":"hospital","healthcare":"hospital","name:latin":"mrkz sba al-shy"}},{"type":"Feature","id":5895667752,"geometry":{"type":"Point","coordinates":[44.2030602,15.370551]},"properties":{"id":5895667752,"name":"صيدلية العاصمة","type":"pharmacy","category":"healthcare","subcategory":"pharmacy","osmType":"node","addr:street":"شارع القاهرة","amenity":"pharmacy","dispensing":"yes","healthcare":"pharmacy","name:en":"Alassemah pharmacy"}},{"type":"Feature","id":5895667753,"geometry":{"type":"Point","coordinates":[44.2007106,15.369984600000002]},"properties":{"id":5895667753,"name":"صيدلية الصحة والجمال","type":"pharmacy","category":"healthcare","subcategory":"pharmacy","osmType":"node","addr:street":"شارع القاهرة","amenity":"pharmacy","dispensing":"yes","healthcare":"pharmacy","name:latin":"sydlya al-sha waljmal"}},{"type":"Feature","id":5895667758,"geometry":{"type":"Point","coordinates":[44.1949143,15.369709100000001]},"properties":{"id":5895667758,"name":"صيدلية دار التقوى","type":"pharmacy","category":"healthcare","subcategory":"pharmacy","osmType":"node","addr:city":"امانة العاصمة","addr:street":"شارع القاهرة","amenity":"pharmacy","dispensing":"yes","healthcare":"pharmacy","name:latin":"sydlya dar al-tqwa"}},{"type":"Feature","id":5895667767,"geometry":{"type":"Point","coordinates":[44.19154820000001,15.363771000000002]},"properties":{"id":5895667767,"name":"صيدلية عطية","type":"pharmacy","category":"healthcare","subcategory":"pharmacy","osmType":"node","amenity":"pharmacy","dispensing":"yes","healthcare":"pharmacy","name:latin":"sydlya 'tya"}},{"type":"Feature","id":5895667769,"geometry":{"type":"Point","coordinates":[44.19203100000001,15.363067500000001]},"properties":{"id":5895667769,"name":"صيدلية الطيبي","type":"pharmacy","category":"healthcare","subcategory":"pharmacy","osmType":"node","amenity":"pharmacy","dispensing":"yes","healthcare":"pharmacy","name:latin":"sydlya al-tyby"}},{"type":"Feature","id":5924679871,"geometry":{"type":"Point","coordinates":[44.210734300000006,15.424346000000002]},"properties":{"id":5924679871,"name":"عيادة د.إيثار نصار لطب وجراحة الفم والاسنان","type":"clinic","category":"healthcare","subcategory":"clinic","osmType":"node","amenity":"clinic","healthcare":"clinic","name:latin":"'yada d.iythar nsar ltb wjraha al-fm walasnan"}},{"type":"Feature","id":5924679872,"geometry":{"type":"Point","coordinates":[44.2107133,15.424256000000002]},"properties":{"id":5924679872,"name":"عيادة الدكتور عبدالله نصار أخصائي جراحة العظام والمفاصل","type":"clinic","category":"healthcare","subcategory":"clinic","osmType":"node","amenity":"clinic","healthcare":"clinic","name:latin":"'yada al-dktwr 'bdallh nsar akhsa'y jraha al-'zam walmfasl"}},{"type":"Feature","id":5935411974,"geometry":{"type":"Point","coordinates":[44.1787208,15.395544800000001]},"properties":{"id":5935411974,"name":"صيدلية الاسطورة","type":"pharmacy","category":"healthcare","subcategory":"pharmacy","osmType":"node","addr:city":"حي النهضة","addr:street":"شارع النهضة","amenity":"pharmacy","dispensing":"yes","healthcare":"pharmacy","phone":"777427420","name:latin":"sydlya al-astwra"}},{"type":"Feature","id":5957667687,"geometry":{"type":"Point","coordinates":[44.2048962,15.386225900000001]},"properties":{"id":5957667687,"name":"صيدلية المنامة","type":"pharmacy","category":"healthcare","subcategory":"pharmacy","osmType":"node","addr:city":"صنعاء","addr:street":"شارع مازدا","amenity":"pharmacy","dispensing":"yes","healthcare":"pharmacy","name:en":"Almanamah pharmacy"}},{"type":"Feature","id":5967546663,"geometry":{"type":"Point","coordinates":[44.199828000000004,15.3251421]},"properties":{"id":5967546663,"name":"صيدلية حياتي","type":"pharmacy","category":"healthcare","subcategory":"pharmacy","osmType":"node","addr:street":"شارع حدة","amenity":"pharmacy","dispensing":"yes","healthcare":"pharmacy","name:en":"My Life Pharmacy"}},{"type":"Feature","id":5994083250,"geometry":{"type":"Point","coordinates":[44.213700900000006,15.405339600000001]},"properties":{"id":5994083250,"name":"صيدلية مطهر الحديثة","type":"pharmacy","category":"healthcare","subcategory":"pharmacy","osmType":"node","amenity":"pharmacy","dispensing":"yes","healthcare":"pharmacy","name:latin":"sydlya mthr al-hdytha"}},{"type":"Feature","id":5994083252,"geometry":{"type":"Point","coordinates":[44.214075300000005,15.404667800000002]},"properties":{"id":5994083252,"name":"صيدلية الجراف","type":"pharmacy","category":"healthcare","subcategory":"pharmacy","osmType":"node","amenity":"pharmacy","dispensing":"yes","healthcare":"pharmacy","name:latin":"sydlya al-jraf"}},{"type":"Feature","id":5994083253,"geometry":{"type":"Point","coordinates":[44.2140197,15.404357000000001]},"properties":{"id":5994083253,"name":"مخزن بني الحارث للادوية","type":"pharmacy","category":"healthcare","subcategory":"pharmacy","osmType":"node","amenity":"pharmacy","dispensing":"yes","healthcare":"pharmacy","name:latin":"mkhzn bny al-harth lladwya"}},{"type":"Feature","id":5994083261,"geometry":{"type":"Point","coordinates":[44.2136676,15.400822800000002]},"properties":{"id":5994083261,"name":"صيدلية البشير الحديثة","type":"pharmacy","category":"healthcare","subcategory":"pharmacy","osmType":"node","amenity":"pharmacy","dispensing":"yes","healthcare":"pharmacy","name:latin":"sydlya al-bshyr al-hdytha"}},{"type":"Feature","id":5994083271,"geometry":{"type":"Point","coordinates":[44.2132858,15.393414800000002]},"properties":{"id":5994083271,"name":"صيدلية المجلي الحديثة","type":"pharmacy","category":"healthcare","subcategory":"pharmacy","osmType":"node","amenity":"pharmacy","dispensing":"yes","healthcare":"pharmacy","name:en":"Almejally pharmacy"}},{"type":"Feature","id":6022377615,"geometry":{"type":"Point","coordinates":[44.196984500000006,15.314031800000002]},"properties":{"id":6022377615,"name":"صيدلية مدينة سام 3","type":"pharmacy","category":"healthcare","subcategory":"pharmacy","osmType":"node","addr:city":"صنعاء","addr:street":"شارع حدة","amenity":"pharmacy","dispensing":"yes","healthcare":"pharmacy","name:en":"Sam City Pharmacy 3","opening_hours":"Sa-Th 08:00-21:00"}},{"type":"Feature","id":6028250160,"geometry":{"type":"Point","coordinates":[44.184316700000004,15.346827600000001]},"properties":{"id":6028250160,"name":"صيدلية القبة الخضراء النموذجية","type":"pharmacy","category":"healthcare","subcategory":"pharmacy","osmType":"node","addr:street":"شارع الوحدة","amenity":"pharmacy","dispensing":"yes","healthcare":"pharmacy","name:latin":"sydlya al-qba al-khdra' al-nmwdhjya"}},{"type":"Feature","id":6028250180,"geometry":{"type":"Point","coordinates":[44.18871,15.3519026]},"properties":{"id":6028250180,"name":"صيدلية تبوك","type":"pharmacy","category":"healthcare","subcategory":"pharmacy","osmType":"node","addr:street":"الخط الدائري","amenity":"pharmacy","dispensing":"yes","healthcare":"pharmacy","name:latin":"sydlya tbwk"}},{"type":"Feature","id":6028250181,"geometry":{"type":"Point","coordinates":[44.18880360000001,15.351664600000001]},"properties":{"id":6028250181,"name":"صيدلية الوتاري","type":"pharmacy","category":"healthcare","subcategory":"pharmacy","osmType":"node","addr:street":"الخط الدائري","amenity":"pharmacy","dispensing":"yes","healthcare":"pharmacy","name:latin":"sydlya al-wtary"}},{"type":"Feature","id":6028250184,"geometry":{"type":"Point","coordinates":[44.18912100000001,15.353654700000002]},"properties":{"id":6028250184,"name":"صيدلية كنز العافية","type":"pharmacy","category":"healthcare","subcategory":"pharmacy","osmType":"node","addr:street":"الخط الدائري","amenity":"pharmacy","dispensing":"yes","healthcare":"pharmacy","name:latin":"sydlya knz al-'afya"}},{"type":"Feature","id":6028250887,"geometry":{"type":"Point","coordinates":[44.189114000000004,15.354528300000002]},"properties":{"id":6028250887,"name":"صيدلية المختار","type":"pharmacy","category":"healthcare","subcategory":"pharmacy","osmType":"node","addr:street":"الخط الدائري","amenity":"pharmacy","dispensing":"yes","healthcare":"pharmacy","name:latin":"sydlya al-mkhtar"}},{"type":"Feature","id":6028250895,"geometry":{"type":"Point","coordinates":[44.1892289,15.358148000000002]},"properties":{"id":6028250895,"name":"صيدلية الحياة الحديثة","type":"pharmacy","category":"healthcare","subcategory":"pharmacy","osmType":"node","addr:street":"الخط الدائري","amenity":"pharmacy","dispensing":"yes","healthcare":"pharmacy","name:latin":"sydlya al-hyaa al-hdytha"}},{"type":"Feature","id":6028250915,"geometry":{"type":"Point","coordinates":[44.20195390000001,15.3704744]},"properties":{"id":6028250915,"name":"صيدلية الحرمين","type":"pharmacy","category":"healthcare","subcategory":"pharmacy","osmType":"node","addr:street":"شارع القاهرة","amenity":"pharmacy","dispensing":"yes","healthcare":"pharmacy","name:latin":"sydlya al-hrmyn"}},{"type":"Feature","id":6029109593,"geometry":{"type":"Point","coordinates":[44.1833146,15.392643000000001]},"properties":{"id":6029109593,"name":"الصيدلية الخضراء","type":"pharmacy","category":"healthcare","subcategory":"pharmacy","osmType":"node","addr:street":"شارع النهضة","amenity":"pharmacy","dispensing":"yes","healthcare":"pharmacy","name:latin":"al-sydlya al-khdra'"}},{"type":"Feature","id":6031842486,"geometry":{"type":"Point","coordinates":[44.227394700000005,15.316081700000002]},"properties":{"id":6031842486,"name":"مستشفى البراق لطب العيون","type":"clinic","category":"healthcare","subcategory":"clinic","osmType":"node","amenity":"clinic","name:latin":"mstshfa al-braq ltb al-'ywn"}},{"type":"Feature","id":6050953085,"geometry":{"type":"Point","coordinates":[44.2354513,15.379876500000002]},"properties":{"id":6050953085,"name":"مركز كيور الطبي الحديث","type":"doctors","category":"healthcare","subcategory":"clinic","osmType":"node","addr:street":"شارع النصر","amenity":"doctors","opening_hours":"Sa-We 09:00-13:00, 16:00-20:00; Th 09:00-13:00","phone":"772115055","name:latin":"mrkz kywr al-tby al-hdyth"}},{"type":"Feature","id":6076233900,"geometry":{"type":"Point","coordinates":[44.234105500000005,15.3778061]},"properties":{"id":6076233900,"name":"صيدلية نزار","type":"pharmacy","category":"healthcare","subcategory":"pharmacy","osmType":"node","amenity":"pharmacy","dispensing":"yes","healthcare":"pharmacy","name:latin":"sydlya nzar"}},{"type":"Feature","id":6076233905,"geometry":{"type":"Point","coordinates":[44.231805300000005,15.380048100000002]},"properties":{"id":6076233905,"name":"صيدلية الافاق","type":"pharmacy","category":"healthcare","subcategory":"pharmacy","osmType":"node","addr:city":"صنعاء","addr:street":"شارع النصر","amenity":"pharmacy","dispensing":"yes","healthcare":"pharmacy","name:en":"Alafag pharmacy"}},{"type":"Feature","id":6076233910,"geometry":{"type":"Point","coordinates":[44.231349300000005,15.382150000000001]},"properties":{"id":6076233910,"name":"صيدلية الهاشمي","type":"pharmacy","category":"healthcare","subcategory":"pharmacy","osmType":"node","addr:street":"شارع النصر","amenity":"pharmacy","dispensing":"yes","healthcare":"pharmacy","name:en":"Alhashmi Pharmacy"}},{"type":"Feature","id":6076233911,"geometry":{"type":"Point","coordinates":[44.230822700000004,15.3824818]},"properties":{"id":6076233911,"name":"صيدلية أنيس","type":"pharmacy","category":"healthcare","subcategory":"pharmacy","osmType":"node","addr:street":"شارع النصر","amenity":"pharmacy","dispensing":"yes","healthcare":"pharmacy","name:latin":"sydlya anys"}},{"type":"Feature","id":6125074386,"geometry":{"type":"Point","coordinates":[44.25067550000001,15.2397065]},"properties":{"id":6125074386,"name":"مجمع الوحدة الطبي الحكومي","type":"clinic","category":"healthcare","subcategory":"clinic","osmType":"node","addr:street":"طريق تعز","amenity":"clinic","healthcare":"clinic","name:en":"Majmae Alwahdih Altibiyi","opening_hours":"Sa-Th 08:00-20:00"}},{"type":"Feature","id":6131128098,"geometry":{"type":"Point","coordinates":[44.2349632,15.380061900000001]},"properties":{"id":6131128098,"name":"صيدلية صفاء","type":"pharmacy","category":"healthcare","subcategory":"pharmacy","osmType":"node","amenity":"pharmacy","opening_hours":"Mo-Su 08:00-22:00","phone":"777283720","name:latin":"sydlya sfa'"}},{"type":"Feature","id":6134328886,"geometry":{"type":"Point","coordinates":[44.2221582,15.329295100000001]},"properties":{"id":6134328886,"name":"صيدلية عدن","type":"pharmacy","category":"healthcare","subcategory":"pharmacy","osmType":"node","amenity":"pharmacy","name:en":"Aden pharmacy"}},{"type":"Feature","id":6134329085,"geometry":{"type":"Point","coordinates":[44.221016500000005,15.3319468]},"properties":{"id":6134329085,"name":"صيدلية السلام","type":"pharmacy","category":"healthcare","subcategory":"pharmacy","osmType":"node","amenity":"pharmacy","name:en":"alsalam pharmacy"}},{"type":"Feature","id":6134329385,"geometry":{"type":"Point","coordinates":[44.220958100000004,15.332758300000002]},"properties":{"id":6134329385,"name":"صيدلية الزهراء","type":"pharmacy","category":"healthcare","subcategory":"pharmacy","osmType":"node","amenity":"pharmacy","name:latin":"sydlya al-zhra'"}},{"type":"Feature","id":6139194486,"geometry":{"type":"Point","coordinates":[44.1865097,15.357948700000001]},"properties":{"id":6139194486,"name":"مركز الرقاص الطبي","type":"clinic","category":"healthcare","subcategory":"clinic","osmType":"node","addr:street":"شارع الرقاص","amenity":"clinic","name:en":"Al-Raqas Health Center"}},{"type":"Feature","id":6139994385,"geometry":{"type":"Point","coordinates":[44.179732300000005,15.355214000000002]},"properties":{"id":6139994385,"name":"مركز معين الطبي","type":"clinic","category":"healthcare","subcategory":"clinic","osmType":"node","amenity":"clinic","name:latin":"mrkz m'yn al-tby"}},{"type":"Feature","id":6181037887,"geometry":{"type":"Point","coordinates":[44.20219290000001,15.362981500000002]},"properties":{"id":6181037887,"name":"مستشفى تونس","type":"clinic","category":"healthcare","subcategory":"clinic","osmType":"node","addr:street":"شارع تونس","amenity":"clinic","name:en":"Tunisia hospital"}},{"type":"Feature","id":6195831785,"geometry":{"type":"Point","coordinates":[44.19959300000001,15.321354200000002]},"properties":{"id":6195831785,"name":"مركز نجاة لملس للمساعدة على الحمل وأطفال الأنابيب","type":"yes","category":"healthcare","subcategory":"other","osmType":"node","addr:street":"شارع حدة","healthcare":"yes","name:en":"Najat Almaless center for Test tube babies","opening_hours":"Sa-Th 07:00-21:00"}},{"type":"Feature","id":6204586285,"geometry":{"type":"Point","coordinates":[44.196431600000004,15.3599849]},"properties":{"id":6204586285,"name":"امين المصنف","type":"dentist","category":"healthcare","subcategory":"dentist","osmType":"node","amenity":"dentist","name:latin":"amyn al-msnf"}},{"type":"Feature","id":6333816285,"geometry":{"type":"Point","coordinates":[44.1746538,15.3673511]},"properties":{"id":6333816285,"name":"صيدلية مدينة سام","type":"pharmacy","category":"healthcare","subcategory":"pharmacy","osmType":"node","addr:city":"صنعاء","addr:street":"شارع الستين","amenity":"pharmacy","healthcare":"pharmacy","name:en":"Sam City Pharmacy","opening_hours":"Sa-Th 09:00-21:00"}},{"type":"Feature","id":6335705268,"geometry":{"type":"Point","coordinates":[44.205404900000005,15.396813400000001]},"properties":{"id":6335705268,"name":"صيدلية دار الأمل","type":"pharmacy","category":"healthcare","subcategory":"pharmacy","osmType":"node","addr:city":"صنعاء","addr:street":"شارع التلفزيون","amenity":"pharmacy","dispensing":"yes","healthcare":"pharmacy","name:en":"Dar Al-Amal pharmacy","opening_hours":"24/7"}},{"type":"Feature","id":6343495285,"geometry":{"type":"Point","coordinates":[44.1925219,15.344484600000001]},"properties":{"id":6343495285,"name":"الاستشاريون لطب العيون","type":"hospital","category":"healthcare","subcategory":"hospital","osmType":"node","amenity":"hospital","healthcare":"hospital","name:en":"TEC","phone":"01401670"}},{"type":"Feature","id":6345357850,"geometry":{"type":"Point","coordinates":[44.1754261,15.359855000000001]},"properties":{"id":6345357850,"name":"مركز العطاء الطبي","type":"clinic","category":"healthcare","subcategory":"clinic","osmType":"node","addr:street":"شارع الرباط","amenity":"clinic","healthcare":"centre","opening_hours":"Mo-Th, Sa, Su 08:00-00:00","phone":"+967 1 400 705","name:latin":"mrkz al-'ta' al-tby"}},{"type":"Feature","id":6370050189,"geometry":{"type":"Point","coordinates":[44.23217640000001,15.312600100000001]},"properties":{"id":6370050189,"name":"صيدلية بيحان","type":"pharmacy","category":"healthcare","subcategory":"pharmacy","osmType":"node","addr:city":"صنعاء","addr:street":"شارع تعز","amenity":"pharmacy","healthcare":"pharmacy","name:latin":"sydlya byhan"}},{"type":"Feature","id":6370050190,"geometry":{"type":"Point","coordinates":[44.232105600000004,15.312644]},"properties":{"id":6370050190,"name":"عيادة نساء الدكتور علي غراب","type":"clinic","category":"healthcare","subcategory":"clinic","osmType":"node","addr:city":"صنعاء","addr:street":"شارع تعز","amenity":"clinic","healthcare":"clinic","healthcare:speciality":"fertility","name:latin":"'yada nsa' al-dktwr 'ly ghrab"}},{"type":"Feature","id":6370050192,"geometry":{"type":"Point","coordinates":[44.231903,15.312817200000001]},"properties":{"id":6370050192,"name":"سبأ سكان للأشعة - أسنان","type":"clinic","category":"healthcare","subcategory":"clinic","osmType":"node","addr:city":"صنعاء","addr:street":"شارع تعز","amenity":"clinic","healthcare":"clinic","name:latin":"sba skan llash'a - asnan"}},{"type":"Feature","id":6370065585,"geometry":{"type":"Point","coordinates":[44.2320867,15.312915000000002]},"properties":{"id":6370065585,"name":"عيادة الدكتورة وفاء عبد الواحد هاشم","type":"dentist","category":"healthcare","subcategory":"dentist","osmType":"node","addr:city":"صنعاء","addr:street":"شارع تعز","amenity":"dentist","healthcare":"dentist","name:latin":"'yada al-dktwra wfa' 'bd al-wahd hashm"}},{"type":"Feature","id":6381704785,"geometry":{"type":"Point","coordinates":[44.1747658,15.3567294]},"properties":{"id":6381704785,"name":"المستشفى الأوروبي الحديث","type":"hospital","category":"healthcare","subcategory":"hospital","osmType":"node","addr:city":"مدينة صنعاء","addr:street":"شارع الستين","amenity":"hospital","emergency":"yes","healthcare":"hospital","name:latin":"al-mstshfa al-awrwby al-hdyth"}},{"type":"Feature","id":6381704985,"geometry":{"type":"Point","coordinates":[44.174795,15.357459300000002]},"properties":{"id":6381704985,"name":"المستشفى الاستشاري","type":"hospital","category":"healthcare","subcategory":"hospital","osmType":"node","amenity":"hospital","healthcare":"hospital","name:latin":"al-mstshfa al-astshary"}},{"type":"Feature","id":6383101220,"geometry":{"type":"Point","coordinates":[44.176875800000005,15.378600300000002]},"properties":{"id":6383101220,"name":"مركز الصفوة لطب وجراحة العيون","type":"clinic","category":"healthcare","subcategory":"clinic","osmType":"node","addr:street":"شارع الستين الشمالي","amenity":"clinic","description":"دكاترة إستشاريين يضعونكم في حدقات أعينهم","healthcare":"clinic","opening_hours":"Mo, We, Sa, Su 09:00-13:00, 16:00-21:00; Tu 04:00-21:00, 09:00-18:00; Th 09:00-13:00","phone":"772025502","name:latin":"mrkz al-sfwa ltb wjraha al-'ywn"}},{"type":"Feature","id":6390592788,"geometry":{"type":"Point","coordinates":[44.197743800000005,15.330668500000002]},"properties":{"id":6390592788,"name":"عالم اليف","type":"veterinary","category":"healthcare","subcategory":"veterinary","osmType":"node","addr:street":"شارع حدة","amenity":"veterinary","email":"m.j.almaqtari@gmail.com","internet_access":"wlan","opening_hours":"Mo-Su 09:00-21:00","phone":"00967773830171","website":"https://worldpetyemen.business.site/","name:latin":"'alm al-yf"}},{"type":"Feature","id":6424373985,"geometry":{"type":"Point","coordinates":[44.2227468,15.275883600000002]},"properties":{"id":6424373985,"name":"المستشفى الملكي","type":"hospital","category":"healthcare","subcategory":"hospital","osmType":"node","addr:street":"شارع الخمسين","amenity":"hospital","healthcare":"hospital","name:en":"Royal Hospital","opening_hours":"24/7"}},{"type":"Feature","id":6539852485,"geometry":{"type":"Point","coordinates":[44.226424300000005,15.382433500000001]},"properties":{"id":6539852485,"name":"مركز علاو الطبي والانجابي","type":"clinic","category":"healthcare","subcategory":"clinic","osmType":"node","addr:housenumber":"+967 01562540","addr:street":"شارع الجامعة العربية","amenity":"clinic","email":"alawivf@etlgr.com","internet_access":"wlan","name:ar":"مركز علاو الطبي والانجابي","name:en":"alaw fertility and medical center","opening_hours":"24/7","phone":"01562540","website":"http://www.alawivf.plogspot.com"}},{"type":"Feature","id":6539853185,"geometry":{"type":"Point","coordinates":[44.22748610000001,15.370894800000002]},"properties":{"id":6539853185,"name":"مستشفى القهالي","type":"clinic","category":"healthcare","subcategory":"clinic","osmType":"node","amenity":"clinic","name:ar":"مستشفى القهالي","name:en":"Algohali hospital"}},{"type":"Feature","id":6542731786,"geometry":{"type":"Point","coordinates":[44.231224700000006,15.379961200000002]},"properties":{"id":6542731786,"name":"مستشفى الرأفة","type":"hospital","category":"healthcare","subcategory":"hospital","osmType":"node","addr:city":"صنعاء","addr:street":"شارع النصر","amenity":"hospital","healthcare":"hospital","name:en":"alrafah hospital"}},{"type":"Feature","id":6545702517,"geometry":{"type":"Point","coordinates":[44.226424300000005,15.382433500000001]},"properties":{"id":6545702517,"name":"مركز علاو الإنجابي","type":"hospital","category":"healthcare","subcategory":"hospital","osmType":"node","amenity":"hospital","description":"نساء وتوليد علاج العقم و أطفال الانابيب ","name:latin":"mrkz 'law al-injaby"}},{"type":"Feature","id":6550292986,"geometry":{"type":"Point","coordinates":[44.17070880000001,15.3775977]},"properties":{"id":6550292986,"name":"مركز السلام لطب الأسنان","type":"clinic","category":"healthcare","subcategory":"clinic","osmType":"node","addr:street":"مذبح","amenity":"clinic","healthcare":"clinic","phone":"777101856","name:latin":"mrkz al-slam ltb al-asnan"}},{"type":"Feature","id":6550293085,"geometry":{"type":"Point","coordinates":[44.154290200000005,15.399624000000001]},"properties":{"id":6550293085,"name":"صيدلية النهضة فارما","type":"pharmacy","category":"healthcare","subcategory":"pharmacy","osmType":"node","addr:street":"خط وادي ظهر - شبام","amenity":"pharmacy","email":"mhmoudshoay@gmail.com","healthcare":"pharmacy","name:latin":"sydlya al-nhda farma"}},{"type":"Feature","id":6555928985,"geometry":{"type":"Point","coordinates":[44.205328800000004,15.380711900000001]},"properties":{"id":6555928985,"name":"د خالد السلطان","type":"dentist","category":"healthcare","subcategory":"dentist","osmType":"node","addr:street":"شارع القيادة","amenity":"dentist","email":"mhmoudshoay@gmail.com","healthcare":"dentist","name:latin":"d khald al-sltan"}},{"type":"Feature","id":6557831194,"geometry":{"type":"Point","coordinates":[44.22720820000001,15.384321700000001]},"properties":{"id":6557831194,"name":"مؤسسة بسمة امل للعلاج الطبيعي والتاهيل الحركي","type":"physiotherapist","category":"healthcare","subcategory":"other","osmType":"node","healthcare":"physiotherapist","name:en":"Basma Amal Foundation for physical therapy and motor rehabilitation"}},{"type":"Feature","id":6564870186,"geometry":{"type":"Point","coordinates":[44.2339733,15.307522900000002]},"properties":{"id":6564870186,"name":"مستشفى الخزان التخصصي","type":"hospital","category":"healthcare","subcategory":"hospital","osmType":"node","addr:city":"صنعاء","addr:street":"شارع تعز","amenity":"hospital","email":"mhmoudshoay@gmail.com","healthcare":"hospital","name:latin":"mstshfa al-khzan al-tkhssy"}},{"type":"Feature","id":6564877985,"geometry":{"type":"Point","coordinates":[44.23428680000001,15.307788700000001]},"properties":{"id":6564877985,"name":"مركز الضياء لطب الاسنان","type":"dentist","category":"healthcare","subcategory":"dentist","osmType":"node","addr:street":"شارع تعز","amenity":"dentist","email":"mhmoudshoay@gmail.com","internet_access":"wlan","name:latin":"mrkz al-dya' ltb al-asnan"}},{"type":"Feature","id":6566440952,"geometry":{"type":"Point","coordinates":[44.1568162,15.4013278]},"properties":{"id":6566440952,"name":"عيادة د.محمود اللهيم","type":"dentist","category":"healthcare","subcategory":"dentist","osmType":"node","amenity":"dentist","healthcare":"dentist","name:latin":"'yada d.mhmwd al-lhym"}},{"type":"Feature","id":6574776185,"geometry":{"type":"Point","coordinates":[44.204841,15.366636600000001]},"properties":{"id":6574776185,"name":"عيادة الدكتور خالد السلطان","type":"dentist","category":"healthcare","subcategory":"dentist","osmType":"node","addr:street":"شارع القيادة","amenity":"dentist","name:ar":"عيادة الدكتور خالد السلطان لطب الاسنان","name:en":"عيادة الدكتور خالد السلطان لطب الاسنان","phone":"777235451","name:latin":"'yada al-dktwr khald al-sltan"}},{"type":"Feature","id":6578045192,"geometry":{"type":"Point","coordinates":[44.153157400000005,15.4015479]},"properties":{"id":6578045192,"name":"مستشفى شملان التخصصي","type":"hospital","category":"healthcare","subcategory":"hospital","osmType":"node","addr:street":"خط وادي ظهر - شبام","amenity":"hospital","healthcare":"hospital","name:latin":"mstshfa shmlan al-tkhssy"}},{"type":"Feature","id":6579943485,"geometry":{"type":"Point","coordinates":[44.262036300000005,15.2803707]},"properties":{"id":6579943485,"name":"مستشفى عين الحياة التخصصي","type":"clinic","category":"healthcare","subcategory":"clinic","osmType":"node","addr:street":"شارع الحثيلي","amenity":"clinic","internet_access":"wlan","name:latin":"mstshfa 'yn al-hyaa al-tkhssy"}},{"type":"Feature","id":6581420390,"geometry":{"type":"Point","coordinates":[44.262036300000005,15.2803707]},"properties":{"id":6581420390,"name":"مستشفى عين الحياة التخصصي","type":"hospital","category":"healthcare","subcategory":"hospital","osmType":"node","amenity":"hospital","name:latin":"mstshfa 'yn al-hyaa al-tkhssy"}},{"type":"Feature","id":6641685493,"geometry":{"type":"Point","coordinates":[44.16940880000001,15.357933400000002]},"properties":{"id":6641685493,"name":"مركز الرحمة الطبي","type":"clinic","category":"healthcare","subcategory":"clinic","osmType":"node","amenity":"clinic","name:latin":"mrkz al-rhma al-tby"}},{"type":"Feature","id":6641685494,"geometry":{"type":"Point","coordinates":[44.217727200000006,15.274819800000001]},"properties":{"id":6641685494,"name":"مركز وصيدلية سام بيتر الطبي","type":"clinic","category":"healthcare","subcategory":"clinic","osmType":"node","amenity":"clinic","name:latin":"mrkz wsydlya sam bytr al-tby"}},{"type":"Feature","id":6641686287,"geometry":{"type":"Point","coordinates":[44.16363380000001,15.3603061]},"properties":{"id":6641686287,"name":"مستشفى ابن حيان التخصصي","type":"hospital","category":"healthcare","subcategory":"hospital","osmType":"node","amenity":"hospital","healthcare":"hospital","name:latin":"mstshfa abn hyan al-tkhssy"}},{"type":"Feature","id":6659199185,"geometry":{"type":"Point","coordinates":[44.202413400000005,15.379502500000001]},"properties":{"id":6659199185,"name":"صيدلية دواكم","type":"pharmacy","category":"healthcare","subcategory":"pharmacy","osmType":"node","addr:city":"صنعاء","addr:street":"شارع الصحة","amenity":"pharmacy","healthcare":"pharmacy","name:latin":"sydlya dwakm"}},{"type":"Feature","id":6726165885,"geometry":{"type":"Point","coordinates":[44.1872101,15.353926200000002]},"properties":{"id":6726165885,"name":"مستشفى الرباط الحديث","type":"hospital","category":"healthcare","subcategory":"hospital","osmType":"node","amenity":"hospital","name:latin":"mstshfa al-rbat al-hdyth"}},{"type":"Feature","id":6776904087,"geometry":{"type":"Point","coordinates":[44.174322200000006,15.355674400000002]},"properties":{"id":6776904087,"name":"صيدلية المنصوري","type":"pharmacy","category":"healthcare","subcategory":"pharmacy","osmType":"node","addr:street":"شارع الستين","amenity":"pharmacy","healthcare":"pharmacy","name:latin":"sydlya al-mnswry"}},{"type":"Feature","id":6800628687,"geometry":{"type":"Point","coordinates":[44.158222900000005,15.3985797]},"properties":{"id":6800628687,"name":"مخزن العليمي للأدوية","type":"pharmacy","category":"healthcare","subcategory":"pharmacy","osmType":"node","addr:street":"حي السلام","amenity":"pharmacy","email":"mhmoudshoay@gmail.com","healthcare":"pharmacy","website":"http://طبيب اسنان - طبيب أسنان في صنعاء\nhttps://dentist-7929.business.site/","name:latin":"mkhzn al-'lymy lladwya"}},{"type":"Feature","id":6852391595,"geometry":{"type":"Point","coordinates":[44.1742404,15.3552569]},"properties":{"id":6852391595,"name":"مركز أطباء العرب","type":"clinic","category":"healthcare","subcategory":"clinic","osmType":"node","addr:street":"شارع الستين","amenity":"clinic","healthcare":"clinic","opening_hours":"Sa-We 00:00-24:00","name:latin":"mrkz atba' al-'rb"}},{"type":"Feature","id":6856155386,"geometry":{"type":"Point","coordinates":[44.177497300000006,15.411605900000001]},"properties":{"id":6856155386,"name":"مركز الاعناب الطبي","type":"hospital","category":"healthcare","subcategory":"hospital","osmType":"node","addr:street":"60 meters St","amenity":"hospital","healthcare":"hospital","name:en":"Al - Annab Medical Center","phone":"770997599"}},{"type":"Feature","id":6856155387,"geometry":{"type":"Point","coordinates":[44.170183900000005,15.374115600000001]},"properties":{"id":6856155387,"name":"محمد عبده يحيى محي الدين","type":"doctors","category":"healthcare","subcategory":"clinic","osmType":"node","addr:street":"خط وادي ظهر - شبام","amenity":"doctors","email":"moo_sanaa@hotmail.com","healthcare":"doctor","name:en":"Mohammed A. Mohedeen","phone":"770997599"}},{"type":"Feature","id":6896142585,"geometry":{"type":"Point","coordinates":[44.2488917,15.2158156]},"properties":{"id":6896142585,"name":"مستشفى التعاون","type":"clinic","category":"healthcare","subcategory":"clinic","osmType":"node","addr:street":"قاع القيضي","amenity":"clinic","opening_hours":"24/7","name:latin":"mstshfa al-t'awn"}},{"type":"Feature","id":6906414286,"geometry":{"type":"Point","coordinates":[44.2061147,15.388654200000001]},"properties":{"id":6906414286,"name":"مستشفى سبأ","type":"hospital","category":"healthcare","subcategory":"hospital","osmType":"node","amenity":"hospital","healthcare":"hospital","name:latin":"mstshfa sba"}},{"type":"Feature","id":6917133385,"geometry":{"type":"Point","coordinates":[44.198954400000005,15.3409343]},"properties":{"id":6917133385,"name":"‏الدكتور عماد","type":"dentist","category":"healthcare","subcategory":"dentist","osmType":"node","amenity":"dentist","healthcare":"dentist","name:en":"DR: Emad alkayat"}},{"type":"Feature","id":6937218356,"geometry":{"type":"Point","coordinates":[44.2070408,15.330968100000002]},"properties":{"id":6937218356,"name":"مستشفى السبعين","type":"hospital","category":"healthcare","subcategory":"hospital","osmType":"node","GNS:dsg_code":"HSP","GNS:dsg_name":"hospital","GNS:id":"10779649","addr:city":"صنعاء","addr:street":"شارع السبعين","amenity":"hospital","healthcare":"hospital","int_name":"Mustashfá as Sab‘īn","name:en":"Mustashfa as Sab`in","source:name":"GNS"}},{"type":"Feature","id":6937224306,"geometry":{"type":"Point","coordinates":[44.22106,15.350780000000002]},"properties":{"id":6937224306,"name":"مستشفى الثورة","type":"hospital","category":"healthcare","subcategory":"hospital","osmType":"node","GNS:dsg_code":"HSP","GNS:dsg_name":"hospital","GNS:id":"10643731","addr:city":"صنعاء","addr:street":"شارع خولان","alt_name":"Revolution Hospital","amenity":"hospital","healthcare":"hospital","int_name":"Mustashfá ath Thawrah","name:en":"Mustashfa ath Thawrah","source:name":"GNS"}},{"type":"Feature","id":6937224379,"geometry":{"type":"Point","coordinates":[44.195002,15.345399]},"properties":{"id":6937224379,"name":"المستشفى الجمهوري","type":"hospital","category":"healthcare","subcategory":"hospital","osmType":"node","GNS:dsg_code":"HSP","GNS:dsg_name":"hospital","GNS:id":"10779651","amenity":"hospital","healthcare":"hospital","int_name":"Al Mustashfá al Jumhūrī","name:ar":"المستشفى الجمهوري","name:en":"Al Mustashfa al Jumhuri","source:name":"GNS"}},{"type":"Feature","id":6937224532,"geometry":{"type":"Point","coordinates":[44.212590000000006,15.362836000000001]},"properties":{"id":6937224532,"name":"المستشفى العسكري","type":"hospital","category":"healthcare","subcategory":"hospital","osmType":"node","GNS:dsg_code":"HSP","GNS:dsg_name":"hospital","GNS:id":"10832722","amenity":"hospital","healthcare":"hospital","int_name":"Al Mustashfá al ‘Askarī","name:ar":"المستشفى العسكري","name:en":"Al Mustashfa al `Askari","source:name":"GNS"}},{"type":"Feature","id":6937224638,"geometry":{"type":"Point","coordinates":[44.193406,15.361486000000001]},"properties":{"id":6937224638,"name":"مستشفى الكويت","type":"hospital","category":"healthcare","subcategory":"hospital","osmType":"node","GNS:dsg_code":"HSP","GNS:dsg_name":"hospital","GNS:id":"10780925","addr:city":"صنعاء","addr:street":"شارع الكويت","amenity":"hospital","healthcare":"hospital","int_name":"Mustashfá al Kuwayt","name:en":"Al Kuwait Hospital","source:name":"GNS"}},{"type":"Feature","id":6948520183,"geometry":{"type":"Point","coordinates":[44.2433447,15.268368400000002]},"properties":{"id":6948520183,"name":"مركز العشب الأخضر للتداوي بالأعشاب الطبية - طبيب الأعشاب / محمد عبدالسلام الظمين","type":"hospital","category":"healthcare","subcategory":"hospital","osmType":"node","amenity":"hospital","healthcare":"hospital","healthcare:speciality":"physiotherapy;traditional_chinese_medicine","operator":"طبيب الأعشاب / محمد عبدالسلام الظمين","operator:type":"private","phone":"00967777000054","name:latin":"mrkz al-'shb al-akhdr lltdawy bala'shab al-tbya - tbyb al-a'shab / mhmd 'bdalslam al-zmyn"}},{"type":"Feature","id":7011017785,"geometry":{"type":"Point","coordinates":[44.2335135,15.309897800000002]},"properties":{"id":7011017785,"name":"الشام لتجميل وزراعة الأسنان","type":"dentist","category":"healthcare","subcategory":"dentist","osmType":"node","addr:housenumber":"01602032","addr:street":"شارع تعز","amenity":"dentist","email":"waelalawadhi17@gmail.com","internet_access":"wlan","name:ar":"الشام لتجميل وزراعة الأسنان الدكتور /عبدالكريم صادق العواضي","name:en":"Al-sham dentestry","opening_hours":"Sa-Th 09:00-21:00","phone":"771413493"}},{"type":"Feature","id":7059968985,"geometry":{"type":"Point","coordinates":[44.1829339,15.345224300000002]},"properties":{"id":7059968985,"name":"","type":"doctors","category":"healthcare","subcategory":"clinic","osmType":"node","amenity":"doctors","name:en":"مركز الأول للأمراض النفسي"}},{"type":"Feature","id":7125942585,"geometry":{"type":"Point","coordinates":[44.1927176,15.3299955]},"properties":{"id":7125942585,"name":"عيادة الدكتورة سلوى الغميري","type":"clinic","category":"healthcare","subcategory":"clinic","osmType":"node","addr:street":"شارع جيبوتي","amenity":"clinic","opening_hours":"Sa-We 13:00-22:00","phone":"773026856","name:latin":"'yada al-dktwra slwa al-ghmyry"}},{"type":"Feature","id":7204976785,"geometry":{"type":"Point","coordinates":[44.183598100000005,15.353720200000001]},"properties":{"id":7204976785,"name":"الدكتور أحمد الورد","type":"clinic","category":"healthcare","subcategory":"clinic","osmType":"node","amenity":"clinic","name:latin":"al-dktwr ahmd al-wrd"}},{"type":"Feature","id":7445083693,"geometry":{"type":"Point","coordinates":[44.2212249,15.332195900000002]},"properties":{"id":7445083693,"name":"صيدلية بلسم","type":"pharmacy","category":"healthcare","subcategory":"pharmacy","osmType":"node","amenity":"pharmacy","name:latin":"sydlya blsm"}},{"type":"Feature","id":7445084389,"geometry":{"type":"Point","coordinates":[44.2210358,15.332597000000002]},"properties":{"id":7445084389,"name":"صيدلية تسنيم","type":"pharmacy","category":"healthcare","subcategory":"pharmacy","osmType":"node","amenity":"pharmacy","name:latin":"sydlya tsnym"}},{"type":"Feature","id":7445084390,"geometry":{"type":"Point","coordinates":[44.221112000000005,15.332454400000001]},"properties":{"id":7445084390,"name":"صيدلية المطاع","type":"pharmacy","category":"healthcare","subcategory":"pharmacy","osmType":"node","amenity":"pharmacy","name:latin":"sydlya al-mta'"}},{"type":"Feature","id":7445084391,"geometry":{"type":"Point","coordinates":[44.22160710000001,15.331843300000001]},"properties":{"id":7445084391,"name":"صيدلية طه حسين","type":"pharmacy","category":"healthcare","subcategory":"pharmacy","osmType":"node","amenity":"pharmacy","name:latin":"sydlya th hsyn"}},{"type":"Feature","id":7490833985,"geometry":{"type":"Point","coordinates":[44.17524040000001,15.351444]},"properties":{"id":7490833985,"name":"مختبرات العولقي","type":"laboratory","category":"healthcare","subcategory":"other","osmType":"node","addr:street":"شارع الستين","healthcare":"laboratory","name:latin":"mkhtbrat al-'wlqy"}},{"type":"Feature","id":7521042385,"geometry":{"type":"Point","coordinates":[44.1949886,15.301835600000002]},"properties":{"id":7521042385,"name":"صيدلية الشروق 6","type":"pharmacy","category":"healthcare","subcategory":"pharmacy","osmType":"node","addr:city":"صنعاء","addr:street":"شارع صفر","amenity":"pharmacy","healthcare":"pharmacy","name:latin":"sydlya al-shrwq 6"}},{"type":"Feature","id":7581307787,"geometry":{"type":"Point","coordinates":[44.13396830000001,15.412991700000001]},"properties":{"id":7581307787,"name":"مستشفى 22 مايو التعليمي","type":"clinic","category":"healthcare","subcategory":"clinic","osmType":"node","addr:street":"طريق صنعاء المحويت","amenity":"clinic","opening_hours":"24/7","name:latin":"mstshfa 22 mayw al-t'lymy"}},{"type":"Feature","id":7581307789,"geometry":{"type":"Point","coordinates":[44.171068700000006,15.359436200000001]},"properties":{"id":7581307789,"name":"صيدلية السنينة","type":"pharmacy","category":"healthcare","subcategory":"pharmacy","osmType":"node","addr:street":"24","amenity":"pharmacy","name:latin":"sydlya al-snyna"}},{"type":"Feature","id":7652817388,"geometry":{"type":"Point","coordinates":[44.1896191,15.332155300000002]},"properties":{"id":7652817388,"name":"الدكتور عبد القادر المنصور اخصائي عظام","type":"doctors","category":"healthcare","subcategory":"clinic","osmType":"node","addr:street":"شارع عمان","amenity":"doctors","healthcare":"doctor","name:en":"D.Almansour.Bone specialist","opening_hours":"Sa-We 15:00-20:00","phone":"772057245"}},{"type":"Feature","id":7669746885,"geometry":{"type":"Point","coordinates":[44.23275160000001,15.311013400000002]},"properties":{"id":7669746885,"name":"صيدلية الاطباء","type":"pharmacy","category":"healthcare","subcategory":"pharmacy","osmType":"node","amenity":"pharmacy","name:latin":"sydlya al-atba'"}},{"type":"Feature","id":7684713978,"geometry":{"type":"Point","coordinates":[44.233378200000004,15.312062200000002]},"properties":{"id":7684713978,"name":"مركز د. مجيب العبسي لتقويم وزراعة الأسنان","type":"dentist","category":"healthcare","subcategory":"dentist","osmType":"node","amenity":"dentist","name:latin":"mrkz d. mjyb al-'bsy ltqwym wzra'a al-asnan"}},{"type":"Feature","id":7684718247,"geometry":{"type":"Point","coordinates":[44.182358,15.3588526]},"properties":{"id":7684718247,"name":"مستشفى الرباط الحديث","type":"hospital","category":"healthcare","subcategory":"hospital","osmType":"node","addr:city":"صنعاء","addr:street":"شارع هائل","amenity":"hospital","healthcare":"hospital","name:latin":"mstshfa al-rbat al-hdyth"}},{"type":"Feature","id":7684728646,"geometry":{"type":"Point","coordinates":[44.206,15.27752]},"properties":{"id":7684728646,"name":"عيادة لمسة طبيب","type":"clinic","category":"healthcare","subcategory":"clinic","osmType":"node","addr:street":"شارع ‏الثلاثين","amenity":"clinic","healthcare":"clinic","name:latin":"'yada lmsa tbyb"}},{"type":"Feature","id":7707717150,"geometry":{"type":"Point","coordinates":[44.2045504,15.3860699]},"properties":{"id":7707717150,"name":"صيدلية دوائي","type":"pharmacy","category":"healthcare","subcategory":"pharmacy","osmType":"node","addr:city":"صنعاء","addr:street":"شارع مازدا","amenity":"pharmacy","healthcare":"pharmacy","name:latin":"sydlya dwa'y"}},{"type":"Feature","id":7711249942,"geometry":{"type":"Point","coordinates":[44.206324200000005,15.388650400000001]},"properties":{"id":7711249942,"name":"صيدلية الدفعي","type":"pharmacy","category":"healthcare","subcategory":"pharmacy","osmType":"node","amenity":"pharmacy","healthcare":"pharmacy","name:latin":"sydlya al-df'y"}},{"type":"Feature","id":7713205861,"geometry":{"type":"Point","coordinates":[44.205543500000005,15.396805800000001]},"properties":{"id":7713205861,"name":"مستشفى د.عبدالوهاب عجلان التخصصي","type":"hospital","category":"healthcare","subcategory":"hospital","osmType":"node","addr:city":"صنعاء","addr:street":"شارع التلفزيون","amenity":"hospital","emergency":"yes","healthcare":"hospital","opening_hours":"24/7","operator:type":"private","name:latin":"mstshfa d.'bdalwhab 'jlan al-tkhssy"}},{"type":"Feature","id":7725482365,"geometry":{"type":"Point","coordinates":[44.187130800000006,15.326811700000002]},"properties":{"id":7725482365,"name":"معامل جامعة الملكة أروى","type":"laboratory","category":"healthcare","subcategory":"other","osmType":"node","addr:city":"صنعاء","addr:street":"شارع الستين","healthcare":"laboratory","name:latin":"m'aml jam'a al-mlka arwa"}},{"type":"Feature","id":7727993213,"geometry":{"type":"Point","coordinates":[44.231362600000004,15.379212800000001]},"properties":{"id":7727993213,"name":"صيدلية البحرين","type":"pharmacy","category":"healthcare","subcategory":"pharmacy","osmType":"node","addr:city":"صنعاء","addr:street":"شارع النصر","amenity":"pharmacy","healthcare":"pharmacy","name:latin":"sydlya al-bhryn"}},{"type":"Feature","id":7730223391,"geometry":{"type":"Point","coordinates":[44.2084461,15.346947100000001]},"properties":{"id":7730223391,"name":"صيدلية عمان","type":"pharmacy","category":"healthcare","subcategory":"pharmacy","osmType":"node","amenity":"pharmacy","healthcare":"pharmacy","name:latin":"sydlya 'man"}},{"type":"Feature","id":7730278267,"geometry":{"type":"Point","coordinates":[44.2079019,15.350091500000001]},"properties":{"id":7730278267,"name":"محلات القادري للأدوية","type":"pharmacy","category":"healthcare","subcategory":"pharmacy","osmType":"node","amenity":"pharmacy","healthcare":"pharmacy","name:latin":"mhlat al-qadry lladwya"}},{"type":"Feature","id":7730282208,"geometry":{"type":"Point","coordinates":[44.20762010000001,15.350140200000002]},"properties":{"id":7730282208,"name":"برج التحرير للأدوية","type":"pharmacy","category":"healthcare","subcategory":"pharmacy","osmType":"node","amenity":"pharmacy","healthcare":"pharmacy","name:latin":"brj al-thryr lladwya"}},{"type":"Feature","id":7730284528,"geometry":{"type":"Point","coordinates":[44.2085342,15.350278600000001]},"properties":{"id":7730284528,"name":"محلات العريقي للأدوية","type":"pharmacy","category":"healthcare","subcategory":"pharmacy","osmType":"node","amenity":"pharmacy","description":"جملة","healthcare":"pharmacy","name:latin":"mhlat al-'ryqy lladwya"}},{"type":"Feature","id":7730290290,"geometry":{"type":"Point","coordinates":[44.208186500000004,15.350044400000002]},"properties":{"id":7730290290,"name":"محلات ناجي علي الورافي للأدوية والمستلزمات الطبية","type":"pharmacy","category":"healthcare","subcategory":"pharmacy","osmType":"node","amenity":"pharmacy","healthcare":"pharmacy","name:latin":"mhlat najy 'ly al-wrafy lladwya walmstlzmat al-tbya"}},{"type":"Feature","id":7730355466,"geometry":{"type":"Point","coordinates":[44.208496000000004,15.370616400000001]},"properties":{"id":7730355466,"name":"صيدلية ابن وافد","type":"pharmacy","category":"healthcare","subcategory":"pharmacy","osmType":"node","amenity":"pharmacy","healthcare":"pharmacy","name:latin":"sydlya abn wafd"}},{"type":"Feature","id":7805258588,"geometry":{"type":"Point","coordinates":[44.253308000000004,15.299453000000002]},"properties":{"id":7805258588,"name":"الحكيم للادوية","type":"pharmacy","category":"healthcare","subcategory":"pharmacy","osmType":"node","amenity":"pharmacy","name:latin":"al-hkym lladwya"}},{"type":"Feature","id":7806061785,"geometry":{"type":"Point","coordinates":[44.242521200000006,15.279550000000002]},"properties":{"id":7806061785,"name":"مركز الزهراء الطبي","type":"hospital","category":"healthcare","subcategory":"hospital","osmType":"node","addr:street":"شارع الخمسين","amenity":"hospital","email":"mrkzalzhraa@gmail.com","opening_hours":"Sa-Th 08:00-13:00","phone":"01829775","name:latin":"mrkz al-zhra' al-tby"}},{"type":"Feature","id":7807063785,"geometry":{"type":"Point","coordinates":[44.2250535,15.338041700000002]},"properties":{"id":7807063785,"name":"صيدلية عيبان","type":"pharmacy","category":"healthcare","subcategory":"pharmacy","osmType":"node","addr:city":"صنعاء","addr:street":"طريق خولان","amenity":"pharmacy","healthcare":"pharmacy","name:latin":"sydlya 'yban"}},{"type":"Feature","id":7807129888,"geometry":{"type":"Point","coordinates":[44.2042908,15.348586800000001]},"properties":{"id":7807129888,"name":"الوقاية للأدوية والمستلزمات الطبية","type":"pharmacy","category":"healthcare","subcategory":"pharmacy","osmType":"node","amenity":"pharmacy","healthcare":"pharmacy","name:latin":"al-wqaya lladwya walmstlzmat al-tbya"}},{"type":"Feature","id":7907032059,"geometry":{"type":"Point","coordinates":[44.155570700000006,15.396797000000001]},"properties":{"id":7907032059,"name":"صيدلية اسطنبول","type":"pharmacy","category":"healthcare","subcategory":"pharmacy","osmType":"node","addr:street":"شملان","amenity":"pharmacy","healthcare":"pharmacy","name:latin":"sydlya astnbwl"}},{"type":"Feature","id":7921153585,"geometry":{"type":"Point","coordinates":[44.1716033,15.3594868]},"properties":{"id":7921153585,"name":"مركز اللؤلؤة لطب وجراحة الاسنان","type":"dentist","category":"healthcare","subcategory":"dentist","osmType":"node","addr:street":"الخير والسلام","amenity":"dentist","opening_hours":"Sa-Th 09:00-22:00","phone":"774555470","name:latin":"mrkz al-l'l'a ltb wjraha al-asnan"}},{"type":"Feature","id":7939390085,"geometry":{"type":"Point","coordinates":[44.232653400000004,15.483238900000002]},"properties":{"id":7939390085,"name":"عيادة السعيدة","type":"dentist","category":"healthcare","subcategory":"dentist","osmType":"node","amenity":"dentist","name:latin":"'yada al-s'yda"}},{"type":"Feature","id":7988910085,"geometry":{"type":"Point","coordinates":[44.219983000000006,15.281205100000001]},"properties":{"id":7988910085,"name":"صيدلية الرفاعي","type":"pharmacy","category":"healthcare","subcategory":"pharmacy","osmType":"node","addr:city":"صنعاء","addr:street":"شارع الأربعين","amenity":"pharmacy","healthcare":"pharmacy","name:en":"Refai Pharmacy","opening_hours":"Mo-Su 07:00-23:00"}},{"type":"Feature","id":8017375539,"geometry":{"type":"Point","coordinates":[44.19493490000001,15.344454]},"properties":{"id":8017375539,"name":"عيادة جراحة العظام د.ياسين الهجامي","type":"clinic","category":"healthcare","subcategory":"clinic","osmType":"node","addr:city":"صنعاء","addr:street":"شارع الزبيري","amenity":"clinic","healthcare":"clinic","name:latin":"'yada jraha al-'zam d.yasyn al-hjamy"}},{"type":"Feature","id":8017375699,"geometry":{"type":"Point","coordinates":[44.2028922,15.341132900000002]},"properties":{"id":8017375699,"name":"عيادة الدكتور محمد سالم نعمان/جهاز الهضمي وكبد","type":"hospital","category":"healthcare","subcategory":"hospital","osmType":"node","amenity":"hospital","name:latin":"'yada al-dktwr mhmd salm n'man/jhaz al-hdmy wkbd"}},{"type":"Feature","id":8019454285,"geometry":{"type":"Point","coordinates":[44.222985900000005,15.333436400000002]},"properties":{"id":8019454285,"name":"الدكتور سمير الحكيي/امراض الكبد","type":"clinic","category":"healthcare","subcategory":"clinic","osmType":"node","amenity":"clinic","healthcare":"clinic","name:latin":"al-dktwr smyr al-hkyy/amrad al-kbd"}},{"type":"Feature","id":8021918587,"geometry":{"type":"Point","coordinates":[44.2058887,15.288738100000002]},"properties":{"id":8021918587,"name":"مركز الدكتور محمد القعيطي/لامراض الأعصاب والعمود الفقري","type":"clinic","category":"healthcare","subcategory":"clinic","osmType":"node","amenity":"clinic","name:latin":"mrkz al-dktwr mhmd al-q'yty/lamrad al-a'sab wal'mwd al-fqry"}},{"type":"Feature","id":8143233821,"geometry":{"type":"Point","coordinates":[44.1848614,15.3376736]},"properties":{"id":8143233821,"name":"مستشفى الرسالة الطبي للأمراض النفسية","type":"clinic","category":"healthcare","subcategory":"clinic","osmType":"node","addr:city":"صنعاء","addr:street":"شارع بغداد","amenity":"clinic","healthcare":"clinic","name:latin":"mstshfa al-rsala al-tby llamrad al-nfsya"}},{"type":"Feature","id":8143233918,"geometry":{"type":"Point","coordinates":[44.226165800000004,15.2859387]},"properties":{"id":8143233918,"name":"عيادة الدكتور كمال الملصي","type":"clinic","category":"healthcare","subcategory":"clinic","osmType":"node","addr:city":"صنعاء","addr:street":"شارع الاصبحي","amenity":"clinic","healthcare":"clinic","mobile":"777775545","name:latin":"'yada al-dktwr kmal al-mlsy"}},{"type":"Feature","id":8143233919,"geometry":{"type":"Point","coordinates":[44.2272601,15.286008500000001]},"properties":{"id":8143233919,"name":"مركز عالم الابتسامه - الاصبحي","type":"clinic","category":"healthcare","subcategory":"clinic","osmType":"node","addr:street":"شارع الحربي","amenity":"clinic","healthcare":"clinic","name:latin":"mrkz 'alm al-abtsamh - al-asbhy"}},{"type":"Feature","id":8143234118,"geometry":{"type":"Point","coordinates":[44.2408051,15.287240700000002]},"properties":{"id":8143234118,"name":"مركز الاصبحي الجراحي","type":"hospital","category":"healthcare","subcategory":"hospital","osmType":"node","addr:city":"صنعاء","addr:street":"شارع الحربي","amenity":"hospital","healthcare":"hospital","name:latin":"mrkz al-asbhy al-jrahy"}},{"type":"Feature","id":8143235617,"geometry":{"type":"Point","coordinates":[44.2245658,15.286032700000002]},"properties":{"id":8143235617,"name":"عيادة الدكتوره أنصاف سلام","type":"dentist","category":"healthcare","subcategory":"dentist","osmType":"node","addr:city":"صنعاء","addr:street":"شارع الحربي","amenity":"dentist","healthcare":"dentist","mobile":"777723773","name:latin":"'yada al-dktwrh ansaf slam"}},{"type":"Feature","id":8147220117,"geometry":{"type":"Point","coordinates":[44.2267991,15.330327]},"properties":{"id":8147220117,"name":"شركة الراية الطبية","type":"pharmacy","category":"healthcare","subcategory":"pharmacy","osmType":"node","addr:street":"شارع ال45","amenity":"pharmacy","email":"info@arrayamedical.com.ye","healthcare":"pharmacy","name:en":"Arraya Medical","opening_hours":"Sa-Th 08:00-21:00","phone":"009671628833","website":"http://www.arrayamedical.com"}},{"type":"Feature","id":8155301421,"geometry":{"type":"Point","coordinates":[44.23760970000001,15.376664300000002]},"properties":{"id":8155301421,"name":"مركز الاء الطبي - سعوان","type":"clinic","category":"healthcare","subcategory":"clinic","osmType":"node","addr:street":"سعوان","amenity":"clinic","name:ar":"مركز الاء الطبي","phone":"01308450","name:latin":"mrkz al-a' al-tby - s'wan"}},{"type":"Feature","id":8155301422,"geometry":{"type":"Point","coordinates":[44.231790100000005,15.380184900000001]},"properties":{"id":8155301422,"name":"مركز العزب لطب الاسنان","type":"dentist","category":"healthcare","subcategory":"dentist","osmType":"node","addr:city":"صنعاء","addr:street":"شارع النصر","amenity":"dentist","healthcare":"dentist","name:latin":"mrkz al-'zb ltb al-asnan"}},{"type":"Feature","id":8155321317,"geometry":{"type":"Point","coordinates":[44.224349700000005,15.390200100000001]},"properties":{"id":8155321317,"name":"عياده بسام السعادي","type":"clinic","category":"healthcare","subcategory":"clinic","osmType":"node","addr:street":"شارع النصر","amenity":"clinic","name:latin":"'yadh bsam al-s'ady"}},{"type":"Feature","id":8166090618,"geometry":{"type":"Point","coordinates":[44.2116934,15.3662053]},"properties":{"id":8166090618,"name":"عيادة أحمد الوشاح","type":"clinic","category":"healthcare","subcategory":"clinic","osmType":"node","addr:street":"الصياح","amenity":"clinic","name:latin":"'yada ahmd al-wshah"}},{"type":"Feature","id":8166090619,"geometry":{"type":"Point","coordinates":[44.2444336,15.279576500000001]},"properties":{"id":8166090619,"name":"مركز الصالح لطب الاسنان","type":"clinic","category":"healthcare","subcategory":"clinic","osmType":"node","addr:street":"جولة دار سلم","amenity":"clinic","name:latin":"mrkz al-salh ltb al-asnan"}},{"type":"Feature","id":8176617117,"geometry":{"type":"Point","coordinates":[44.241261300000005,15.309151400000001]},"properties":{"id":8176617117,"name":"مستشفى هاشم العراقي","type":"clinic","category":"healthcare","subcategory":"clinic","osmType":"node","amenity":"clinic","name:latin":"mstshfa hashm al-'raqy"}},{"type":"Feature","id":8176677517,"geometry":{"type":"Point","coordinates":[44.221716,15.352235000000002]},"properties":{"id":8176677517,"name":"العيادة العصرية لطب الأسنان","type":"dentist","category":"healthcare","subcategory":"dentist","osmType":"node","addr:street":"شارع مسيك","amenity":"dentist","healthcare":"clinic","name:latin":"al-'yada al-'srya ltb al-asnan"}},{"type":"Feature","id":8176677617,"geometry":{"type":"Point","coordinates":[44.252033600000004,15.233893700000001]},"properties":{"id":8176677617,"name":"مركز الدكتور عبدالغني الذاهبي لطب الأسنان","type":"dentist","category":"healthcare","subcategory":"dentist","osmType":"node","addr:street":"طريق صنعاء تعز","amenity":"dentist","healthcare":"clinic","name:latin":"mrkz al-dktwr 'bdalghny al-dhahby ltb al-asnan"}},{"type":"Feature","id":8187551417,"geometry":{"type":"Point","coordinates":[44.207393200000006,15.387708100000001]},"properties":{"id":8187551417,"name":"الدكتور محمد عبد الحفيظ المحبشي. استشاري جراحة الكلى والمسالك البولية","type":"clinic","category":"healthcare","subcategory":"clinic","osmType":"node","amenity":"clinic","healthcare":"clinic","opening_hours":"Mo-Fr 16:00-22:00","phone":"777277462","name:latin":"al-dktwr mhmd 'bd al-hfyz al-mhbshy. astshary jraha al-kla walmsalk al-bwlya"}},{"type":"Feature","id":8220968017,"geometry":{"type":"Point","coordinates":[44.198684300000004,15.339864000000002]},"properties":{"id":8220968017,"name":"صيدلية أورا","type":"pharmacy","category":"healthcare","subcategory":"pharmacy","osmType":"node","addr:housenumber":"766","addr:street":"شارع حدة","amenity":"pharmacy","email":"aurayemen@gmail.com","healthcare":"pharmacy","name:en":"Aura Pharma","phone":"777730447","website":"https://aurayemen.com/"}},{"type":"Feature","id":8243069617,"geometry":{"type":"Point","coordinates":[44.1529335,15.3635341]},"properties":{"id":8243069617,"name":"رشاد عبدالغني","type":"doctors","category":"healthcare","subcategory":"clinic","osmType":"node","amenity":"doctors","name:latin":"rshad 'bdalghny"}},{"type":"Feature","id":8244305917,"geometry":{"type":"Point","coordinates":[44.249430200000006,15.296017700000002]},"properties":{"id":8244305917,"name":"مستشفى الدرن","type":"yes","category":"healthcare","subcategory":"other","osmType":"node","healthcare":"yes","name:en":"TB Center"}},{"type":"Feature","id":8285674621,"geometry":{"type":"Point","coordinates":[44.2553932,15.302262]},"properties":{"id":8285674621,"name":"صيدلية الهاشم","type":"pharmacy","category":"healthcare","subcategory":"pharmacy","osmType":"node","amenity":"pharmacy","name:latin":"sydlya al-hashm"}},{"type":"Feature","id":8285674817,"geometry":{"type":"Point","coordinates":[44.232244300000005,15.304945300000002]},"properties":{"id":8285674817,"name":"المستشفى اليمني الأردني","type":"clinic","category":"healthcare","subcategory":"clinic","osmType":"node","addr:street":"شارع بينون","amenity":"clinic","name:latin":"al-mstshfa al-ymny al-ardny"}},{"type":"Feature","id":8285674917,"geometry":{"type":"Point","coordinates":[44.255392400000005,15.302282400000001]},"properties":{"id":8285674917,"name":"عيادة العون","type":"clinic","category":"healthcare","subcategory":"clinic","osmType":"node","amenity":"clinic","name:latin":"'yada al-'wn"}},{"type":"Feature","id":8302209917,"geometry":{"type":"Point","coordinates":[44.1931529,15.343810800000002]},"properties":{"id":8302209917,"name":"مركز الرسالة الطبي","type":"doctors","category":"healthcare","subcategory":"clinic","osmType":"node","amenity":"doctors","name:latin":"mrkz al-rsala al-tby"}},{"type":"Feature","id":8383193020,"geometry":{"type":"Point","coordinates":[44.194408100000004,15.300472700000002]},"properties":{"id":8383193020,"name":"عالم الصيدلة 35","type":"pharmacy","category":"healthcare","subcategory":"pharmacy","osmType":"node","addr:street":"شارع صفر","amenity":"pharmacy","healthcare":"pharmacy","name:latin":"'alm al-sydla 35"}},{"type":"Feature","id":8383193026,"geometry":{"type":"Point","coordinates":[44.1939416,15.2990425]},"properties":{"id":8383193026,"name":"مجمع عبدالوهاب الخولاني لطب الأسنان","type":"dentist","category":"healthcare","subcategory":"dentist","osmType":"node","amenity":"dentist","healthcare":"dentist","name:latin":"mjm' 'bdalwhab al-khwlany ltb al-asnan"}},{"type":"Feature","id":8383193027,"geometry":{"type":"Point","coordinates":[44.207636,15.286207400000002]},"properties":{"id":8383193027,"name":"المستشفى الإقليمي للعيون","type":"clinic","category":"healthcare","subcategory":"clinic","osmType":"node","amenity":"clinic","name:latin":"al-mstshfa al-iqlymy ll'ywn"}},{"type":"Feature","id":8383195025,"geometry":{"type":"Point","coordinates":[44.22000680000001,15.349476400000002]},"properties":{"id":8383195025,"name":"مختبرات اليوسفي فرع 3","type":"laboratory","category":"healthcare","subcategory":"other","osmType":"node","addr:city":"صنعاء","addr:street":"شارع خولان","healthcare":"laboratory","name:latin":"mkhtbrat al-ywsfy fr' 3"}},{"type":"Feature","id":8383195117,"geometry":{"type":"Point","coordinates":[44.2178212,15.336048700000001]},"properties":{"id":8383195117,"name":"صيدلية الحيفاني","type":"doctors","category":"healthcare","subcategory":"clinic","osmType":"node","amenity":"doctors","name:latin":"sydlya al-hyfany"}},{"type":"Feature","id":8383195817,"geometry":{"type":"Point","coordinates":[44.19579590000001,15.3037202]},"properties":{"id":8383195817,"name":"صيدلية ابن حيان 6","type":"pharmacy","category":"healthcare","subcategory":"pharmacy","osmType":"node","addr:city":"صنعاء","addr:street":"شارع صفر","amenity":"pharmacy","healthcare":"pharmacy","name:latin":"sydlya abn hyan 6"}},{"type":"Feature","id":8383196817,"geometry":{"type":"Point","coordinates":[44.244263800000006,15.379714600000002]},"properties":{"id":8383196817,"name":"مستشفى سعوان التخصصي","type":"clinic","category":"healthcare","subcategory":"clinic","osmType":"node","addr:city":"صنعاء","addr:street":"شارع الأربعين","amenity":"clinic","healthcare":"clinic","name:latin":"mstshfa s'wan al-tkhssy"}},{"type":"Feature","id":8401435218,"geometry":{"type":"Point","coordinates":[44.1706073,15.341564800000002]},"properties":{"id":8401435218,"name":"مختبرات نيولاب التخصصية","type":"laboratory","category":"healthcare","subcategory":"other","osmType":"node","healthcare":"laboratory","name:latin":"mkhtbrat nywlab al-tkhssya"}},{"type":"Feature","id":8420041159,"geometry":{"type":"Point","coordinates":[44.215830000000004,15.4388]},"properties":{"id":8420041159,"name":"مركز الأزرق لطب الأسنان الحديث","type":"dentist","category":"healthcare","subcategory":"dentist","osmType":"node","amenity":"dentist","name:latin":"mrkz al-azrq ltb al-asnan al-hdyth"}},{"type":"Feature","id":8420065906,"geometry":{"type":"Point","coordinates":[44.19572,15.303490000000002]},"properties":{"id":8420065906,"name":"عيادات سنان لتجميل وتقويم وزراعة الأسنان","type":"dentist","category":"healthcare","subcategory":"dentist","osmType":"node","amenity":"dentist","healthcare":"dentist","name:latin":"'yadat snan ltjmyl wtqwym wzra'a al-asnan"}},{"type":"Feature","id":8459912219,"geometry":{"type":"Point","coordinates":[44.2191491,15.2777536]},"properties":{"id":8459912219,"name":"صيدلية سندس","type":"pharmacy","category":"healthcare","subcategory":"pharmacy","osmType":"node","addr:city":"صنعاء","addr:street":"شارع الخمسين","amenity":"pharmacy","healthcare":"pharmacy","name:latin":"sydlya snds"}},{"type":"Feature","id":8505180411,"geometry":{"type":"Point","coordinates":[44.215322500000006,15.434338200000001]},"properties":{"id":8505180411,"name":"مستشفى المجد التخصصي","type":"hospital","category":"healthcare","subcategory":"hospital","osmType":"node","amenity":"hospital","healthcare":"hospital","name:latin":"mstshfa al-mjd al-tkhssy"}},{"type":"Feature","id":8544529241,"geometry":{"type":"Point","coordinates":[44.2037666,15.2929609]},"properties":{"id":8544529241,"name":"صيدلية شهران","type":"pharmacy","category":"healthcare","subcategory":"pharmacy","osmType":"node","amenity":"pharmacy","name:latin":"sydlya shhran"}},{"type":"Feature","id":8554615717,"geometry":{"type":"Point","coordinates":[44.194939000000005,15.346054200000001]},"properties":{"id":8554615717,"name":"المركز الوطني لعلاج الاورام","type":"hospital","category":"healthcare","subcategory":"hospital","osmType":"node","addr:street":"شارع الزبيري","amenity":"hospital","email":"anas.aljbri@gamil.com","name:en":"National Oncology Center"}},{"type":"Feature","id":8567629917,"geometry":{"type":"Point","coordinates":[44.21018900000001,15.275526000000001]},"properties":{"id":8567629917,"name":"مركز الطيبي الطبي","type":"clinic","category":"healthcare","subcategory":"clinic","osmType":"node","addr:street":"شارع الثلاثين","amenity":"clinic","email":"anas.aljbri@gamil.com","opening_hours":"24/7","phone":"+967777841785","name:latin":"mrkz al-tyby al-tby"}},{"type":"Feature","id":8567630018,"geometry":{"type":"Point","coordinates":[44.21011120000001,15.2865724]},"properties":{"id":8567630018,"name":"د / عيسى الجبري","type":"hospital","category":"healthcare","subcategory":"hospital","osmType":"node","addr:street":"شارع الخمسين","amenity":"hospital","opening_hours":"24/7","phone":"775674730","name:latin":"d / 'ysa al-jbry"}},{"type":"Feature","id":8638352218,"geometry":{"type":"Point","coordinates":[44.2078143,15.350258700000001]},"properties":{"id":8638352218,"name":"محلات الشهاب للأدوية","type":"pharmacy","category":"healthcare","subcategory":"pharmacy","osmType":"node","amenity":"pharmacy","healthcare":"pharmacy","name:latin":"mhlat al-shhab lladwya"}},{"type":"Feature","id":8687939657,"geometry":{"type":"Point","coordinates":[44.20489740000001,15.3837451]},"properties":{"id":8687939657,"name":"صيدلية شهاب","type":"pharmacy","category":"healthcare","subcategory":"pharmacy","osmType":"node","addr:city":"صنعاء","addr:street":"شارع مازدا","amenity":"pharmacy","healthcare":"pharmacy","name:latin":"sydlya shhab"}},{"type":"Feature","id":8687950115,"geometry":{"type":"Point","coordinates":[44.204959900000006,15.398363300000002]},"properties":{"id":8687950115,"name":"صيدلية الملك","type":"pharmacy","category":"healthcare","subcategory":"pharmacy","osmType":"node","amenity":"pharmacy","healthcare":"pharmacy","name:latin":"sydlya al-mlk"}},{"type":"Feature","id":8687962654,"geometry":{"type":"Point","coordinates":[44.204829700000005,15.3830585]},"properties":{"id":8687962654,"name":"صيدلية الأسرة الحديثة","type":"pharmacy","category":"healthcare","subcategory":"pharmacy","osmType":"node","amenity":"pharmacy","healthcare":"pharmacy","name:latin":"sydlya al-asra al-hdytha"}},{"type":"Feature","id":8687964946,"geometry":{"type":"Point","coordinates":[44.2049048,15.3983874]},"properties":{"id":8687964946,"name":"صيدلية الأمانة المركزية","type":"pharmacy","category":"healthcare","subcategory":"pharmacy","osmType":"node","amenity":"pharmacy","healthcare":"pharmacy","name:latin":"sydlya al-amana al-mrkzya"}},{"type":"Feature","id":8687978870,"geometry":{"type":"Point","coordinates":[44.2051287,15.383866500000002]},"properties":{"id":8687978870,"name":"صيدلية دار الأطباء","type":"pharmacy","category":"healthcare","subcategory":"pharmacy","osmType":"node","amenity":"pharmacy","healthcare":"pharmacy","name:latin":"sydlya dar al-atba'"}},{"type":"Feature","id":8739618617,"geometry":{"type":"Point","coordinates":[44.189483,15.347098700000002]},"properties":{"id":8739618617,"name":"عيادات دنتل برايت الحديثة لتجميل الأسنان والفم","type":"clinic","category":"healthcare","subcategory":"clinic","osmType":"node","addr:street":"الدائري الغربي أمام الجامعة القديمة فوق صيدلية دار التقوى","amenity":"clinic","description":"( زراعة - تقويم - تجميل ) الدكتور صادق القرماني","name:en":"Modern Dental Bright Clinics ( Implants - Orthodontics - Cosmetics ) Dr.Sadeq Al-Qaramani","opening_hours":"Sa-Th 16:00-21:00","phone":"+967771415536"}},{"type":"Feature","id":8750072924,"geometry":{"type":"Point","coordinates":[44.2281848,15.321856300000002]},"properties":{"id":8750072924,"name":"صيدلية غزة","type":"pharmacy","category":"healthcare","subcategory":"pharmacy","osmType":"node","addr:city":"صنعاء","addr:street":"شارع تعز","amenity":"pharmacy","dispensing":"yes","healthcare":"pharmacy","opening_hours":"Mo-Su 11:00-23:00","name:latin":"sydlya ghza"}},{"type":"Feature","id":8750093769,"geometry":{"type":"Point","coordinates":[44.223710200000006,15.321356500000002]},"properties":{"id":8750093769,"name":"صيدلية بنت جبيل","type":"pharmacy","category":"healthcare","subcategory":"pharmacy","osmType":"node","addr:city":"صنعاء","addr:street":"شارع 16","amenity":"pharmacy","dispensing":"yes","healthcare":"pharmacy","opening_hours":"Mo-Su 08:00-23:00","name:latin":"sydlya bnt jbyl"}},{"type":"Feature","id":8772619117,"geometry":{"type":"Point","coordinates":[44.167191200000005,15.401949000000002]},"properties":{"id":8772619117,"name":"عيادة نساء وولادة","type":"hospital","category":"healthcare","subcategory":"hospital","osmType":"node","addr:city":"صنعاء","addr:street":"شارع الثلاثين","amenity":"hospital","healthcare":"hospital","name:latin":"'yada nsa' wwlada"}},{"type":"Feature","id":8809436018,"geometry":{"type":"Point","coordinates":[44.24191690000001,15.309386800000002]},"properties":{"id":8809436018,"name":"صيدلية الواحة","type":"pharmacy","category":"healthcare","subcategory":"pharmacy","osmType":"node","amenity":"pharmacy","name:latin":"sydlya al-waha"}},{"type":"Feature","id":8809437818,"geometry":{"type":"Point","coordinates":[44.240911600000004,15.308773400000002]},"properties":{"id":8809437818,"name":"صيدلية الدوحة","type":"pharmacy","category":"healthcare","subcategory":"pharmacy","osmType":"node","amenity":"pharmacy","name:latin":"sydlya al-dwha"}},{"type":"Feature","id":8861995817,"geometry":{"type":"Point","coordinates":[44.2211708,15.329197]},"properties":{"id":8861995817,"name":"","type":"clinic","category":"healthcare","subcategory":"clinic","osmType":"node","addr:street":"شارع ال45","amenity":"clinic","healthcare":"clinic"}},{"type":"Feature","id":8882593319,"geometry":{"type":"Point","coordinates":[44.2208369,15.329084900000002]},"properties":{"id":8882593319,"name":"الدكتور خليل الزريقي /عمود فقري","type":"doctors","category":"healthcare","subcategory":"clinic","osmType":"node","amenity":"doctors","healthcare":"doctor","name:latin":"al-dktwr khlyl al-zryqy /'mwd fqry"}},{"type":"Feature","id":8882593320,"geometry":{"type":"Point","coordinates":[44.221043,15.3290833]},"properties":{"id":8882593320,"name":"وطني اسكان للطب التشخيصي","type":"clinic","category":"healthcare","subcategory":"clinic","osmType":"node","addr:street":"شارع ال45","amenity":"clinic","healthcare":"clinic","name:latin":"wtny askan lltb al-tshkhysy"}},{"type":"Feature","id":8918848036,"geometry":{"type":"Point","coordinates":[44.2026934,15.388817900000001]},"properties":{"id":8918848036,"name":"صيدلية ركن الأرض الطيبة","type":"pharmacy","category":"healthcare","subcategory":"pharmacy","osmType":"node","addr:street":"شارع صوفان","amenity":"pharmacy","healthcare":"pharmacy","name:latin":"sydlya rkn al-ard al-tyba"}},{"type":"Feature","id":8930999517,"geometry":{"type":"Point","coordinates":[44.1844176,15.339546600000002]},"properties":{"id":8930999517,"name":"عيادة الجمال لطب الاسنان","type":"dentist","category":"healthcare","subcategory":"dentist","osmType":"node","addr:city":"صنعاء","addr:street":"شارع بغداد","amenity":"dentist","email":"alsharabijamal133@gmail.com","healthcare":"dentist","internet_access":"wlan","opening_hours":"Sa-Th 09:00-21:00","phone":"01207813","name:latin":"'yada al-jmal ltb al-asnan"}},{"type":"Feature","id":8957471017,"geometry":{"type":"Point","coordinates":[44.198579,15.423664]},"properties":{"id":8957471017,"name":"مستشفى الدكتور علي الخزان","type":"hospital","category":"healthcare","subcategory":"hospital","osmType":"node","amenity":"hospital","healthcare":"hospital","name:latin":"mstshfa al-dktwr 'ly al-khzan"}},{"type":"Feature","id":9028185035,"geometry":{"type":"Point","coordinates":[44.187153200000004,15.306537200000001]},"properties":{"id":9028185035,"name":"","type":"clinic","category":"healthcare","subcategory":"clinic","osmType":"node","amenity":"clinic","name:en":"UN clinic"}},{"type":"Feature","id":9029014117,"geometry":{"type":"Point","coordinates":[44.1797186,15.405982300000002]},"properties":{"id":9029014117,"name":"الدكتورة غدير أحمد حجر للأسنان","type":"dentist","category":"healthcare","subcategory":"dentist","osmType":"node","amenity":"dentist","healthcare":"dentist","name:latin":"al-dktwra ghdyr ahmd hjr llasnan"}},{"type":"Feature","id":9139683062,"geometry":{"type":"Point","coordinates":[44.2144757,15.339406100000001]},"properties":{"id":9139683062,"name":"مستشفى الأمل التخصصي","type":"hospital","category":"healthcare","subcategory":"hospital","osmType":"node","amenity":"hospital","name:latin":"mstshfa al-aml al-tkhssy"}},{"type":"Feature","id":9163454617,"geometry":{"type":"Point","coordinates":[44.2171323,15.278794500000002]},"properties":{"id":9163454617,"name":"مستشفى مغربي عيادة","type":"clinic","category":"healthcare","subcategory":"clinic","osmType":"node","addr:city":"صنعاء","addr:street":"شارع الخمسين","amenity":"clinic","healthcare":"clinic","name:latin":"mstshfa mghrby 'yada"}},{"type":"Feature","id":9288593774,"geometry":{"type":"Point","coordinates":[44.1978438,15.435163000000001]},"properties":{"id":9288593774,"name":"مؤسسة الرفيق الدوائية","type":"pharmacy","category":"healthcare","subcategory":"pharmacy","osmType":"node","amenity":"pharmacy","name:latin":"m'ssa al-rfyq al-dwa'ya"}},{"type":"Feature","id":9300181658,"geometry":{"type":"Point","coordinates":[44.1904601,15.399906300000001]},"properties":{"id":9300181658,"name":"عيادة الأمل الطبية","type":"clinic","category":"healthcare","subcategory":"clinic","osmType":"node","amenity":"clinic","healthcare":"clinic","name:latin":"'yada al-aml al-tbya"}},{"type":"Feature","id":9416395593,"geometry":{"type":"Point","coordinates":[44.176425,15.379926300000001]},"properties":{"id":9416395593,"name":"عيادة الدكتورة الطاف المقطري","type":"clinic","category":"healthcare","subcategory":"clinic","osmType":"node","amenity":"clinic","description":"الدور الخامس برج اليمن الطبي","healthcare":"clinic","healthcare:speciality":"gynaecology","name:latin":"'yada al-dktwra al-taf al-mqtry"}},{"type":"Feature","id":9422931294,"geometry":{"type":"Point","coordinates":[44.2092863,15.371066800000001]},"properties":{"id":9422931294,"name":"مستشفى الشرطة","type":"hospital","category":"healthcare","subcategory":"hospital","osmType":"node","amenity":"hospital","healthcare":"hospital","name:latin":"mstshfa al-shrta"}},{"type":"Feature","id":9431261174,"geometry":{"type":"Point","coordinates":[44.195077000000005,15.365764200000001]},"properties":{"id":9431261174,"name":"صدلية الدكتور علي عطاء البيطرية","type":"pharmacy","category":"healthcare","subcategory":"pharmacy","osmType":"node","amenity":"pharmacy","name:latin":"sdlya al-dktwr 'ly 'ta' al-bytrya"}},{"type":"Feature","id":9445928125,"geometry":{"type":"Point","coordinates":[44.2145129,15.379594700000002]},"properties":{"id":9445928125,"name":"صيدلية امازون","type":"pharmacy","category":"healthcare","subcategory":"pharmacy","osmType":"node","amenity":"pharmacy","healthcare":"pharmacy","name:latin":"sydlya amazwn"}},{"type":"Feature","id":9459715342,"geometry":{"type":"Point","coordinates":[44.2041109,15.3994233]},"properties":{"id":9459715342,"name":"صيدلية الشريف","type":"pharmacy","category":"healthcare","subcategory":"pharmacy","osmType":"node","amenity":"pharmacy","healthcare":"pharmacy","name:latin":"sydlya al-shryf"}},{"type":"Feature","id":9472289115,"geometry":{"type":"Point","coordinates":[44.174206100000006,15.3886119]},"properties":{"id":9472289115,"name":"صيدلية المركز الطبي","type":"pharmacy","category":"healthcare","subcategory":"pharmacy","osmType":"node","amenity":"pharmacy","dispensing":"yes","healthcare":"pharmacy","name:latin":"sydlya al-mrkz al-tby"}},{"type":"Feature","id":9487648965,"geometry":{"type":"Point","coordinates":[44.176906100000004,15.378521500000002]},"properties":{"id":9487648965,"name":"ابتسامتك غايتنا","type":"dentist","category":"healthcare","subcategory":"dentist","osmType":"node","amenity":"dentist","description":"د. عبير الشويب","healthcare":"dentist","name:latin":"abtsamtk ghaytna"}},{"type":"Feature","id":9540270209,"geometry":{"type":"Point","coordinates":[44.208024900000005,15.349677300000002]},"properties":{"id":9540270209,"name":"محلات ابودنيا","type":"pharmacy","category":"healthcare","subcategory":"pharmacy","osmType":"node","amenity":"pharmacy","dispensing":"yes","healthcare":"pharmacy","name:latin":"mhlat abwdnya"}},{"type":"Feature","id":9540270210,"geometry":{"type":"Point","coordinates":[44.208000600000005,15.349201800000001]},"properties":{"id":9540270210,"name":"الجزيرة لايف فارما","type":"pharmacy","category":"healthcare","subcategory":"pharmacy","osmType":"node","amenity":"pharmacy","dispensing":"yes","healthcare":"pharmacy","name:latin":"al-jzyra layf farma"}},{"type":"Feature","id":9540270211,"geometry":{"type":"Point","coordinates":[44.2080082,15.3490584]},"properties":{"id":9540270211,"name":"جراند لاين فارما","type":"pharmacy","category":"healthcare","subcategory":"pharmacy","osmType":"node","amenity":"pharmacy","dispensing":"yes","healthcare":"pharmacy","name:latin":"jrand layn farma"}},{"type":"Feature","id":9540310324,"geometry":{"type":"Point","coordinates":[44.2077377,15.349917200000002]},"properties":{"id":9540310324,"name":"الحبيشي للأدوية","type":"pharmacy","category":"healthcare","subcategory":"pharmacy","osmType":"node","amenity":"pharmacy","dispensing":"yes","healthcare":"pharmacy","name:latin":"al-hbyshy lladwya"}},{"type":"Feature","id":9540310325,"geometry":{"type":"Point","coordinates":[44.207564700000006,15.349990300000002]},"properties":{"id":9540310325,"name":"الصفاء للأدوية","type":"pharmacy","category":"healthcare","subcategory":"pharmacy","osmType":"node","amenity":"pharmacy","dispensing":"yes","healthcare":"pharmacy","name:latin":"al-sfa' lladwya"}},{"type":"Feature","id":9540310326,"geometry":{"type":"Point","coordinates":[44.2073766,15.349924500000002]},"properties":{"id":9540310326,"name":"الأوائل فارما هيلث","type":"pharmacy","category":"healthcare","subcategory":"pharmacy","osmType":"node","amenity":"pharmacy","dispensing":"yes","healthcare":"pharmacy","name:latin":"al-awa'l farma hylth"}},{"type":"Feature","id":9540310327,"geometry":{"type":"Point","coordinates":[44.207775600000005,15.3505873]},"properties":{"id":9540310327,"name":"محلات ابو هشام للأدوية","type":"pharmacy","category":"healthcare","subcategory":"pharmacy","osmType":"node","amenity":"pharmacy","dispensing":"yes","healthcare":"pharmacy","name:latin":"mhlat abw hsham lladwya"}},{"type":"Feature","id":9862208023,"geometry":{"type":"Point","coordinates":[44.166442800000006,15.4022245]},"properties":{"id":9862208023,"name":"صيدلية العلوم المركزية","type":"pharmacy","category":"healthcare","subcategory":"pharmacy","osmType":"node","addr:city":"صنعاء","addr:street":"شارع الثلاثين","amenity":"pharmacy","healthcare":"pharmacy","name:latin":"sydlya al-'lwm al-mrkzya"}},{"type":"Feature","id":9862212818,"geometry":{"type":"Point","coordinates":[44.1664582,15.402227000000002]},"properties":{"id":9862212818,"name":"مركز العلوم الطبي الحديث","type":"clinic","category":"healthcare","subcategory":"clinic","osmType":"node","addr:city":"صنعاء","addr:street":"شارع الثلاثين","amenity":"clinic","email":"medicalmodernsc@gmail.com","healthcare":"clinic","name:en":"modern medical science center","phone":"778900041"}},{"type":"Feature","id":9893840717,"geometry":{"type":"Point","coordinates":[44.1877105,15.332364100000001]},"properties":{"id":9893840717,"name":"د أطفال سالم باناجه","type":"clinic","category":"healthcare","subcategory":"clinic","osmType":"node","amenity":"clinic","name:latin":"d atfal salm banajh"}},{"type":"Feature","id":9922931217,"geometry":{"type":"Point","coordinates":[44.2300058,15.319050700000002]},"properties":{"id":9922931217,"name":"الدكتور  العودي","type":"clinic","category":"healthcare","subcategory":"clinic","osmType":"node","amenity":"clinic","name:latin":"al-dktwr al-'wdy"}},{"type":"Feature","id":9935568517,"geometry":{"type":"Point","coordinates":[44.2347758,15.306480400000002]},"properties":{"id":9935568517,"name":"د.محمد شمسان","type":"clinic","category":"healthcare","subcategory":"clinic","osmType":"node","addr:city":"صنعاء","addr:street":"شارع تعز","amenity":"clinic","healthcare":"clinic","name:latin":"d.mhmd shmsan"}},{"type":"Feature","id":9936010717,"geometry":{"type":"Point","coordinates":[44.22545650000001,15.3287755]},"properties":{"id":9936010717,"name":"مركز القلب النموذجي د.محمد شمسان","type":"doctors","category":"healthcare","subcategory":"clinic","osmType":"node","addr:city":"صنعاء","addr:housenumber":"66","addr:street":"شارع تعز","amenity":"doctors","healthcare":"doctor","phone":"733809009","name:latin":"mrkz al-qlb al-nmwdhjy d.mhmd shmsan"}},{"type":"Feature","id":9937423619,"geometry":{"type":"Point","coordinates":[44.2273816,15.291408200000001]},"properties":{"id":9937423619,"name":"الصيدلية المتقدمة","type":"pharmacy","category":"healthcare","subcategory":"pharmacy","osmType":"node","addr:street":"شارع 22 مايو","amenity":"pharmacy","name:latin":"al-sydlya al-mtqdma"}},{"type":"Feature","id":10093291918,"geometry":{"type":"Point","coordinates":[44.1948434,15.344402900000002]},"properties":{"id":10093291918,"name":"مختبرات ميجالاب التخصصية","type":"laboratory","category":"healthcare","subcategory":"other","osmType":"node","addr:housenumber":"1","addr:street":"شارع الزبيري","healthcare":"laboratory","name:en":"MegaLab","phone":"00967779000747"}},{"type":"Feature","id":10132742611,"geometry":{"type":"Point","coordinates":[44.218900000000005,15.277220000000002]},"properties":{"id":10132742611,"name":"الإتقان لطب الأسنان","type":"dentist","category":"healthcare","subcategory":"dentist","osmType":"node","amenity":"dentist","name:latin":"al-itqan ltb al-asnan"}},{"type":"Feature","id":10132765163,"geometry":{"type":"Point","coordinates":[44.1988952,15.327118800000001]},"properties":{"id":10132765163,"name":"مركز القلب الحديث للأستاذ الدكتور يحيى الحداد","type":"clinic","category":"healthcare","subcategory":"clinic","osmType":"node","addr:city":"صنعاء","addr:street":"شارع حدة","amenity":"clinic","healthcare":"clinic","name:latin":"mrkz al-qlb al-hdyth llastadh al-dktwr yhya al-hdad"}},{"type":"Feature","id":10153867395,"geometry":{"type":"Point","coordinates":[44.213275700000004,15.394470700000001]},"properties":{"id":10153867395,"name":"صيدلية خالد الحديثة","type":"pharmacy","category":"healthcare","subcategory":"pharmacy","osmType":"node","amenity":"pharmacy","name:latin":"sydlya khald al-hdytha"}},{"type":"Feature","id":10174106217,"geometry":{"type":"Point","coordinates":[44.2204612,15.282128900000002]},"properties":{"id":10174106217,"name":"الصيدلية الالمانية","type":"pharmacy","category":"healthcare","subcategory":"pharmacy","osmType":"node","addr:street":"شارع الاربعين","amenity":"pharmacy","healthcare":"pharmacy","name:en":"German pharmacy","opening_hours":"24/7"}},{"type":"Feature","id":10281408710,"geometry":{"type":"Point","coordinates":[44.1950531,15.344449400000002]},"properties":{"id":10281408710,"name":"الدكتور مروان الدبعي /اخصائي قلب","type":"doctors","category":"healthcare","subcategory":"clinic","osmType":"node","addr:city":"صنعاء","addr:street":"شارع الزبيري","amenity":"doctors","healthcare":"doctor","name:latin":"al-dktwr mrwan al-db'y /akhsa'y qlb"}},{"type":"Feature","id":10291465709,"geometry":{"type":"Point","coordinates":[44.20902340000001,15.423103700000002]},"properties":{"id":10291465709,"name":"مركز الدكتور عبدالكريم قاسم زيد","type":"clinic","category":"healthcare","subcategory":"clinic","osmType":"node","amenity":"clinic","name:latin":"mrkz al-dktwr 'bdalkrym qasm zyd"}},{"type":"Feature","id":10580988841,"geometry":{"type":"Point","coordinates":[44.2214527,15.287855300000002]},"properties":{"id":10580988841,"name":"صيدلية الهلال الأخضر","type":"pharmacy","category":"healthcare","subcategory":"pharmacy","osmType":"node","addr:city":"صنعاء","addr:street":"شارع الأربعين","amenity":"pharmacy","healthcare":"pharmacy","name:en":"Alhelal alakhdhar pharmacy"}},{"type":"Feature","id":10614857180,"geometry":{"type":"Point","coordinates":[44.2072731,15.387627000000002]},"properties":{"id":10614857180,"name":"مركز يبوتي سمايل لطب الأسنان","type":"dentist","category":"healthcare","subcategory":"dentist","osmType":"node","addr:street":"شارع مازدا","amenity":"dentist","healthcare":"dentist","name:latin":"mrkz ybwty smayl ltb al-asnan"}},{"type":"Feature","id":10624927342,"geometry":{"type":"Point","coordinates":[44.18897750000001,15.332222200000002]},"properties":{"id":10624927342,"name":"شركة اكسترا فارما المحدودة للأدوية والمستلزمات الطبية","type":"pharmacy","category":"healthcare","subcategory":"pharmacy","osmType":"node","addr:city":"صنعاء","addr:street":"شارع عمان","amenity":"pharmacy","healthcare":"pharmacy","name:latin":"shrka akstra farma al-mhdwda lladwya walmstlzmat al-tbya"}},{"type":"Feature","id":10624927352,"geometry":{"type":"Point","coordinates":[44.1895862,15.337190800000002]},"properties":{"id":10624927352,"name":"صيدلية ربيع فارما","type":"pharmacy","category":"healthcare","subcategory":"pharmacy","osmType":"node","addr:city":"صنعاء","addr:street":"شارع عمان","amenity":"pharmacy","healthcare":"pharmacy","name:latin":"sydlya rby' farma"}},{"type":"Feature","id":10632742521,"geometry":{"type":"Point","coordinates":[44.2245087,15.329882200000002]},"properties":{"id":10632742521,"name":"صيدلية المري","type":"pharmacy","category":"healthcare","subcategory":"pharmacy","osmType":"node","addr:city":"صنعاء","addr:street":"شارع ال45","amenity":"pharmacy","healthcare":"pharmacy","name:latin":"sydlya al-mry"}},{"type":"Feature","id":10632742523,"geometry":{"type":"Point","coordinates":[44.224463500000006,15.330084000000001]},"properties":{"id":10632742523,"name":"صيدلية نجم الصيدلة","type":"pharmacy","category":"healthcare","subcategory":"pharmacy","osmType":"node","addr:city":"صنعاء","addr:street":"شارع تعز","amenity":"pharmacy","healthcare":"pharmacy","name:latin":"sydlya njm al-sydla"}},{"type":"Feature","id":10632742531,"geometry":{"type":"Point","coordinates":[44.2243409,15.330931500000002]},"properties":{"id":10632742531,"name":"عيادة الإخلاص الطبية","type":"clinic","category":"healthcare","subcategory":"clinic","osmType":"node","addr:city":"صنعاء","addr:street":"شارع تعز","amenity":"clinic","healthcare":"clinic","name:latin":"'yada al-ikhlas al-tbya"}},{"type":"Feature","id":10632742532,"geometry":{"type":"Point","coordinates":[44.224420200000004,15.3310811]},"properties":{"id":10632742532,"name":"عيادة روان لطب الأسنان","type":"dentist","category":"healthcare","subcategory":"dentist","osmType":"node","addr:city":"صنعاء","addr:street":"شارع تعز","amenity":"dentist","healthcare":"dentist","name:latin":"'yada rwan ltb al-asnan"}},{"type":"Feature","id":10632742547,"geometry":{"type":"Point","coordinates":[44.221461100000006,15.3358839]},"properties":{"id":10632742547,"name":"عيادة الدكتور لميس محمد عون","type":"clinic","category":"healthcare","subcategory":"clinic","osmType":"node","amenity":"clinic","healthcare":"clinic","name:latin":"'yada al-dktwr lmys mhmd 'wn"}},{"type":"Feature","id":10632742550,"geometry":{"type":"Point","coordinates":[44.2216451,15.3361154]},"properties":{"id":10632742550,"name":"صيدلية الاتحاد فارما","type":"pharmacy","category":"healthcare","subcategory":"pharmacy","osmType":"node","addr:city":"صنعاء","addr:street":"شارع تعز","amenity":"pharmacy","healthcare":"pharmacy","name:latin":"sydlya al-athad farma"}},{"type":"Feature","id":10632742551,"geometry":{"type":"Point","coordinates":[44.221475100000006,15.336384500000001]},"properties":{"id":10632742551,"name":"أدوية وادي بنا","type":"pharmacy","category":"healthcare","subcategory":"pharmacy","osmType":"node","addr:city":"صنعاء","addr:street":"شارع تعز","amenity":"pharmacy","healthcare":"pharmacy","name:latin":"adwya wady bna"}},{"type":"Feature","id":10632742552,"geometry":{"type":"Point","coordinates":[44.2215867,15.336245700000001]},"properties":{"id":10632742552,"name":"مختبرات بيروت الطبية","type":"laboratory","category":"healthcare","subcategory":"other","osmType":"node","addr:city":"صنعاء","addr:street":"شارع تعز","healthcare":"laboratory","name:latin":"mkhtbrat byrwt al-tbya"}},{"type":"Feature","id":10632742554,"geometry":{"type":"Point","coordinates":[44.221935,15.3362513]},"properties":{"id":10632742554,"name":"مختبرات الذبحاني الطبية","type":"laboratory","category":"healthcare","subcategory":"other","osmType":"node","addr:city":"صنعاء","addr:street":"شارع تعز","healthcare":"laboratory","name:latin":"mkhtbrat al-dhbhany al-tbya"}},{"type":"Feature","id":10632742563,"geometry":{"type":"Point","coordinates":[44.222342700000006,15.3368473]},"properties":{"id":10632742563,"name":"صيدلية الخليل","type":"pharmacy","category":"healthcare","subcategory":"pharmacy","osmType":"node","amenity":"pharmacy","healthcare":"pharmacy","name:latin":"sydlya al-khlyl"}},{"type":"Feature","id":10649030350,"geometry":{"type":"Point","coordinates":[44.198987300000006,15.321774000000001]},"properties":{"id":10649030350,"name":"صيدلية هديل فارما","type":"pharmacy","category":"healthcare","subcategory":"pharmacy","osmType":"node","addr:street":"شارع حدة","amenity":"pharmacy","healthcare":"pharmacy","name:latin":"sydlya hdyl farma"}},{"type":"Feature","id":10649030359,"geometry":{"type":"Point","coordinates":[44.1989759,15.326097100000002]},"properties":{"id":10649030359,"name":"صيدلية جمجوم فارما (21)","type":"pharmacy","category":"healthcare","subcategory":"pharmacy","osmType":"node","addr:street":"شارع حدة","amenity":"pharmacy","branch":"21","healthcare":"pharmacy","name:latin":"sydlya jmjwm farma (21)"}},{"type":"Feature","id":10661905408,"geometry":{"type":"Point","coordinates":[44.1982329,15.323271900000002]},"properties":{"id":10661905408,"name":"الدكتور عبدالرحمن اسحاق","type":"clinic","category":"healthcare","subcategory":"clinic","osmType":"node","amenity":"clinic","name:latin":"al-dktwr 'bdalrhmn ashaq"}},{"type":"Feature","id":10725991805,"geometry":{"type":"Point","coordinates":[44.195318500000006,15.360582700000002]},"properties":{"id":10725991805,"name":"د ابراهيم الشامي","type":"dentist","category":"healthcare","subcategory":"dentist","osmType":"node","amenity":"dentist","name:latin":"d abrahym al-shamy"}},{"type":"Feature","id":10914314605,"geometry":{"type":"Point","coordinates":[44.248280400000006,15.271366600000002]},"properties":{"id":10914314605,"name":"مستشفى يشفين","type":"hospital","category":"healthcare","subcategory":"hospital","osmType":"node","addr:street":"حزيز","amenity":"hospital","name:en":"Yashfeen hospital"}},{"type":"Feature","id":10983560805,"geometry":{"type":"Point","coordinates":[44.244884000000006,15.231614600000002]},"properties":{"id":10983560805,"name":"مركز ابن البصير الطبي","type":"clinic","category":"healthcare","subcategory":"clinic","osmType":"node","addr:street":"28","amenity":"clinic","name:latin":"mrkz abn al-bsyr al-tby"}},{"type":"Feature","id":11010413705,"geometry":{"type":"Point","coordinates":[44.191940200000005,15.330861100000002]},"properties":{"id":11010413705,"name":"عيادة الأميل للرعاية الطبية الأولية المتكاملة","type":"clinic","category":"healthcare","subcategory":"clinic","osmType":"node","addr:city":"صنعاء","addr:street":"شارع خولة","amenity":"clinic","healthcare":"clinic","opening_hours":"Mo-Su 09:00-22:00","phone":"775663692","name:latin":"'yada al-amyl llr'aya al-tbya al-awlya al-mtkamla"}},{"type":"Feature","id":11079015882,"geometry":{"type":"Point","coordinates":[44.203950000000006,15.349486]},"properties":{"id":11079015882,"name":"مؤسسة قاسم سران للأدوية والمستلزمات الطبية","type":"pharmacy","category":"healthcare","subcategory":"pharmacy","osmType":"node","amenity":"pharmacy","healthcare":"pharmacy","name:latin":"m'ssa qasm sran lladwya walmstlzmat al-tbya"}},{"type":"Feature","id":11079015884,"geometry":{"type":"Point","coordinates":[44.2039143,15.349336000000001]},"properties":{"id":11079015884,"name":"خالد الجاكي فارما","type":"pharmacy","category":"healthcare","subcategory":"pharmacy","osmType":"node","amenity":"pharmacy","healthcare":"pharmacy","name:latin":"khald al-jaky farma"}},{"type":"Feature","id":11079015892,"geometry":{"type":"Point","coordinates":[44.199312600000006,15.3457509]},"properties":{"id":11079015892,"name":"صيدلية فارماسيا","type":"pharmacy","category":"healthcare","subcategory":"pharmacy","osmType":"node","amenity":"pharmacy","healthcare":"pharmacy","name:latin":"sydlya farmasya"}},{"type":"Feature","id":11079015897,"geometry":{"type":"Point","coordinates":[44.1946555,15.344362000000002]},"properties":{"id":11079015897,"name":"صيدلية التضامن الحديثة","type":"pharmacy","category":"healthcare","subcategory":"pharmacy","osmType":"node","amenity":"pharmacy","healthcare":"pharmacy","name:latin":"sydlya al-tdamn al-hdytha"}},{"type":"Feature","id":11079015898,"geometry":{"type":"Point","coordinates":[44.1939488,15.344289600000002]},"properties":{"id":11079015898,"name":"صيدلية عصام المركزية 1","type":"pharmacy","category":"healthcare","subcategory":"pharmacy","osmType":"node","amenity":"pharmacy","healthcare":"pharmacy","name:latin":"sydlya 'sam al-mrkzya 1"}},{"type":"Feature","id":11079015899,"geometry":{"type":"Point","coordinates":[44.1938151,15.344321500000001]},"properties":{"id":11079015899,"name":"صيدلية جود بلاس 4","type":"pharmacy","category":"healthcare","subcategory":"pharmacy","osmType":"node","amenity":"pharmacy","healthcare":"pharmacy","name:latin":"sydlya jwd blas 4"}},{"type":"Feature","id":11079015901,"geometry":{"type":"Point","coordinates":[44.194342500000005,15.344323900000001]},"properties":{"id":11079015901,"name":"صيدلية مشير المركزية","type":"pharmacy","category":"healthcare","subcategory":"pharmacy","osmType":"node","amenity":"pharmacy","healthcare":"pharmacy","name:latin":"sydlya mshyr al-mrkzya"}},{"type":"Feature","id":11079015902,"geometry":{"type":"Point","coordinates":[44.1945922,15.344352500000001]},"properties":{"id":11079015902,"name":"صيدلية الجمهورية","type":"pharmacy","category":"healthcare","subcategory":"pharmacy","osmType":"node","amenity":"pharmacy","healthcare":"pharmacy","name:latin":"sydlya al-jmhwrya"}},{"type":"Feature","id":11127147205,"geometry":{"type":"Point","coordinates":[44.2061678,15.386857700000002]},"properties":{"id":11127147205,"name":"عيادة الدكتور مختار العريفي","type":"dentist","category":"healthcare","subcategory":"dentist","osmType":"node","addr:street":"شارع مازدا","amenity":"dentist","healthcare":"dentist","opening_hours":"Fr-We 08:00-20:00","phone":"773336013","name:latin":"'yada al-dktwr mkhtar al-'ryfy"}},{"type":"Feature","id":11128277305,"geometry":{"type":"Point","coordinates":[44.213124500000006,15.399378300000002]},"properties":{"id":11128277305,"name":"صيدلية ابن حيان15","type":"pharmacy","category":"healthcare","subcategory":"pharmacy","osmType":"node","addr:city":"صنعاء","addr:street":"شارع المطار","amenity":"pharmacy","healthcare":"pharmacy","phone":"+967 779 595 285","name:latin":"sydlya abn hyan15"}},{"type":"Feature","id":11185167237,"geometry":{"type":"Point","coordinates":[44.196911300000004,15.343535200000002]},"properties":{"id":11185167237,"name":"عيادة الدكتور هشام عون","type":"clinic","category":"healthcare","subcategory":"clinic","osmType":"node","amenity":"clinic","healthcare":"clinic","phone":"01206666","name:latin":"'yada al-dktwr hsham 'wn"}},{"type":"Feature","id":11203453737,"geometry":{"type":"Point","coordinates":[44.1545707,15.404389400000001]},"properties":{"id":11203453737,"name":"عيادة شريان الطب","type":"clinic","category":"healthcare","subcategory":"clinic","osmType":"node","amenity":"clinic","healthcare":"clinic","name:latin":"'yada shryan al-tb"}},{"type":"Feature","id":11225222238,"geometry":{"type":"Point","coordinates":[44.2138561,15.282370000000002]},"properties":{"id":11225222238,"name":"خلدون للادوية","type":"pharmacy","category":"healthcare","subcategory":"pharmacy","osmType":"node","amenity":"pharmacy","name:latin":"khldwn lladwya"}},{"type":"Feature","id":11367283146,"geometry":{"type":"Point","coordinates":[44.2063203,15.386618300000002]},"properties":{"id":11367283146,"name":"المركز الحديث لطب الأسنان","type":"dentist","category":"healthcare","subcategory":"dentist","osmType":"node","addr:city":"صنعاء","addr:street":"شارع مازدا","amenity":"dentist","healthcare":"dentist","name:latin":"al-mrkz al-hdyth ltb al-asnan"}},{"type":"Feature","id":11385229743,"geometry":{"type":"Point","coordinates":[44.2075612,15.387526700000002]},"properties":{"id":11385229743,"name":"صيدلية روسيا المركزية","type":"pharmacy","category":"healthcare","subcategory":"pharmacy","osmType":"node","addr:city":"صنعاء","addr:street":"شارع التلفزيون","amenity":"pharmacy","healthcare":"pharmacy","name:latin":"sydlya rwsya al-mrkzya"}},{"type":"Feature","id":11518427471,"geometry":{"type":"Point","coordinates":[44.223688900000006,15.317247300000002]},"properties":{"id":11518427471,"name":"الصيدلية التونسية","type":"pharmacy","category":"healthcare","subcategory":"pharmacy","osmType":"node","addr:street":"شارع 16","amenity":"pharmacy","healthcare":"pharmacy","opening_hours":"Mo, Tu, Th-Su 09:00-12:59","phone":"771113443","name:latin":"al-sydlya al-twnsya"}},{"type":"Feature","id":11536322169,"geometry":{"type":"Point","coordinates":[44.1995846,15.330286000000001]},"properties":{"id":11536322169,"name":"مستشفى الشرطة العام","type":"clinic","category":"healthcare","subcategory":"clinic","osmType":"node","amenity":"clinic","name:latin":"mstshfa al-shrta al-'am"}},{"type":"Feature","id":11591950969,"geometry":{"type":"Point","coordinates":[44.2255022,15.284361900000002]},"properties":{"id":11591950969,"name":"مختبرات العولقي","type":"clinic","category":"healthcare","subcategory":"clinic","osmType":"node","addr:street":"الاصبحي","amenity":"clinic","name:latin":"mkhtbrat al-'wlqy"}},{"type":"Feature","id":11805903869,"geometry":{"type":"Point","coordinates":[44.189378100000006,15.3521733]},"properties":{"id":11805903869,"name":"الشوافي دنت لوازم طب الأسنان","type":"dentist","category":"healthcare","subcategory":"dentist","osmType":"node","addr:housenumber":"777952232","addr:postcode":"11556","amenity":"dentist","email":"waheebalshwafy@hotmail.com","internet_access":"wlan","phone":"775706022","website":"http://Alshwafy-dent.business.site/","name:latin":"al-shwafy dnt lwazm tb al-asnan"}},{"type":"Feature","id":11811669969,"geometry":{"type":"Point","coordinates":[44.1997276,15.345835000000001]},"properties":{"id":11811669969,"name":"عيادة زهره","type":"clinic","category":"healthcare","subcategory":"clinic","osmType":"node","addr:street":"شارع الزبيري","amenity":"clinic","email":"ameen96670@gmail.com","name:en":"Zahra Clinic","opening_hours":"Fr-We 00:00-24:00; Th 01:00-09:00","phone":"775544554","website":"https://maps.app.goo.gl/1CSB88uTX13gBs3c6"}},{"type":"Feature","id":11812037072,"geometry":{"type":"Point","coordinates":[44.16146620000001,15.341998000000002]},"properties":{"id":11812037072,"name":"صيدلية الدكتور جميل العامري","type":"pharmacy","category":"healthcare","subcategory":"pharmacy","osmType":"node","amenity":"pharmacy","healthcare":"pharmacy","name:latin":"sydlya al-dktwr jmyl al-'amry"}},{"type":"Feature","id":11878889369,"geometry":{"type":"Point","coordinates":[44.1968766,15.351033900000001]},"properties":{"id":11878889369,"name":"","type":"doctors","category":"healthcare","subcategory":"clinic","osmType":"node","amenity":"doctors"}},{"type":"Feature","id":11913608569,"geometry":{"type":"Point","coordinates":[44.2088789,15.285229000000001]},"properties":{"id":11913608569,"name":"مختبرات العولقي فرع الخمسين","type":"laboratory","category":"healthcare","subcategory":"other","osmType":"node","healthcare":"laboratory","name:en":"Al-Awlaqi labs 50th Street branch"}},{"type":"Feature","id":12056891745,"geometry":{"type":"Point","coordinates":[44.2450411,15.370653400000002]},"properties":{"id":12056891745,"name":"عيادة ابتسامي لطب الاسنان","type":"dentist","category":"healthcare","subcategory":"dentist","osmType":"node","addr:city":"صنعاء","addr:street":"شارع الأربعين","amenity":"dentist","healthcare":"dentist","name:latin":"'yada abtsamy ltb al-asnan"}},{"type":"Feature","id":12056913078,"geometry":{"type":"Point","coordinates":[44.2450241,15.369718700000002]},"properties":{"id":12056913078,"name":"صيدلية أمانة العاصمة","type":"pharmacy","category":"healthcare","subcategory":"pharmacy","osmType":"node","addr:city":"صنعاء","addr:street":"شارع الأربعين","amenity":"pharmacy","healthcare":"pharmacy","name:latin":"sydlya amana al-'asma"}},{"type":"Feature","id":12056913079,"geometry":{"type":"Point","coordinates":[44.24565020000001,15.3698253]},"properties":{"id":12056913079,"name":"مختبرات جمال الطبية","type":"laboratory","category":"healthcare","subcategory":"other","osmType":"node","healthcare":"laboratory","name:latin":"mkhtbrat jmal al-tbya"}},{"type":"Feature","id":12056913082,"geometry":{"type":"Point","coordinates":[44.245960100000005,15.369177600000002]},"properties":{"id":12056913082,"name":"عيادة دار الشفاء الطبية","type":"clinic","category":"healthcare","subcategory":"clinic","osmType":"node","amenity":"clinic","healthcare":"clinic","name:latin":"'yada dar al-shfa' al-tbya"}},{"type":"Feature","id":12056913099,"geometry":{"type":"Point","coordinates":[44.246549300000005,15.371242400000002]},"properties":{"id":12056913099,"name":"صيدلية سعوان الحديثة","type":"pharmacy","category":"healthcare","subcategory":"pharmacy","osmType":"node","addr:city":"صنعاء","addr:street":"شارع الأربعين","amenity":"pharmacy","healthcare":"pharmacy","name:latin":"sydlya s'wan al-hdytha"}},{"type":"Feature","id":12057719632,"geometry":{"type":"Point","coordinates":[44.244207,15.3842142]},"properties":{"id":12057719632,"name":"صيدلية الأمراء","type":"pharmacy","category":"healthcare","subcategory":"pharmacy","osmType":"node","addr:city":"مدينة صنعاء","addr:street":"شارع الأربعين","amenity":"pharmacy","healthcare":"pharmacy","opening_hours":"24/7","name:latin":"sydlya al-amra'"}},{"type":"Feature","id":12192411831,"geometry":{"type":"Point","coordinates":[44.2036882,15.525583200000002]},"properties":{"id":12192411831,"name":"مركز بيت حنظل الصحي","type":"clinic","category":"healthcare","subcategory":"clinic","osmType":"node","amenity":"clinic","name:latin":"mrkz byt hnzl al-shy"}},{"type":"Feature","id":12299723947,"geometry":{"type":"Point","coordinates":[44.2088218,15.285293500000002]},"properties":{"id":12299723947,"name":"عيادة الدكتور أحمد الرحبي","type":"clinic","category":"healthcare","subcategory":"clinic","osmType":"node","amenity":"clinic","opening_hours":"Mo-Su 09:00-21:00","phone":"773348495","name:latin":"'yada al-dktwr ahmd al-rhby"}},{"type":"Feature","id":12299761960,"geometry":{"type":"Point","coordinates":[44.240177100000004,15.2867747]},"properties":{"id":12299761960,"name":"مستشفى اليمن السعيد","type":"hospital","category":"healthcare","subcategory":"hospital","osmType":"node","addr:city":"صنعاء","addr:street":"شارع الحربي","amenity":"hospital","healthcare":"hospital","name:latin":"mstshfa al-ymn al-s'yd"}},{"type":"Feature","id":12349645818,"geometry":{"type":"Point","coordinates":[44.2283922,15.447606300000002]},"properties":{"id":12349645818,"name":"عيادة الدكتورة إيناس العريقي أخصائية نساءوولادةوعقم","type":"hospital","category":"healthcare","subcategory":"hospital","osmType":"node","addr:city":"صنعاء","addr:street":"شارع مصعب بن عمير - الخط الجديد","amenity":"hospital","healthcare":"hospital","healthcare:speciality":"gynaecology;clinical_pathology","mobile":"+967776666566","operator:type":"private","name:latin":"'yada al-dktwra iynas al-'ryqy akhsa'ya nsa'wwladaw'qm"}},{"type":"Feature","id":12381741532,"geometry":{"type":"Point","coordinates":[44.1906466,15.400444300000002]},"properties":{"id":12381741532,"name":"عيادة بلسم شفاء","type":"clinic","category":"healthcare","subcategory":"clinic","osmType":"node","amenity":"clinic","healthcare":"clinic","name:latin":"'yada blsm shfa'"}},{"type":"Feature","id":12403304133,"geometry":{"type":"Point","coordinates":[44.2451304,15.372303900000002]},"properties":{"id":12403304133,"name":"عيادة الأبرار","type":"clinic","category":"healthcare","subcategory":"clinic","osmType":"node","addr:city":"صنعاء","addr:street":"شارع الأربعين","amenity":"clinic","healthcare":"clinic","name:latin":"'yada al-abrar"}},{"type":"Feature","id":12403304141,"geometry":{"type":"Point","coordinates":[44.246710400000005,15.371297400000001]},"properties":{"id":12403304141,"name":"مركز الدكتور عبدالحفيظ الصلوي الطبي","type":"clinic","category":"healthcare","subcategory":"clinic","osmType":"node","addr:city":"صنعاء","addr:street":"شارع الأربعين","amenity":"clinic","healthcare":"clinic","name:latin":"mrkz al-dktwr 'bdalhfyz al-slwy al-tby"}},{"type":"Feature","id":12403304142,"geometry":{"type":"Point","coordinates":[44.2466365,15.371270100000002]},"properties":{"id":12403304142,"name":"صيدلية الصلوي","type":"pharmacy","category":"healthcare","subcategory":"pharmacy","osmType":"node","addr:city":"صنعاء","addr:street":"شارع الأربعين","amenity":"pharmacy","healthcare":"pharmacy","name:latin":"sydlya al-slwy"}},{"type":"Feature","id":12403304143,"geometry":{"type":"Point","coordinates":[44.246751100000004,15.371342600000002]},"properties":{"id":12403304143,"name":"مختبرات العولقي التخصصية","type":"laboratory","category":"healthcare","subcategory":"other","osmType":"node","addr:city":"صنعاء","addr:street":"شارع الأربعين","healthcare":"laboratory","name:latin":"mkhtbrat al-'wlqy al-tkhssya"}},{"type":"Feature","id":12403304158,"geometry":{"type":"Point","coordinates":[44.2444533,15.376044300000002]},"properties":{"id":12403304158,"name":"صيدلية الأربعين","type":"pharmacy","category":"healthcare","subcategory":"pharmacy","osmType":"node","addr:city":"صنعاء","addr:street":"شارع الأربعين","amenity":"pharmacy","healthcare":"pharmacy","name:latin":"sydlya al-arb'yn"}},{"type":"Feature","id":12403304170,"geometry":{"type":"Point","coordinates":[44.2442374,15.379807900000001]},"properties":{"id":12403304170,"name":"صيدلية الأربعين","type":"pharmacy","category":"healthcare","subcategory":"pharmacy","osmType":"node","addr:city":"صنعاء","addr:street":"شارع الأربعين","amenity":"pharmacy","healthcare":"pharmacy","name:latin":"sydlya al-arb'yn"}},{"type":"Feature","id":12403309183,"geometry":{"type":"Point","coordinates":[44.2442501,15.3841344]},"properties":{"id":12403309183,"name":"مستشفى النبلاء الحديث","type":"hospital","category":"healthcare","subcategory":"hospital","osmType":"node","addr:city":"مدينة صنعاء","addr:street":"شارع الأربعين","amenity":"hospital","emergency":"yes","healthcare":"hospital","name:latin":"mstshfa al-nbla' al-hdyth"}},{"type":"Feature","id":12403309188,"geometry":{"type":"Point","coordinates":[44.244159800000006,15.3861623]},"properties":{"id":12403309188,"name":"مركز الشفاء الطبي التخصصي","type":"clinic","category":"healthcare","subcategory":"clinic","osmType":"node","addr:city":"مدينة صنعاء","addr:street":"شارع الأربعين","amenity":"clinic","healthcare":"clinic","name:latin":"mrkz al-shfa' al-tby al-tkhssy"}},{"type":"Feature","id":12407562076,"geometry":{"type":"Point","coordinates":[44.17399700000001,15.3354984]},"properties":{"id":12407562076,"name":"صيدلية الأنوار الحديثة","type":"pharmacy","category":"healthcare","subcategory":"pharmacy","osmType":"node","addr:city":"صنعاء","addr:street":"شارع الستين","amenity":"pharmacy","healthcare":"pharmacy","name:latin":"sydlya al-anwar al-hdytha"}},{"type":"Feature","id":12407562087,"geometry":{"type":"Point","coordinates":[44.17655980000001,15.3363551]},"properties":{"id":12407562087,"name":"مستشفى الرسالة للطب النفسي وعلاج الإدمان","type":"hospital","category":"healthcare","subcategory":"hospital","osmType":"node","amenity":"hospital","healthcare":"hospital","name:latin":"mstshfa al-rsala lltb al-nfsy w'laj al-idman"}},{"type":"Feature","id":12407562096,"geometry":{"type":"Point","coordinates":[44.180059500000006,15.339193100000001]},"properties":{"id":12407562096,"name":"صيدلية الشام","type":"pharmacy","category":"healthcare","subcategory":"pharmacy","osmType":"node","addr:city":"صنعاء","addr:street":"شارع المحروقات","amenity":"pharmacy","healthcare":"pharmacy","name:latin":"sydlya al-sham"}},{"type":"Feature","id":12407644015,"geometry":{"type":"Point","coordinates":[44.18814510000001,15.343570500000002]},"properties":{"id":12407644015,"name":"مسشفى مغربي للعيون","type":"hospital","category":"healthcare","subcategory":"hospital","osmType":"node","addr:city":"صنعاء","addr:street":"شارع الزبيري","amenity":"hospital","healthcare":"hospital","healthcare:speciality":"ophthalmology","name:latin":"msshfa mghrby ll'ywn"}},{"type":"Feature","id":12407644017,"geometry":{"type":"Point","coordinates":[44.1875816,15.342744600000001]},"properties":{"id":12407644017,"name":"صيدلية أبو وسام الحديثة","type":"pharmacy","category":"healthcare","subcategory":"pharmacy","osmType":"node","addr:city":"صنعاء","addr:street":"شارع الزبيري","amenity":"pharmacy","healthcare":"pharmacy","name:latin":"sydlya abw wsam al-hdytha"}},{"type":"Feature","id":12408167750,"geometry":{"type":"Point","coordinates":[44.1734103,15.340149900000002]},"properties":{"id":12408167750,"name":"صيدلية جمجوم 4","type":"pharmacy","category":"healthcare","subcategory":"pharmacy","osmType":"node","addr:city":"صنعاء","addr:street":"شارع الزبيري","amenity":"pharmacy","healthcare":"pharmacy","name:latin":"sydlya jmjwm 4"}},{"type":"Feature","id":12408199449,"geometry":{"type":"Point","coordinates":[44.17339440000001,15.340056400000002]},"properties":{"id":12408199449,"name":"صيدلية عالم الجمال","type":"pharmacy","category":"healthcare","subcategory":"pharmacy","osmType":"node","addr:city":"صنعاء","addr:street":"شارع الزبيري","amenity":"pharmacy","healthcare":"pharmacy","name:latin":"sydlya 'alm al-jmal"}},{"type":"Feature","id":12408209510,"geometry":{"type":"Point","coordinates":[44.1734164,15.340345100000002]},"properties":{"id":12408209510,"name":"صيدلية فريسيا","type":"pharmacy","category":"healthcare","subcategory":"pharmacy","osmType":"node","addr:city":"صنعاء","addr:street":"شارع الزبيري","amenity":"pharmacy","healthcare":"pharmacy","name:latin":"sydlya frysya"}},{"type":"Feature","id":12409058826,"geometry":{"type":"Point","coordinates":[44.19936980000001,15.326987500000001]},"properties":{"id":12409058826,"name":"المركز التخصصي لأمراض القلب والقسطرة","type":"clinic","category":"healthcare","subcategory":"clinic","osmType":"node","amenity":"clinic","healthcare":"clinic","operator":"الدكتور عاصم البصلاني","name:latin":"al-mrkz al-tkhssy lamrad al-qlb walqstra"}},{"type":"Feature","id":12409058832,"geometry":{"type":"Point","coordinates":[44.198587800000006,15.327418200000002]},"properties":{"id":12409058832,"name":"صيدلية قمة الخبراء","type":"pharmacy","category":"healthcare","subcategory":"pharmacy","osmType":"node","addr:city":"صنعاء","addr:street":"شارع جيبوتي","amenity":"pharmacy","healthcare":"pharmacy","name:latin":"sydlya qma al-khbra'"}},{"type":"Feature","id":12409058837,"geometry":{"type":"Point","coordinates":[44.188370400000004,15.327880600000002]},"properties":{"id":12409058837,"name":"مركز القلب الطبي","type":"hospital","category":"healthcare","subcategory":"hospital","osmType":"node","addr:city":"صنعاء","addr:street":"شارع الستين","amenity":"hospital","healthcare":"hospital","name:latin":"mrkz al-qlb al-tby"}},{"type":"Feature","id":12409058841,"geometry":{"type":"Point","coordinates":[44.188439200000005,15.328594700000002]},"properties":{"id":12409058841,"name":"د/ريم الحاج","type":"dentist","category":"healthcare","subcategory":"dentist","osmType":"node","addr:city":"صنعاء","addr:street":"شارع عمان","amenity":"dentist","healthcare":"dentist","name:latin":"d/rym al-haj"}},{"type":"Feature","id":12409058842,"geometry":{"type":"Point","coordinates":[44.1881768,15.328639800000001]},"properties":{"id":12409058842,"name":"صيدلية الرعاية","type":"pharmacy","category":"healthcare","subcategory":"pharmacy","osmType":"node","addr:city":"صنعاء","addr:street":"شارع عمان","amenity":"pharmacy","healthcare":"pharmacy","name:latin":"sydlya al-r'aya"}},{"type":"Feature","id":12409058844,"geometry":{"type":"Point","coordinates":[44.18850380000001,15.329275100000002]},"properties":{"id":12409058844,"name":"صيدلية المهن الطبية","type":"pharmacy","category":"healthcare","subcategory":"pharmacy","osmType":"node","addr:city":"صنعاء","addr:street":"شارع عمان","amenity":"pharmacy","healthcare":"pharmacy","name:latin":"sydlya al-mhn al-tbya"}},{"type":"Feature","id":12409058847,"geometry":{"type":"Point","coordinates":[44.1885661,15.331220100000001]},"properties":{"id":12409058847,"name":"صيدلية جهاد فارما","type":"pharmacy","category":"healthcare","subcategory":"pharmacy","osmType":"node","addr:city":"صنعاء","addr:street":"شارع عمان","amenity":"pharmacy","healthcare":"pharmacy","name:latin":"sydlya jhad farma"}},{"type":"Feature","id":12409058857,"geometry":{"type":"Point","coordinates":[44.1893418,15.335309900000002]},"properties":{"id":12409058857,"name":"صيدلية وصفتك المركزية","type":"pharmacy","category":"healthcare","subcategory":"pharmacy","osmType":"node","addr:city":"مدينة صنعاء","addr:street":"شارع الجزائر","amenity":"pharmacy","healthcare":"pharmacy","name:latin":"sydlya wsftk al-mrkzya"}},{"type":"Feature","id":12409058859,"geometry":{"type":"Point","coordinates":[44.1893752,15.3356919]},"properties":{"id":12409058859,"name":"صيدلية الشروق 10","type":"pharmacy","category":"healthcare","subcategory":"pharmacy","osmType":"node","addr:city":"مدينة صنعاء","addr:street":"شارع عمان","amenity":"pharmacy","healthcare":"pharmacy","name:latin":"sydlya al-shrwq 10"}},{"type":"Feature","id":12409058860,"geometry":{"type":"Point","coordinates":[44.1893929,15.335791600000002]},"properties":{"id":12409058860,"name":"المركز الاستشاري المجري السلوفاكي","type":"clinic","category":"healthcare","subcategory":"clinic","osmType":"node","addr:city":"مدينة صنعاء","addr:street":"شارع عمان","amenity":"clinic","healthcare":"clinic","name:latin":"al-mrkz al-astshary al-mjry al-slwfaky"}},{"type":"Feature","id":12409058863,"geometry":{"type":"Point","coordinates":[44.189655200000004,15.336931100000001]},"properties":{"id":12409058863,"name":"صيدلية العرشي","type":"pharmacy","category":"healthcare","subcategory":"pharmacy","osmType":"node","addr:city":"صنعاء","addr:street":"شارع عمان","amenity":"pharmacy","healthcare":"pharmacy","name:latin":"sydlya al-'rshy"}},{"type":"Feature","id":12409058879,"geometry":{"type":"Point","coordinates":[44.184359900000004,15.336338200000002]},"properties":{"id":12409058879,"name":"صيدلية الأوائل","type":"pharmacy","category":"healthcare","subcategory":"pharmacy","osmType":"node","addr:city":"صنعاء","addr:street":"شارع بغداد","amenity":"pharmacy","healthcare":"pharmacy","name:latin":"sydlya al-awa'l"}},{"type":"Feature","id":12409058880,"geometry":{"type":"Point","coordinates":[44.184116700000004,15.336343900000001]},"properties":{"id":12409058880,"name":"صيدلية البشاري","type":"pharmacy","category":"healthcare","subcategory":"pharmacy","osmType":"node","addr:city":"صنعاء","addr:street":"شارع بغداد","amenity":"pharmacy","healthcare":"pharmacy","name:latin":"sydlya al-bshary"}},{"type":"Feature","id":12409058881,"geometry":{"type":"Point","coordinates":[44.183844300000004,15.336450800000001]},"properties":{"id":12409058881,"name":"الصيدلية التخصصية فارما 1","type":"pharmacy","category":"healthcare","subcategory":"pharmacy","osmType":"node","addr:city":"صنعاء","addr:street":"شارع بغداد","amenity":"pharmacy","healthcare":"pharmacy","name:latin":"al-sydlya al-tkhssya farma 1"}},{"type":"Feature","id":12409058884,"geometry":{"type":"Point","coordinates":[44.1844162,15.3365138]},"properties":{"id":12409058884,"name":"صيدلية ابن حيان 8","type":"pharmacy","category":"healthcare","subcategory":"pharmacy","osmType":"node","addr:city":"صنعاء","addr:street":"شارع بغداد","amenity":"pharmacy","healthcare":"pharmacy","name:latin":"sydlya abn hyan 8"}},{"type":"Feature","id":12420460520,"geometry":{"type":"Point","coordinates":[44.219921600000006,15.281086100000001]},"properties":{"id":12420460520,"name":"صيدلية الغزالي","type":"pharmacy","category":"healthcare","subcategory":"pharmacy","osmType":"node","addr:street":"شارع الأربعين","amenity":"pharmacy","healthcare":"pharmacy","name:latin":"sydlya al-ghzaly"}},{"type":"Feature","id":12420497873,"geometry":{"type":"Point","coordinates":[44.2342609,15.285731600000002]},"properties":{"id":12420497873,"name":"صيدلية الغزالي","type":"pharmacy","category":"healthcare","subcategory":"pharmacy","osmType":"node","addr:city":"صنعاء","addr:street":"شارع الحربي","amenity":"pharmacy","healthcare":"pharmacy","name:latin":"sydlya al-ghzaly"}},{"type":"Feature","id":12465125101,"geometry":{"type":"Point","coordinates":[44.2075247,15.388078300000002]},"properties":{"id":12465125101,"name":"مركز نور الحياة","type":"clinic","category":"healthcare","subcategory":"clinic","osmType":"node","addr:housenumber":"777880255","addr:postcode":"00967","addr:street":"شارع عمران امام سوق الرشيد","amenity":"clinic","healthcare":"clinic","name:en":"Nour Al Hayat Center","phone":"777880255","website":"http://norbee@gmail.com"}},{"type":"Feature","id":12466189202,"geometry":{"type":"Point","coordinates":[44.197731000000005,15.369606800000001]},"properties":{"id":12466189202,"name":"مركز الدكتور سليم خيلة التخصصي","type":"hospital","category":"healthcare","subcategory":"hospital","osmType":"node","addr:street":"شارع القاهرة","amenity":"hospital","contact:facebook":"@SALEEMKHAILAH","description":"لأمراض ومناظير الكبد والجهاز الهضمي والقنوات المرارية","email":"saleemkhailah3@gmail.com","healthcare":"hospital","mobile":"773664263 - 775994994","opening_hours":"Mo-Su 07:00-21:00","name:latin":"mrkz al-dktwr slym khyla al-tkhssy"}},{"type":"Feature","id":12511753501,"geometry":{"type":"Point","coordinates":[44.199074200000005,15.311336500000001]},"properties":{"id":12511753501,"name":"مركز طب العائلة","type":"hospital","category":"healthcare","subcategory":"hospital","osmType":"node","addr:street":"شارع توتال المتفرع من شارع حدة فتحة نايس وير","amenity":"hospital","name:latin":"mrkz tb al-'a'la"}},{"type":"Feature","id":12538695265,"geometry":{"type":"Point","coordinates":[44.196885300000005,15.306437]},"properties":{"id":12538695265,"name":"صيدلية الوليد فارما","type":"pharmacy","category":"healthcare","subcategory":"pharmacy","osmType":"node","addr:city":"صنعاء","addr:street":"شارع بيروت","amenity":"pharmacy","healthcare":"pharmacy","name:latin":"sydlya al-wlyd farma"}},{"type":"Feature","id":12538695278,"geometry":{"type":"Point","coordinates":[44.200990100000006,15.304303800000001]},"properties":{"id":12538695278,"name":"صيدلية النهدي المركزية","type":"pharmacy","category":"healthcare","subcategory":"pharmacy","osmType":"node","addr:city":"صنعاء","addr:street":"شارع 14 أكتوبر","amenity":"pharmacy","branch":"المركزية","healthcare":"pharmacy","not:brand:wikidata":"Q98582564","name:latin":"sydlya al-nhdy al-mrkzya"}},{"type":"Feature","id":12538695284,"geometry":{"type":"Point","coordinates":[44.198546300000004,15.305290300000001]},"properties":{"id":12538695284,"name":"صيدلية الرشيد","type":"pharmacy","category":"healthcare","subcategory":"pharmacy","osmType":"node","addr:city":"صنعاء","addr:street":"شارع بيروت","amenity":"pharmacy","healthcare":"pharmacy","name:latin":"sydlya al-rshyd"}},{"type":"Feature","id":12538695289,"geometry":{"type":"Point","coordinates":[44.199646400000006,15.305091100000002]},"properties":{"id":12538695289,"name":"صيدلية الأنهار","type":"pharmacy","category":"healthcare","subcategory":"pharmacy","osmType":"node","addr:city":"صنعاء","addr:street":"شارع بيروت","amenity":"pharmacy","healthcare":"pharmacy","name:latin":"sydlya al-anhar"}},{"type":"Feature","id":12559596101,"geometry":{"type":"Point","coordinates":[44.198999400000005,15.3401907]},"properties":{"id":12559596101,"name":"صيدلية الصحة أولا","type":"pharmacy","category":"healthcare","subcategory":"pharmacy","osmType":"node","addr:city":"صنعاء","addr:street":"شارع حدة","amenity":"pharmacy","healthcare":"pharmacy","name:latin":"sydlya al-sha awla"}},{"type":"Feature","id":12559596102,"geometry":{"type":"Point","coordinates":[44.19866150000001,15.340183500000002]},"properties":{"id":12559596102,"name":"مركز الخبرات التخصصي لزراعة وتقويم الاسنان - عبد الكريم السهيلي","type":"dentist","category":"healthcare","subcategory":"dentist","osmType":"node","addr:city":"صنعاء","addr:street":"شارع حدة","amenity":"dentist","healthcare":"dentist","name:latin":"mrkz al-khbrat al-tkhssy lzra'a wtqwym al-asnan - 'bd al-krym al-shyly"}},{"type":"Feature","id":12559596105,"geometry":{"type":"Point","coordinates":[44.197510300000005,15.345125000000001]},"properties":{"id":12559596105,"name":"مركز دمشق لطب الاسنان","type":"dentist","category":"healthcare","subcategory":"dentist","osmType":"node","addr:city":"صنعاء","addr:street":"شارع الزبيري","amenity":"dentist","healthcare":"dentist","name:latin":"mrkz dmshq ltb al-asnan"}},{"type":"Feature","id":12559596106,"geometry":{"type":"Point","coordinates":[44.1972335,15.344754600000002]},"properties":{"id":12559596106,"name":"عيادة الدكتورة إيمان عبدالله العزيزي","type":"clinic","category":"healthcare","subcategory":"clinic","osmType":"node","amenity":"clinic","healthcare":"clinic","name:latin":"'yada al-dktwra iyman 'bdallh al-'zyzy"}},{"type":"Feature","id":12559596107,"geometry":{"type":"Point","coordinates":[44.1971616,15.3447691]},"properties":{"id":12559596107,"name":"مختبرات ميكروهيلث التخصصي","type":"laboratory","category":"healthcare","subcategory":"other","osmType":"node","addr:city":"صنعاء","addr:street":"شارع الزبيري","healthcare":"laboratory","name:latin":"mkhtbrat mykrwhylth al-tkhssy"}},{"type":"Feature","id":12559596108,"geometry":{"type":"Point","coordinates":[44.1954507,15.345032500000002]},"properties":{"id":12559596108,"name":"الصيدلية الوطنية المستشفى الجمهوري","type":"pharmacy","category":"healthcare","subcategory":"pharmacy","osmType":"node","addr:city":"صنعاء","addr:street":"شارع الزبيري","amenity":"pharmacy","healthcare":"pharmacy","name:latin":"al-sydlya al-wtnya al-mstshfa al-jmhwry"}},{"type":"Feature","id":12559596109,"geometry":{"type":"Point","coordinates":[44.195089700000004,15.344491900000001]},"properties":{"id":12559596109,"name":"صيدلية مصر المركزية","type":"pharmacy","category":"healthcare","subcategory":"pharmacy","osmType":"node","addr:city":"صنعاء","addr:street":"شارع الزبيري","amenity":"pharmacy","healthcare":"pharmacy","name:latin":"sydlya msr al-mrkzya"}},{"type":"Feature","id":12559596110,"geometry":{"type":"Point","coordinates":[44.195033,15.344485]},"properties":{"id":12559596110,"name":"الصيدلية المتكاملة","type":"pharmacy","category":"healthcare","subcategory":"pharmacy","osmType":"node","addr:city":"صنعاء","addr:street":"شارع الزبيري","amenity":"pharmacy","healthcare":"pharmacy","name:latin":"al-sydlya al-mtkamla"}},{"type":"Feature","id":12559596111,"geometry":{"type":"Point","coordinates":[44.194806500000006,15.344459100000002]},"properties":{"id":12559596111,"name":"عالم الصيدلة 8","type":"pharmacy","category":"healthcare","subcategory":"pharmacy","osmType":"node","addr:city":"صنعاء","addr:street":"شارع الزبيري","amenity":"pharmacy","healthcare":"pharmacy","name:latin":"'alm al-sydla 8"}},{"type":"Feature","id":12559596112,"geometry":{"type":"Point","coordinates":[44.19504010000001,15.344333500000001]},"properties":{"id":12559596112,"name":"صيدلية الربيع","type":"pharmacy","category":"healthcare","subcategory":"pharmacy","osmType":"node","addr:city":"صنعاء","addr:street":"شارع الزبيري","amenity":"pharmacy","healthcare":"pharmacy","name:latin":"sydlya al-rby'"}},{"type":"Feature","id":12559596113,"geometry":{"type":"Point","coordinates":[44.19489,15.344130100000001]},"properties":{"id":12559596113,"name":"صيدلية يشفين","type":"pharmacy","category":"healthcare","subcategory":"pharmacy","osmType":"node","addr:city":"صنعاء","addr:street":"شارع الزبيري","amenity":"pharmacy","healthcare":"pharmacy","name:latin":"sydlya yshfyn"}},{"type":"Feature","id":12559596114,"geometry":{"type":"Point","coordinates":[44.194861700000004,15.344201100000001]},"properties":{"id":12559596114,"name":"د.أنور الرجوي العيادة الاستشارية لتشخيص وعلاج الأورام والكشف المبكر","type":"clinic","category":"healthcare","subcategory":"clinic","osmType":"node","addr:city":"صنعاء","addr:street":"شارع الزبيري","amenity":"clinic","healthcare":"clinic","name:latin":"d.anwr al-rjwy al-'yada al-astsharya ltshkhys w'laj al-awram walkshf al-mbkr"}},{"type":"Feature","id":12559596116,"geometry":{"type":"Point","coordinates":[44.194250200000006,15.344349500000002]},"properties":{"id":12559596116,"name":"صيدلية اليمن السعيد 9","type":"pharmacy","category":"healthcare","subcategory":"pharmacy","osmType":"node","addr:city":"صنعاء","addr:street":"شارع الزبيري","amenity":"pharmacy","healthcare":"pharmacy","name:latin":"sydlya al-ymn al-s'yd 9"}},{"type":"Feature","id":12559596117,"geometry":{"type":"Point","coordinates":[44.1942682,15.344862800000001]},"properties":{"id":12559596117,"name":"المنار CT Scan","type":"doctors","category":"healthcare","subcategory":"clinic","osmType":"node","addr:city":"صنعاء","addr:street":"شارع الزبيري","amenity":"doctors","healthcare":"doctor","healthcare:speciality":"radiology"}},{"type":"Feature","id":12559596118,"geometry":{"type":"Point","coordinates":[44.1942972,15.344836100000002]},"properties":{"id":12559596118,"name":"د.أحمد الربيدي - باطنية قلب","type":"clinic","category":"healthcare","subcategory":"clinic","osmType":"node","addr:city":"صنعاء","addr:street":"شارع الزبيري","amenity":"clinic","healthcare":"clinic","name:latin":"d.ahmd al-rbydy - batnya qlb"}},{"type":"Feature","id":12559596119,"geometry":{"type":"Point","coordinates":[44.194315100000004,15.3447624]},"properties":{"id":12559596119,"name":"عياده الاستاذ الدكتور وهيب ردمان القباطي","type":"clinic","category":"healthcare","subcategory":"clinic","osmType":"node","addr:city":"صنعاء","addr:street":"شارع الزبيري","amenity":"clinic","description":"استشاري أول جراحة عامة وجراحة القولون والمستقيم والشرج","healthcare":"clinic","name:latin":"'yadh al-astadh al-dktwr whyb rdman al-qbaty"}},{"type":"Feature","id":12559596120,"geometry":{"type":"Point","coordinates":[44.194357000000004,15.344698800000002]},"properties":{"id":12559596120,"name":"صيدلية أوسان فارما","type":"pharmacy","category":"healthcare","subcategory":"pharmacy","osmType":"node","addr:city":"صنعاء","addr:street":"شارع الزبيري","amenity":"pharmacy","healthcare":"pharmacy","name:latin":"sydlya awsan farma"}},{"type":"Feature","id":12559596121,"geometry":{"type":"Point","coordinates":[44.194206,15.344676800000002]},"properties":{"id":12559596121,"name":"صيدلية أكاسيا","type":"pharmacy","category":"healthcare","subcategory":"pharmacy","osmType":"node","addr:city":"صنعاء","addr:street":"شارع الزبيري","amenity":"pharmacy","healthcare":"pharmacy","name:latin":"sydlya akasya"}},{"type":"Feature","id":12559596122,"geometry":{"type":"Point","coordinates":[44.194091400000005,15.344661600000002]},"properties":{"id":12559596122,"name":"صيدلية التعاون فارما","type":"pharmacy","category":"healthcare","subcategory":"pharmacy","osmType":"node","addr:city":"صنعاء","addr:street":"شارع الزبيري","amenity":"pharmacy","healthcare":"pharmacy","name:latin":"sydlya al-t'awn farma"}},{"type":"Feature","id":12559596123,"geometry":{"type":"Point","coordinates":[44.1953711,15.344511500000001]},"properties":{"id":12559596123,"name":"صيدلية سيف الراجعي","type":"pharmacy","category":"healthcare","subcategory":"pharmacy","osmType":"node","addr:city":"صنعاء","addr:street":"شارع الزبيري","amenity":"pharmacy","healthcare":"pharmacy","name:latin":"sydlya syf al-raj'y"}},{"type":"Feature","id":12559596124,"geometry":{"type":"Point","coordinates":[44.1954435,15.3439241]},"properties":{"id":12559596124,"name":"صيدليات ابن حيان - الإدارة العامة","type":"pharmacy","category":"healthcare","subcategory":"pharmacy","osmType":"node","addr:city":"صنعاء","addr:street":"شارع الزبيري","amenity":"pharmacy","healthcare":"pharmacy","name:latin":"sydlyat abn hyan - al-idara al-'ama"}},{"type":"Feature","id":12559596126,"geometry":{"type":"Point","coordinates":[44.196493600000004,15.343442900000001]},"properties":{"id":12559596126,"name":"الشروق للأدوية","type":"pharmacy","category":"healthcare","subcategory":"pharmacy","osmType":"node","addr:city":"صنعاء","addr:street":"شارع الزبيري","amenity":"pharmacy","healthcare":"pharmacy","name:latin":"al-shrwq lladwya"}},{"type":"Feature","id":12559596128,"geometry":{"type":"Point","coordinates":[44.196932600000004,15.3434018]},"properties":{"id":12559596128,"name":"عياده الدكتور محمد أحمد بامشموس","type":"clinic","category":"healthcare","subcategory":"clinic","osmType":"node","addr:city":"صنعاء","addr:street":"شارع حدة","amenity":"clinic","healthcare":"clinic","name:latin":"'yadh al-dktwr mhmd ahmd bamshmws"}},{"type":"Feature","id":12559596138,"geometry":{"type":"Point","coordinates":[44.19823890000001,15.343617600000002]},"properties":{"id":12559596138,"name":"صيدلية عادل","type":"pharmacy","category":"healthcare","subcategory":"pharmacy","osmType":"node","addr:city":"صنعاء","addr:street":"شارع حدة","amenity":"pharmacy","healthcare":"pharmacy","name:latin":"sydlya 'adl"}},{"type":"Feature","id":12559596140,"geometry":{"type":"Point","coordinates":[44.197870800000004,15.3437432]},"properties":{"id":12559596140,"name":"صيدلية نور عمر للأدوية والمستلزمات الطبية والتجميلية","type":"pharmacy","category":"healthcare","subcategory":"pharmacy","osmType":"node","addr:city":"صنعاء","addr:street":"شارع حدة","amenity":"pharmacy","healthcare":"pharmacy","name:latin":"sydlya nwr 'mr lladwya walmstlzmat al-tbya waltjmylya"}},{"type":"Feature","id":12559596142,"geometry":{"type":"Point","coordinates":[44.198013800000005,15.343209400000001]},"properties":{"id":12559596142,"name":"مستشفى الوسام الدولي","type":"hospital","category":"healthcare","subcategory":"hospital","osmType":"node","addr:city":"صنعاء","addr:street":"شارع حدة","amenity":"hospital","healthcare":"hospital","name:latin":"mstshfa al-wsam al-dwly"}},{"type":"Feature","id":12559596143,"geometry":{"type":"Point","coordinates":[44.198061900000006,15.343082500000001]},"properties":{"id":12559596143,"name":"عالم الصيدلة - الإدارة العامة","type":"pharmacy","category":"healthcare","subcategory":"pharmacy","osmType":"node","addr:city":"صنعاء","addr:street":"شارع حدة","amenity":"pharmacy","healthcare":"pharmacy","name:latin":"'alm al-sydla - al-idara al-'ama"}},{"type":"Feature","id":12559596146,"geometry":{"type":"Point","coordinates":[44.19851070000001,15.342651100000001]},"properties":{"id":12559596146,"name":"بسمة أمل لطي الأسنان","type":"dentist","category":"healthcare","subcategory":"dentist","osmType":"node","addr:city":"صنعاء","addr:street":"شارع حدة","amenity":"dentist","healthcare":"dentist","name:latin":"bsma aml lty al-asnan"}},{"type":"Feature","id":12559596148,"geometry":{"type":"Point","coordinates":[44.1985985,15.342145900000002]},"properties":{"id":12559596148,"name":"صيدلية الثور 4","type":"pharmacy","category":"healthcare","subcategory":"pharmacy","osmType":"node","addr:city":"صنعاء","addr:street":"شارع حدة","amenity":"pharmacy","healthcare":"pharmacy","name:latin":"sydlya al-thwr 4"}},{"type":"Feature","id":12559596150,"geometry":{"type":"Point","coordinates":[44.198625400000005,15.342046300000002]},"properties":{"id":12559596150,"name":"صيدلية الجولان","type":"pharmacy","category":"healthcare","subcategory":"pharmacy","osmType":"node","addr:city":"صنعاء","addr:street":"شارع حدة","amenity":"pharmacy","healthcare":"pharmacy","name:latin":"sydlya al-jwlan"}},{"type":"Feature","id":12559596152,"geometry":{"type":"Point","coordinates":[44.1984003,15.3414128]},"properties":{"id":12559596152,"name":"زيركون هاوس دكتور فؤاد الفران","type":"dentist","category":"healthcare","subcategory":"dentist","osmType":"node","addr:city":"صنعاء","addr:street":"شارع حدة","amenity":"dentist","healthcare":"dentist","name:latin":"zyrkwn haws dktwr f'ad al-fran"}},{"type":"Feature","id":12559596153,"geometry":{"type":"Point","coordinates":[44.1987967,15.3413172]},"properties":{"id":12559596153,"name":"مركز الدكتور محمد سلام استشاري مخ وأعصاب","type":"clinic","category":"healthcare","subcategory":"clinic","osmType":"node","addr:city":"صنعاء","addr:street":"شارع حدة","amenity":"clinic","healthcare":"clinic","name:latin":"mrkz al-dktwr mhmd slam astshary mkh wa'sab"}},{"type":"Feature","id":12559596157,"geometry":{"type":"Point","coordinates":[44.1984951,15.341175200000002]},"properties":{"id":12559596157,"name":"مركز الدكتور عبدالقادر المجاهد للطب النفسي","type":"clinic","category":"healthcare","subcategory":"clinic","osmType":"node","addr:city":"صنعاء","addr:street":"شارع حدة","amenity":"clinic","healthcare":"clinic","name:latin":"mrkz al-dktwr 'bdalqadr al-mjahd lltb al-nfsy"}},{"type":"Feature","id":12559596160,"geometry":{"type":"Point","coordinates":[44.198863200000005,15.340601800000002]},"properties":{"id":12559596160,"name":"دكتور هاني","type":"dentist","category":"healthcare","subcategory":"dentist","osmType":"node","addr:city":"صنعاء","addr:street":"شارع حدة","amenity":"dentist","healthcare":"dentist","name:latin":"dktwr hany"}},{"type":"Feature","id":12559596164,"geometry":{"type":"Point","coordinates":[44.19968600000001,15.340414800000001]},"properties":{"id":12559596164,"name":"الدار الألمانية للعلاج الفيزيائي وإعادة التأهيل","type":"physiotherapist","category":"healthcare","subcategory":"other","osmType":"node","addr:city":"صنعاء","addr:street":"شارع حدة","healthcare":"physiotherapist","name:latin":"al-dar al-almanya ll'laj al-fyzya'y wi'ada al-tahyl"}},{"type":"Feature","id":12559596168,"geometry":{"type":"Point","coordinates":[44.198919200000006,15.339793300000002]},"properties":{"id":12559596168,"name":"صيدلية تاج الدين","type":"pharmacy","category":"healthcare","subcategory":"pharmacy","osmType":"node","addr:city":"صنعاء","addr:street":"شارع حدة","amenity":"pharmacy","healthcare":"pharmacy","name:latin":"sydlya taj al-dyn"}},{"type":"Feature","id":12559596169,"geometry":{"type":"Point","coordinates":[44.198941600000005,15.339199800000001]},"properties":{"id":12559596169,"name":"صيدلية الشروق 1","type":"pharmacy","category":"healthcare","subcategory":"pharmacy","osmType":"node","addr:city":"صنعاء","addr:street":"شارع حدة","amenity":"pharmacy","healthcare":"pharmacy","name:latin":"sydlya al-shrwq 1"}},{"type":"Feature","id":12559596171,"geometry":{"type":"Point","coordinates":[44.198836400000005,15.3372807]},"properties":{"id":12559596171,"name":"الصيدلية الدوائية","type":"pharmacy","category":"healthcare","subcategory":"pharmacy","osmType":"node","addr:city":"صنعاء","addr:street":"شارع حدة","amenity":"pharmacy","healthcare":"pharmacy","name:latin":"al-sydlya al-dwa'ya"}},{"type":"Feature","id":12559596173,"geometry":{"type":"Point","coordinates":[44.1984568,15.336264100000001]},"properties":{"id":12559596173,"name":"المستشفى اليمني الفرنسي","type":"hospital","category":"healthcare","subcategory":"hospital","osmType":"node","addr:city":"صنعاء","addr:street":"شارع حدة","amenity":"hospital","healthcare":"hospital","name:latin":"al-mstshfa al-ymny al-frnsy"}},{"type":"Feature","id":12559596174,"geometry":{"type":"Point","coordinates":[44.1984805,15.3359076]},"properties":{"id":12559596174,"name":"صيدلية عصام المركزية","type":"pharmacy","category":"healthcare","subcategory":"pharmacy","osmType":"node","addr:city":"صنعاء","addr:street":"شارع حدة","amenity":"pharmacy","healthcare":"pharmacy","name:latin":"sydlya 'sam al-mrkzya"}},{"type":"Feature","id":12559596176,"geometry":{"type":"Point","coordinates":[44.1987911,15.3360645]},"properties":{"id":12559596176,"name":"صيدلية جمجوم 20","type":"pharmacy","category":"healthcare","subcategory":"pharmacy","osmType":"node","addr:city":"صنعاء","addr:street":"شارع حدة","amenity":"pharmacy","healthcare":"pharmacy","name:latin":"sydlya jmjwm 20"}},{"type":"Feature","id":12559596177,"geometry":{"type":"Point","coordinates":[44.198826800000006,15.336241500000002]},"properties":{"id":12559596177,"name":"المركز الدولي لطب وجراحة العيون الدكتور الاصبحي","type":"doctors","category":"healthcare","subcategory":"clinic","osmType":"node","addr:city":"صنعاء","addr:street":"شارع حدة","amenity":"doctors","healthcare":"doctor","healthcare:speciality":"ophthalmology","name:latin":"al-mrkz al-dwly ltb wjraha al-'ywn al-dktwr al-asbhy"}},{"type":"Feature","id":12559596178,"geometry":{"type":"Point","coordinates":[44.199266800000004,15.336596900000002]},"properties":{"id":12559596178,"name":"عيادة الدكتور نبيل المضواحي","type":"clinic","category":"healthcare","subcategory":"clinic","osmType":"node","addr:city":"صنعاء","addr:street":"شارع حدة","amenity":"clinic","healthcare":"clinic","name:latin":"'yada al-dktwr nbyl al-mdwahy"}},{"type":"Feature","id":12559599369,"geometry":{"type":"Point","coordinates":[44.182978500000004,15.392540100000002]},"properties":{"id":12559599369,"name":"صيدلية النهضة المركزية","type":"pharmacy","category":"healthcare","subcategory":"pharmacy","osmType":"node","addr:city":"حي النهضة","addr:street":"شارع النهضة","amenity":"pharmacy","healthcare":"pharmacy","name:latin":"sydlya al-nhda al-mrkzya"}},{"type":"Feature","id":12559599373,"geometry":{"type":"Point","coordinates":[44.1812339,15.393244800000002]},"properties":{"id":12559599373,"name":"صيدلية عبدالجبار المركزية","type":"pharmacy","category":"healthcare","subcategory":"pharmacy","osmType":"node","addr:city":"حي النهضة","addr:street":"شارع النهضة","amenity":"pharmacy","healthcare":"pharmacy","name:latin":"sydlya 'bdaljbar al-mrkzya"}},{"type":"Feature","id":12559599374,"geometry":{"type":"Point","coordinates":[44.1796547,15.393774]},"properties":{"id":12559599374,"name":"مركز الريان الطبي","type":"clinic","category":"healthcare","subcategory":"clinic","osmType":"node","addr:city":"حي النهضة","addr:street":"شارع النهضة","amenity":"clinic","healthcare":"clinic","name:latin":"mrkz al-ryan al-tby"}},{"type":"Feature","id":12559599375,"geometry":{"type":"Point","coordinates":[44.1797686,15.393868000000001]},"properties":{"id":12559599375,"name":"صيدلية الريان","type":"pharmacy","category":"healthcare","subcategory":"pharmacy","osmType":"node","addr:city":"حي النهضة","addr:street":"شارع النهضة","amenity":"pharmacy","healthcare":"pharmacy","name:latin":"sydlya al-ryan"}},{"type":"Feature","id":12559599380,"geometry":{"type":"Point","coordinates":[44.178349100000005,15.395356600000001]},"properties":{"id":12559599380,"name":"عيادة الثقة الطبية 8","type":"clinic","category":"healthcare","subcategory":"clinic","osmType":"node","addr:city":"حي النهضة","addr:street":"شارع النهضة","amenity":"clinic","healthcare":"clinic","name:latin":"'yada al-thqa al-tbya 8"}},{"type":"Feature","id":12559599383,"geometry":{"type":"Point","coordinates":[44.1781541,15.395705000000001]},"properties":{"id":12559599383,"name":"عيادة الابتسامة المشرقة الحديثة","type":"dentist","category":"healthcare","subcategory":"dentist","osmType":"node","amenity":"dentist","healthcare":"dentist","name:latin":"'yada al-abtsama al-mshrqa al-hdytha"}},{"type":"Feature","id":12559599384,"geometry":{"type":"Point","coordinates":[44.1786693,15.396445300000002]},"properties":{"id":12559599384,"name":"مركز الهادي الطبي","type":"clinic","category":"healthcare","subcategory":"clinic","osmType":"node","addr:city":"حي النهضة","addr:street":"شارع النهضة","amenity":"clinic","healthcare":"clinic","name:latin":"mrkz al-hady al-tby"}},{"type":"Feature","id":12559677578,"geometry":{"type":"Point","coordinates":[44.20920160000001,15.2713987]},"properties":{"id":12559677578,"name":"مستشفى البروفيسور فاكر القباطي التخصصي","type":"hospital","category":"healthcare","subcategory":"hospital","osmType":"node","amenity":"hospital","healthcare":"hospital","name:latin":"mstshfa al-brwfyswr fakr al-qbaty al-tkhssy"}},{"type":"Feature","id":12561033279,"geometry":{"type":"Point","coordinates":[44.1826693,15.4064016]},"properties":{"id":12561033279,"name":"مركز الوادي الطبي","type":"clinic","category":"healthcare","subcategory":"clinic","osmType":"node","addr:city":"صنعاء","addr:street":"شارع الستين","amenity":"clinic","healthcare":"clinic","name:latin":"mrkz al-wady al-tby"}},{"type":"Feature","id":12561033283,"geometry":{"type":"Point","coordinates":[44.1832264,15.405724300000001]},"properties":{"id":12561033283,"name":"صيدلية حدائق الصحة","type":"pharmacy","category":"healthcare","subcategory":"pharmacy","osmType":"node","addr:city":"صنعاء","addr:street":"شارع الستين","amenity":"pharmacy","healthcare":"pharmacy","name:latin":"sydlya hda'q al-sha"}},{"type":"Feature","id":12561033285,"geometry":{"type":"Point","coordinates":[44.1795125,15.400716700000002]},"properties":{"id":12561033285,"name":"صيدلية عزالدين فارما","type":"pharmacy","category":"healthcare","subcategory":"pharmacy","osmType":"node","addr:city":"صنعاء","addr:street":"شارع الستين","amenity":"pharmacy","healthcare":"pharmacy","name:latin":"sydlya 'zaldyn farma"}},{"type":"Feature","id":12561033286,"geometry":{"type":"Point","coordinates":[44.17906850000001,15.4006775]},"properties":{"id":12561033286,"name":"صيدلية دواء كير","type":"pharmacy","category":"healthcare","subcategory":"pharmacy","osmType":"node","addr:city":"صنعاء","addr:street":"شارع الستين","amenity":"pharmacy","healthcare":"pharmacy","name:latin":"sydlya dwa' kyr"}},{"type":"Feature","id":12561033296,"geometry":{"type":"Point","coordinates":[44.173889900000006,15.396397900000002]},"properties":{"id":12561033296,"name":"صيدلية الثلاثين","type":"pharmacy","category":"healthcare","subcategory":"pharmacy","osmType":"node","addr:city":"صنعاء","addr:street":"شارع الثلاثين","amenity":"pharmacy","healthcare":"pharmacy","name:latin":"sydlya al-thlathyn"}},{"type":"Feature","id":12561034807,"geometry":{"type":"Point","coordinates":[44.1775012,15.376589500000001]},"properties":{"id":12561034807,"name":"صيدلية ابن حيان 12","type":"pharmacy","category":"healthcare","subcategory":"pharmacy","osmType":"node","addr:city":"صنعاء","addr:street":"شارع الستين","amenity":"pharmacy","healthcare":"pharmacy","name:latin":"sydlya abn hyan 12"}},{"type":"Feature","id":12561034809,"geometry":{"type":"Point","coordinates":[44.1769182,15.378339700000001]},"properties":{"id":12561034809,"name":"صيدلية عصام المركزية 3","type":"pharmacy","category":"healthcare","subcategory":"pharmacy","osmType":"node","addr:city":"صنعاء","addr:street":"شارع الستين","amenity":"pharmacy","healthcare":"pharmacy","name:latin":"sydlya 'sam al-mrkzya 3"}},{"type":"Feature","id":12561034810,"geometry":{"type":"Point","coordinates":[44.1766268,15.3792132]},"properties":{"id":12561034810,"name":"صيدلية برج اليمن","type":"pharmacy","category":"healthcare","subcategory":"pharmacy","osmType":"node","addr:city":"صنعاء","addr:street":"شارع الستين","amenity":"pharmacy","healthcare":"pharmacy","name:latin":"sydlya brj al-ymn"}},{"type":"Feature","id":12561034811,"geometry":{"type":"Point","coordinates":[44.1764755,15.3797346]},"properties":{"id":12561034811,"name":"مختبرات آي لاب الطبية التخصصية","type":"laboratory","category":"healthcare","subcategory":"other","osmType":"node","addr:city":"صنعاء","addr:street":"شارع الستين","healthcare":"laboratory","name:latin":"mkhtbrat ay lab al-tbya al-tkhssya"}},{"type":"Feature","id":12561034812,"geometry":{"type":"Point","coordinates":[44.2065745,15.354086400000002]},"properties":{"id":12561034812,"name":"صيدلية ابن حيان 16","type":"pharmacy","category":"healthcare","subcategory":"pharmacy","osmType":"node","addr:city":"صنعاء","addr:street":"ميدان التحرير","amenity":"pharmacy","healthcare":"pharmacy","name:latin":"sydlya abn hyan 16"}},{"type":"Feature","id":12561034813,"geometry":{"type":"Point","coordinates":[44.206541200000004,15.3538986]},"properties":{"id":12561034813,"name":"صيدلية اليمن السعيد 2","type":"pharmacy","category":"healthcare","subcategory":"pharmacy","osmType":"node","addr:city":"صنعاء","addr:street":"ميدان التحرير","amenity":"pharmacy","healthcare":"pharmacy","name:latin":"sydlya al-ymn al-s'yd 2"}},{"type":"Feature","id":12561034814,"geometry":{"type":"Point","coordinates":[44.2065227,15.353813100000002]},"properties":{"id":12561034814,"name":"صيدلية الشرق","type":"pharmacy","category":"healthcare","subcategory":"pharmacy","osmType":"node","addr:city":"صنعاء","addr:street":"ميدان التحرير","amenity":"pharmacy","healthcare":"pharmacy","name:latin":"sydlya al-shrq"}},{"type":"Feature","id":12561034815,"geometry":{"type":"Point","coordinates":[44.207013,15.354649400000001]},"properties":{"id":12561034815,"name":"صيدلية الغريب","type":"pharmacy","category":"healthcare","subcategory":"pharmacy","osmType":"node","addr:city":"صنعاء","addr:street":"ميدان التحرير","amenity":"pharmacy","healthcare":"pharmacy","name:latin":"sydlya al-ghryb"}},{"type":"Feature","id":12561034817,"geometry":{"type":"Point","coordinates":[44.194915800000004,15.344475800000001]},"properties":{"id":12561034817,"name":"صيدلية ابن حيان 9","type":"pharmacy","category":"healthcare","subcategory":"pharmacy","osmType":"node","addr:city":"صنعاء","addr:street":"شارع الزبيري","amenity":"pharmacy","healthcare":"pharmacy","name:latin":"sydlya abn hyan 9"}},{"type":"Feature","id":12561034818,"geometry":{"type":"Point","coordinates":[44.1940205,15.360770600000002]},"properties":{"id":12561034818,"name":"صيدلية ابن حيان 13","type":"pharmacy","category":"healthcare","subcategory":"pharmacy","osmType":"node","addr:city":"صنعاء","addr:street":"شارع الكويت","amenity":"pharmacy","healthcare":"pharmacy","name:latin":"sydlya abn hyan 13"}},{"type":"Feature","id":12561034819,"geometry":{"type":"Point","coordinates":[44.19400520000001,15.3612379]},"properties":{"id":12561034819,"name":"صيدلية أبراج دبي","type":"pharmacy","category":"healthcare","subcategory":"pharmacy","osmType":"node","addr:city":"صنعاء","addr:street":"شارع الكويت","amenity":"pharmacy","healthcare":"pharmacy","name:latin":"sydlya abraj dby"}},{"type":"Feature","id":12561034823,"geometry":{"type":"Point","coordinates":[44.194023,15.3608419]},"properties":{"id":12561034823,"name":"صيدلية أبو حمزة للأدوية والمستلزمات الطبية","type":"pharmacy","category":"healthcare","subcategory":"pharmacy","osmType":"node","addr:city":"صنعاء","addr:street":"شارع الكويت","amenity":"pharmacy","healthcare":"pharmacy","name:latin":"sydlya abw hmza lladwya walmstlzmat al-tbya"}},{"type":"Feature","id":12561034824,"geometry":{"type":"Point","coordinates":[44.1940274,15.361489800000001]},"properties":{"id":12561034824,"name":"صيدلية همدان","type":"pharmacy","category":"healthcare","subcategory":"pharmacy","osmType":"node","addr:city":"صنعاء","addr:street":"شارع الكويت","amenity":"pharmacy","healthcare":"pharmacy","name:latin":"sydlya hmdan"}},{"type":"Feature","id":12561034825,"geometry":{"type":"Point","coordinates":[44.1940207,15.360869500000002]},"properties":{"id":12561034825,"name":"المختبرات الدولية الحديثة","type":"laboratory","category":"healthcare","subcategory":"other","osmType":"node","addr:city":"صنعاء","addr:street":"شارع الكويت","healthcare":"laboratory","name:latin":"al-mkhtbrat al-dwlya al-hdytha"}},{"type":"Feature","id":12561034826,"geometry":{"type":"Point","coordinates":[44.1940442,15.360668000000002]},"properties":{"id":12561034826,"name":"صيدلية الحكماء","type":"pharmacy","category":"healthcare","subcategory":"pharmacy","osmType":"node","addr:city":"صنعاء","addr:street":"شارع الكويت","amenity":"pharmacy","healthcare":"pharmacy","name:latin":"sydlya al-hkma'"}},{"type":"Feature","id":12561034827,"geometry":{"type":"Point","coordinates":[44.1940242,15.360906100000001]},"properties":{"id":12561034827,"name":"مخزن أدوية البحر الأحمر","type":"pharmacy","category":"healthcare","subcategory":"pharmacy","osmType":"node","addr:city":"صنعاء","addr:street":"شارع الكويت","amenity":"pharmacy","healthcare":"pharmacy","name:latin":"mkhzn adwya al-bhr al-ahmr"}},{"type":"Feature","id":12561034828,"geometry":{"type":"Point","coordinates":[44.1941155,15.360471600000002]},"properties":{"id":12561034828,"name":"صيدلية الأسرة اليمنية","type":"pharmacy","category":"healthcare","subcategory":"pharmacy","osmType":"node","addr:city":"صنعاء","addr:street":"شارع الكويت","amenity":"pharmacy","healthcare":"pharmacy","name:latin":"sydlya al-asra al-ymnya"}},{"type":"Feature","id":12561034832,"geometry":{"type":"Point","coordinates":[44.213371200000005,15.398079800000001]},"properties":{"id":12561034832,"name":"صيدلية اليمن السعيد 7","type":"pharmacy","category":"healthcare","subcategory":"pharmacy","osmType":"node","addr:city":"صنعاء","addr:street":"شارع المطار","amenity":"pharmacy","healthcare":"pharmacy","name:latin":"sydlya al-ymn al-s'yd 7"}},{"type":"Feature","id":12561034847,"geometry":{"type":"Point","coordinates":[44.213364500000004,15.396672]},"properties":{"id":12561034847,"name":"النبيل لطب الأسنان","type":"dentist","category":"healthcare","subcategory":"dentist","osmType":"node","addr:city":"صنعاء","addr:street":"شارع المطار","amenity":"dentist","healthcare":"dentist","name:latin":"al-nbyl ltb al-asnan"}},{"type":"Feature","id":12561034850,"geometry":{"type":"Point","coordinates":[44.212980300000005,15.388881600000001]},"properties":{"id":12561034850,"name":"صيدلية نبيل المتقدمة","type":"pharmacy","category":"healthcare","subcategory":"pharmacy","osmType":"node","addr:city":"صنعاء","addr:street":"شارع المطار","amenity":"pharmacy","healthcare":"pharmacy","name:latin":"sydlya nbyl al-mtqdma"}},{"type":"Feature","id":12561034856,"geometry":{"type":"Point","coordinates":[44.2211032,15.3366745]},"properties":{"id":12561034856,"name":"صيدلية عصام المركزية 4","type":"pharmacy","category":"healthcare","subcategory":"pharmacy","osmType":"node","addr:city":"صنعاء","addr:street":"شارع تعز","amenity":"pharmacy","healthcare":"pharmacy","name:latin":"sydlya 'sam al-mrkzya 4"}},{"type":"Feature","id":12561034857,"geometry":{"type":"Point","coordinates":[44.22097230000001,15.336640400000002]},"properties":{"id":12561034857,"name":"صيدلية الثور 7","type":"pharmacy","category":"healthcare","subcategory":"pharmacy","osmType":"node","addr:city":"صنعاء","addr:street":"شارع تعز","amenity":"pharmacy","healthcare":"pharmacy","name:latin":"sydlya al-thwr 7"}},{"type":"Feature","id":12561034858,"geometry":{"type":"Point","coordinates":[44.221374600000004,15.3363983]},"properties":{"id":12561034858,"name":"صيدلية الموسلي فارما","type":"pharmacy","category":"healthcare","subcategory":"pharmacy","osmType":"node","addr:city":"صنعاء","addr:street":"شارع تعز","amenity":"pharmacy","healthcare":"pharmacy","name:latin":"sydlya al-mwsly farma"}},{"type":"Feature","id":12561034860,"geometry":{"type":"Point","coordinates":[44.237646000000005,15.286220000000002]},"properties":{"id":12561034860,"name":"صيدلية ابن حيان 10","type":"pharmacy","category":"healthcare","subcategory":"pharmacy","osmType":"node","addr:city":"صنعاء","addr:street":"شارع الحربي","amenity":"pharmacy","healthcare":"pharmacy","name:latin":"sydlya abn hyan 10"}},{"type":"Feature","id":12561034862,"geometry":{"type":"Point","coordinates":[44.23778,15.286688900000001]},"properties":{"id":12561034862,"name":"صيدلية الراشد","type":"pharmacy","category":"healthcare","subcategory":"pharmacy","osmType":"node","addr:city":"صنعاء","addr:street":"شارع الحربي","amenity":"pharmacy","healthcare":"pharmacy","name:latin":"sydlya al-rashd"}},{"type":"Feature","id":12561034863,"geometry":{"type":"Point","coordinates":[44.2198008,15.349782500000002]},"properties":{"id":12561034863,"name":"صيدلية ابن حيان 11","type":"pharmacy","category":"healthcare","subcategory":"pharmacy","osmType":"node","addr:city":"صنعاء","addr:street":"شارع خولان","amenity":"pharmacy","healthcare":"pharmacy","name:latin":"sydlya abn hyan 11"}},{"type":"Feature","id":12561034864,"geometry":{"type":"Point","coordinates":[44.2200276,15.349386700000002]},"properties":{"id":12561034864,"name":"مركز الحياة التخصصي للعلاج الطبيعي والتدخل المبكر","type":"physiotherapist","category":"healthcare","subcategory":"other","osmType":"node","addr:city":"صنعاء","addr:street":"شارع خولان","healthcare":"physiotherapist","name:latin":"mrkz al-hyaa al-tkhssy ll'laj al-tby'y waltdkhl al-mbkr"}},{"type":"Feature","id":12561034865,"geometry":{"type":"Point","coordinates":[44.2195972,15.350393700000001]},"properties":{"id":12561034865,"name":"مركز الرواد الطبي التخصصي","type":"clinic","category":"healthcare","subcategory":"clinic","osmType":"node","addr:city":"صنعاء","addr:street":"شارع خولان","amenity":"clinic","healthcare":"clinic","name:latin":"mrkz al-rwad al-tby al-tkhssy"}},{"type":"Feature","id":12561034868,"geometry":{"type":"Point","coordinates":[44.18984760000001,15.3073545]},"properties":{"id":12561034868,"name":"صيدلية حدة النموذجية","type":"pharmacy","category":"healthcare","subcategory":"pharmacy","osmType":"node","addr:city":"صنعاء","addr:street":"شارع حدة","amenity":"pharmacy","healthcare":"pharmacy","name:latin":"sydlya hda al-nmwdhjya"}},{"type":"Feature","id":12561034870,"geometry":{"type":"Point","coordinates":[44.189741500000004,15.307723900000001]},"properties":{"id":12561034870,"name":"مستشفى بروج صنعاء الدولي","type":"hospital","category":"healthcare","subcategory":"hospital","osmType":"node","addr:city":"صنعاء","addr:street":"شارع حدة","amenity":"hospital","healthcare":"hospital","name:latin":"mstshfa brwj sn'a' al-dwly"}},{"type":"Feature","id":12561034871,"geometry":{"type":"Point","coordinates":[44.2276627,15.323182000000001]},"properties":{"id":12561034871,"name":"صيدلية ابن حيان 7","type":"pharmacy","category":"healthcare","subcategory":"pharmacy","osmType":"node","addr:city":"صنعاء","addr:street":"شارع تعز","amenity":"pharmacy","healthcare":"pharmacy","name:latin":"sydlya abn hyan 7"}},{"type":"Feature","id":12561034872,"geometry":{"type":"Point","coordinates":[44.226258,15.326767900000002]},"properties":{"id":12561034872,"name":"صيدلية الرواد","type":"pharmacy","category":"healthcare","subcategory":"pharmacy","osmType":"node","addr:city":"صنعاء","addr:street":"شارع تعز","amenity":"pharmacy","healthcare":"pharmacy","name:latin":"sydlya al-rwad"}},{"type":"Feature","id":12561034873,"geometry":{"type":"Point","coordinates":[44.22665610000001,15.326470900000002]},"properties":{"id":12561034873,"name":"صيدلية البنا","type":"pharmacy","category":"healthcare","subcategory":"pharmacy","osmType":"node","amenity":"pharmacy","healthcare":"pharmacy","name:latin":"sydlya al-bna"}},{"type":"Feature","id":12561034876,"geometry":{"type":"Point","coordinates":[44.236794700000004,15.300889600000001]},"properties":{"id":12561034876,"name":"صيدلية ابن حيان 14","type":"pharmacy","category":"healthcare","subcategory":"pharmacy","osmType":"node","addr:city":"صنعاء","addr:street":"شارع تعز","amenity":"pharmacy","healthcare":"pharmacy","name:latin":"sydlya abn hyan 14"}},{"type":"Feature","id":12561034877,"geometry":{"type":"Point","coordinates":[44.236881600000004,15.300660800000001]},"properties":{"id":12561034877,"name":"صيدلية هيلث كي","type":"pharmacy","category":"healthcare","subcategory":"pharmacy","osmType":"node","addr:city":"صنعاء","addr:street":"شارع تعز","amenity":"pharmacy","healthcare":"pharmacy","name:latin":"sydlya hylth ky"}},{"type":"Feature","id":12561034878,"geometry":{"type":"Point","coordinates":[44.236176,15.301418000000002]},"properties":{"id":12561034878,"name":"المستشفى الروماني الحديث","type":"hospital","category":"healthcare","subcategory":"hospital","osmType":"node","addr:city":"صنعاء","addr:street":"شارع تعز","amenity":"hospital","healthcare":"hospital","name:latin":"al-mstshfa al-rwmany al-hdyth"}},{"type":"Feature","id":12563189822,"geometry":{"type":"Point","coordinates":[44.2374736,15.2977342]},"properties":{"id":12563189822,"name":"برج الفؤاد الطبي","type":"clinic","category":"healthcare","subcategory":"clinic","osmType":"node","addr:city":"صنعاء","addr:street":"شارع تعز","amenity":"clinic","healthcare":"clinic","name:latin":"brj al-f'ad al-tby"}},{"type":"Feature","id":12563189875,"geometry":{"type":"Point","coordinates":[44.1965847,15.334722300000001]},"properties":{"id":12563189875,"name":"الصيدلية المتحدة","type":"pharmacy","category":"healthcare","subcategory":"pharmacy","osmType":"node","addr:city":"صنعاء","addr:street":"الخط الدائري","amenity":"pharmacy","healthcare":"pharmacy","name:latin":"al-sydlya al-mthda"}},{"type":"Feature","id":12563189877,"geometry":{"type":"Point","coordinates":[44.182577200000004,15.358896500000002]},"properties":{"id":12563189877,"name":"صيدلية نبض الرباط","type":"pharmacy","category":"healthcare","subcategory":"pharmacy","osmType":"node","addr:city":"صنعاء","addr:street":"شارع هائل","amenity":"pharmacy","healthcare":"pharmacy","name:latin":"sydlya nbd al-rbat"}},{"type":"Feature","id":12563189878,"geometry":{"type":"Point","coordinates":[44.18257560000001,15.359010200000002]},"properties":{"id":12563189878,"name":"صيدلية وعد الرباط","type":"pharmacy","category":"healthcare","subcategory":"pharmacy","osmType":"node","addr:city":"صنعاء","addr:street":"شارع هائل","amenity":"pharmacy","healthcare":"pharmacy","name:latin":"sydlya w'd al-rbat"}},{"type":"Feature","id":12563204042,"geometry":{"type":"Point","coordinates":[44.2437617,15.384247700000001]},"properties":{"id":12563204042,"name":"صيدلية الثور 8","type":"pharmacy","category":"healthcare","subcategory":"pharmacy","osmType":"node","addr:city":"مدينة صنعاء","addr:street":"شارع الأربعين","amenity":"pharmacy","healthcare":"pharmacy","name:latin":"sydlya al-thwr 8"}},{"type":"Feature","id":12563204044,"geometry":{"type":"Point","coordinates":[44.2444409,15.374914500000001]},"properties":{"id":12563204044,"name":"صيدلية أبو غلاب","type":"pharmacy","category":"healthcare","subcategory":"pharmacy","osmType":"node","addr:city":"صنعاء","addr:street":"شارع الأربعين","amenity":"pharmacy","healthcare":"pharmacy","name:latin":"sydlya abw ghlab"}},{"type":"Feature","id":12572216152,"geometry":{"type":"Point","coordinates":[44.243813800000005,15.380125900000001]},"properties":{"id":12572216152,"name":"مركز الرسالة الطبي","type":"clinic","category":"healthcare","subcategory":"clinic","osmType":"node","addr:city":"صنعاء","addr:street":"شارع الأربعين","amenity":"clinic","healthcare":"clinic","name:latin":"mrkz al-rsala al-tby"}},{"type":"Feature","id":12572216156,"geometry":{"type":"Point","coordinates":[44.24470350000001,15.380015000000002]},"properties":{"id":12572216156,"name":"صيدلية أبو علي","type":"pharmacy","category":"healthcare","subcategory":"pharmacy","osmType":"node","addr:city":"صنعاء","addr:street":"شارع الأربعين","amenity":"pharmacy","healthcare":"pharmacy","name:latin":"sydlya abw 'ly"}},{"type":"Feature","id":12572216157,"geometry":{"type":"Point","coordinates":[44.2443024,15.379658800000001]},"properties":{"id":12572216157,"name":"صيدلية الخوارزمي","type":"pharmacy","category":"healthcare","subcategory":"pharmacy","osmType":"node","addr:city":"صنعاء","addr:street":"شارع الأربعين","amenity":"pharmacy","healthcare":"pharmacy","name:latin":"sydlya al-khwarzmy"}},{"type":"Feature","id":12572216158,"geometry":{"type":"Point","coordinates":[44.24536560000001,15.379154000000002]},"properties":{"id":12572216158,"name":"صيدلية الأكحلي فارما","type":"pharmacy","category":"healthcare","subcategory":"pharmacy","osmType":"node","addr:city":"صنعاء","addr:street":"سعوان شارع 24","amenity":"pharmacy","healthcare":"pharmacy","name:latin":"sydlya al-akhly farma"}},{"type":"Feature","id":12572220918,"geometry":{"type":"Point","coordinates":[44.244498300000004,15.375733000000002]},"properties":{"id":12572220918,"name":"عيادة د. نوال الحكيمي","type":"clinic","category":"healthcare","subcategory":"clinic","osmType":"node","addr:city":"صنعاء","addr:street":"شارع الأربعين","amenity":"clinic","healthcare":"clinic","name:latin":"'yada d. nwal al-hkymy"}},{"type":"Feature","id":12572220930,"geometry":{"type":"Point","coordinates":[44.228110400000006,15.359323500000002]},"properties":{"id":12572220930,"name":"مجمع آزال الطبي","type":"hospital","category":"healthcare","subcategory":"hospital","osmType":"node","addr:city":"صنعاء","addr:street":"شارع نشوان الحميري","amenity":"hospital","emergency":"no","healthcare":"hospital","name:latin":"mjm' azal al-tby"}},{"type":"Feature","id":12572220931,"geometry":{"type":"Point","coordinates":[44.22776760000001,15.3597724]},"properties":{"id":12572220931,"name":"صيدلية الرشاد","type":"pharmacy","category":"healthcare","subcategory":"pharmacy","osmType":"node","addr:city":"صنعاء","addr:street":"شارع نشوان الحميري","amenity":"pharmacy","healthcare":"pharmacy","name:latin":"sydlya al-rshad"}},{"type":"Feature","id":12572220935,"geometry":{"type":"Point","coordinates":[44.227866500000005,15.358809]},"properties":{"id":12572220935,"name":"صيدلية الشهد","type":"pharmacy","category":"healthcare","subcategory":"pharmacy","osmType":"node","addr:city":"صنعاء","addr:street":"شارع نشوان الحميري","amenity":"pharmacy","healthcare":"pharmacy","name:latin":"sydlya al-shhd"}},{"type":"Feature","id":12572220938,"geometry":{"type":"Point","coordinates":[44.2266501,15.357318700000002]},"properties":{"id":12572220938,"name":"صيدلية الأخوين الحديثة","type":"pharmacy","category":"healthcare","subcategory":"pharmacy","osmType":"node","addr:city":"صنعاء","addr:street":"الخط الدائري","amenity":"pharmacy","healthcare":"pharmacy","name:latin":"sydlya al-akhwyn al-hdytha"}},{"type":"Feature","id":12572220939,"geometry":{"type":"Point","coordinates":[44.2263815,15.357543300000001]},"properties":{"id":12572220939,"name":"صيدلية الفاروق","type":"pharmacy","category":"healthcare","subcategory":"pharmacy","osmType":"node","addr:city":"صنعاء","amenity":"pharmacy","healthcare":"pharmacy","name:latin":"sydlya al-farwq"}},{"type":"Feature","id":12572220942,"geometry":{"type":"Point","coordinates":[44.22491,15.357230800000002]},"properties":{"id":12572220942,"name":"الوليد دنت","type":"dentist","category":"healthcare","subcategory":"dentist","osmType":"node","addr:city":"صنعاء","addr:street":"شارع نقم","amenity":"dentist","healthcare":"dentist","name:latin":"al-wlyd dnt"}},{"type":"Feature","id":12572220951,"geometry":{"type":"Point","coordinates":[44.208124100000006,15.387438000000001]},"properties":{"id":12572220951,"name":"صيدلية الرشيد المركزية","type":"pharmacy","category":"healthcare","subcategory":"pharmacy","osmType":"node","addr:city":"صنعاء","addr:street":"شارع التلفزيون","amenity":"pharmacy","healthcare":"pharmacy","name:latin":"sydlya al-rshyd al-mrkzya"}},{"type":"Feature","id":12572220954,"geometry":{"type":"Point","coordinates":[44.2301773,15.3829559]},"properties":{"id":12572220954,"name":"صيدلية اليمن السعيد 12","type":"pharmacy","category":"healthcare","subcategory":"pharmacy","osmType":"node","addr:city":"صنعاء","addr:street":"شارع الجامعة العربية","amenity":"pharmacy","healthcare":"pharmacy","name:latin":"sydlya al-ymn al-s'yd 12"}},{"type":"Feature","id":12572220955,"geometry":{"type":"Point","coordinates":[44.229356,15.382833200000002]},"properties":{"id":12572220955,"name":"مستشفى الدكتورة مها البيضاني التخصصي للأمومة والطفولة","type":"hospital","category":"healthcare","subcategory":"hospital","osmType":"node","addr:city":"صنعاء","addr:street":"شارع الجامعة العربية","amenity":"hospital","healthcare":"hospital","name:latin":"mstshfa al-dktwra mha al-bydany al-tkhssy llamwma waltfwla"}},{"type":"Feature","id":12573635324,"geometry":{"type":"Point","coordinates":[44.2236241,15.332853300000002]},"properties":{"id":12573635324,"name":"صيدلية الحياة للأدوية","type":"pharmacy","category":"healthcare","subcategory":"pharmacy","osmType":"node","addr:city":"صنعاء","addr:street":"شارع تعز","amenity":"pharmacy","healthcare":"pharmacy","name:latin":"sydlya al-hyaa lladwya"}},{"type":"Feature","id":12573635325,"geometry":{"type":"Point","coordinates":[44.234690300000004,15.3071335]},"properties":{"id":12573635325,"name":"إدارة صيدليات فيتا","type":"pharmacy","category":"healthcare","subcategory":"pharmacy","osmType":"node","addr:city":"صنعاء","addr:street":"شارع تعز","amenity":"pharmacy","healthcare":"pharmacy","name:latin":"idara sydlyat fyta"}},{"type":"Feature","id":12573635326,"geometry":{"type":"Point","coordinates":[44.2341801,15.307000400000002]},"properties":{"id":12573635326,"name":"صيدلية اليمن السعيد 8","type":"pharmacy","category":"healthcare","subcategory":"pharmacy","osmType":"node","addr:city":"صنعاء","addr:street":"شارع تعز","amenity":"pharmacy","healthcare":"pharmacy","name:latin":"sydlya al-ymn al-s'yd 8"}},{"type":"Feature","id":12573635335,"geometry":{"type":"Point","coordinates":[44.228171100000004,15.322092500000002]},"properties":{"id":12573635335,"name":"صيدلية أيمن","type":"pharmacy","category":"healthcare","subcategory":"pharmacy","osmType":"node","addr:city":"صنعاء","addr:street":"شارع تعز","amenity":"pharmacy","healthcare":"pharmacy","name:latin":"sydlya aymn"}},{"type":"Feature","id":12573635336,"geometry":{"type":"Point","coordinates":[44.2281089,15.322204400000002]},"properties":{"id":12573635336,"name":"عيادة د. عبدالقوي العريفي","type":"clinic","category":"healthcare","subcategory":"clinic","osmType":"node","addr:city":"صنعاء","addr:street":"شارع تعز","amenity":"clinic","healthcare":"clinic","name:latin":"'yada d. 'bdalqwy al-'ryfy"}},{"type":"Feature","id":12573635337,"geometry":{"type":"Point","coordinates":[44.228055100000006,15.322394200000002]},"properties":{"id":12573635337,"name":"صيدلية التميز","type":"pharmacy","category":"healthcare","subcategory":"pharmacy","osmType":"node","addr:city":"صنعاء","addr:street":"شارع تعز","amenity":"pharmacy","healthcare":"pharmacy","name:latin":"sydlya al-tmyz"}},{"type":"Feature","id":12573635338,"geometry":{"type":"Point","coordinates":[44.2282802,15.321868600000002]},"properties":{"id":12573635338,"name":"صيدلية هدوين فارما","type":"pharmacy","category":"healthcare","subcategory":"pharmacy","osmType":"node","addr:city":"صنعاء","addr:street":"شارع تعز","amenity":"pharmacy","healthcare":"pharmacy","name:latin":"sydlya hdwyn farma"}},{"type":"Feature","id":12573635339,"geometry":{"type":"Point","coordinates":[44.228381500000005,15.321684000000001]},"properties":{"id":12573635339,"name":"صيدلية الحامد","type":"pharmacy","category":"healthcare","subcategory":"pharmacy","osmType":"node","addr:city":"صنعاء","addr:street":"شارع تعز","amenity":"pharmacy","healthcare":"pharmacy","name:latin":"sydlya al-hamd"}},{"type":"Feature","id":12573635340,"geometry":{"type":"Point","coordinates":[44.2286902,15.321907500000002]},"properties":{"id":12573635340,"name":"صيدلية اليمن السعيد 3","type":"pharmacy","category":"healthcare","subcategory":"pharmacy","osmType":"node","addr:city":"صنعاء","addr:street":"شارع تعز","amenity":"pharmacy","healthcare":"pharmacy","name:latin":"sydlya al-ymn al-s'yd 3"}},{"type":"Feature","id":12573635342,"geometry":{"type":"Point","coordinates":[44.2286323,15.322002300000001]},"properties":{"id":12573635342,"name":"صيدلية مدينة سام 2","type":"pharmacy","category":"healthcare","subcategory":"pharmacy","osmType":"node","addr:city":"صنعاء","addr:street":"شارع تعز","amenity":"pharmacy","healthcare":"pharmacy","name:latin":"sydlya mdyna sam 2"}},{"type":"Feature","id":12573635343,"geometry":{"type":"Point","coordinates":[44.2286888,15.321668200000001]},"properties":{"id":12573635343,"name":"صيدلية عصام المركزية","type":"pharmacy","category":"healthcare","subcategory":"pharmacy","osmType":"node","addr:city":"صنعاء","addr:street":"شارع تعز","amenity":"pharmacy","healthcare":"pharmacy","name:latin":"sydlya 'sam al-mrkzya"}},{"type":"Feature","id":12573635344,"geometry":{"type":"Point","coordinates":[44.228696400000004,15.3220515]},"properties":{"id":12573635344,"name":"مركز البروفسور الدكتور فاكر القباطي لأمراض الصدر والحساسية والسل الرئوي","type":"clinic","category":"healthcare","subcategory":"clinic","osmType":"node","addr:city":"صنعاء","addr:street":"شارع تعز","amenity":"clinic","healthcare":"clinic","name:latin":"mrkz al-brwfswr al-dktwr fakr al-qbaty lamrad al-sdr walhsasya walsl al-r'wy"}},{"type":"Feature","id":12573635346,"geometry":{"type":"Point","coordinates":[44.2287643,15.320620600000002]},"properties":{"id":12573635346,"name":"مستشفى نشوان","type":"hospital","category":"healthcare","subcategory":"hospital","osmType":"node","addr:city":"صنعاء","addr:street":"شارع تعز","amenity":"hospital","healthcare":"hospital","name:latin":"mstshfa nshwan"}},{"type":"Feature","id":12573635347,"geometry":{"type":"Point","coordinates":[44.2294727,15.320103300000001]},"properties":{"id":12573635347,"name":"المركز الاستشاري لجراحة الكلى والمسالك البولية الدكتور لطف الله غليس","type":"clinic","category":"healthcare","subcategory":"clinic","osmType":"node","addr:city":"صنعاء","addr:street":"شارع تعز","amenity":"clinic","healthcare":"clinic","name:latin":"al-mrkz al-astshary ljraha al-kla walmsalk al-bwlya al-dktwr ltf al-lh ghlys"}},{"type":"Feature","id":12573635349,"geometry":{"type":"Point","coordinates":[44.2284744,15.321432200000002]},"properties":{"id":12573635349,"name":"صيدلية السويس الحديثة","type":"pharmacy","category":"healthcare","subcategory":"pharmacy","osmType":"node","addr:city":"صنعاء","addr:street":"شارع تعز","amenity":"pharmacy","healthcare":"pharmacy","name:latin":"sydlya al-swys al-hdytha"}},{"type":"Feature","id":12573635350,"geometry":{"type":"Point","coordinates":[44.228077600000006,15.322311700000002]},"properties":{"id":12573635350,"name":"صيدلية عوافي الحديثة","type":"pharmacy","category":"healthcare","subcategory":"pharmacy","osmType":"node","addr:city":"صنعاء","addr:street":"شارع تعز","amenity":"pharmacy","healthcare":"pharmacy","name:latin":"sydlya 'wafy al-hdytha"}},{"type":"Feature","id":12573635351,"geometry":{"type":"Point","coordinates":[44.227848400000006,15.322789600000002]},"properties":{"id":12573635351,"name":"صيدلية الزاهر","type":"pharmacy","category":"healthcare","subcategory":"pharmacy","osmType":"node","addr:city":"صنعاء","addr:street":"شارع تعز","amenity":"pharmacy","healthcare":"pharmacy","name:latin":"sydlya al-zahr"}},{"type":"Feature","id":12573635354,"geometry":{"type":"Point","coordinates":[44.209369300000006,15.349470600000002]},"properties":{"id":12573635354,"name":"صيدلية اليمن السعيد 1","type":"pharmacy","category":"healthcare","subcategory":"pharmacy","osmType":"node","addr:city":"صنعاء","addr:street":"شارع الزبيري","amenity":"pharmacy","healthcare":"pharmacy","name:latin":"sydlya al-ymn al-s'yd 1"}},{"type":"Feature","id":12573635356,"geometry":{"type":"Point","coordinates":[44.2065666,15.332161900000001]},"properties":{"id":12573635356,"name":"صيدلية اليمن السعيد 10","type":"pharmacy","category":"healthcare","subcategory":"pharmacy","osmType":"node","addr:city":"صنعاء","addr:street":"شارع السبعين","amenity":"pharmacy","healthcare":"pharmacy","name:latin":"sydlya al-ymn al-s'yd 10"}},{"type":"Feature","id":12573635357,"geometry":{"type":"Point","coordinates":[44.2064901,15.331249600000001]},"properties":{"id":12573635357,"name":"الصيدلية الوطنية","type":"pharmacy","category":"healthcare","subcategory":"pharmacy","osmType":"node","addr:city":"صنعاء","addr:street":"شارع السبعين","amenity":"pharmacy","healthcare":"pharmacy","name:latin":"al-sydlya al-wtnya"}},{"type":"Feature","id":12573635358,"geometry":{"type":"Point","coordinates":[44.2065087,15.332476400000001]},"properties":{"id":12573635358,"name":"صيدلية السبعين","type":"pharmacy","category":"healthcare","subcategory":"pharmacy","osmType":"node","addr:city":"صنعاء","addr:street":"شارع السبعين","amenity":"pharmacy","healthcare":"pharmacy","name:latin":"sydlya al-sb'yn"}},{"type":"Feature","id":12573635360,"geometry":{"type":"Point","coordinates":[44.206511400000004,15.3296749]},"properties":{"id":12573635360,"name":"بنك الدم","type":"blood_donation","category":"healthcare","subcategory":"other","osmType":"node","addr:city":"صنعاء","addr:street":"شارع السبعين","healthcare":"blood_donation","name:latin":"bnk al-dm"}},{"type":"Feature","id":12573635361,"geometry":{"type":"Point","coordinates":[44.2325151,15.286026500000002]},"properties":{"id":12573635361,"name":"صيدلية اليمن السعيد 11","type":"pharmacy","category":"healthcare","subcategory":"pharmacy","osmType":"node","addr:city":"صنعاء","addr:street":"شارع الحربي","amenity":"pharmacy","healthcare":"pharmacy","name:latin":"sydlya al-ymn al-s'yd 11"}},{"type":"Feature","id":12573635376,"geometry":{"type":"Point","coordinates":[44.205922400000006,15.337478500000001]},"properties":{"id":12573635376,"name":"إدارة صيدليات اليمن السعيد","type":"pharmacy","category":"healthcare","subcategory":"pharmacy","osmType":"node","addr:city":"صنعاء","addr:street":"شارع كلية الشرطة","amenity":"pharmacy","healthcare":"pharmacy","name:latin":"idara sydlyat al-ymn al-s'yd"}},{"type":"Feature","id":12573635377,"geometry":{"type":"Point","coordinates":[44.1683967,15.341597300000002]},"properties":{"id":12573635377,"name":"صيدلية البذيجي","type":"pharmacy","category":"healthcare","subcategory":"pharmacy","osmType":"node","addr:city":"صنعاء","addr:street":"طريق صنعاء الحديدة","amenity":"pharmacy","healthcare":"pharmacy","name:latin":"sydlya al-bdhyjy"}},{"type":"Feature","id":12573635379,"geometry":{"type":"Point","coordinates":[44.1684989,15.3416115]},"properties":{"id":12573635379,"name":"صيدلية ربى صنعاء","type":"pharmacy","category":"healthcare","subcategory":"pharmacy","osmType":"node","addr:city":"صنعاء","addr:street":"طريق صنعاء الحديدة","amenity":"pharmacy","healthcare":"pharmacy","name:latin":"sydlya rba sn'a'"}},{"type":"Feature","id":12573635380,"geometry":{"type":"Point","coordinates":[44.1671728,15.341501800000001]},"properties":{"id":12573635380,"name":"صيدلية الحمزة","type":"pharmacy","category":"healthcare","subcategory":"pharmacy","osmType":"node","addr:city":"صنعاء","addr:street":"طريق صنعاء الحديدة","amenity":"pharmacy","healthcare":"pharmacy","name:latin":"sydlya al-hmza"}},{"type":"Feature","id":12573635381,"geometry":{"type":"Point","coordinates":[44.2071161,15.359774500000002]},"properties":{"id":12573635381,"name":"إدارة صيدليات مدينة سام","type":"pharmacy","category":"healthcare","subcategory":"pharmacy","osmType":"node","addr:city":"صنعاء","addr:street":"شارع العدل","amenity":"pharmacy","healthcare":"pharmacy","name:latin":"idara sydlyat mdyna sam"}},{"type":"Feature","id":12573635382,"geometry":{"type":"Point","coordinates":[44.206762000000005,15.3598449]},"properties":{"id":12573635382,"name":"المركز الطبي الحديث د. فيصل الصبري","type":"clinic","category":"healthcare","subcategory":"clinic","osmType":"node","addr:city":"صنعاء","addr:street":"شارع العدل","amenity":"clinic","healthcare":"clinic","name:latin":"al-mrkz al-tby al-hdyth d. fysl al-sbry"}},{"type":"Feature","id":12573635385,"geometry":{"type":"Point","coordinates":[44.2071935,15.359284500000001]},"properties":{"id":12573635385,"name":"صيدلية مدينة سام 1","type":"pharmacy","category":"healthcare","subcategory":"pharmacy","osmType":"node","addr:city":"صنعاء","addr:street":"شارع علي عبدالمغني","amenity":"pharmacy","healthcare":"pharmacy","name:latin":"sydlya mdyna sam 1"}},{"type":"Feature","id":12573635386,"geometry":{"type":"Point","coordinates":[44.2071636,15.359223300000002]},"properties":{"id":12573635386,"name":"عيادة القلب التخصصية","type":"clinic","category":"healthcare","subcategory":"clinic","osmType":"node","addr:city":"صنعاء","addr:street":"شارع علي عبدالمغني","amenity":"clinic","healthcare":"clinic","name:latin":"'yada al-qlb al-tkhssya"}},{"type":"Feature","id":12573635387,"geometry":{"type":"Point","coordinates":[44.2073747,15.358645100000002]},"properties":{"id":12573635387,"name":"إيدك لطب الأسنان","type":"dentist","category":"healthcare","subcategory":"dentist","osmType":"node","addr:city":"صنعاء","addr:street":"شارع علي عبدالمغني","amenity":"dentist","healthcare":"dentist","name:latin":"iydk ltb al-asnan"}},{"type":"Feature","id":12573635388,"geometry":{"type":"Point","coordinates":[44.2074536,15.3633973]},"properties":{"id":12573635388,"name":"صيدليه مدينة سام 8","type":"pharmacy","category":"healthcare","subcategory":"pharmacy","osmType":"node","addr:city":"صنعاء","addr:street":"شارع القيادة","amenity":"pharmacy","healthcare":"pharmacy","name:latin":"sydlyh mdyna sam 8"}},{"type":"Feature","id":12573635389,"geometry":{"type":"Point","coordinates":[44.181747200000004,15.354548300000001]},"properties":{"id":12573635389,"name":"صيدلية مدينة سام 6","type":"pharmacy","category":"healthcare","subcategory":"pharmacy","osmType":"node","addr:city":"صنعاء","addr:street":"شارع هائل","amenity":"pharmacy","healthcare":"pharmacy","name:latin":"sydlya mdyna sam 6"}},{"type":"Feature","id":12573635390,"geometry":{"type":"Point","coordinates":[44.229404,15.285699200000002]},"properties":{"id":12573635390,"name":"صيدلية مدينة سام 4","type":"pharmacy","category":"healthcare","subcategory":"pharmacy","osmType":"node","addr:city":"صنعاء","addr:street":"شارع الحربي","amenity":"pharmacy","healthcare":"pharmacy","name:latin":"sydlya mdyna sam 4"}},{"type":"Feature","id":12573635392,"geometry":{"type":"Point","coordinates":[44.21632460000001,15.279548000000002]},"properties":{"id":12573635392,"name":"صيدلية مدينة سام 5","type":"pharmacy","category":"healthcare","subcategory":"pharmacy","osmType":"node","addr:city":"صنعاء","addr:street":"شارع الخمسين","amenity":"pharmacy","healthcare":"pharmacy","name:latin":"sydlya mdyna sam 5"}},{"type":"Feature","id":12573903083,"geometry":{"type":"Point","coordinates":[44.201765,15.338085000000001]},"properties":{"id":12573903083,"name":"مركز الدكتور أحمد بن سلمان","type":"clinic","category":"healthcare","subcategory":"clinic","osmType":"node","amenity":"clinic","name:latin":"mrkz al-dktwr ahmd bn slman"}},{"type":"Feature","id":12583232251,"geometry":{"type":"Point","coordinates":[44.2307969,15.382564000000002]},"properties":{"id":12583232251,"name":"صيدلية عصام المركزية","type":"pharmacy","category":"healthcare","subcategory":"pharmacy","osmType":"node","addr:city":"صنعاء","addr:street":"شارع النصر","amenity":"pharmacy","healthcare":"pharmacy","name:latin":"sydlya 'sam al-mrkzya"}},{"type":"Feature","id":12583232252,"geometry":{"type":"Point","coordinates":[44.2204879,15.3495667]},"properties":{"id":12583232252,"name":"صيدلية عصام المركزية","type":"pharmacy","category":"healthcare","subcategory":"pharmacy","osmType":"node","addr:city":"صنعاء","addr:street":"شارع خولان","amenity":"pharmacy","healthcare":"pharmacy","name:latin":"sydlya 'sam al-mrkzya"}},{"type":"Feature","id":12583232253,"geometry":{"type":"Point","coordinates":[44.220672400000005,15.349165300000001]},"properties":{"id":12583232253,"name":"عيادة الدكتور وائل القباطي أخصائي جراحة ومناظير الكلى والمسالك البولية وعلاج العقم","type":"clinic","category":"healthcare","subcategory":"clinic","osmType":"node","addr:city":"صنعاء","addr:street":"شارع خولان","amenity":"clinic","healthcare":"clinic","name:latin":"'yada al-dktwr wa'l al-qbaty akhsa'y jraha wmnazyr al-kla walmsalk al-bwlya w'laj al-'qm"}},{"type":"Feature","id":12583232262,"geometry":{"type":"Point","coordinates":[44.221554700000006,15.349899500000001]},"properties":{"id":12583232262,"name":"عيادة د. نديم البكير","type":"clinic","category":"healthcare","subcategory":"clinic","osmType":"node","addr:city":"صنعاء","addr:street":"شارع الرماح","amenity":"clinic","healthcare":"clinic","name:latin":"'yada d. ndym al-bkyr"}},{"type":"Feature","id":12583232263,"geometry":{"type":"Point","coordinates":[44.221710300000005,15.3519114]},"properties":{"id":12583232263,"name":"صيدليه شريان الحياة","type":"pharmacy","category":"healthcare","subcategory":"pharmacy","osmType":"node","addr:city":"صنعاء","addr:street":"شارع مسيك","amenity":"pharmacy","healthcare":"pharmacy","name:latin":"sydlyh shryan al-hyaa"}},{"type":"Feature","id":12583232264,"geometry":{"type":"Point","coordinates":[44.2211118,15.3522519]},"properties":{"id":12583232264,"name":"صيدلية الحسام","type":"pharmacy","category":"healthcare","subcategory":"pharmacy","osmType":"node","addr:city":"صنعاء","addr:street":"شارع مسيك","amenity":"pharmacy","healthcare":"pharmacy","name:latin":"sydlya al-hsam"}},{"type":"Feature","id":12583232265,"geometry":{"type":"Point","coordinates":[44.2201856,15.351936600000002]},"properties":{"id":12583232265,"name":"الصيدلية الوطنية","type":"pharmacy","category":"healthcare","subcategory":"pharmacy","osmType":"node","addr:city":"صنعاء","addr:street":"شارع مسيك","amenity":"pharmacy","healthcare":"pharmacy","name:latin":"al-sydlya al-wtnya"}},{"type":"Feature","id":12583232266,"geometry":{"type":"Point","coordinates":[44.2202842,15.352089800000002]},"properties":{"id":12583232266,"name":"صيدلية غادة","type":"pharmacy","category":"healthcare","subcategory":"pharmacy","osmType":"node","addr:city":"صنعاء","addr:street":"شارع مسيك","amenity":"pharmacy","healthcare":"pharmacy","name:latin":"sydlya ghada"}},{"type":"Feature","id":12583232267,"geometry":{"type":"Point","coordinates":[44.219976,15.351983500000001]},"properties":{"id":12583232267,"name":"صيدلية الأكرم","type":"pharmacy","category":"healthcare","subcategory":"pharmacy","osmType":"node","addr:city":"صنعاء","addr:street":"شارع مسيك","amenity":"pharmacy","healthcare":"pharmacy","name:latin":"sydlya al-akrm"}},{"type":"Feature","id":12583232268,"geometry":{"type":"Point","coordinates":[44.2201311,15.350427100000001]},"properties":{"id":12583232268,"name":"صيدلية شريان الحساة","type":"pharmacy","category":"healthcare","subcategory":"pharmacy","osmType":"node","addr:city":"صنعاء","addr:street":"شارع خولان","amenity":"pharmacy","healthcare":"pharmacy","name:latin":"sydlya shryan al-hsaa"}},{"type":"Feature","id":12583232270,"geometry":{"type":"Point","coordinates":[44.2196622,15.3503047]},"properties":{"id":12583232270,"name":"صيدلية الثورة للأدوية والمستلزمات الطبية","type":"pharmacy","category":"healthcare","subcategory":"pharmacy","osmType":"node","addr:city":"صنعاء","addr:street":"شارع خولان","amenity":"pharmacy","healthcare":"pharmacy","name:latin":"sydlya al-thwra lladwya walmstlzmat al-tbya"}},{"type":"Feature","id":12583232271,"geometry":{"type":"Point","coordinates":[44.2196921,15.350203800000001]},"properties":{"id":12583232271,"name":"صيدلية أبو هاشم للادوية","type":"pharmacy","category":"healthcare","subcategory":"pharmacy","osmType":"node","addr:city":"صنعاء","addr:street":"شارع خولان","amenity":"pharmacy","healthcare":"pharmacy","name:latin":"sydlya abw hashm lladwya"}},{"type":"Feature","id":12583232272,"geometry":{"type":"Point","coordinates":[44.219727600000006,15.350110100000002]},"properties":{"id":12583232272,"name":"صيدلية العافية للأدوية","type":"pharmacy","category":"healthcare","subcategory":"pharmacy","osmType":"node","addr:city":"صنعاء","addr:street":"شارع خولان","amenity":"pharmacy","healthcare":"pharmacy","name:latin":"sydlya al-'afya lladwya"}},{"type":"Feature","id":12583232273,"geometry":{"type":"Point","coordinates":[44.219854600000005,15.349679600000002]},"properties":{"id":12583232273,"name":"صيدلية هائل الرئيسية","type":"pharmacy","category":"healthcare","subcategory":"pharmacy","osmType":"node","addr:city":"صنعاء","addr:street":"شارع خولان","amenity":"pharmacy","healthcare":"pharmacy","name:latin":"sydlya ha'l al-r'ysya"}},{"type":"Feature","id":12583232274,"geometry":{"type":"Point","coordinates":[44.22011440000001,15.351920100000001]},"properties":{"id":12583232274,"name":"صيدلية المستشار الدوائي","type":"pharmacy","category":"healthcare","subcategory":"pharmacy","osmType":"node","addr:city":"صنعاء","addr:street":"شارع مسيك","amenity":"pharmacy","healthcare":"pharmacy","name:latin":"sydlya al-mstshar al-dwa'y"}},{"type":"Feature","id":12583232277,"geometry":{"type":"Point","coordinates":[44.1984806,15.336094000000001]},"properties":{"id":12583232277,"name":"صيدلية نيوفارمسي","type":"pharmacy","category":"healthcare","subcategory":"pharmacy","osmType":"node","addr:city":"صنعاء","addr:street":"شارع حدة","amenity":"pharmacy","healthcare":"pharmacy","name:latin":"sydlya nywfarmsy"}},{"type":"Feature","id":12583232278,"geometry":{"type":"Point","coordinates":[44.1751846,15.3348875]},"properties":{"id":12583232278,"name":"صيدلية عصام المركزية","type":"pharmacy","category":"healthcare","subcategory":"pharmacy","osmType":"node","addr:city":"صنعاء","addr:street":"شارع الستين","amenity":"pharmacy","healthcare":"pharmacy","name:latin":"sydlya 'sam al-mrkzya"}},{"type":"Feature","id":12583232279,"geometry":{"type":"Point","coordinates":[44.17550430000001,15.334881300000001]},"properties":{"id":12583232279,"name":"د. ابتسام الحاج حسن","type":"clinic","category":"healthcare","subcategory":"clinic","osmType":"node","addr:city":"صنعاء","addr:street":"شارع الستين","amenity":"clinic","healthcare":"clinic","healthcare:speciality":"dermatology;plastic_surgery","name:latin":"d. abtsam al-haj hsn"}},{"type":"Feature","id":12583232280,"geometry":{"type":"Point","coordinates":[44.1754936,15.334856400000001]},"properties":{"id":12583232280,"name":"د. خالد صالح","type":"clinic","category":"healthcare","subcategory":"clinic","osmType":"node","addr:city":"صنعاء","addr:street":"شارع الستين","amenity":"clinic","healthcare":"clinic","healthcare:speciality":"neuropsychiatry","name:latin":"d. khald salh"}},{"type":"Feature","id":12583232281,"geometry":{"type":"Point","coordinates":[44.1754807,15.334827500000001]},"properties":{"id":12583232281,"name":"د. عبدالغني علي ناشر","type":"clinic","category":"healthcare","subcategory":"clinic","osmType":"node","addr:city":"صنعاء","addr:street":"شارع الستين","amenity":"clinic","healthcare":"clinic","healthcare:speciality":"chiropractic;neuropsychiatry","name:latin":"d. 'bdalghny 'ly nashr"}},{"type":"Feature","id":12583232282,"geometry":{"type":"Point","coordinates":[44.175465700000004,15.334792300000002]},"properties":{"id":12583232282,"name":"د. نعمة علي ناشر","type":"dentist","category":"healthcare","subcategory":"dentist","osmType":"node","addr:city":"صنعاء","addr:street":"شارع الستين","amenity":"dentist","healthcare":"dentist","name:latin":"d. n'ma 'ly nashr"}},{"type":"Feature","id":12583232283,"geometry":{"type":"Point","coordinates":[44.175458600000006,15.334850900000001]},"properties":{"id":12583232283,"name":"د. محمد راوح","type":"clinic","category":"healthcare","subcategory":"clinic","osmType":"node","addr:city":"صنعاء","addr:street":"شارع الستين","amenity":"clinic","healthcare":"clinic","healthcare:speciality":"urology;fertility","name:latin":"d. mhmd rawh"}},{"type":"Feature","id":12583232284,"geometry":{"type":"Point","coordinates":[44.175403200000005,15.334804600000002]},"properties":{"id":12583232284,"name":"د. لطيفة الحاج حسن","type":"clinic","category":"healthcare","subcategory":"clinic","osmType":"node","addr:city":"صنعاء","addr:street":"شارع الستين","amenity":"clinic","healthcare":"clinic","healthcare:speciality":"paediatrics","name:latin":"d. ltyfa al-haj hsn"}},{"type":"Feature","id":12583232285,"geometry":{"type":"Point","coordinates":[44.1753797,15.334884200000001]},"properties":{"id":12583232285,"name":"د. عماد محمد النجري","type":"clinic","category":"healthcare","subcategory":"clinic","osmType":"node","addr:city":"صنعاء","addr:street":"شارع الستين","amenity":"clinic","healthcare":"clinic","healthcare:speciality":"neurology;chiropractic","name:latin":"d. 'mad mhmd al-njry"}},{"type":"Feature","id":12583232286,"geometry":{"type":"Point","coordinates":[44.175458600000006,15.334770100000002]},"properties":{"id":12583232286,"name":"صيدلية أطباء الريادة","type":"pharmacy","category":"healthcare","subcategory":"pharmacy","osmType":"node","addr:city":"صنعاء","addr:street":"شارع الستين","amenity":"pharmacy","healthcare":"pharmacy","name:latin":"sydlya atba' al-ryada"}},{"type":"Feature","id":12583232287,"geometry":{"type":"Point","coordinates":[44.175429,15.334782]},"properties":{"id":12583232287,"name":"مختبرات أطباء الريادة","type":"laboratory","category":"healthcare","subcategory":"other","osmType":"node","addr:city":"صنعاء","addr:street":"شارع الستين","healthcare":"laboratory","name:latin":"mkhtbrat atba' al-ryada"}},{"type":"Feature","id":12583232288,"geometry":{"type":"Point","coordinates":[44.1753797,15.3348153]},"properties":{"id":12583232288,"name":"د. أحلام علي الشريف","type":"clinic","category":"healthcare","subcategory":"clinic","osmType":"node","addr:city":"صنعاء","addr:street":"شارع الستين","amenity":"clinic","healthcare":"clinic","healthcare:speciality":"internal;cardiology;diabetology","name:latin":"d. ahlam 'ly al-shryf"}},{"type":"Feature","id":12583232289,"geometry":{"type":"Point","coordinates":[44.175353900000005,15.334824800000002]},"properties":{"id":12583232289,"name":"د. أحمد عبدالجيار الأهدل","type":"clinic","category":"healthcare","subcategory":"clinic","osmType":"node","addr:city":"صنعاء","addr:street":"شارع الستين","amenity":"clinic","healthcare":"clinic","healthcare:speciality":"surgery","name:latin":"d. ahmd 'bdaljyar al-ahdl"}},{"type":"Feature","id":12583232290,"geometry":{"type":"Point","coordinates":[44.175320600000006,15.3348355]},"properties":{"id":12583232290,"name":"د. عبدالرقيب شجاع الدين","type":"clinic","category":"healthcare","subcategory":"clinic","osmType":"node","addr:city":"صنعاء","addr:street":"شارع الستين","amenity":"clinic","healthcare":"clinic","healthcare:speciality":"osteopathy","name:latin":"d. 'bdalrqyb shja' al-dyn"}},{"type":"Feature","id":12583232291,"geometry":{"type":"Point","coordinates":[44.17528110000001,15.334855700000002]},"properties":{"id":12583232291,"name":"د. نورة قاسم الصغير","type":"clinic","category":"healthcare","subcategory":"clinic","osmType":"node","addr:city":"صنعاء","addr:street":"شارع الستين","amenity":"clinic","healthcare":"clinic","healthcare:speciality":"cardiology;cardiothoracic_surgery","name:latin":"d. nwra qasm al-sghyr"}},{"type":"Feature","id":12583232292,"geometry":{"type":"Point","coordinates":[44.17541430000001,15.334874700000002]},"properties":{"id":12583232292,"name":"د. صبري سرحان","type":"clinic","category":"healthcare","subcategory":"clinic","osmType":"node","addr:city":"صنعاء","addr:street":"شارع الستين","amenity":"clinic","healthcare":"clinic","healthcare:speciality":"plastic_surgery","name:latin":"d. sbry srhan"}},{"type":"Feature","id":12583232293,"geometry":{"type":"Point","coordinates":[44.1753465,15.334904400000001]},"properties":{"id":12583232293,"name":"د. باسم سلطان المقطري","type":"clinic","category":"healthcare","subcategory":"clinic","osmType":"node","addr:city":"صنعاء","addr:street":"شارع الستين","amenity":"clinic","healthcare":"clinic","healthcare:speciality":"osteopathy","name:latin":"d. basm sltan al-mqtry"}},{"type":"Feature","id":12583232294,"geometry":{"type":"Point","coordinates":[44.175304600000004,15.334910400000002]},"properties":{"id":12583232294,"name":"د. محمد يحيى الجدري","type":"clinic","category":"healthcare","subcategory":"clinic","osmType":"node","amenity":"clinic","healthcare":"clinic","healthcare:speciality":"internal;endocrinology;diabetology","name:latin":"d. mhmd yhya al-jdry"}},{"type":"Feature","id":12583232295,"geometry":{"type":"Point","coordinates":[44.17546230000001,15.334909200000002]},"properties":{"id":12583232295,"name":"د. ابتسام البناء","type":"clinic","category":"healthcare","subcategory":"clinic","osmType":"node","addr:city":"صنعاء","addr:street":"شارع الستين","amenity":"clinic","healthcare":"clinic","healthcare:speciality":"gynaecology","name:latin":"d. abtsam al-bna'"}},{"type":"Feature","id":12583232296,"geometry":{"type":"Point","coordinates":[44.17504580000001,15.334917500000001]},"properties":{"id":12583232296,"name":"بيت القلب  اليمني","type":"clinic","category":"healthcare","subcategory":"clinic","osmType":"node","addr:city":"صنعاء","addr:street":"شارع الستين","amenity":"clinic","healthcare":"clinic","name:latin":"byt al-qlb al-ymny"}},{"type":"Feature","id":12583232906,"geometry":{"type":"Point","coordinates":[44.2130646,15.362630600000001]},"properties":{"id":12583232906,"name":"صيدلية وتين","type":"pharmacy","category":"healthcare","subcategory":"pharmacy","osmType":"node","addr:city":"صنعاء","amenity":"pharmacy","healthcare":"pharmacy","name:latin":"sydlya wtyn"}},{"type":"Feature","id":12583232907,"geometry":{"type":"Point","coordinates":[44.213276900000004,15.3625842]},"properties":{"id":12583232907,"name":"صيدلية مركز القلب للأدوية","type":"pharmacy","category":"healthcare","subcategory":"pharmacy","osmType":"node","addr:city":"صنعاء","amenity":"pharmacy","healthcare":"pharmacy","name:latin":"sydlya mrkz al-qlb lladwya"}},{"type":"Feature","id":12583232909,"geometry":{"type":"Point","coordinates":[44.212853300000006,15.281687100000001]},"properties":{"id":12583232909,"name":"برج ياس الطبي","type":"clinic","category":"healthcare","subcategory":"clinic","osmType":"node","addr:city":"صنعاء","addr:street":"شارع الخمسين","amenity":"clinic","healthcare":"clinic","name:latin":"brj yas al-tby"}},{"type":"Feature","id":12583232910,"geometry":{"type":"Point","coordinates":[44.212886600000004,15.281594300000002]},"properties":{"id":12583232910,"name":"صيدلية برج ياس","type":"pharmacy","category":"healthcare","subcategory":"pharmacy","osmType":"node","addr:city":"صنعاء","addr:street":"شارع الخمسين","amenity":"pharmacy","healthcare":"pharmacy","name:latin":"sydlya brj yas"}},{"type":"Feature","id":12583232920,"geometry":{"type":"Point","coordinates":[44.2137156,15.2812166]},"properties":{"id":12583232920,"name":"عيادة لول للعناية بالاسنان","type":"dentist","category":"healthcare","subcategory":"dentist","osmType":"node","addr:city":"صنعاء","addr:street":"شارع الخمسين","amenity":"dentist","healthcare":"dentist","name:latin":"'yada lwl ll'naya balasnan"}},{"type":"Feature","id":12583232922,"geometry":{"type":"Point","coordinates":[44.2157819,15.280563100000002]},"properties":{"id":12583232922,"name":"مركز د/ كاترين عبدالقاهر الرباصي","type":"clinic","category":"healthcare","subcategory":"clinic","osmType":"node","addr:city":"صنعاء","addr:street":"شارع الخمسين","amenity":"clinic","healthcare":"clinic","name:latin":"mrkz d/ katryn 'bdalqahr al-rbasy"}},{"type":"Feature","id":12583232924,"geometry":{"type":"Point","coordinates":[44.214861600000006,15.280493600000002]},"properties":{"id":12583232924,"name":"صيدلية سمارت فارما","type":"pharmacy","category":"healthcare","subcategory":"pharmacy","osmType":"node","addr:city":"صنعاء","addr:street":"شارع الخمسين","amenity":"pharmacy","healthcare":"pharmacy","name:latin":"sydlya smart farma"}},{"type":"Feature","id":12583232925,"geometry":{"type":"Point","coordinates":[44.21477170000001,15.280458800000002]},"properties":{"id":12583232925,"name":"مركز النخبة الطبي","type":"clinic","category":"healthcare","subcategory":"clinic","osmType":"node","addr:city":"صنعاء","addr:street":"شارع الخمسين","amenity":"clinic","healthcare":"clinic","name:latin":"mrkz al-nkhba al-tby"}},{"type":"Feature","id":12583232927,"geometry":{"type":"Point","coordinates":[44.2172423,15.279599600000001]},"properties":{"id":12583232927,"name":"صيدلية الوليد فارما","type":"pharmacy","category":"healthcare","subcategory":"pharmacy","osmType":"node","addr:city":"صنعاء","addr:street":"شارع الخمسين","amenity":"pharmacy","healthcare":"pharmacy","name:latin":"sydlya al-wlyd farma"}},{"type":"Feature","id":12583232928,"geometry":{"type":"Point","coordinates":[44.21728220000001,15.278993700000001]},"properties":{"id":12583232928,"name":"عالم الصيدلة","type":"pharmacy","category":"healthcare","subcategory":"pharmacy","osmType":"node","addr:city":"صنعاء","addr:street":"شارع الخمسين","amenity":"pharmacy","healthcare":"pharmacy","name:latin":"'alm al-sydla"}},{"type":"Feature","id":12583232929,"geometry":{"type":"Point","coordinates":[44.219717700000004,15.2787003]},"properties":{"id":12583232929,"name":"صيدلية جرين كيور فارما","type":"pharmacy","category":"healthcare","subcategory":"pharmacy","osmType":"node","addr:city":"صنعاء","addr:street":"شارع الأربعين","amenity":"pharmacy","healthcare":"pharmacy","name:latin":"sydlya jryn kywr farma"}},{"type":"Feature","id":12583232930,"geometry":{"type":"Point","coordinates":[44.219799800000004,15.279000700000001]},"properties":{"id":12583232930,"name":"صيدلية ريفيكو","type":"pharmacy","category":"healthcare","subcategory":"pharmacy","osmType":"node","addr:city":"صنعاء","addr:street":"شارع الأربعين","amenity":"pharmacy","healthcare":"pharmacy","name:latin":"sydlya ryfykw"}},{"type":"Feature","id":12583232931,"geometry":{"type":"Point","coordinates":[44.2201084,15.278809500000001]},"properties":{"id":12583232931,"name":"د. محمد أمين القباطي","type":"clinic","category":"healthcare","subcategory":"clinic","osmType":"node","addr:city":"صنعاء","addr:street":"شارع الأربعين","amenity":"clinic","healthcare":"clinic","healthcare:speciality":"dental_oral_maxillo_facial_surgery","name:latin":"d. mhmd amyn al-qbaty"}},{"type":"Feature","id":12583232934,"geometry":{"type":"Point","coordinates":[44.220768400000004,15.288843400000001]},"properties":{"id":12583232934,"name":"صيدلية الشروق 2","type":"pharmacy","category":"healthcare","subcategory":"pharmacy","osmType":"node","addr:city":"صنعاء","addr:street":"شارع الأربعين","amenity":"pharmacy","healthcare":"pharmacy","name:latin":"sydlya al-shrwq 2"}},{"type":"Feature","id":12583232935,"geometry":{"type":"Point","coordinates":[44.200577900000006,15.304498700000002]},"properties":{"id":12583232935,"name":"صيدلية الشروق 3","type":"pharmacy","category":"healthcare","subcategory":"pharmacy","osmType":"node","addr:city":"صنعاء","addr:street":"شارع بيروت","amenity":"pharmacy","healthcare":"pharmacy","name:latin":"sydlya al-shrwq 3"}},{"type":"Feature","id":12583232936,"geometry":{"type":"Point","coordinates":[44.19491910000001,15.3017508]},"properties":{"id":12583232936,"name":"مركز الراحة للعلاج الطبيعي والتأهيل الطبي","type":"physiotherapist","category":"healthcare","subcategory":"other","osmType":"node","addr:city":"صنعاء","addr:street":"شارع صفر","healthcare":"physiotherapist","name:latin":"mrkz al-raha ll'laj al-tby'y waltahyl al-tby"}},{"type":"Feature","id":12583232938,"geometry":{"type":"Point","coordinates":[44.1941508,15.344662800000002]},"properties":{"id":12583232938,"name":"صيدلية الشروق 4","type":"pharmacy","category":"healthcare","subcategory":"pharmacy","osmType":"node","addr:city":"صنعاء","addr:street":"شارع الزبيري","amenity":"pharmacy","healthcare":"pharmacy","name:latin":"sydlya al-shrwq 4"}},{"type":"Feature","id":12583232939,"geometry":{"type":"Point","coordinates":[44.1939319,15.3446542]},"properties":{"id":12583232939,"name":"صيدلية الصفوة","type":"pharmacy","category":"healthcare","subcategory":"pharmacy","osmType":"node","addr:city":"صنعاء","addr:street":"شارع الزبيري","amenity":"pharmacy","healthcare":"pharmacy","name:latin":"sydlya al-sfwa"}},{"type":"Feature","id":12583232940,"geometry":{"type":"Point","coordinates":[44.19937290000001,15.369781300000001]},"properties":{"id":12583232940,"name":"صيدلية الشروق","type":"pharmacy","category":"healthcare","subcategory":"pharmacy","osmType":"node","addr:city":"صنعاء","addr:street":"شارع القاهرة","amenity":"pharmacy","healthcare":"pharmacy","name:latin":"sydlya al-shrwq"}},{"type":"Feature","id":12583232942,"geometry":{"type":"Point","coordinates":[44.2059082,15.3499358]},"properties":{"id":12583232942,"name":"صيدلية الشروق (جملة)","type":"pharmacy","category":"healthcare","subcategory":"pharmacy","osmType":"node","addr:city":"صنعاء","addr:street":"جسر الصداقة","amenity":"pharmacy","healthcare":"pharmacy","name:latin":"sydlya al-shrwq (jmla)"}},{"type":"Feature","id":12583232943,"geometry":{"type":"Point","coordinates":[44.205721000000004,15.350237900000002]},"properties":{"id":12583232943,"name":"دنيا فارما للأدوية والمستلزمات الطبية","type":"pharmacy","category":"healthcare","subcategory":"pharmacy","osmType":"node","addr:city":"صنعاء","addr:street":"جسر الصداقة","amenity":"pharmacy","healthcare":"pharmacy","name:latin":"dnya farma lladwya walmstlzmat al-tbya"}},{"type":"Feature","id":12583232944,"geometry":{"type":"Point","coordinates":[44.2058837,15.350432300000001]},"properties":{"id":12583232944,"name":"الحبيب للأدوية والمستلزمات الطبية","type":"pharmacy","category":"healthcare","subcategory":"pharmacy","osmType":"node","addr:city":"صنعاء","addr:street":"جسر الصداقة","amenity":"pharmacy","healthcare":"pharmacy","name:latin":"al-hbyb lladwya walmstlzmat al-tbya"}},{"type":"Feature","id":12583232945,"geometry":{"type":"Point","coordinates":[44.205870600000004,15.350636200000002]},"properties":{"id":12583232945,"name":"المجد فارما للادوية والمستلزمات الطبية","type":"pharmacy","category":"healthcare","subcategory":"pharmacy","osmType":"node","addr:city":"صنعاء","addr:street":"جسر الصداقة","amenity":"pharmacy","healthcare":"pharmacy","name:latin":"al-mjd farma lladwya walmstlzmat al-tbya"}},{"type":"Feature","id":12583232947,"geometry":{"type":"Point","coordinates":[44.205620200000006,15.350079400000002]},"properties":{"id":12583232947,"name":"محلات الصانع للأدوية والمستلزمات الطبية (جملة)","type":"pharmacy","category":"healthcare","subcategory":"pharmacy","osmType":"node","amenity":"pharmacy","healthcare":"pharmacy","name:latin":"mhlat al-san' lladwya walmstlzmat al-tbya (jmla)"}},{"type":"Feature","id":12583232948,"geometry":{"type":"Point","coordinates":[44.20529620000001,15.349983900000002]},"properties":{"id":12583232948,"name":"مجموعة هيلان للأدوية والمستلزمات الطبية","type":"pharmacy","category":"healthcare","subcategory":"pharmacy","osmType":"node","addr:city":"صنعاء","addr:street":"جسر الصداقة","amenity":"pharmacy","healthcare":"pharmacy","name:latin":"mjmw'a hylan lladwya walmstlzmat al-tbya"}},{"type":"Feature","id":12583232950,"geometry":{"type":"Point","coordinates":[44.2042001,15.349709500000001]},"properties":{"id":12583232950,"name":"تكنو هيلث للأدوية والمستلزمات الطبية","type":"pharmacy","category":"healthcare","subcategory":"pharmacy","osmType":"node","addr:city":"صنعاء","addr:street":"شارع القصر","amenity":"pharmacy","healthcare":"pharmacy","name:latin":"tknw hylth lladwya walmstlzmat al-tbya"}},{"type":"Feature","id":12584732524,"geometry":{"type":"Point","coordinates":[44.1732645,15.340025200000001]},"properties":{"id":12584732524,"name":"صيدلية بيتر لايف","type":"pharmacy","category":"healthcare","subcategory":"pharmacy","osmType":"node","addr:city":"صنعاء","addr:street":"شارع الزبيري","amenity":"pharmacy","healthcare":"pharmacy","name:latin":"sydlya bytr layf"}},{"type":"Feature","id":12584732530,"geometry":{"type":"Point","coordinates":[44.198318400000005,15.328087900000002]},"properties":{"id":12584732530,"name":"مركز الدكتورة رضا الميتمي","type":"clinic","category":"healthcare","subcategory":"clinic","osmType":"node","addr:city":"صنعاء","addr:street":"شارع جيبوتي","amenity":"clinic","healthcare":"clinic","name:latin":"mrkz al-dktwra rda al-mytmy"}},{"type":"Feature","id":12584732533,"geometry":{"type":"Point","coordinates":[44.1981419,15.327745900000002]},"properties":{"id":12584732533,"name":"العيادة الاستشارية لجراحة المخ والأعصاب والعمود الفقري","type":"clinic","category":"healthcare","subcategory":"clinic","osmType":"node","addr:city":"صنعاء","addr:street":"شارع بن معمر","amenity":"clinic","healthcare":"clinic","name:latin":"al-'yada al-astsharya ljraha al-mkh wala'sab wal'mwd al-fqry"}},{"type":"Feature","id":12587743568,"geometry":{"type":"Point","coordinates":[44.1914938,15.330692800000001]},"properties":{"id":12587743568,"name":"عيادة ومختبرات الثقة الطبية 4","type":"clinic","category":"healthcare","subcategory":"clinic","osmType":"node","addr:city":"صنعاء","addr:street":"شارع خولة","amenity":"clinic","healthcare":"clinic","name:latin":"'yada wmkhtbrat al-thqa al-tbya 4"}},{"type":"Feature","id":12587743574,"geometry":{"type":"Point","coordinates":[44.18918970000001,15.328165100000001]},"properties":{"id":12587743574,"name":"مجمع كلودي فايان الطبي","type":"clinic","category":"healthcare","subcategory":"clinic","osmType":"node","addr:city":"صنعاء","addr:street":"شارع عمان","amenity":"clinic","healthcare":"clinic","name:latin":"mjm' klwdy fayan al-tby"}},{"type":"Feature","id":12587743583,"geometry":{"type":"Point","coordinates":[44.187176900000004,15.360392800000001]},"properties":{"id":12587743583,"name":"صيدلية الأرض الخضراء","type":"pharmacy","category":"healthcare","subcategory":"pharmacy","osmType":"node","addr:city":"صنعاء","addr:street":"شارع الرباط","amenity":"pharmacy","healthcare":"pharmacy","name:latin":"sydlya al-ard al-khdra'"}},{"type":"Feature","id":12587743586,"geometry":{"type":"Point","coordinates":[44.2042592,15.380013300000002]},"properties":{"id":12587743586,"name":"مركز الترياق الطبي","type":"clinic","category":"healthcare","subcategory":"clinic","osmType":"node","addr:city":"صنعاء","addr:street":"شارع الصحة","amenity":"clinic","healthcare":"clinic","name:latin":"mrkz al-tryaq al-tby"}},{"type":"Feature","id":12587743588,"geometry":{"type":"Point","coordinates":[44.2046411,15.379882900000002]},"properties":{"id":12587743588,"name":"عيادة الشفاء الطبية","type":"clinic","category":"healthcare","subcategory":"clinic","osmType":"node","addr:city":"صنعاء","addr:street":"شارع الصحة","amenity":"clinic","healthcare":"clinic","name:latin":"'yada al-shfa' al-tbya"}},{"type":"Feature","id":12587760505,"geometry":{"type":"Point","coordinates":[44.2017748,15.3643049]},"properties":{"id":12587760505,"name":"صيدلية نسمات الشفاء","type":"pharmacy","category":"healthcare","subcategory":"pharmacy","osmType":"node","addr:city":"صنعاء","addr:street":"شارع تونس","amenity":"pharmacy","healthcare":"pharmacy","name:latin":"sydlya nsmat al-shfa'"}},{"type":"Feature","id":12590515893,"geometry":{"type":"Point","coordinates":[44.202964,15.400954200000001]},"properties":{"id":12590515893,"name":"صيدلية المغرب","type":"pharmacy","category":"healthcare","subcategory":"pharmacy","osmType":"node","addr:street":"شارع التلفزيون","amenity":"pharmacy","healthcare":"pharmacy","name:latin":"sydlya al-mghrb"}},{"type":"Feature","id":12590567414,"geometry":{"type":"Point","coordinates":[44.203031,15.400814000000002]},"properties":{"id":12590567414,"name":"صيدلية العاصمة","type":"pharmacy","category":"healthcare","subcategory":"pharmacy","osmType":"node","addr:street":"شارع التلفزيون","amenity":"pharmacy","healthcare":"pharmacy","name:latin":"sydlya al-'asma"}},{"type":"Feature","id":12590567415,"geometry":{"type":"Point","coordinates":[44.199820100000004,15.3257159]},"properties":{"id":12590567415,"name":"مركز الدكتور خالد معصار التخصصي","type":"clinic","category":"healthcare","subcategory":"clinic","osmType":"node","amenity":"clinic","name:latin":"mrkz al-dktwr khald m'sar al-tkhssy"}},{"type":"Feature","id":12593383593,"geometry":{"type":"Point","coordinates":[44.225205100000004,15.301761400000002]},"properties":{"id":12593383593,"name":"صيدلية التهامي","type":"pharmacy","category":"healthcare","subcategory":"pharmacy","osmType":"node","addr:city":"صنعاء","addr:street":"شارع بينون","amenity":"pharmacy","healthcare":"pharmacy","name:latin":"sydlya al-thamy"}},{"type":"Feature","id":12593417408,"geometry":{"type":"Point","coordinates":[44.2308334,15.386053600000002]},"properties":{"id":12593417408,"name":"مستشفى المتحدون","type":"hospital","category":"healthcare","subcategory":"hospital","osmType":"node","addr:city":"صنعاء","addr:street":"شارع النصر","amenity":"hospital","healthcare":"hospital","name:latin":"mstshfa al-mthdwn"}},{"type":"Feature","id":12593417410,"geometry":{"type":"Point","coordinates":[44.230007300000004,15.385039800000001]},"properties":{"id":12593417410,"name":"صيدلية مركز النصر","type":"pharmacy","category":"healthcare","subcategory":"pharmacy","osmType":"node","addr:city":"صنعاء","addr:street":"شارع النصر","amenity":"pharmacy","healthcare":"pharmacy","name:latin":"sydlya mrkz al-nsr"}},{"type":"Feature","id":12593417416,"geometry":{"type":"Point","coordinates":[44.2311829,15.380399]},"properties":{"id":12593417416,"name":"صيدلية التفاح الأخضر بلاس","type":"pharmacy","category":"healthcare","subcategory":"pharmacy","osmType":"node","addr:city":"صنعاء","addr:street":"شارع النصر","amenity":"pharmacy","healthcare":"pharmacy","name:latin":"sydlya al-tfah al-akhdr blas"}},{"type":"Feature","id":12593417420,"geometry":{"type":"Point","coordinates":[44.20572550000001,15.376795200000002]},"properties":{"id":12593417420,"name":"مستشفى الصحاب التخصصي","type":"hospital","category":"healthcare","subcategory":"hospital","osmType":"node","amenity":"hospital","healthcare":"hospital","name:latin":"mstshfa al-shab al-tkhssy"}},{"type":"Feature","id":12593417421,"geometry":{"type":"Point","coordinates":[44.205772200000006,15.376843800000001]},"properties":{"id":12593417421,"name":"صيدلية ابن النفيس","type":"pharmacy","category":"healthcare","subcategory":"pharmacy","osmType":"node","amenity":"pharmacy","healthcare":"pharmacy","name:latin":"sydlya abn al-nfys"}},{"type":"Feature","id":12593417422,"geometry":{"type":"Point","coordinates":[44.205843200000004,15.376858200000001]},"properties":{"id":12593417422,"name":"صيدلية التعاون","type":"pharmacy","category":"healthcare","subcategory":"pharmacy","osmType":"node","amenity":"pharmacy","healthcare":"pharmacy","name:latin":"sydlya al-t'awn"}},{"type":"Feature","id":12593417425,"geometry":{"type":"Point","coordinates":[44.2058339,15.377710100000002]},"properties":{"id":12593417425,"name":"مركز الأمين التخصصي","type":"clinic","category":"healthcare","subcategory":"clinic","osmType":"node","addr:city":"صنعاء","addr:street":"شارع القيادة","amenity":"clinic","healthcare":"clinic","name:latin":"mrkz al-amyn al-tkhssy"}},{"type":"Feature","id":12593417426,"geometry":{"type":"Point","coordinates":[44.234118300000006,15.377350600000002]},"properties":{"id":12593417426,"name":"المستشفى التخصصي للأمومة الآمنة","type":"hospital","category":"healthcare","subcategory":"hospital","osmType":"node","amenity":"hospital","emergency":"yes","healthcare":"hospital","phone":"01301000","name:latin":"al-mstshfa al-tkhssy llamwma al-amna"}},{"type":"Feature","id":12593417429,"geometry":{"type":"Point","coordinates":[44.1751141,15.356934100000002]},"properties":{"id":12593417429,"name":"صيدلية وصفة للأدوية والمستلزمات الطبية","type":"pharmacy","category":"healthcare","subcategory":"pharmacy","osmType":"node","addr:city":"صنعاء","addr:street":"شارع الستين","amenity":"pharmacy","healthcare":"pharmacy","name:latin":"sydlya wsfa lladwya walmstlzmat al-tbya"}},{"type":"Feature","id":12593417431,"geometry":{"type":"Point","coordinates":[44.174708800000005,15.356368100000001]},"properties":{"id":12593417431,"name":"صيدلية الستين المركزية","type":"pharmacy","category":"healthcare","subcategory":"pharmacy","osmType":"node","addr:city":"صنعاء","addr:street":"شارع الستين","amenity":"pharmacy","healthcare":"pharmacy","name:latin":"sydlya al-styn al-mrkzya"}},{"type":"Feature","id":12593417438,"geometry":{"type":"Point","coordinates":[44.175058500000006,15.355872500000002]},"properties":{"id":12593417438,"name":"مركز اخصائيون للعلاج الطبيعي","type":"physiotherapist","category":"healthcare","subcategory":"other","osmType":"node","addr:city":"صنعاء","addr:street":"شارع الستين","healthcare":"physiotherapist","name:latin":"mrkz akhsa'ywn ll'laj al-tby'y"}},{"type":"Feature","id":12593417439,"geometry":{"type":"Point","coordinates":[44.174816400000005,15.355852100000002]},"properties":{"id":12593417439,"name":"ملك الابتسامه لجراحة الفك والأسنان","type":"dentist","category":"healthcare","subcategory":"dentist","osmType":"node","addr:city":"صنعاء","addr:street":"شارع الستين","amenity":"dentist","healthcare":"dentist","name:latin":"mlk al-abtsamh ljraha al-fk walasnan"}},{"type":"Feature","id":12593417440,"geometry":{"type":"Point","coordinates":[44.175183000000004,15.357245100000002]},"properties":{"id":12593417440,"name":"صيدلية عصام المركزية","type":"pharmacy","category":"healthcare","subcategory":"pharmacy","osmType":"node","addr:city":"صنعاء","addr:street":"شارع الستين","amenity":"pharmacy","healthcare":"pharmacy","name:latin":"sydlya 'sam al-mrkzya"}},{"type":"Feature","id":12599361322,"geometry":{"type":"Point","coordinates":[44.200681800000005,15.401727700000002]},"properties":{"id":12599361322,"name":"عيادة الرعاية التكاملية","type":"clinic","category":"healthcare","subcategory":"clinic","osmType":"node","addr:city":"صنعاء","addr:street":"شارع التلفزيون","amenity":"clinic","healthcare":"clinic","name:latin":"'yada al-r'aya al-tkamlya"}},{"type":"Feature","id":12599361323,"geometry":{"type":"Point","coordinates":[44.1954956,15.309241100000001]},"properties":{"id":12599361323,"name":"صيدلية صحتي كير","type":"pharmacy","category":"healthcare","subcategory":"pharmacy","osmType":"node","amenity":"pharmacy","healthcare":"pharmacy","name:latin":"sydlya shty kyr"}},{"type":"Feature","id":12599361324,"geometry":{"type":"Point","coordinates":[44.19537450000001,15.309380500000001]},"properties":{"id":12599361324,"name":"مركز سكري التخصصي","type":"clinic","category":"healthcare","subcategory":"clinic","osmType":"node","amenity":"clinic","healthcare":"clinic","name:latin":"mrkz skry al-tkhssy"}},{"type":"Feature","id":12599361325,"geometry":{"type":"Point","coordinates":[44.1949745,15.307891600000001]},"properties":{"id":12599361325,"name":"صيدلية الثور 6","type":"pharmacy","category":"healthcare","subcategory":"pharmacy","osmType":"node","addr:city":"صنعاء","addr:street":"شارع بيروت","amenity":"pharmacy","healthcare":"pharmacy","name:latin":"sydlya al-thwr 6"}},{"type":"Feature","id":12599361326,"geometry":{"type":"Point","coordinates":[44.1954744,15.307753600000002]},"properties":{"id":12599361326,"name":"صيدلي التسامي","type":"pharmacy","category":"healthcare","subcategory":"pharmacy","osmType":"node","addr:city":"صنعاء","addr:street":"شارع بيروت","amenity":"pharmacy","healthcare":"pharmacy","name:latin":"sydly al-tsamy"}},{"type":"Feature","id":12599361351,"geometry":{"type":"Point","coordinates":[44.190958200000004,15.3081276]},"properties":{"id":12599361351,"name":"صيدلية الحصن","type":"pharmacy","category":"healthcare","subcategory":"pharmacy","osmType":"node","addr:city":"صنعاء","addr:street":"شارع حدة","amenity":"pharmacy","healthcare":"pharmacy","name:latin":"sydlya al-hsn"}},{"type":"Feature","id":12599361353,"geometry":{"type":"Point","coordinates":[44.188674600000006,15.307007800000001]},"properties":{"id":12599361353,"name":"عيادة اللمسة المثالية لطب الأسنان","type":"dentist","category":"healthcare","subcategory":"dentist","osmType":"node","addr:city":"صنعاء","addr:street":"شارع حدة","amenity":"dentist","healthcare":"dentist","name:latin":"'yada al-lmsa al-mthalya ltb al-asnan"}},{"type":"Feature","id":12615178615,"geometry":{"type":"Point","coordinates":[44.2448131,15.280672400000002]},"properties":{"id":12615178615,"name":"الصيدلية الذهبية","type":"pharmacy","category":"healthcare","subcategory":"pharmacy","osmType":"node","amenity":"pharmacy","name:latin":"al-sydlya al-dhhbya"}},{"type":"Feature","id":12615182066,"geometry":{"type":"Point","coordinates":[44.1896896,15.3443432]},"properties":{"id":12615182066,"name":"صيدلية الزبير","type":"pharmacy","category":"healthcare","subcategory":"pharmacy","osmType":"node","amenity":"pharmacy","healthcare":"pharmacy","name:latin":"sydlya al-zbyr"}},{"type":"Feature","id":12615184446,"geometry":{"type":"Point","coordinates":[44.179351800000006,15.342913600000001]},"properties":{"id":12615184446,"name":"صيدلية ترست","type":"pharmacy","category":"healthcare","subcategory":"pharmacy","osmType":"node","amenity":"pharmacy","name:latin":"sydlya trst"}},{"type":"Feature","id":12615851276,"geometry":{"type":"Point","coordinates":[44.180172000000006,15.342143100000001]},"properties":{"id":12615851276,"name":"صيدلية غصن الدواء","type":"pharmacy","category":"healthcare","subcategory":"pharmacy","osmType":"node","amenity":"pharmacy","name:latin":"sydlya ghsn al-dwa'"}},{"type":"Feature","id":12615873686,"geometry":{"type":"Point","coordinates":[44.1802216,15.341277100000001]},"properties":{"id":12615873686,"name":"صيدلية قطر الدواء","type":"pharmacy","category":"healthcare","subcategory":"pharmacy","osmType":"node","amenity":"pharmacy","name:latin":"sydlya qtr al-dwa'"}},{"type":"Feature","id":12615894256,"geometry":{"type":"Point","coordinates":[44.18482590000001,15.335681000000001]},"properties":{"id":12615894256,"name":"مستشفى الجزائر التخصصي","type":"hospital","category":"healthcare","subcategory":"hospital","osmType":"node","amenity":"hospital","name:latin":"mstshfa al-jza'r al-tkhssy"}},{"type":"Feature","id":12615918966,"geometry":{"type":"Point","coordinates":[44.1799164,15.341235200000002]},"properties":{"id":12615918966,"name":"صيدلية كيدز فارما","type":"pharmacy","category":"healthcare","subcategory":"pharmacy","osmType":"node","amenity":"pharmacy","name:latin":"sydlya kydz farma"}},{"type":"Feature","id":12617910342,"geometry":{"type":"Point","coordinates":[44.210361500000005,15.336649900000001]},"properties":{"id":12617910342,"name":"المركز الطبي العراقي","type":"clinic","category":"healthcare","subcategory":"clinic","osmType":"node","amenity":"clinic","name:latin":"al-mrkz al-tby al-'raqy"}},{"type":"Feature","id":12617939120,"geometry":{"type":"Point","coordinates":[44.2200191,15.328993700000002]},"properties":{"id":12617939120,"name":"مركز نبض التخصصي لأمراض القلب والأوعية الدموية","type":"clinic","category":"healthcare","subcategory":"clinic","osmType":"node","amenity":"clinic","healthcare":"clinic","name:latin":"mrkz nbd al-tkhssy lamrad al-qlb walaw'ya al-dmwya"}},{"type":"Feature","id":12617945780,"geometry":{"type":"Point","coordinates":[44.2170926,15.3358912]},"properties":{"id":12617945780,"name":"صيدلية بسمة","type":"pharmacy","category":"healthcare","subcategory":"pharmacy","osmType":"node","amenity":"pharmacy","name:latin":"sydlya bsma"}},{"type":"Feature","id":12617945781,"geometry":{"type":"Point","coordinates":[44.2171822,15.336197900000002]},"properties":{"id":12617945781,"name":"مرکز د. خالد الأغبري لأمراض\nالباطنية والقلب","type":"clinic","category":"healthcare","subcategory":"clinic","osmType":"node","amenity":"clinic","name:latin":"mrکz d. khald al-aghbry lamrad al-batnya walqlb"}},{"type":"Feature","id":12617954827,"geometry":{"type":"Point","coordinates":[44.217323300000004,15.335909800000001]},"properties":{"id":12617954827,"name":"صيدلية ديما فارما","type":"pharmacy","category":"healthcare","subcategory":"pharmacy","osmType":"node","amenity":"pharmacy","name:latin":"sydlya dyma farma"}},{"type":"Feature","id":12617954828,"geometry":{"type":"Point","coordinates":[44.216956700000004,15.3361657]},"properties":{"id":12617954828,"name":"عيادة د. محمد الظفري","type":"clinic","category":"healthcare","subcategory":"clinic","osmType":"node","amenity":"clinic","name:latin":"'yada d. mhmd al-zfry"}},{"type":"Feature","id":12617954829,"geometry":{"type":"Point","coordinates":[44.203903200000006,15.3408127]},"properties":{"id":12617954829,"name":"مركز الخمسين الطبي التشخيصي","type":"clinic","category":"healthcare","subcategory":"clinic","osmType":"node","amenity":"clinic","name:latin":"mrkz al-khmsyn al-tby al-tshkhysy"}},{"type":"Feature","id":12617955785,"geometry":{"type":"Point","coordinates":[44.220933300000006,15.286150200000002]},"properties":{"id":12617955785,"name":"مركز صناع الابتسامة","type":"dentist","category":"healthcare","subcategory":"dentist","osmType":"node","amenity":"dentist","name:latin":"mrkz sna' al-abtsama"}},{"type":"Feature","id":12617956403,"geometry":{"type":"Point","coordinates":[44.221183800000006,15.2860451]},"properties":{"id":12617956403,"name":"برج الطبيب الدولي","type":"clinic","category":"healthcare","subcategory":"clinic","osmType":"node","addr:city":"صنعاء","addr:street":"شارع الحربي","amenity":"clinic","healthcare":"clinic","name:latin":"brj al-tbyb al-dwly"}},{"type":"Feature","id":12617957619,"geometry":{"type":"Point","coordinates":[44.217112300000004,15.336179800000002]},"properties":{"id":12617957619,"name":"صيدلية ميرا فارما","type":"pharmacy","category":"healthcare","subcategory":"pharmacy","osmType":"node","amenity":"pharmacy","name:latin":"sydlya myra farma"}},{"type":"Feature","id":12621500010,"geometry":{"type":"Point","coordinates":[44.22102,15.290896600000002]},"properties":{"id":12621500010,"name":"صيدلية عمران المركزية","type":"pharmacy","category":"healthcare","subcategory":"pharmacy","osmType":"node","addr:city":"صنعاء","addr:street":"شارع الأربعين","amenity":"pharmacy","healthcare":"pharmacy","name:latin":"sydlya 'mran al-mrkzya"}},{"type":"Feature","id":12621500011,"geometry":{"type":"Point","coordinates":[44.2210272,15.290950900000002]},"properties":{"id":12621500011,"name":"عيادة الدكتور ماهر حسان لطب وتجميل الأسنان","type":"dentist","category":"healthcare","subcategory":"dentist","osmType":"node","addr:city":"صنعاء","addr:street":"شارع الأربعين","amenity":"dentist","healthcare":"dentist","name:latin":"'yada al-dktwr mahr hsan ltb wtjmyl al-asnan"}},{"type":"Feature","id":12621500014,"geometry":{"type":"Point","coordinates":[44.2216723,15.292434700000001]},"properties":{"id":12621500014,"name":"مركز الدكتور خالد نشوان","type":"clinic","category":"healthcare","subcategory":"clinic","osmType":"node","amenity":"clinic","healthcare":"clinic","name:latin":"mrkz al-dktwr khald nshwan"}},{"type":"Feature","id":12621500031,"geometry":{"type":"Point","coordinates":[44.222202700000004,15.2857508]},"properties":{"id":12621500031,"name":"صيدلية حجر للأدوية والمستلزمات الطبية","type":"pharmacy","category":"healthcare","subcategory":"pharmacy","osmType":"node","addr:city":"صنعاء","addr:street":"شارع الحربي","amenity":"pharmacy","healthcare":"pharmacy","name:latin":"sydlya hjr lladwya walmstlzmat al-tbya"}},{"type":"Feature","id":12621500032,"geometry":{"type":"Point","coordinates":[44.2229205,15.286068400000001]},"properties":{"id":12621500032,"name":"صيدلية أركان","type":"pharmacy","category":"healthcare","subcategory":"pharmacy","osmType":"node","addr:city":"صنعاء","addr:street":"شارع الحربي","amenity":"pharmacy","healthcare":"pharmacy","name:latin":"sydlya arkan"}},{"type":"Feature","id":12621500049,"geometry":{"type":"Point","coordinates":[44.225357900000006,15.284646200000001]},"properties":{"id":12621500049,"name":"صيدلية أمين المركزية","type":"pharmacy","category":"healthcare","subcategory":"pharmacy","osmType":"node","addr:city":"صنعاء","addr:street":"شارع الشهيد مراد الحميدي","amenity":"pharmacy","healthcare":"pharmacy","name:latin":"sydlya amyn al-mrkzya"}},{"type":"Feature","id":12621500051,"geometry":{"type":"Point","coordinates":[44.2254476,15.2841964]},"properties":{"id":12621500051,"name":"عيادة الدكتور عبدالناصر منيباري","type":"clinic","category":"healthcare","subcategory":"clinic","osmType":"node","addr:city":"صنعاء","addr:street":"شارع 23 يونيو","amenity":"clinic","healthcare":"clinic","name:latin":"'yada al-dktwr 'bdalnasr mnybary"}},{"type":"Feature","id":12621500052,"geometry":{"type":"Point","coordinates":[44.225384700000006,15.284461400000001]},"properties":{"id":12621500052,"name":"عيادة فاملي سمايل","type":"dentist","category":"healthcare","subcategory":"dentist","osmType":"node","addr:city":"صنعاء","addr:street":"شارع 23 يونيو","amenity":"dentist","healthcare":"dentist","name:latin":"'yada famly smayl"}},{"type":"Feature","id":12622859380,"geometry":{"type":"Point","coordinates":[44.18964390000001,15.368102100000002]},"properties":{"id":12622859380,"name":"مختبرات الجينات التخصصية","type":"laboratory","category":"healthcare","subcategory":"other","osmType":"node","healthcare":"laboratory","name:latin":"mkhtbrat al-jynat al-tkhssya"}},{"type":"Feature","id":12706094247,"geometry":{"type":"Point","coordinates":[44.1907641,15.308409000000001]},"properties":{"id":12706094247,"name":"عيادة المثالية لطب الأسنان","type":"dentist","category":"healthcare","subcategory":"dentist","osmType":"node","addr:city":"صنعاء","addr:street":"شارع حدة","amenity":"dentist","healthcare":"dentist","name:latin":"'yada al-mthalya ltb al-asnan"}},{"type":"Feature","id":12716264704,"geometry":{"type":"Point","coordinates":[44.24488590000001,15.370253700000001]},"properties":{"id":12716264704,"name":"صيدلية المنصور","type":"pharmacy","category":"healthcare","subcategory":"pharmacy","osmType":"node","amenity":"pharmacy","name:latin":"sydlya al-mnswr"}},{"type":"Feature","id":12716267184,"geometry":{"type":"Point","coordinates":[44.2450477,15.370558400000002]},"properties":{"id":12716267184,"name":"صيدلية البحري المركزية","type":"pharmacy","category":"healthcare","subcategory":"pharmacy","osmType":"node","amenity":"pharmacy","name:latin":"sydlya al-bhry al-mrkzya"}},{"type":"Feature","id":12752828702,"geometry":{"type":"Point","coordinates":[44.19969090000001,15.337898400000002]},"properties":{"id":12752828702,"name":"الوليد للاشعه 3D","type":"dentist","category":"healthcare","subcategory":"dentist","osmType":"node","amenity":"dentist","healthcare":"dentist"}},{"type":"Feature","id":12772132801,"geometry":{"type":"Point","coordinates":[44.1895345,15.335754000000001]},"properties":{"id":12772132801,"name":"المركز الاستشاري المجري السلوفاكي","type":"hospital","category":"healthcare","subcategory":"hospital","osmType":"node","addr:street":"شارع عمان","amenity":"hospital","name:latin":"al-mrkz al-astshary al-mjry al-slwfaky"}},{"type":"Feature","id":12778670302,"geometry":{"type":"Point","coordinates":[44.1889188,15.308101]},"properties":{"id":12778670302,"name":"المركز السوري لطب الأنسان","type":"dentist","category":"healthcare","subcategory":"dentist","osmType":"node","amenity":"dentist","name:en":"Dentist"}},{"type":"Feature","id":12900315244,"geometry":{"type":"Point","coordinates":[44.194044100000006,15.360618500000001]},"properties":{"id":12900315244,"name":"صيدلية المعرفة","type":"pharmacy","category":"healthcare","subcategory":"pharmacy","osmType":"node","addr:city":"صنعاء","addr:street":"شارع الكويت","amenity":"pharmacy","healthcare":"pharmacy","name:latin":"sydlya al-m'rfa"}},{"type":"Feature","id":12900315246,"geometry":{"type":"Point","coordinates":[44.1940189,15.360949900000001]},"properties":{"id":12900315246,"name":"صيدلية النبهاني","type":"pharmacy","category":"healthcare","subcategory":"pharmacy","osmType":"node","addr:city":"صنعاء","addr:street":"شارع الكويت","amenity":"pharmacy","healthcare":"pharmacy","name:latin":"sydlya al-nbhany"}},{"type":"Feature","id":12900315247,"geometry":{"type":"Point","coordinates":[44.194016700000006,15.361011300000001]},"properties":{"id":12900315247,"name":"صيدلية العري فارما للأدوية","type":"pharmacy","category":"healthcare","subcategory":"pharmacy","osmType":"node","addr:city":"صنعاء","addr:street":"شارع الكويت","amenity":"pharmacy","healthcare":"pharmacy","name:latin":"sydlya al-'ry farma lladwya"}},{"type":"Feature","id":12900315248,"geometry":{"type":"Point","coordinates":[44.194016000000005,15.3610482]},"properties":{"id":12900315248,"name":"صيدلية الصمود للأدوية والمستلزمات الطبية","type":"pharmacy","category":"healthcare","subcategory":"pharmacy","osmType":"node","addr:city":"صنعاء","addr:street":"شارع الكويت","amenity":"pharmacy","healthcare":"pharmacy","name:latin":"sydlya al-smwd lladwya walmstlzmat al-tbya"}},{"type":"Feature","id":12900315250,"geometry":{"type":"Point","coordinates":[44.19400400000001,15.3612721]},"properties":{"id":12900315250,"name":"صيدلية العافية تاج فارما للأدوية والمستلزمات الطبية","type":"pharmacy","category":"healthcare","subcategory":"pharmacy","osmType":"node","addr:city":"صنعاء","addr:street":"شارع الكويت","amenity":"pharmacy","healthcare":"pharmacy","name:latin":"sydlya al-'afya taj farma lladwya walmstlzmat al-tbya"}},{"type":"Feature","id":12900336407,"geometry":{"type":"Point","coordinates":[44.1932309,15.3622577]},"properties":{"id":12900336407,"name":"مستشفى الكويت - الصيدلية المركزية","type":"pharmacy","category":"healthcare","subcategory":"pharmacy","osmType":"node","addr:city":"صنعاء","addr:street":"شارع الكويت","amenity":"pharmacy","healthcare":"pharmacy","name:latin":"mstshfa al-kwyt - al-sydlya al-mrkzya"}},{"type":"Feature","id":12900336436,"geometry":{"type":"Point","coordinates":[44.19189420000001,15.360555200000002]},"properties":{"id":12900336436,"name":"صيدلية الفضلي","type":"pharmacy","category":"healthcare","subcategory":"pharmacy","osmType":"node","amenity":"pharmacy","healthcare":"pharmacy","name:latin":"sydlya al-fdly"}},{"type":"Feature","id":13183542632,"geometry":{"type":"Point","coordinates":[44.2054015,15.3485989]},"properties":{"id":13183542632,"name":"توب فارما كير","type":"pharmacy","category":"healthcare","subcategory":"pharmacy","osmType":"node","amenity":"pharmacy","healthcare":"pharmacy","name:latin":"twb farma kyr"}},{"type":"Feature","id":13183542633,"geometry":{"type":"Point","coordinates":[44.2038117,15.347489600000001]},"properties":{"id":13183542633,"name":"عيادة الدكتور أحمد صالح الخولاني لتجميل وتقويم وزراعة الأسنان","type":"dentist","category":"healthcare","subcategory":"dentist","osmType":"node","addr:street":"شارع الزبيري","amenity":"dentist","healthcare":"dentist","name:latin":"'yada al-dktwr ahmd salh al-khwlany ltjmyl wtqwym wzra'a al-asnan"}},{"type":"Feature","id":13183697481,"geometry":{"type":"Point","coordinates":[44.232432100000004,15.3130216]},"properties":{"id":13183697481,"name":"المركز التركي لطب الأسنان","type":"dentist","category":"healthcare","subcategory":"dentist","osmType":"node","amenity":"dentist","name:latin":"al-mrkz al-trky ltb al-asnan"}},{"type":"Feature","id":13184455947,"geometry":{"type":"Point","coordinates":[44.2037258,15.346989700000002]},"properties":{"id":13184455947,"name":"مركز الدكتور نصر القديمي لتقويم وتجميل وزراعة الأسنان","type":"dentist","category":"healthcare","subcategory":"dentist","osmType":"node","addr:street":"شارع الزبيري","amenity":"dentist","healthcare":"dentist","name:latin":"mrkz al-dktwr nsr al-qdymy ltqwym wtjmyl wzra'a al-asnan"}},{"type":"Feature","id":13185589224,"geometry":{"type":"Point","coordinates":[44.20371600000001,15.347106000000002]},"properties":{"id":13185589224,"name":"مركز نور اليمن الاستشاري للعيون والأنف والأذن والحنجرة","type":"clinic","category":"healthcare","subcategory":"clinic","osmType":"node","addr:street":"شارع الزبيري","amenity":"clinic","healthcare":"optometrist","name:latin":"mrkz nwr al-ymn al-astshary ll'ywn walanf waladhn walhnjra"}},{"type":"Feature","id":13185589225,"geometry":{"type":"Point","coordinates":[44.2040312,15.347224400000002]},"properties":{"id":13185589225,"name":"المركز الدولي للبصريات والسمعيات","type":"optician","category":"healthcare","subcategory":"other","osmType":"node","addr:city":"صنعاء","addr:street":"شارع الزبيري","healthcare":"optometrist","shop":"optician","name:latin":"al-mrkz al-dwly llbsryat walsm'yat"}},{"type":"Feature","id":13200918844,"geometry":{"type":"Point","coordinates":[44.181560600000005,15.396341000000001]},"properties":{"id":13200918844,"name":"صيدلية الغيث المركزية","type":"pharmacy","category":"healthcare","subcategory":"pharmacy","osmType":"node","addr:street":"شارع صوفان","amenity":"pharmacy","healthcare":"pharmacy","name:latin":"sydlya al-ghyth al-mrkzya"}},{"type":"Feature","id":13266261338,"geometry":{"type":"Point","coordinates":[44.205087000000006,15.396648]},"properties":{"id":13266261338,"name":"صيدلية نايف فارما","type":"pharmacy","category":"healthcare","subcategory":"pharmacy","osmType":"node","addr:street":"شارع التلفزيون","amenity":"pharmacy","healthcare":"pharmacy","name:latin":"sydlya nayf farma"}},{"type":"Feature","id":13266643628,"geometry":{"type":"Point","coordinates":[44.205200100000006,15.395775400000002]},"properties":{"id":13266643628,"name":"صيدلية الحوالي","type":"pharmacy","category":"healthcare","subcategory":"pharmacy","osmType":"node","addr:city":"صنعاء","addr:street":"شارع التلفزيون","amenity":"pharmacy","healthcare":"pharmacy","name:latin":"sydlya al-hwaly"}},{"type":"Feature","id":13282580321,"geometry":{"type":"Point","coordinates":[44.198837700000006,15.338488600000002]},"properties":{"id":13282580321,"name":"صيدلية طول العمر","type":"pharmacy","category":"healthcare","subcategory":"pharmacy","osmType":"node","addr:street":"شارع حدة","amenity":"pharmacy","healthcare":"pharmacy","name:latin":"sydlya twl al-'mr"}},{"type":"Feature","id":13282580322,"geometry":{"type":"Point","coordinates":[44.19887310000001,15.338637700000001]},"properties":{"id":13282580322,"name":"الصيدلية العربية","type":"pharmacy","category":"healthcare","subcategory":"pharmacy","osmType":"node","addr:street":"شارع حدة","amenity":"pharmacy","healthcare":"pharmacy","name:latin":"al-sydlya al-'rbya"}},{"type":"Feature","id":13384675717,"geometry":{"type":"Point","coordinates":[44.1822414,15.393065000000002]},"properties":{"id":13384675717,"name":"عيادة عالم الشفاء","type":"clinic","category":"healthcare","subcategory":"clinic","osmType":"node","amenity":"clinic","healthcare":"clinic","name:latin":"'yada 'alm al-shfa'"}},{"type":"Feature","id":13433676212,"geometry":{"type":"Point","coordinates":[44.1807488,15.397051300000001]},"properties":{"id":13433676212,"name":"مركز شويل الطبي","type":"clinic","category":"healthcare","subcategory":"clinic","osmType":"node","amenity":"clinic","name:latin":"mrkz shwyl al-tby"}},{"type":"Feature","id":13436370748,"geometry":{"type":"Point","coordinates":[44.228387500000004,15.371130100000002]},"properties":{"id":13436370748,"name":"صيدلية الصبي فارما","type":"pharmacy","category":"healthcare","subcategory":"pharmacy","osmType":"node","amenity":"pharmacy","name:latin":"sydlya al-sby farma"}},{"type":"Feature","id":13436370749,"geometry":{"type":"Point","coordinates":[44.2249636,15.369469700000002]},"properties":{"id":13436370749,"name":"صيدلية الضياء","type":"pharmacy","category":"healthcare","subcategory":"pharmacy","osmType":"node","amenity":"pharmacy","name:latin":"sydlya al-dya'"}},{"type":"Feature","id":13436370751,"geometry":{"type":"Point","coordinates":[44.224248800000005,15.3695318]},"properties":{"id":13436370751,"name":"صيدلية طلحة","type":"pharmacy","category":"healthcare","subcategory":"pharmacy","osmType":"node","amenity":"pharmacy","name:latin":"sydlya tlha"}},{"type":"Feature","id":13436370760,"geometry":{"type":"Point","coordinates":[44.220017600000006,15.369829200000002]},"properties":{"id":13436370760,"name":"صيدلية القاسم فارما","type":"pharmacy","category":"healthcare","subcategory":"pharmacy","osmType":"node","amenity":"pharmacy","name:latin":"sydlya al-qasm farma"}},{"type":"Feature","id":13436370761,"geometry":{"type":"Point","coordinates":[44.21913790000001,15.369897800000002]},"properties":{"id":13436370761,"name":"صيدلية أكوام","type":"pharmacy","category":"healthcare","subcategory":"pharmacy","osmType":"node","amenity":"pharmacy","name:latin":"sydlya akwam"}},{"type":"Feature","id":13436370762,"geometry":{"type":"Point","coordinates":[44.21870070000001,15.3699223]},"properties":{"id":13436370762,"name":"صيدلية الأخوين","type":"pharmacy","category":"healthcare","subcategory":"pharmacy","osmType":"node","amenity":"pharmacy","name:latin":"sydlya al-akhwyn"}},{"type":"Feature","id":13436370764,"geometry":{"type":"Point","coordinates":[44.2177458,15.3699986]},"properties":{"id":13436370764,"name":"صيدلية ملك حمير","type":"pharmacy","category":"healthcare","subcategory":"pharmacy","osmType":"node","amenity":"pharmacy","name:latin":"sydlya mlk hmyr"}},{"type":"Feature","id":13436370768,"geometry":{"type":"Point","coordinates":[44.2170095,15.3705107]},"properties":{"id":13436370768,"name":"صيدلية فارما المركزية","type":"pharmacy","category":"healthcare","subcategory":"pharmacy","osmType":"node","amenity":"pharmacy","name:latin":"sydlya farma al-mrkzya"}},{"type":"Feature","id":13436370769,"geometry":{"type":"Point","coordinates":[44.2166233,15.370390500000001]},"properties":{"id":13436370769,"name":"صيدلية مجيب عمر","type":"pharmacy","category":"healthcare","subcategory":"pharmacy","osmType":"node","amenity":"pharmacy","name:latin":"sydlya mjyb 'mr"}},{"type":"Feature","id":13436370789,"geometry":{"type":"Point","coordinates":[44.20573890000001,15.3719642]},"properties":{"id":13436370789,"name":"صيدلية الوجدان فارما","type":"pharmacy","category":"healthcare","subcategory":"pharmacy","osmType":"node","amenity":"pharmacy","name:latin":"sydlya al-wjdan farma"}},{"type":"Feature","id":13436370800,"geometry":{"type":"Point","coordinates":[44.203245800000005,15.3727569]},"properties":{"id":13436370800,"name":"صيدلية السعادة فارما","type":"pharmacy","category":"healthcare","subcategory":"pharmacy","osmType":"node","amenity":"pharmacy","name:latin":"sydlya al-s'ada farma"}},{"type":"Feature","id":13436435901,"geometry":{"type":"Point","coordinates":[44.203233700000006,15.372666400000002]},"properties":{"id":13436435901,"name":"عيادة د.إلهام المحمدي","type":"dentist","category":"healthcare","subcategory":"dentist","osmType":"node","amenity":"dentist","name:latin":"'yada d.ilham al-mhmdy"}},{"type":"Feature","id":13436435904,"geometry":{"type":"Point","coordinates":[44.203638700000006,15.371943500000002]},"properties":{"id":13436435904,"name":"عيادة د.خليل إبراهيم زبيبة","type":"clinic","category":"healthcare","subcategory":"clinic","osmType":"node","amenity":"clinic","name:latin":"'yada d.khlyl ibrahym zbyba"}},{"type":"Feature","id":13436435915,"geometry":{"type":"Point","coordinates":[44.2053567,15.370325800000002]},"properties":{"id":13436435915,"name":"صيدلية أكسجين2","type":"pharmacy","category":"healthcare","subcategory":"pharmacy","osmType":"node","amenity":"pharmacy","name:latin":"sydlya aksjyn2"}},{"type":"Feature","id":13436435916,"geometry":{"type":"Point","coordinates":[44.2083085,15.372063800000001]},"properties":{"id":13436435916,"name":"صيدلية لمسة عافية","type":"pharmacy","category":"healthcare","subcategory":"pharmacy","osmType":"node","amenity":"pharmacy","name:latin":"sydlya lmsa 'afya"}},{"type":"Feature","id":13436435917,"geometry":{"type":"Point","coordinates":[44.2083688,15.3711172]},"properties":{"id":13436435917,"name":"صيدلية الأهرام","type":"pharmacy","category":"healthcare","subcategory":"pharmacy","osmType":"node","amenity":"pharmacy","name:latin":"sydlya al-ahram"}},{"type":"Feature","id":13436435934,"geometry":{"type":"Point","coordinates":[44.2137466,15.371943500000002]},"properties":{"id":13436435934,"name":"عيادة الأخوة للأسنان","type":"dentist","category":"healthcare","subcategory":"dentist","osmType":"node","amenity":"dentist","name:latin":"'yada al-akhwa llasnan"}},{"type":"Feature","id":13436435939,"geometry":{"type":"Point","coordinates":[44.212844100000005,15.373986600000002]},"properties":{"id":13436435939,"name":"عيادة الشفاء","type":"clinic","category":"healthcare","subcategory":"clinic","osmType":"node","amenity":"clinic","name:latin":"'yada al-shfa'"}},{"type":"Feature","id":13436435947,"geometry":{"type":"Point","coordinates":[44.1968594,15.374356500000001]},"properties":{"id":13436435947,"name":"مركز الطبري الطبي","type":"clinic","category":"healthcare","subcategory":"clinic","osmType":"node","amenity":"clinic","name:latin":"mrkz al-tbry al-tby"}},{"type":"Feature","id":13436435968,"geometry":{"type":"Point","coordinates":[44.1946895,15.372208600000002]},"properties":{"id":13436435968,"name":"صيدلية البلدة الطيبة","type":"pharmacy","category":"healthcare","subcategory":"pharmacy","osmType":"node","amenity":"pharmacy","name:latin":"sydlya al-blda al-tyba"}},{"type":"Feature","id":13436435989,"geometry":{"type":"Point","coordinates":[44.20133740000001,15.369265400000002]},"properties":{"id":13436435989,"name":"صيدلية العبير","type":"pharmacy","category":"healthcare","subcategory":"pharmacy","osmType":"node","amenity":"pharmacy","name:latin":"sydlya al-'byr"}},{"type":"Feature","id":13436435999,"geometry":{"type":"Point","coordinates":[44.20133070000001,15.3679839]},"properties":{"id":13436435999,"name":"صيدلية ركن تونس المركزية","type":"pharmacy","category":"healthcare","subcategory":"pharmacy","osmType":"node","amenity":"pharmacy","name:latin":"sydlya rkn twns al-mrkzya"}},{"type":"Feature","id":13436436001,"geometry":{"type":"Point","coordinates":[44.201250200000004,15.368402900000001]},"properties":{"id":13436436001,"name":"صيدلية ركن عقيل","type":"pharmacy","category":"healthcare","subcategory":"pharmacy","osmType":"node","amenity":"pharmacy","name:latin":"sydlya rkn 'qyl"}},{"type":"Feature","id":13436436002,"geometry":{"type":"Point","coordinates":[44.201277000000005,15.3682361]},"properties":{"id":13436436002,"name":"صيدلية النخبة","type":"pharmacy","category":"healthcare","subcategory":"pharmacy","osmType":"node","amenity":"pharmacy","name:latin":"sydlya al-nkhba"}},{"type":"Feature","id":13436436006,"geometry":{"type":"Point","coordinates":[44.201374900000005,15.3674835]},"properties":{"id":13436436006,"name":"صيدلية الرسالة","type":"pharmacy","category":"healthcare","subcategory":"pharmacy","osmType":"node","amenity":"pharmacy","name:latin":"sydlya al-rsala"}},{"type":"Feature","id":13436436013,"geometry":{"type":"Point","coordinates":[44.196718600000004,15.3672184]},"properties":{"id":13436436013,"name":"مجمع الميثاق الطبي","type":"clinic","category":"healthcare","subcategory":"clinic","osmType":"node","amenity":"clinic","name:latin":"mjm' al-mythaq al-tby"}},{"type":"Feature","id":13436436020,"geometry":{"type":"Point","coordinates":[44.19284820000001,15.367628300000002]},"properties":{"id":13436436020,"name":"صيدلية ملاك","type":"pharmacy","category":"healthcare","subcategory":"pharmacy","osmType":"node","amenity":"pharmacy","name:latin":"sydlya mlak"}},{"type":"Feature","id":13436436025,"geometry":{"type":"Point","coordinates":[44.1895947,15.3679076]},"properties":{"id":13436436025,"name":"صيدلية كيان","type":"pharmacy","category":"healthcare","subcategory":"pharmacy","osmType":"node","amenity":"pharmacy","name:latin":"sydlya kyan"}},{"type":"Feature","id":13436436026,"geometry":{"type":"Point","coordinates":[44.189604100000004,15.368226400000001]},"properties":{"id":13436436026,"name":"صيدلية ابن صيفان","type":"pharmacy","category":"healthcare","subcategory":"pharmacy","osmType":"node","amenity":"pharmacy","name:latin":"sydlya abn syfan"}},{"type":"Feature","id":13436436036,"geometry":{"type":"Point","coordinates":[44.1788055,15.3734034]},"properties":{"id":13436436036,"name":"صيدلية الروابي","type":"pharmacy","category":"healthcare","subcategory":"pharmacy","osmType":"node","amenity":"pharmacy","name:latin":"sydlya al-rwaby"}},{"type":"Feature","id":13437295099,"geometry":{"type":"Point","coordinates":[44.2253881,15.328740200000002]},"properties":{"id":13437295099,"name":"صيدلية بن علوان 16","type":"pharmacy","category":"healthcare","subcategory":"pharmacy","osmType":"node","amenity":"pharmacy","name:latin":"sydlya bn 'lwan 16"}},{"type":"Feature","id":13437302940,"geometry":{"type":"Point","coordinates":[44.2275895,15.3355039]},"properties":{"id":13437302940,"name":"صيدلية ابن جراد","type":"pharmacy","category":"healthcare","subcategory":"pharmacy","osmType":"node","amenity":"pharmacy","name:latin":"sydlya abn jrad"}},{"type":"Feature","id":13437302942,"geometry":{"type":"Point","coordinates":[44.22738030000001,15.335370700000002]},"properties":{"id":13437302942,"name":"صيدلية السالم","type":"pharmacy","category":"healthcare","subcategory":"pharmacy","osmType":"node","amenity":"pharmacy","name:latin":"sydlya al-salm"}},{"type":"Feature","id":13437302945,"geometry":{"type":"Point","coordinates":[44.227912700000005,15.3345429]},"properties":{"id":13437302945,"name":"صيدلية ابن عليان","type":"pharmacy","category":"healthcare","subcategory":"pharmacy","osmType":"node","amenity":"pharmacy","name:latin":"sydlya abn 'lyan"}},{"type":"Feature","id":13437302949,"geometry":{"type":"Point","coordinates":[44.2286141,15.334575300000001]},"properties":{"id":13437302949,"name":"مركز المجد الطبي","type":"clinic","category":"healthcare","subcategory":"clinic","osmType":"node","amenity":"clinic","name:latin":"mrkz al-mjd al-tby"}},{"type":"Feature","id":13437302960,"geometry":{"type":"Point","coordinates":[44.22775850000001,15.3311103]},"properties":{"id":13437302960,"name":"صيدلية بغداد","type":"pharmacy","category":"healthcare","subcategory":"pharmacy","osmType":"node","amenity":"pharmacy","name:latin":"sydlya bghdad"}},{"type":"Feature","id":13437302967,"geometry":{"type":"Point","coordinates":[44.222918500000006,15.3294735]},"properties":{"id":13437302967,"name":"الجهاد فارما للأدوية والمستلزمات الطبية","type":"pharmacy","category":"healthcare","subcategory":"pharmacy","osmType":"node","amenity":"pharmacy","name:latin":"al-jhad farma lladwya walmstlzmat al-tbya"}},{"type":"Feature","id":13437302969,"geometry":{"type":"Point","coordinates":[44.221204500000006,15.336426000000001]},"properties":{"id":13437302969,"name":"صيدلية انفنيتي","type":"pharmacy","category":"healthcare","subcategory":"pharmacy","osmType":"node","amenity":"pharmacy","name:latin":"sydlya anfnyty"}},{"type":"Feature","id":13437302970,"geometry":{"type":"Point","coordinates":[44.221000700000005,15.336254000000002]},"properties":{"id":13437302970,"name":"صيدلية الشهير","type":"pharmacy","category":"healthcare","subcategory":"pharmacy","osmType":"node","amenity":"pharmacy","name:latin":"sydlya al-shhyr"}},{"type":"Feature","id":13437303000,"geometry":{"type":"Point","coordinates":[44.22115290000001,15.3291198]},"properties":{"id":13437303000,"name":"صيدلية آية فارما","type":"pharmacy","category":"healthcare","subcategory":"pharmacy","osmType":"node","amenity":"pharmacy","name:latin":"sydlya aya farma"}},{"type":"Feature","id":13437303022,"geometry":{"type":"Point","coordinates":[44.216157900000006,15.333541900000002]},"properties":{"id":13437303022,"name":"صيدلية زايد فارما","type":"pharmacy","category":"healthcare","subcategory":"pharmacy","osmType":"node","amenity":"pharmacy","name:latin":"sydlya zayd farma"}},{"type":"Feature","id":13437303053,"geometry":{"type":"Point","coordinates":[44.2099862,15.3324916]},"properties":{"id":13437303053,"name":"صيدلية ريناد","type":"pharmacy","category":"healthcare","subcategory":"pharmacy","osmType":"node","amenity":"pharmacy","name:latin":"sydlya rynad"}},{"type":"Feature","id":13437303074,"geometry":{"type":"Point","coordinates":[44.2108465,15.335037600000001]},"properties":{"id":13437303074,"name":"مركز الكامل الطبي","type":"clinic","category":"healthcare","subcategory":"clinic","osmType":"node","amenity":"clinic","name:latin":"mrkz al-kaml al-tby"}},{"type":"Feature","id":13437303106,"geometry":{"type":"Point","coordinates":[44.207026400000004,15.332918500000002]},"properties":{"id":13437303106,"name":"صيدلية دبي","type":"pharmacy","category":"healthcare","subcategory":"pharmacy","osmType":"node","amenity":"pharmacy","name:latin":"sydlya dby"}},{"type":"Feature","id":13438580849,"geometry":{"type":"Point","coordinates":[44.203201500000006,15.3873893]},"properties":{"id":13438580849,"name":"صيدلية أمير الشرق","type":"pharmacy","category":"healthcare","subcategory":"pharmacy","osmType":"node","amenity":"pharmacy","name:latin":"sydlya amyr al-shrq"}},{"type":"Feature","id":13438580856,"geometry":{"type":"Point","coordinates":[44.20254980000001,15.382927]},"properties":{"id":13438580856,"name":"صيدلية العملاق فارما","type":"pharmacy","category":"healthcare","subcategory":"pharmacy","osmType":"node","amenity":"pharmacy","name:latin":"sydlya al-'mlaq farma"}},{"type":"Feature","id":13438580877,"geometry":{"type":"Point","coordinates":[44.201836300000004,15.383401600000001]},"properties":{"id":13438580877,"name":"صيدلية الطاووس","type":"pharmacy","category":"healthcare","subcategory":"pharmacy","osmType":"node","amenity":"pharmacy","name:latin":"sydlya al-tawws"}},{"type":"Feature","id":13452078586,"geometry":{"type":"Point","coordinates":[44.250011400000005,15.285486500000001]},"properties":{"id":13452078586,"name":"مركز الثريا الطبي الحديث","type":"hospital","category":"healthcare","subcategory":"hospital","osmType":"node","amenity":"hospital","name:latin":"mrkz al-thrya al-tby al-hdyth"}},{"type":"Feature","id":13452078595,"geometry":{"type":"Point","coordinates":[44.248319,15.289004000000002]},"properties":{"id":13452078595,"name":"عيادة الابتسامة","type":"dentist","category":"healthcare","subcategory":"dentist","osmType":"node","amenity":"dentist","name:latin":"'yada al-abtsama"}},{"type":"Feature","id":13452127003,"geometry":{"type":"Point","coordinates":[44.2414914,15.288331300000001]},"properties":{"id":13452127003,"name":"صيدلية الهيثم فارما","type":"pharmacy","category":"healthcare","subcategory":"pharmacy","osmType":"node","amenity":"pharmacy","name:latin":"sydlya al-hythm farma"}},{"type":"Feature","id":13452127021,"geometry":{"type":"Point","coordinates":[44.24118970000001,15.283323500000002]},"properties":{"id":13452127021,"name":"صيدلية جاد فارما","type":"pharmacy","category":"healthcare","subcategory":"pharmacy","osmType":"node","amenity":"pharmacy","name:latin":"sydlya jad farma"}},{"type":"Feature","id":13452127024,"geometry":{"type":"Point","coordinates":[44.240347400000005,15.282500800000001]},"properties":{"id":13452127024,"name":"مركز الجعدي للأمومة والطفولة","type":"hospital","category":"healthcare","subcategory":"hospital","osmType":"node","amenity":"hospital","name:latin":"mrkz al-j'dy llamwma waltfwla"}},{"type":"Feature","id":13452127033,"geometry":{"type":"Point","coordinates":[44.244370800000006,15.279653300000001]},"properties":{"id":13452127033,"name":"صيدلية دار سلم","type":"pharmacy","category":"healthcare","subcategory":"pharmacy","osmType":"node","amenity":"pharmacy","name:latin":"sydlya dar slm"}},{"type":"Feature","id":13452127040,"geometry":{"type":"Point","coordinates":[44.23581050000001,15.278046600000001]},"properties":{"id":13452127040,"name":"صيدلية الشهاب فارم","type":"pharmacy","category":"healthcare","subcategory":"pharmacy","osmType":"node","amenity":"pharmacy","name:latin":"sydlya al-shhab farm"}},{"type":"Feature","id":13452127047,"geometry":{"type":"Point","coordinates":[44.2374091,15.278818900000001]},"properties":{"id":13452127047,"name":"صيدلية حنين فارما","type":"pharmacy","category":"healthcare","subcategory":"pharmacy","osmType":"node","amenity":"pharmacy","name:latin":"sydlya hnyn farma"}},{"type":"Feature","id":13452127085,"geometry":{"type":"Point","coordinates":[44.23937780000001,15.277953400000001]},"properties":{"id":13452127085,"name":"عيادة البسمة لطب الفم والأسنان","type":"dentist","category":"healthcare","subcategory":"dentist","osmType":"node","amenity":"dentist","name:latin":"'yada al-bsma ltb al-fm walasnan"}},{"type":"Feature","id":13452127087,"geometry":{"type":"Point","coordinates":[44.239141800000006,15.277834400000001]},"properties":{"id":13452127087,"name":"صيدلية الحمزة فارما","type":"pharmacy","category":"healthcare","subcategory":"pharmacy","osmType":"node","amenity":"pharmacy","name:latin":"sydlya al-hmza farma"}},{"type":"Feature","id":13452127091,"geometry":{"type":"Point","coordinates":[44.240889200000005,15.278884900000001]},"properties":{"id":13452127091,"name":"صيدلية الأندلس الحديث","type":"pharmacy","category":"healthcare","subcategory":"pharmacy","osmType":"node","amenity":"pharmacy","name:latin":"sydlya al-andls al-hdyth"}},{"type":"Feature","id":13452127109,"geometry":{"type":"Point","coordinates":[44.2457052,15.2763518]},"properties":{"id":13452127109,"name":"صيدلية الصحة المثالية","type":"pharmacy","category":"healthcare","subcategory":"pharmacy","osmType":"node","amenity":"pharmacy","name:latin":"sydlya al-sha al-mthalya"}},{"type":"Feature","id":13452127136,"geometry":{"type":"Point","coordinates":[44.241872300000004,15.288033700000002]},"properties":{"id":13452127136,"name":"مستشفى العين والأنف التخصصي","type":"hospital","category":"healthcare","subcategory":"hospital","osmType":"node","amenity":"hospital","name:latin":"mstshfa al-'yn walanf al-tkhssy"}},{"type":"Feature","id":13452127139,"geometry":{"type":"Point","coordinates":[44.24107970000001,15.2881683]},"properties":{"id":13452127139,"name":"الصيدلية السورية للأدوية","type":"pharmacy","category":"healthcare","subcategory":"pharmacy","osmType":"node","amenity":"pharmacy","name:latin":"al-sydlya al-swrya lladwya"}},{"type":"Feature","id":13452127140,"geometry":{"type":"Point","coordinates":[44.241031400000004,15.288308]},"properties":{"id":13452127140,"name":"صيدلية عمر الحديثة","type":"pharmacy","category":"healthcare","subcategory":"pharmacy","osmType":"node","amenity":"pharmacy","name:latin":"sydlya 'mr al-hdytha"}},{"type":"Feature","id":13452127146,"geometry":{"type":"Point","coordinates":[44.2372555,15.286566100000002]},"properties":{"id":13452127146,"name":"صيدلية سبلات جمجوم","type":"pharmacy","category":"healthcare","subcategory":"pharmacy","osmType":"node","amenity":"pharmacy","name:latin":"sydlya sblat jmjwm"}},{"type":"Feature","id":13452127168,"geometry":{"type":"Point","coordinates":[44.242080800000004,15.286451600000001]},"properties":{"id":13452127168,"name":"العيادة الاستشارية لطب وجراحة العيون","type":"clinic","category":"healthcare","subcategory":"clinic","osmType":"node","addr:city":"صنعاء","addr:street":"شارع تعز","amenity":"clinic","healthcare":"clinic","name:latin":"al-'yada al-astsharya ltb wjraha al-'ywn"}},{"type":"Feature","id":13452172363,"geometry":{"type":"Point","coordinates":[44.194103500000004,15.300724]},"properties":{"id":13452172363,"name":"صيدلية روما فارما","type":"pharmacy","category":"healthcare","subcategory":"pharmacy","osmType":"node","amenity":"pharmacy","name:latin":"sydlya rwma farma"}},{"type":"Feature","id":13452172365,"geometry":{"type":"Point","coordinates":[44.194251,15.299975100000001]},"properties":{"id":13452172365,"name":"صيدلية رويال ميديكال","type":"pharmacy","category":"healthcare","subcategory":"pharmacy","osmType":"node","amenity":"pharmacy","name:latin":"sydlya rwyal mydykal"}},{"type":"Feature","id":13452172373,"geometry":{"type":"Point","coordinates":[44.19380580000001,15.297450000000001]},"properties":{"id":13452172373,"name":"عيادات ومختبرات دنيا الصحة النموذجية","type":"clinic","category":"healthcare","subcategory":"clinic","osmType":"node","amenity":"clinic","name:latin":"'yadat wmkhtbrat dnya al-sha al-nmwdhjya"}},{"type":"Feature","id":13452172375,"geometry":{"type":"Point","coordinates":[44.194027000000006,15.297468100000001]},"properties":{"id":13452172375,"name":"صيدلية نبض حدة","type":"pharmacy","category":"healthcare","subcategory":"pharmacy","osmType":"node","amenity":"pharmacy","name:latin":"sydlya nbd hda"}},{"type":"Feature","id":13452172380,"geometry":{"type":"Point","coordinates":[44.1891333,15.297143400000001]},"properties":{"id":13452172380,"name":"برج حدة الطبي","type":"hospital","category":"healthcare","subcategory":"hospital","osmType":"node","amenity":"hospital","name:latin":"brj hda al-tby"}},{"type":"Feature","id":13452172381,"geometry":{"type":"Point","coordinates":[44.1896758,15.297246900000001]},"properties":{"id":13452172381,"name":"صيدلية نوبل","type":"pharmacy","category":"healthcare","subcategory":"pharmacy","osmType":"node","amenity":"pharmacy","name:latin":"sydlya nwbl"}},{"type":"Feature","id":13452172388,"geometry":{"type":"Point","coordinates":[44.18479490000001,15.296512100000001]},"properties":{"id":13452172388,"name":"صيدلية سفراء الصحة","type":"pharmacy","category":"healthcare","subcategory":"pharmacy","osmType":"node","amenity":"pharmacy","name:latin":"sydlya sfra' al-sha"}},{"type":"Feature","id":13452172390,"geometry":{"type":"Point","coordinates":[44.185791300000005,15.2968705]},"properties":{"id":13452172390,"name":"صيدلية كيان الصحة","type":"pharmacy","category":"healthcare","subcategory":"pharmacy","osmType":"node","amenity":"pharmacy","name:latin":"sydlya kyan al-sha"}},{"type":"Feature","id":13452194218,"geometry":{"type":"Point","coordinates":[44.182277600000006,15.301806700000002]},"properties":{"id":13452194218,"name":"صيدلية آدم","type":"pharmacy","category":"healthcare","subcategory":"pharmacy","osmType":"node","amenity":"pharmacy","name:latin":"sydlya adm"}},{"type":"Feature","id":13452194223,"geometry":{"type":"Point","coordinates":[44.184401900000005,15.308365000000002]},"properties":{"id":13452194223,"name":"مجمع التحدي لذوي الإعاقة","type":"hospital","category":"healthcare","subcategory":"hospital","osmType":"node","amenity":"hospital","name:latin":"mjm' al-thdy ldhwy al-i'aqa"}},{"type":"Feature","id":13452194231,"geometry":{"type":"Point","coordinates":[44.178474200000004,15.306504900000002]},"properties":{"id":13452194231,"name":"صيدلية أطياف حدة","type":"pharmacy","category":"healthcare","subcategory":"pharmacy","osmType":"node","amenity":"pharmacy","name:latin":"sydlya atyaf hda"}},{"type":"Feature","id":13455410836,"geometry":{"type":"Point","coordinates":[44.1987517,15.335512900000001]},"properties":{"id":13455410836,"name":"صيدلية الهويدي","type":"pharmacy","category":"healthcare","subcategory":"pharmacy","osmType":"node","amenity":"pharmacy","name:latin":"sydlya al-hwydy"}},{"type":"Feature","id":13455410857,"geometry":{"type":"Point","coordinates":[44.1948853,15.326990900000002]},"properties":{"id":13455410857,"name":"صيدلية مسقط","type":"pharmacy","category":"healthcare","subcategory":"pharmacy","osmType":"node","amenity":"pharmacy","name:latin":"sydlya msqt"}},{"type":"Feature","id":13455410874,"geometry":{"type":"Point","coordinates":[44.1950463,15.344197600000001]},"properties":{"id":13455410874,"name":"صيدلية علي فارما","type":"pharmacy","category":"healthcare","subcategory":"pharmacy","osmType":"node","amenity":"pharmacy","name:latin":"sydlya 'ly farma"}},{"type":"Feature","id":13455410875,"geometry":{"type":"Point","coordinates":[44.194579600000004,15.344751200000001]},"properties":{"id":13455410875,"name":"صيدلية شملان المركزية 6","type":"pharmacy","category":"healthcare","subcategory":"pharmacy","osmType":"node","amenity":"pharmacy","name:latin":"sydlya shmlan al-mrkzya 6"}},{"type":"Feature","id":13455410876,"geometry":{"type":"Point","coordinates":[44.1957785,15.345233600000002]},"properties":{"id":13455410876,"name":"صيدلية دار الدواء","type":"pharmacy","category":"healthcare","subcategory":"pharmacy","osmType":"node","amenity":"pharmacy","name:latin":"sydlya dar al-dwa'"}},{"type":"Feature","id":13455410888,"geometry":{"type":"Point","coordinates":[44.2313392,15.382037400000002]},"properties":{"id":13455410888,"name":"صيدلية صحتي","type":"pharmacy","category":"healthcare","subcategory":"pharmacy","osmType":"node","amenity":"pharmacy","name:latin":"sydlya shty"}},{"type":"Feature","id":13455410894,"geometry":{"type":"Point","coordinates":[44.2319535,15.379433200000001]},"properties":{"id":13455410894,"name":"صيدلية جنى فارما","type":"pharmacy","category":"healthcare","subcategory":"pharmacy","osmType":"node","amenity":"pharmacy","name:latin":"sydlya jna farma"}},{"type":"Feature","id":13455410898,"geometry":{"type":"Point","coordinates":[44.2338619,15.379393100000001]},"properties":{"id":13455410898,"name":"صيدلية الرعاية الدوائية","type":"pharmacy","category":"healthcare","subcategory":"pharmacy","osmType":"node","amenity":"pharmacy","name:latin":"sydlya al-r'aya al-dwa'ya"}},{"type":"Feature","id":13455410899,"geometry":{"type":"Point","coordinates":[44.233291900000005,15.379557300000002]},"properties":{"id":13455410899,"name":"عيادة الدكتور محمد شعلان","type":"dentist","category":"healthcare","subcategory":"dentist","osmType":"node","amenity":"dentist","name:latin":"'yada al-dktwr mhmd sh'lan"}},{"type":"Feature","id":13455410900,"geometry":{"type":"Point","coordinates":[44.23336570000001,15.3797823]},"properties":{"id":13455410900,"name":"صيدلية زقر فارما","type":"pharmacy","category":"healthcare","subcategory":"pharmacy","osmType":"node","amenity":"pharmacy","name:latin":"sydlya zqr farma"}},{"type":"Feature","id":13455426408,"geometry":{"type":"Point","coordinates":[44.2362879,15.379340100000002]},"properties":{"id":13455426408,"name":"صيدلية الأثير النموذجية","type":"pharmacy","category":"healthcare","subcategory":"pharmacy","osmType":"node","amenity":"pharmacy","name:latin":"sydlya al-athyr al-nmwdhjya"}},{"type":"Feature","id":13455426410,"geometry":{"type":"Point","coordinates":[44.237222700000004,15.379060800000001]},"properties":{"id":13455426410,"name":"صيدلية كنان فارما","type":"pharmacy","category":"healthcare","subcategory":"pharmacy","osmType":"node","amenity":"pharmacy","name:latin":"sydlya knan farma"}},{"type":"Feature","id":13455426413,"geometry":{"type":"Point","coordinates":[44.2384216,15.3793517]},"properties":{"id":13455426413,"name":"صيدلية شريان","type":"pharmacy","category":"healthcare","subcategory":"pharmacy","osmType":"node","amenity":"pharmacy","name:latin":"sydlya shryan"}},{"type":"Feature","id":13455426415,"geometry":{"type":"Point","coordinates":[44.239119,15.378112900000001]},"properties":{"id":13455426415,"name":"صيدلية دار الضياء","type":"pharmacy","category":"healthcare","subcategory":"pharmacy","osmType":"node","amenity":"pharmacy","name:latin":"sydlya dar al-dya'"}},{"type":"Feature","id":13455426418,"geometry":{"type":"Point","coordinates":[44.241624200000004,15.379655600000001]},"properties":{"id":13455426418,"name":"صيدلية العودة","type":"pharmacy","category":"healthcare","subcategory":"pharmacy","osmType":"node","amenity":"pharmacy","name:latin":"sydlya al-'wda"}},{"type":"Feature","id":13455426496,"geometry":{"type":"Point","coordinates":[44.2454047,15.386206200000002]},"properties":{"id":13455426496,"name":"مخزن الحكيم للأدوية","type":"pharmacy","category":"healthcare","subcategory":"pharmacy","osmType":"node","amenity":"pharmacy","name:latin":"mkhzn al-hkym lladwya"}},{"type":"Feature","id":13455426518,"geometry":{"type":"Point","coordinates":[44.2372522,15.3865902]},"properties":{"id":13455426518,"name":"صيدلية برج الصحة","type":"pharmacy","category":"healthcare","subcategory":"pharmacy","osmType":"node","amenity":"pharmacy","name:latin":"sydlya brj al-sha"}},{"type":"Feature","id":13455426519,"geometry":{"type":"Point","coordinates":[44.23718650000001,15.3865566]},"properties":{"id":13455426519,"name":"مركز تالين لطب الأسنان","type":"dentist","category":"healthcare","subcategory":"dentist","osmType":"node","amenity":"dentist","name:latin":"mrkz talyn ltb al-asnan"}},{"type":"Feature","id":13455426520,"geometry":{"type":"Point","coordinates":[44.2375137,15.386389800000002]},"properties":{"id":13455426520,"name":"مركز المروان الطبي","type":"clinic","category":"healthcare","subcategory":"clinic","osmType":"node","amenity":"clinic","name:latin":"mrkz al-mrwan al-tby"}},{"type":"Feature","id":13455426522,"geometry":{"type":"Point","coordinates":[44.2374614,15.385721300000002]},"properties":{"id":13455426522,"name":"صيدلية العتيق","type":"pharmacy","category":"healthcare","subcategory":"pharmacy","osmType":"node","amenity":"pharmacy","name:latin":"sydlya al-'tyq"}},{"type":"Feature","id":13455426525,"geometry":{"type":"Point","coordinates":[44.237270900000006,15.384531700000002]},"properties":{"id":13455426525,"name":"صيدلية الأمل","type":"pharmacy","category":"healthcare","subcategory":"pharmacy","osmType":"node","amenity":"pharmacy","name:latin":"sydlya al-aml"}},{"type":"Feature","id":13455426543,"geometry":{"type":"Point","coordinates":[44.2383163,15.376133800000002]},"properties":{"id":13455426543,"name":"صيدلية اليوسفي","type":"pharmacy","category":"healthcare","subcategory":"pharmacy","osmType":"node","amenity":"pharmacy","name:latin":"sydlya al-ywsfy"}},{"type":"Feature","id":13455426556,"geometry":{"type":"Point","coordinates":[44.241684500000005,15.3691115]},"properties":{"id":13455426556,"name":"صيدلية الرازي فارما","type":"pharmacy","category":"healthcare","subcategory":"pharmacy","osmType":"node","amenity":"pharmacy","name:latin":"sydlya al-razy farma"}},{"type":"Feature","id":13455426648,"geometry":{"type":"Point","coordinates":[44.23699740000001,15.377152200000001]},"properties":{"id":13455426648,"name":"عيادة روت","type":"dentist","category":"healthcare","subcategory":"dentist","osmType":"node","amenity":"dentist","name:latin":"'yada rwt"}},{"type":"Feature","id":13455426654,"geometry":{"type":"Point","coordinates":[44.2373045,15.376385400000002]},"properties":{"id":13455426654,"name":"صيدلية الجوزي فارما","type":"pharmacy","category":"healthcare","subcategory":"pharmacy","osmType":"node","amenity":"pharmacy","name:latin":"sydlya al-jwzy farma"}},{"type":"Feature","id":13466614727,"geometry":{"type":"Point","coordinates":[44.189507500000005,15.329678500000002]},"properties":{"id":13466614727,"name":"مركز بايولايف الطبي","type":"clinic","category":"healthcare","subcategory":"clinic","osmType":"node","amenity":"clinic","name:latin":"mrkz baywlayf al-tby"}},{"type":"Feature","id":13466614759,"geometry":{"type":"Point","coordinates":[44.198838900000005,15.336881300000002]},"properties":{"id":13466614759,"name":"أوزون لطب الأسنان","type":"dentist","category":"healthcare","subcategory":"dentist","osmType":"node","amenity":"dentist","name:latin":"awzwn ltb al-asnan"}},{"type":"Feature","id":13466614783,"geometry":{"type":"Point","coordinates":[44.1895893,15.336678200000001]},"properties":{"id":13466614783,"name":"صيدلية العرشيللأدوية والمستلزمات الطبية","type":"pharmacy","category":"healthcare","subcategory":"pharmacy","osmType":"node","amenity":"pharmacy","name:latin":"sydlya al-'rshylladwya walmstlzmat al-tbya"}},{"type":"Feature","id":13466623810,"geometry":{"type":"Point","coordinates":[44.184160500000004,15.332353300000001]},"properties":{"id":13466623810,"name":"صيدلية الجمال الطبيعي","type":"pharmacy","category":"healthcare","subcategory":"pharmacy","osmType":"node","amenity":"pharmacy","name:latin":"sydlya al-jmal al-tby'y"}},{"type":"Feature","id":13466623814,"geometry":{"type":"Point","coordinates":[44.1855459,15.329589300000002]},"properties":{"id":13466623814,"name":"عيادة النهى لطب وجراحة الفم والأسنان","type":"dentist","category":"healthcare","subcategory":"dentist","osmType":"node","amenity":"dentist","name:latin":"'yada al-nha ltb wjraha al-fm walasnan"}},{"type":"Feature","id":13467779541,"geometry":{"type":"Point","coordinates":[44.216457000000005,15.274213300000001]},"properties":{"id":13467779541,"name":"صيدلية المنى","type":"pharmacy","category":"healthcare","subcategory":"pharmacy","osmType":"node","amenity":"pharmacy","name:latin":"sydlya al-mna"}},{"type":"Feature","id":13467779548,"geometry":{"type":"Point","coordinates":[44.209211,15.275481100000002]},"properties":{"id":13467779548,"name":"صيدلية الصيادي فارما","type":"pharmacy","category":"healthcare","subcategory":"pharmacy","osmType":"node","amenity":"pharmacy","name:latin":"sydlya al-syady farma"}},{"type":"Feature","id":13467779549,"geometry":{"type":"Point","coordinates":[44.209512800000006,15.275327200000001]},"properties":{"id":13467779549,"name":"الصيدلية السورية","type":"pharmacy","category":"healthcare","subcategory":"pharmacy","osmType":"node","amenity":"pharmacy","name:latin":"al-sydlya al-swrya"}},{"type":"Feature","id":13467779552,"geometry":{"type":"Point","coordinates":[44.211665200000006,15.273280500000002]},"properties":{"id":13467779552,"name":"صيدلية الحمزة","type":"pharmacy","category":"healthcare","subcategory":"pharmacy","osmType":"node","amenity":"pharmacy","name:latin":"sydlya al-hmza"}},{"type":"Feature","id":13467779556,"geometry":{"type":"Point","coordinates":[44.216736000000004,15.268538900000001]},"properties":{"id":13467779556,"name":"صيدلية المدينة الجديدة","type":"pharmacy","category":"healthcare","subcategory":"pharmacy","osmType":"node","amenity":"pharmacy","name:latin":"sydlya al-mdyna al-jdyda"}},{"type":"Feature","id":13467779557,"geometry":{"type":"Point","coordinates":[44.21836940000001,15.267194700000001]},"properties":{"id":13467779557,"name":"صيدلية ملاك","type":"pharmacy","category":"healthcare","subcategory":"pharmacy","osmType":"node","amenity":"pharmacy","name:latin":"sydlya mlak"}},{"type":"Feature","id":13467779561,"geometry":{"type":"Point","coordinates":[44.217609,15.266682300000001]},"properties":{"id":13467779561,"name":"صيدلية القواتي","type":"pharmacy","category":"healthcare","subcategory":"pharmacy","osmType":"node","amenity":"pharmacy","name:latin":"sydlya al-qwaty"}},{"type":"Feature","id":13467779564,"geometry":{"type":"Point","coordinates":[44.21785980000001,15.265470100000002]},"properties":{"id":13467779564,"name":"صيدلية السماوي","type":"pharmacy","category":"healthcare","subcategory":"pharmacy","osmType":"node","amenity":"pharmacy","name:latin":"sydlya al-smawy"}},{"type":"Feature","id":13467781417,"geometry":{"type":"Point","coordinates":[44.217369000000005,15.264123200000002]},"properties":{"id":13467781417,"name":"عيادة شريان الحياة الطبية","type":"clinic","category":"healthcare","subcategory":"clinic","osmType":"node","amenity":"clinic","name:latin":"'yada shryan al-hyaa al-tbya"}},{"type":"Feature","id":13467781419,"geometry":{"type":"Point","coordinates":[44.2173006,15.2639033]},"properties":{"id":13467781419,"name":"صيدلية فادي فارما","type":"pharmacy","category":"healthcare","subcategory":"pharmacy","osmType":"node","amenity":"pharmacy","name:latin":"sydlya fady farma"}},{"type":"Feature","id":13467781786,"geometry":{"type":"Point","coordinates":[44.2143998,15.2536678]},"properties":{"id":13467781786,"name":"مركز الحكيم الطبي","type":"clinic","category":"healthcare","subcategory":"clinic","osmType":"node","amenity":"clinic","name:latin":"mrkz al-hkym al-tby"}},{"type":"Feature","id":13469712989,"geometry":{"type":"Point","coordinates":[44.251606,15.230568600000002]},"properties":{"id":13469712989,"name":"صيدلية سهيل","type":"pharmacy","category":"healthcare","subcategory":"pharmacy","osmType":"node","amenity":"pharmacy","name:latin":"sydlya shyl"}},{"type":"Feature","id":13469712993,"geometry":{"type":"Point","coordinates":[44.2520231,15.234158100000002]},"properties":{"id":13469712993,"name":"مجمع الدكتورة رولا عبدالكريم","type":"clinic","category":"healthcare","subcategory":"clinic","osmType":"node","amenity":"clinic","name:latin":"mjm' al-dktwra rwla 'bdalkrym"}},{"type":"Feature","id":13469712995,"geometry":{"type":"Point","coordinates":[44.2506203,15.234569600000002]},"properties":{"id":13469712995,"name":"المركز الطبي الشامل","type":"hospital","category":"healthcare","subcategory":"hospital","osmType":"node","amenity":"hospital","name:latin":"al-mrkz al-tby al-shaml"}},{"type":"Feature","id":13469712998,"geometry":{"type":"Point","coordinates":[44.2525716,15.233744000000002]},"properties":{"id":13469712998,"name":"صيجلية حياتي","type":"pharmacy","category":"healthcare","subcategory":"pharmacy","osmType":"node","amenity":"pharmacy","name:latin":"syjlya hyaty"}},{"type":"Feature","id":13469712999,"geometry":{"type":"Point","coordinates":[44.2522256,15.234195600000001]},"properties":{"id":13469712999,"name":"صيدلية حزيز المركزية","type":"pharmacy","category":"healthcare","subcategory":"pharmacy","osmType":"node","amenity":"pharmacy","name:latin":"sydlya hzyz al-mrkzya"}},{"type":"Feature","id":13469713000,"geometry":{"type":"Point","coordinates":[44.25261450000001,15.235894600000002]},"properties":{"id":13469713000,"name":"صيدلية أيمن","type":"pharmacy","category":"healthcare","subcategory":"pharmacy","osmType":"node","amenity":"pharmacy","name:latin":"sydlya aymn"}},{"type":"Feature","id":13469713010,"geometry":{"type":"Point","coordinates":[44.2535426,15.240649900000001]},"properties":{"id":13469713010,"name":"صيدلية المريسي الحديثة","type":"pharmacy","category":"healthcare","subcategory":"pharmacy","osmType":"node","amenity":"pharmacy","name:latin":"sydlya al-mrysy al-hdytha"}},{"type":"Feature","id":13469713011,"geometry":{"type":"Point","coordinates":[44.25397710000001,15.2407625]},"properties":{"id":13469713011,"name":"صيدلية كمال المركزية","type":"pharmacy","category":"healthcare","subcategory":"pharmacy","osmType":"node","amenity":"pharmacy","name:latin":"sydlya kmal al-mrkzya"}},{"type":"Feature","id":13469713015,"geometry":{"type":"Point","coordinates":[44.254757600000005,15.241287800000002]},"properties":{"id":13469713015,"name":"صيدلية باب الحارة","type":"pharmacy","category":"healthcare","subcategory":"pharmacy","osmType":"node","amenity":"pharmacy","name:latin":"sydlya bab al-hara"}},{"type":"Feature","id":13469713018,"geometry":{"type":"Point","coordinates":[44.2536713,15.241149400000001]},"properties":{"id":13469713018,"name":"أدوية الهيثم","type":"pharmacy","category":"healthcare","subcategory":"pharmacy","osmType":"node","amenity":"pharmacy","name:latin":"adwya al-hythm"}},{"type":"Feature","id":13469713019,"geometry":{"type":"Point","coordinates":[44.2536914,15.2412775]},"properties":{"id":13469713019,"name":"مستشفى الطاهر","type":"hospital","category":"healthcare","subcategory":"hospital","osmType":"node","amenity":"hospital","name:latin":"mstshfa al-tahr"}},{"type":"Feature","id":13469713022,"geometry":{"type":"Point","coordinates":[44.2541756,15.241731600000001]},"properties":{"id":13469713022,"name":"مركز عماد الطبي","type":"clinic","category":"healthcare","subcategory":"clinic","osmType":"node","amenity":"clinic","name:latin":"mrkz 'mad al-tby"}},{"type":"Feature","id":13469713023,"geometry":{"type":"Point","coordinates":[44.2541488,15.241509100000002]},"properties":{"id":13469713023,"name":"صيدلية أمين للأدوية","type":"pharmacy","category":"healthcare","subcategory":"pharmacy","osmType":"node","amenity":"pharmacy","name:latin":"sydlya amyn lladwya"}},{"type":"Feature","id":13469713025,"geometry":{"type":"Point","coordinates":[44.25395700000001,15.242619300000001]},"properties":{"id":13469713025,"name":"","type":"pharmacy","category":"healthcare","subcategory":"pharmacy","osmType":"node","amenity":"pharmacy"}},{"type":"Feature","id":13469713026,"geometry":{"type":"Point","coordinates":[44.25432180000001,15.242678800000002]},"properties":{"id":13469713026,"name":"المستشفى اليمني الدولي","type":"hospital","category":"healthcare","subcategory":"hospital","osmType":"node","amenity":"hospital","name:latin":"al-mstshfa al-ymny al-dwly"}},{"type":"Feature","id":13469713033,"geometry":{"type":"Point","coordinates":[44.2546624,15.2464881]},"properties":{"id":13469713033,"name":"بصمة شفاء","type":"clinic","category":"healthcare","subcategory":"clinic","osmType":"node","amenity":"clinic","name:latin":"bsma shfa'"}},{"type":"Feature","id":13469713225,"geometry":{"type":"Point","coordinates":[44.2211013,15.273385300000001]},"properties":{"id":13469713225,"name":"فيوجن سمايل لطب وزراعة الأسنان","type":"dentist","category":"healthcare","subcategory":"dentist","osmType":"node","amenity":"dentist","name:latin":"fywjn smayl ltb wzra'a al-asnan"}},{"type":"Feature","id":13469713226,"geometry":{"type":"Point","coordinates":[44.2209403,15.273658300000001]},"properties":{"id":13469713226,"name":"مستشفى البنون الدولي للخصوبة والعقم","type":"hospital","category":"healthcare","subcategory":"hospital","osmType":"node","amenity":"hospital","name:latin":"mstshfa al-bnwn al-dwly llkhswba wal'qm"}},{"type":"Feature","id":13469713232,"geometry":{"type":"Point","coordinates":[44.230365600000006,15.2698534]},"properties":{"id":13469713232,"name":"صيدلية الظفري","type":"pharmacy","category":"healthcare","subcategory":"pharmacy","osmType":"node","amenity":"pharmacy","name:latin":"sydlya al-zfry"}},{"type":"Feature","id":13469713241,"geometry":{"type":"Point","coordinates":[44.2299177,15.268302100000001]},"properties":{"id":13469713241,"name":"صيدلية الدكتور عبدالله الهادي","type":"pharmacy","category":"healthcare","subcategory":"pharmacy","osmType":"node","amenity":"pharmacy","name:latin":"sydlya al-dktwr 'bdallh al-hady"}},{"type":"Feature","id":13469713242,"geometry":{"type":"Point","coordinates":[44.2310127,15.2693223]},"properties":{"id":13469713242,"name":"مركز النور الطبي الحديث","type":"clinic","category":"healthcare","subcategory":"clinic","osmType":"node","amenity":"clinic","name:latin":"mrkz al-nwr al-tby al-hdyth"}},{"type":"Feature","id":13469713245,"geometry":{"type":"Point","coordinates":[44.23114880000001,15.269726600000002]},"properties":{"id":13469713245,"name":"صيدلية مملكة الصحة","type":"pharmacy","category":"healthcare","subcategory":"pharmacy","osmType":"node","amenity":"pharmacy","name:latin":"sydlya mmlka al-sha"}},{"type":"Feature","id":13469713250,"geometry":{"type":"Point","coordinates":[44.23152700000001,15.269953000000001]},"properties":{"id":13469713250,"name":"صيدلية فلسطين","type":"pharmacy","category":"healthcare","subcategory":"pharmacy","osmType":"node","amenity":"pharmacy","name:latin":"sydlya flstyn"}},{"type":"Feature","id":13469713279,"geometry":{"type":"Point","coordinates":[44.22641470000001,15.264415600000001]},"properties":{"id":13469713279,"name":"صيدلية هشام","type":"pharmacy","category":"healthcare","subcategory":"pharmacy","osmType":"node","amenity":"pharmacy","name:latin":"sydlya hsham"}},{"type":"Feature","id":13470708301,"geometry":{"type":"Point","coordinates":[44.187675000000006,15.3436008]},"properties":{"id":13470708301,"name":"نيوسكان التشخيصي","type":"clinic","category":"healthcare","subcategory":"clinic","osmType":"node","addr:street":"شارع الزبيري","amenity":"clinic","name:latin":"nywskan al-tshkhysy"}},{"type":"Feature","id":13473730186,"geometry":{"type":"Point","coordinates":[44.193888900000005,15.292719300000002]},"properties":{"id":13473730186,"name":"الصيدلية التركية","type":"pharmacy","category":"healthcare","subcategory":"pharmacy","osmType":"node","amenity":"pharmacy","name:latin":"al-sydlya al-trkya"}},{"type":"Feature","id":13473730198,"geometry":{"type":"Point","coordinates":[44.1906595,15.293477300000001]},"properties":{"id":13473730198,"name":"مركز الخمسين الطبي التعاوني","type":"hospital","category":"healthcare","subcategory":"hospital","osmType":"node","amenity":"hospital","name:latin":"mrkz al-khmsyn al-tby al-t'awny"}},{"type":"Feature","id":13475371796,"geometry":{"type":"Point","coordinates":[44.1815829,15.360324400000001]},"properties":{"id":13475371796,"name":"مركز الدكتورة أفراح النونو","type":"clinic","category":"healthcare","subcategory":"clinic","osmType":"node","amenity":"clinic","name:latin":"mrkz al-dktwra afrah al-nwnw"}},{"type":"Feature","id":13475371797,"geometry":{"type":"Point","coordinates":[44.181965100000006,15.360579200000002]},"properties":{"id":13475371797,"name":"صيدلية الأرقم","type":"pharmacy","category":"healthcare","subcategory":"pharmacy","osmType":"node","amenity":"pharmacy","name:latin":"sydlya al-arqm"}},{"type":"Feature","id":13475400707,"geometry":{"type":"Point","coordinates":[44.1796651,15.359577000000002]},"properties":{"id":13475400707,"name":"صيدلية اليمن الدولية","type":"pharmacy","category":"healthcare","subcategory":"pharmacy","osmType":"node","amenity":"pharmacy","name:latin":"sydlya al-ymn al-dwlya"}},{"type":"Feature","id":13475400715,"geometry":{"type":"Point","coordinates":[44.1788712,15.360702100000001]},"properties":{"id":13475400715,"name":"صيدلية كيو فارما","type":"pharmacy","category":"healthcare","subcategory":"pharmacy","osmType":"node","amenity":"pharmacy","name:latin":"sydlya kyw farma"}},{"type":"Feature","id":13475400717,"geometry":{"type":"Point","coordinates":[44.176883700000005,15.359421800000002]},"properties":{"id":13475400717,"name":"صيدلية هيربل كير","type":"pharmacy","category":"healthcare","subcategory":"pharmacy","osmType":"node","amenity":"pharmacy","name:latin":"sydlya hyrbl kyr"}},{"type":"Feature","id":13475400725,"geometry":{"type":"Point","coordinates":[44.179042900000006,15.360146000000002]},"properties":{"id":13475400725,"name":"صيدلية الرباط","type":"pharmacy","category":"healthcare","subcategory":"pharmacy","osmType":"node","amenity":"pharmacy","name:latin":"sydlya al-rbat"}},{"type":"Feature","id":13475400730,"geometry":{"type":"Point","coordinates":[44.175090600000004,15.357172900000002]},"properties":{"id":13475400730,"name":"صيدلية الفهدين للأدوية","type":"pharmacy","category":"healthcare","subcategory":"pharmacy","osmType":"node","amenity":"pharmacy","name:latin":"sydlya al-fhdyn lladwya"}},{"type":"Feature","id":13475400733,"geometry":{"type":"Point","coordinates":[44.176981600000005,15.359773500000001]},"properties":{"id":13475400733,"name":"الشجاع فارما","type":"pharmacy","category":"healthcare","subcategory":"pharmacy","osmType":"node","amenity":"pharmacy","name:latin":"al-shja' farma"}},{"type":"Feature","id":13508161180,"geometry":{"type":"Point","coordinates":[44.204084,15.383203300000002]},"properties":{"id":13508161180,"name":"عيادة السويدي","type":"clinic","category":"healthcare","subcategory":"clinic","osmType":"node","amenity":"clinic","name:latin":"'yada al-swydy"}},{"type":"Feature","id":13518640377,"geometry":{"type":"Point","coordinates":[44.22343480000001,15.324462200000001]},"properties":{"id":13518640377,"name":"صيدلية العريفي المركزية","type":"pharmacy","category":"healthcare","subcategory":"pharmacy","osmType":"node","amenity":"pharmacy","name:latin":"sydlya al-'ryfy al-mrkzya"}},{"type":"Feature","id":13518640389,"geometry":{"type":"Point","coordinates":[44.2235273,15.323484400000002]},"properties":{"id":13518640389,"name":"أركان الصيدلة","type":"pharmacy","category":"healthcare","subcategory":"pharmacy","osmType":"node","amenity":"pharmacy","name:latin":"arkan al-sydla"}},{"type":"Feature","id":13518640392,"geometry":{"type":"Point","coordinates":[44.2235488,15.323075700000002]},"properties":{"id":13518640392,"name":"صيدلية روتكس المركزية","type":"pharmacy","category":"healthcare","subcategory":"pharmacy","osmType":"node","amenity":"pharmacy","name:latin":"sydlya rwtks al-mrkzya"}},{"type":"Feature","id":13518704508,"geometry":{"type":"Point","coordinates":[44.2235287,15.321594700000002]},"properties":{"id":13518704508,"name":"صيدلية النجدة","type":"pharmacy","category":"healthcare","subcategory":"pharmacy","osmType":"node","amenity":"pharmacy","name:latin":"sydlya al-njda"}},{"type":"Feature","id":13518704517,"geometry":{"type":"Point","coordinates":[44.220303300000005,15.3289956]},"properties":{"id":13518704517,"name":"صيدلية ميار فارما","type":"pharmacy","category":"healthcare","subcategory":"pharmacy","osmType":"node","amenity":"pharmacy","name:latin":"sydlya myar farma"}},{"type":"Feature","id":13518704526,"geometry":{"type":"Point","coordinates":[44.225116500000006,15.329331900000001]},"properties":{"id":13518704526,"name":"مختبرات العولقي التخصصية","type":"laboratory","category":"healthcare","subcategory":"other","osmType":"node","healthcare":"laboratory","name:latin":"mkhtbrat al-'wlqy al-tkhssya"}},{"type":"Feature","id":13518704549,"geometry":{"type":"Point","coordinates":[44.224051700000004,15.320761700000002]},"properties":{"id":13518704549,"name":"مركز الصالح الطبي","type":"clinic","category":"healthcare","subcategory":"clinic","osmType":"node","amenity":"clinic","name:latin":"mrkz al-salh al-tby"}},{"type":"Feature","id":13518704557,"geometry":{"type":"Point","coordinates":[44.223994000000005,15.3200917]},"properties":{"id":13518704557,"name":"صيدلية الصالح الطبية","type":"pharmacy","category":"healthcare","subcategory":"pharmacy","osmType":"node","amenity":"pharmacy","name:latin":"sydlya al-salh al-tbya"}},{"type":"Feature","id":13518704590,"geometry":{"type":"Point","coordinates":[44.228341900000004,15.3217279]},"properties":{"id":13518704590,"name":"صيدلية الرحمة","type":"pharmacy","category":"healthcare","subcategory":"pharmacy","osmType":"node","amenity":"pharmacy","name:latin":"sydlya al-rhma"}},{"type":"Feature","id":13518704591,"geometry":{"type":"Point","coordinates":[44.228402200000005,15.3215359]},"properties":{"id":13518704591,"name":"16 عالم الصيدلة","type":"pharmacy","category":"healthcare","subcategory":"pharmacy","osmType":"node","amenity":"pharmacy","name:latin":"16 'alm al-sydla"}},{"type":"Feature","id":13518704592,"geometry":{"type":"Point","coordinates":[44.228500100000005,15.321358000000002]},"properties":{"id":13518704592,"name":"صيدلية العلوم المتقدمة","type":"pharmacy","category":"healthcare","subcategory":"pharmacy","osmType":"node","amenity":"pharmacy","name:latin":"sydlya al-'lwm al-mtqdma"}},{"type":"Feature","id":13518704595,"geometry":{"type":"Point","coordinates":[44.229646100000004,15.3197147]},"properties":{"id":13518704595,"name":"مختبرات ميدلاب التخصصية","type":"laboratory","category":"healthcare","subcategory":"other","osmType":"node","healthcare":"laboratory","name:latin":"mkhtbrat mydlab al-tkhssya"}},{"type":"Feature","id":13518704597,"geometry":{"type":"Point","coordinates":[44.2293108,15.319601500000001]},"properties":{"id":13518704597,"name":"صيدلية الحكمة","type":"pharmacy","category":"healthcare","subcategory":"pharmacy","osmType":"node","amenity":"pharmacy","name:latin":"sydlya al-hkma"}},{"type":"Feature","id":13518704602,"geometry":{"type":"Point","coordinates":[44.2298332,15.3193467]},"properties":{"id":13518704602,"name":"صيدلية ساك","type":"pharmacy","category":"healthcare","subcategory":"pharmacy","osmType":"node","amenity":"pharmacy","name:latin":"sydlya sak"}},{"type":"Feature","id":13518704604,"geometry":{"type":"Point","coordinates":[44.229894200000004,15.319174000000002]},"properties":{"id":13518704604,"name":"الشاعر لطب وجراحة العيون","type":"clinic","category":"healthcare","subcategory":"clinic","osmType":"node","amenity":"clinic","name:latin":"al-sha'r ltb wjraha al-'ywn"}},{"type":"Feature","id":13518704605,"geometry":{"type":"Point","coordinates":[44.2299525,15.3189755]},"properties":{"id":13518704605,"name":"المختبرات الدولية الحديثة","type":"laboratory","category":"healthcare","subcategory":"other","osmType":"node","healthcare":"laboratory","name:latin":"al-mkhtbrat al-dwlya al-hdytha"}},{"type":"Feature","id":13518704606,"geometry":{"type":"Point","coordinates":[44.2300028,15.318927000000002]},"properties":{"id":13518704606,"name":"صيدلية بنك الدواء","type":"pharmacy","category":"healthcare","subcategory":"pharmacy","osmType":"node","amenity":"pharmacy","name:latin":"sydlya bnk al-dwa'"}},{"type":"Feature","id":13518744805,"geometry":{"type":"Point","coordinates":[44.2333858,15.310676500000001]},"properties":{"id":13518744805,"name":"صيدلية عالم دركسل","type":"pharmacy","category":"healthcare","subcategory":"pharmacy","osmType":"node","amenity":"pharmacy","name:latin":"sydlya 'alm drksl"}},{"type":"Feature","id":13518744813,"geometry":{"type":"Point","coordinates":[44.2337465,15.3082208]},"properties":{"id":13518744813,"name":"صيدلية النجمة فارما","type":"pharmacy","category":"healthcare","subcategory":"pharmacy","osmType":"node","amenity":"pharmacy","name:latin":"sydlya al-njma farma"}},{"type":"Feature","id":13518744816,"geometry":{"type":"Point","coordinates":[44.2343259,15.3099599]},"properties":{"id":13518744816,"name":"صيدلية الحسيني","type":"pharmacy","category":"healthcare","subcategory":"pharmacy","osmType":"node","amenity":"pharmacy","name:latin":"sydlya al-hsyny"}},{"type":"Feature","id":13518744817,"geometry":{"type":"Point","coordinates":[44.2341878,15.310225100000002]},"properties":{"id":13518744817,"name":"الصيدلية الاسبانية","type":"pharmacy","category":"healthcare","subcategory":"pharmacy","osmType":"node","amenity":"pharmacy","name:latin":"al-sydlya al-asbanya"}},{"type":"Feature","id":13518744818,"geometry":{"type":"Point","coordinates":[44.233912800000006,15.3102341]},"properties":{"id":13518744818,"name":"صيدلية إرام فارما","type":"pharmacy","category":"healthcare","subcategory":"pharmacy","osmType":"node","amenity":"pharmacy","name:latin":"sydlya iram farma"}},{"type":"Feature","id":13518744819,"geometry":{"type":"Point","coordinates":[44.233428700000005,15.310146200000002]},"properties":{"id":13518744819,"name":"الصيدلية الفرنسية","type":"pharmacy","category":"healthcare","subcategory":"pharmacy","osmType":"node","amenity":"pharmacy","name:latin":"al-sydlya al-frnsya"}},{"type":"Feature","id":13518744822,"geometry":{"type":"Point","coordinates":[44.2333348,15.309386900000002]},"properties":{"id":13518744822,"name":"صيدلية الشهباء","type":"pharmacy","category":"healthcare","subcategory":"pharmacy","osmType":"node","amenity":"pharmacy","name:latin":"sydlya al-shhba'"}},{"type":"Feature","id":13518744850,"geometry":{"type":"Point","coordinates":[44.227678000000004,15.3091553]},"properties":{"id":13518744850,"name":"صيدلية سقطرى","type":"pharmacy","category":"healthcare","subcategory":"pharmacy","osmType":"node","amenity":"pharmacy","name:latin":"sydlya sqtra"}},{"type":"Feature","id":13518744858,"geometry":{"type":"Point","coordinates":[44.23261600000001,15.311226200000002]},"properties":{"id":13518744858,"name":"صيدلية تاج فارما","type":"pharmacy","category":"healthcare","subcategory":"pharmacy","osmType":"node","amenity":"pharmacy","name:latin":"sydlya taj farma"}},{"type":"Feature","id":13518744859,"geometry":{"type":"Point","coordinates":[44.232680300000006,15.311106]},"properties":{"id":13518744859,"name":"صيدلية الفرات","type":"pharmacy","category":"healthcare","subcategory":"pharmacy","osmType":"node","amenity":"pharmacy","name:latin":"sydlya al-frat"}},{"type":"Feature","id":13518744878,"geometry":{"type":"Point","coordinates":[44.229738600000005,15.311377600000002]},"properties":{"id":13518744878,"name":"المنير للأدوية والمستلزمات الطبية","type":"pharmacy","category":"healthcare","subcategory":"pharmacy","osmType":"node","amenity":"pharmacy","name:latin":"al-mnyr lladwya walmstlzmat al-tbya"}},{"type":"Feature","id":13518744890,"geometry":{"type":"Point","coordinates":[44.226914900000004,15.311175800000001]},"properties":{"id":13518744890,"name":"صيدلية إسطنبول الحديثة","type":"pharmacy","category":"healthcare","subcategory":"pharmacy","osmType":"node","amenity":"pharmacy","name:latin":"sydlya istnbwl al-hdytha"}},{"type":"Feature","id":13518892424,"geometry":{"type":"Point","coordinates":[44.2034201,15.348982800000002]},"properties":{"id":13518892424,"name":"صيدلية ربيع الصحة","type":"pharmacy","category":"healthcare","subcategory":"pharmacy","osmType":"node","amenity":"pharmacy","name:latin":"sydlya rby' al-sha"}},{"type":"Feature","id":13518892447,"geometry":{"type":"Point","coordinates":[44.1959006,15.351207200000001]},"properties":{"id":13518892447,"name":"أدوية العلفي","type":"pharmacy","category":"healthcare","subcategory":"pharmacy","osmType":"node","amenity":"pharmacy","name:latin":"adwya al-'lfy"}},{"type":"Feature","id":13518892448,"geometry":{"type":"Point","coordinates":[44.196517500000006,15.3513753]},"properties":{"id":13518892448,"name":"مخزن البيلي للأدوية","type":"pharmacy","category":"healthcare","subcategory":"pharmacy","osmType":"node","amenity":"pharmacy","name:latin":"mkhzn al-byly lladwya"}},{"type":"Feature","id":13518892553,"geometry":{"type":"Point","coordinates":[44.195948800000004,15.3489479]},"properties":{"id":13518892553,"name":"صيدلية أفضل فارما","type":"pharmacy","category":"healthcare","subcategory":"pharmacy","osmType":"node","amenity":"pharmacy","name:latin":"sydlya afdl farma"}},{"type":"Feature","id":13518892559,"geometry":{"type":"Point","coordinates":[44.1944079,15.348046400000001]},"properties":{"id":13518892559,"name":"صيدلية التوفيق","type":"pharmacy","category":"healthcare","subcategory":"pharmacy","osmType":"node","amenity":"pharmacy","name:latin":"sydlya al-twfyq"}},{"type":"Feature","id":13518892574,"geometry":{"type":"Point","coordinates":[44.191884,15.347283400000002]},"properties":{"id":13518892574,"name":"صيدلية البراق","type":"pharmacy","category":"healthcare","subcategory":"pharmacy","osmType":"node","amenity":"pharmacy","name:latin":"sydlya al-braq"}},{"type":"Feature","id":13521156688,"geometry":{"type":"Point","coordinates":[44.217401100000004,15.377798700000001]},"properties":{"id":13521156688,"name":"مركز الاتحاد الطبي","type":"clinic","category":"healthcare","subcategory":"clinic","osmType":"node","amenity":"clinic","name:latin":"mrkz al-athad al-tby"}},{"type":"Feature","id":13521156692,"geometry":{"type":"Point","coordinates":[44.218694600000006,15.3809377]},"properties":{"id":13521156692,"name":"صيدلية شريان","type":"pharmacy","category":"healthcare","subcategory":"pharmacy","osmType":"node","amenity":"pharmacy","name:latin":"sydlya shryan"}},{"type":"Feature","id":13521156694,"geometry":{"type":"Point","coordinates":[44.21866180000001,15.380189600000001]},"properties":{"id":13521156694,"name":"صيدلية التسامح","type":"pharmacy","category":"healthcare","subcategory":"pharmacy","osmType":"node","amenity":"pharmacy","name:latin":"sydlya al-tsamh"}},{"type":"Feature","id":13521156696,"geometry":{"type":"Point","coordinates":[44.218229900000004,15.3800377]},"properties":{"id":13521156696,"name":"صيدلية الرجاء","type":"pharmacy","category":"healthcare","subcategory":"pharmacy","osmType":"node","amenity":"pharmacy","name:latin":"sydlya al-rja'"}},{"type":"Feature","id":13521156698,"geometry":{"type":"Point","coordinates":[44.217943600000005,15.380653200000001]},"properties":{"id":13521156698,"name":"صيدلية أعماق المحيط","type":"pharmacy","category":"healthcare","subcategory":"pharmacy","osmType":"node","amenity":"pharmacy","name:latin":"sydlya a'maq al-mhyt"}},{"type":"Feature","id":13521158002,"geometry":{"type":"Point","coordinates":[44.214735700000006,15.3800681]},"properties":{"id":13521158002,"name":"مستشفى الحكماء التخصصي","type":"hospital","category":"healthcare","subcategory":"hospital","osmType":"node","amenity":"hospital","name:latin":"mstshfa al-hkma' al-tkhssy"}},{"type":"Feature","id":13521158007,"geometry":{"type":"Point","coordinates":[44.213912300000004,15.380024700000002]},"properties":{"id":13521158007,"name":"صيدلية الأمل","type":"pharmacy","category":"healthcare","subcategory":"pharmacy","osmType":"node","amenity":"pharmacy","name:latin":"sydlya al-aml"}},{"type":"Feature","id":13521158011,"geometry":{"type":"Point","coordinates":[44.214505700000004,15.3792728]},"properties":{"id":13521158011,"name":"صيدلية السعيدة","type":"pharmacy","category":"healthcare","subcategory":"pharmacy","osmType":"node","amenity":"pharmacy","name:latin":"sydlya al-s'yda"}},{"type":"Feature","id":13521158060,"geometry":{"type":"Point","coordinates":[44.2069325,15.3639486]},"properties":{"id":13521158060,"name":"عيادة ألترا سمايل لطب الأسنان","type":"dentist","category":"healthcare","subcategory":"dentist","osmType":"node","amenity":"dentist","name:latin":"'yada altra smayl ltb al-asnan"}},{"type":"Feature","id":13521158064,"geometry":{"type":"Point","coordinates":[44.204425300000004,15.3634552]},"properties":{"id":13521158064,"name":"صيدلية الرسول الأعظم","type":"pharmacy","category":"healthcare","subcategory":"pharmacy","osmType":"node","amenity":"pharmacy","name:latin":"sydlya al-rswl al-a'zm"}},{"type":"Feature","id":13521158067,"geometry":{"type":"Point","coordinates":[44.20483900000001,15.363543800000002]},"properties":{"id":13521158067,"name":"صيدلية أساس الصحة","type":"pharmacy","category":"healthcare","subcategory":"pharmacy","osmType":"node","amenity":"pharmacy","name:latin":"sydlya asas al-sha"}},{"type":"Feature","id":13521158070,"geometry":{"type":"Point","coordinates":[44.201172400000004,15.363183700000002]},"properties":{"id":13521158070,"name":"صيدلية جهاد","type":"pharmacy","category":"healthcare","subcategory":"pharmacy","osmType":"node","amenity":"pharmacy","name:latin":"sydlya jhad"}},{"type":"Feature","id":13521158074,"geometry":{"type":"Point","coordinates":[44.196166100000006,15.369121900000001]},"properties":{"id":13521158074,"name":"صيدلية المأوى","type":"pharmacy","category":"healthcare","subcategory":"pharmacy","osmType":"node","amenity":"pharmacy","name:latin":"sydlya al-mawa"}},{"type":"Feature","id":13521158076,"geometry":{"type":"Point","coordinates":[44.195303800000005,15.3658709]},"properties":{"id":13521158076,"name":"صيدلية الحميدي","type":"pharmacy","category":"healthcare","subcategory":"pharmacy","osmType":"node","amenity":"pharmacy","name:latin":"sydlya al-hmydy"}},{"type":"Feature","id":13521158079,"geometry":{"type":"Point","coordinates":[44.194815600000005,15.365048400000001]},"properties":{"id":13521158079,"name":"مركز يمن فارما الطبي","type":"clinic","category":"healthcare","subcategory":"clinic","osmType":"node","amenity":"clinic","name:latin":"mrkz ymn farma al-tby"}},{"type":"Feature","id":13523868901,"geometry":{"type":"Point","coordinates":[44.1945951,15.358820000000001]},"properties":{"id":13523868901,"name":"المركز الوطني لمختبرات الصحة العامة المركزية. المختبر المركزي","type":"doctors","category":"healthcare","subcategory":"clinic","osmType":"node","addr:housenumber":"009671295796","addr:street":"شارع الزراعة","amenity":"doctors","name:latin":"al-mrkz al-wtny lmkhtbrat al-sha al-'ama al-mrkzya. al-mkhtbr al-mrkzy"}},{"type":"Feature","id":13619201002,"geometry":{"type":"Point","coordinates":[44.2250188,15.382135500000002]},"properties":{"id":13619201002,"name":"عياده منصور القدسي (انسابي ان شاءلله)","type":"clinic","category":"healthcare","subcategory":"clinic","osmType":"node","addr:housenumber":"‏‪777-077-099‬‏","addr:street":"شارع النصر","amenity":"clinic","name:latin":"'yadh mnswr al-qdsy (ansaby an sha'llh)"}},{"type":"Feature","id":13810877840,"geometry":{"type":"Point","coordinates":[44.170623000000006,15.449760000000001]},"properties":{"id":13810877840,"name":"مركز النور الطبي الجراحي","type":"hospital","category":"healthcare","subcategory":"hospital","osmType":"node","addr:city":"صنعاء جدر","addr:street":"طريق صنعاء - عمران - صعدة","amenity":"hospital","emergency":"yes","healthcare":"hospital","healthcare:speciality":"نساء_وولادة;انف_اذن_حنجرة;باطنية_وقلب;اطفال;عمليات_جراحية_متقدمة","name:latin":"mrkz al-nwr al-tby al-jrahy"}},{"type":"Feature","id":60748349,"geometry":{"type":"Polygon","coordinates":[[[44.17605760000001,15.3706659],[44.1752838,15.371095200000001],[44.1749512,15.370532700000002],[44.1752626,15.370375600000001],[44.175324200000006,15.370344300000001],[44.17571220000001,15.370140200000002],[44.1759235,15.370465500000002],[44.17605760000001,15.3706659]]]},"properties":{"id":60748349,"name":"جامعة العلوم والتكنولوجيا","type":"hospital","category":"healthcare","subcategory":"hospital","osmType":"way","addr:city":"صنعاء","addr:street":"شارع الستين","alt_name":"مستشفى جامعة العلوم والتكنولوجيا","amenity":"hospital","healthcare":"hospital","name:en":"University of Science and Technology Hospital","opening_hours":"24/7","operator:type":"private"}},{"type":"Feature","id":60795798,"geometry":{"type":"Polygon","coordinates":[[[44.1952988,15.346353900000002],[44.194357600000004,15.3459999],[44.194613600000004,15.345471000000002],[44.194485400000005,15.345386600000001],[44.194704300000005,15.3447419],[44.1953515,15.344922900000002],[44.19571740000001,15.3451479],[44.1952988,15.346353900000002]]]},"properties":{"id":60795798,"name":"المستشفى الجمهوري","type":"hospital","category":"healthcare","subcategory":"hospital","osmType":"way","addr:street":"شارع الزبيري","alt_name":"المستشفى الجمهوري","amenity":"hospital","building":"yes","healthcare":"hospital","int_name":"Republican Hospital, Republican Hospital","is_in":"Republic of Yemen , جمهورية اليمن","name:ar":"المستشفى الجمهوري","name:ar1":"المستشفى الجمهوري","name:de":"Republican Hospital","name:en":"Republican Hospital","name:fr":"Republican Hospital"}},{"type":"Feature","id":87318804,"geometry":{"type":"Polygon","coordinates":[[[44.206524200000004,15.332038500000001],[44.2081196,15.331365700000001],[44.208095400000005,15.331223500000002],[44.207425400000005,15.327672000000002],[44.206341800000004,15.3275789],[44.20618090000001,15.327620300000001],[44.2059878,15.327785800000001],[44.205977000000004,15.328096200000001],[44.2062595,15.330131200000002],[44.206453700000004,15.3314552],[44.206524200000004,15.332038500000001]]]},"properties":{"id":87318804,"name":"مستشفى السبعين للنساء والولادة","type":"hospital","category":"healthcare","subcategory":"hospital","osmType":"way","alt_name":"مستشفى السبعين للنساء و الولادة","amenity":"hospital","healthcare":"hospital","name:ar":"مستشفى السبعين للنساء والولادة","name:en":"Al Sabeen Maternal Hospital","nat_name":"مستشفى السبعين للنساء و الولادة","wikidata":"Q1527602"}},{"type":"Feature","id":120136283,"geometry":{"type":"Polygon","coordinates":[[[44.207692900000005,15.420585100000002],[44.20755810000001,15.4205792],[44.2075516,15.420717300000002],[44.2075091,15.4207154],[44.2075079,15.4207414],[44.207399900000006,15.420736600000001],[44.207398700000006,15.420763400000002],[44.207294600000004,15.420758800000002],[44.2072931,15.420790600000002],[44.207214300000004,15.420787100000002],[44.207212600000005,15.420822500000002],[44.207065400000005,15.420816000000002],[44.2070596,15.4209387],[44.206980400000006,15.4209352],[44.206971900000006,15.4211155],[44.2070231,15.421117800000001],[44.207015000000006,15.421289500000002],[44.2073498,15.421304200000002],[44.207330400000004,15.421714200000002],[44.207434600000006,15.4217188],[44.2074324,15.4217641],[44.20776910000001,15.421778900000001],[44.2077717,15.421725300000002],[44.207908800000006,15.4217314],[44.2079115,15.4216735],[44.2078701,15.421671700000001],[44.207872200000004,15.421629000000001],[44.2078567,15.421628300000002],[44.2078617,15.421522200000002],[44.20778910000001,15.421519000000002],[44.2077929,15.421438100000001],[44.2080119,15.421447700000002],[44.208148400000006,15.4214537],[44.208161200000006,15.421183800000001],[44.208132600000006,15.421182600000002],[44.20813570000001,15.4211176],[44.208091800000005,15.421115700000001],[44.2080971,15.421003200000001],[44.208139300000006,15.421005100000002],[44.2081449,15.420885900000002],[44.207997000000006,15.4208794],[44.20799890000001,15.420839],[44.207926,15.4208358],[44.20792780000001,15.4207978],[44.2077572,15.420790300000002],[44.207758600000005,15.4207595],[44.2076848,15.4207563],[44.207692900000005,15.420585100000002]]]},"properties":{"id":120136283,"name":"المستشفى السعودي الألماني","type":"hospital","category":"healthcare","subcategory":"hospital","osmType":"way","amenity":"hospital","building":"yes","healthcare":"hospital","name:ar":"المستشفى السعودي الألماني","name:en":"Saudi German Hospital"}},{"type":"Feature","id":120230549,"geometry":{"type":"Polygon","coordinates":[[[44.220341600000005,15.3497815],[44.2221217,15.350352400000002],[44.2215046,15.352145900000002],[44.219711800000006,15.351546700000002],[44.220341600000005,15.3497815]]]},"properties":{"id":120230549,"name":"مستشفى الثورة","type":"hospital","category":"healthcare","subcategory":"hospital","osmType":"way","alt_name":"مستشفى الثورة","amenity":"hospital","building":"yes","int_name":"Al Thawra Revolution Hospital, Al Thawra Revolution Hospital","is_in":"Republic of Yemen , جمهورية اليمن","name:ar":"مستشفى الثورة","name:ar1":"مستشفى الثورة","name:de":"Al Thawra Revolution Hospital","name:en":"Al Thawra Revolution Hospital","name:fr":"Al Thawra Revolution Hospital","wikidata":"Q1527580"}},{"type":"Feature","id":237753868,"geometry":{"type":"Polygon","coordinates":[[[44.197907900000004,15.383713600000002],[44.1971677,15.383708500000001],[44.1972535,15.382697300000002],[44.197967000000006,15.382728300000002],[44.197907900000004,15.383713600000002]]]},"properties":{"id":237753868,"name":"مركز الأطراف الصناعية","type":"clinic","category":"healthcare","subcategory":"clinic","osmType":"way","amenity":"clinic","healthcare":"clinic","name:ar":"مركز الأطراف الصناعية","name:latin":"mrkz al-atraf al-sna'ya"}},{"type":"Feature","id":237755721,"geometry":{"type":"Polygon","coordinates":[[[44.168859600000005,15.341351500000002],[44.1682829,15.3413023],[44.16838490000001,15.340741000000001],[44.16848950000001,15.340645300000002],[44.1690527,15.340671200000001],[44.168969600000004,15.341266100000002],[44.168859600000005,15.341351500000002]]]},"properties":{"id":237755721,"name":"مستشفى ابن سينا","type":"hospital","category":"healthcare","subcategory":"hospital","osmType":"way","addr:street":"شارع الستين","amenity":"hospital","healthcare":"hospital","name:ar":"مستشفى ابن سينا","opening_hours":"24/7","phone":"+967 1 217 602","website":"http://ibnsina-hospital.com/","name:latin":"mstshfa abn syna"}},{"type":"Feature","id":333927918,"geometry":{"type":"Polygon","coordinates":[[[44.1931784,15.361875600000001],[44.193328,15.361885200000001],[44.193380100000006,15.3611292],[44.193230400000004,15.361119600000002],[44.1931784,15.361875600000001]]]},"properties":{"id":333927918,"name":"مستشفى الكويت","type":"hospital","category":"healthcare","subcategory":"hospital","osmType":"way","amenity":"hospital","building":"hospital","healthcare":"hospital","is_in":"Republic of Yemen , جمهورية اليمن","name:ar":"مستشفى الكويت","name:en":"Kuwait Hospital","source":"Bing"}},{"type":"Feature","id":373910399,"geometry":{"type":"Polygon","coordinates":[[[44.2445826,15.4469907],[44.243549400000006,15.446803000000001],[44.2435769,15.446673100000002],[44.2435594,15.445092700000002],[44.2450765,15.445077200000002],[44.244909500000006,15.446208900000002],[44.2445826,15.4469907]]]},"properties":{"id":373910399,"name":"مستشفى فلسطين للأمومة والطفولة","type":"hospital","category":"healthcare","subcategory":"hospital","osmType":"way","amenity":"hospital","healthcare":"hospital","name:ar":"مستشفى فلسطين للأمومة والطفولة","name:latin":"mstshfa flstyn llamwma waltfwla"}},{"type":"Feature","id":716914185,"geometry":{"type":"Polygon","coordinates":[[[44.21506230000001,15.3399142],[44.2152527,15.339950400000001],[44.2151749,15.340418600000001],[44.2149872,15.340387500000002],[44.21506230000001,15.3399142]]]},"properties":{"id":716914185,"name":"مستشفى الأم","type":"hospital","category":"healthcare","subcategory":"hospital","osmType":"way","amenity":"hospital","name:ar":"مستشفى الأم","name:en":"Al-Om Hospital"}},{"type":"Feature","id":994862376,"geometry":{"type":"Polygon","coordinates":[[[44.188317500000004,15.343705900000002],[44.188354000000004,15.343389300000002],[44.1883775,15.3431858],[44.188105400000005,15.343156700000002],[44.1880455,15.3436768],[44.188317500000004,15.343705900000002]]]},"properties":{"id":994862376,"name":"مستشفى مغربي للعيون","type":"hospital","category":"healthcare","subcategory":"hospital","osmType":"way","amenity":"hospital","healthcare":"hospital","name:en":"Magrabi Hospitals & Centers","phone":"01210020"}},{"type":"Feature","id":995176977,"geometry":{"type":"Polygon","coordinates":[[[44.17716420000001,15.375570900000001],[44.177762300000005,15.3757426],[44.177585500000006,15.376315100000001],[44.1769874,15.376143400000002],[44.17716420000001,15.375570900000001]]]},"properties":{"id":995176977,"name":"مستشفى آزال","type":"hospital","category":"healthcare","subcategory":"hospital","osmType":"way","addr:street":"شارع الستين","amenity":"hospital","healthcare":"hospital","name:ar":"مستشفى آزال","name:en":"Azal hospital","opening_hours":"24/7"}},{"type":"Feature","id":1029075213,"geometry":{"type":"Polygon","coordinates":[[[44.176257400000004,15.379898700000002],[44.1764384,15.3799556],[44.176539000000005,15.379676300000002],[44.1763473,15.379610300000001],[44.176257400000004,15.379898700000002]]]},"properties":{"id":1029075213,"name":"برج اليمن الطبي","type":"hospital","category":"healthcare","subcategory":"hospital","osmType":"way","addr:street":"شارع الستين","amenity":"hospital","building":"hospital","healthcare":"clinic","layer":"1","name:latin":"brj al-ymn al-tby"}},{"type":"Feature","id":1029075214,"geometry":{"type":"Polygon","coordinates":[[[44.1765739,15.378557700000002],[44.176830100000004,15.378639200000002],[44.1769145,15.378420700000001],[44.176655700000005,15.3783328],[44.1765739,15.378557700000002]]]},"properties":{"id":1029075214,"name":"برج الستين الطبي","type":"hospital","category":"healthcare","subcategory":"other","osmType":"way","addr:street":"شارع الستين","healthcare":"hospital","name:latin":"brj al-styn al-tby"}},{"type":"Feature","id":1211616894,"geometry":{"type":"Polygon","coordinates":[[[44.2307257,15.386148000000002],[44.23097920000001,15.386134400000001],[44.2309604,15.385859700000001],[44.230698200000006,15.385862900000001],[44.2307257,15.386148000000002]]]},"properties":{"id":1211616894,"name":"مستشفى المتحدون التخصصي","type":"hospital","category":"healthcare","subcategory":"hospital","osmType":"way","amenity":"hospital","building":"yes","name:latin":"mstshfa al-mthdwn al-tkhssy"}},{"type":"Feature","id":1346369933,"geometry":{"type":"Polygon","coordinates":[[[44.248121100000006,15.230430100000001],[44.2491885,15.230263400000002],[44.2489726,15.229609000000002],[44.248957100000005,15.229550300000001],[44.2479195,15.2297673],[44.24809080000001,15.2304273],[44.248121100000006,15.230430100000001]]]},"properties":{"id":1346369933,"name":"مستشفى وملحق مسجد","type":"hospital","category":"healthcare","subcategory":"hospital","osmType":"way","amenity":"hospital","healthcare":"hospital","name:latin":"mstshfa wmlhq msjd"}}]}