{"type":"FeatureCollection","features":[{"type":"Feature","id":265965318,"geometry":{"type":"Point","coordinates":[44.1935707,15.303162200000001]},"properties":{"id":265965318,"name":"مسجد القدس حدة","type":"place_of_worship","category":"religion","osmType":"node","addr:street":"شارع إيران","amenity":"place_of_worship","name:ar":"مسجد القدس حدة","name:en":"Alquds mosque Hadah","religion":"muslim"}},{"type":"Feature","id":305165442,"geometry":{"type":"Point","coordinates":[44.2152067,15.355328400000001]},"properties":{"id":305165442,"name":"مسجد الشهيدين","type":"place_of_worship","category":"religion","osmType":"node","amenity":"place_of_worship","name:ar":"مسجد الشهيدين","name:en":"Al Shahidayn Mosque","religion":"muslim"}},{"type":"Feature","id":305165504,"geometry":{"type":"Point","coordinates":[44.214941700000004,15.357503000000001]},"properties":{"id":305165504,"name":"جامع القيلر","type":"place_of_worship","category":"religion","osmType":"node","alt_name":"جامع القيلر","amenity":"place_of_worship","name:ar":"جامع القيلر","name:en":"Al Quilar Mosque","religion":"muslim"}},{"type":"Feature","id":574491296,"geometry":{"type":"Point","coordinates":[44.209344300000005,15.353139700000002]},"properties":{"id":574491296,"name":"قبة المهدي","type":"place_of_worship","category":"religion","osmType":"node","alt_name":"قبة المهدي","amenity":"place_of_worship","name:ar":"قبة المهدي","name:en":"Qubbat Al-Mahdi","religion":"muslim"}},{"type":"Feature","id":574491323,"geometry":{"type":"Point","coordinates":[44.20908180000001,15.355273000000002]},"properties":{"id":574491323,"name":"مسجد الطبري","type":"place_of_worship","category":"religion","osmType":"node","amenity":"place_of_worship","religion":"muslim","name:latin":"msjd al-tbry"}},{"type":"Feature","id":577379056,"geometry":{"type":"Point","coordinates":[44.2107156,15.342102100000002]},"properties":{"id":577379056,"name":"جامع البليلي","type":"place_of_worship","category":"religion","osmType":"node","amenity":"place_of_worship","name:ar":"جامع البليلي","religion":"muslim","name:latin":"jam' al-blyly"}},{"type":"Feature","id":578046557,"geometry":{"type":"Point","coordinates":[44.21662010000001,15.353929800000001]},"properties":{"id":578046557,"name":"","type":"place_of_worship","category":"religion","osmType":"node","amenity":"place_of_worship","religion":"muslim"}},{"type":"Feature","id":578046568,"geometry":{"type":"Point","coordinates":[44.215277900000004,15.3546381]},"properties":{"id":578046568,"name":"","type":"place_of_worship","category":"religion","osmType":"node","amenity":"place_of_worship","religion":"muslim"}},{"type":"Feature","id":606150408,"geometry":{"type":"Point","coordinates":[44.2062602,15.3550543]},"properties":{"id":606150408,"name":"مسجد قبة المتوكل","type":"place_of_worship","category":"religion","osmType":"node","addr:city":"صنعاء","addr:street":"ميدان التحرير","amenity":"place_of_worship","name:ar":"قبة المتوكل","religion":"muslim","name:latin":"msjd qba al-mtwkl"}},{"type":"Feature","id":724234554,"geometry":{"type":"Point","coordinates":[44.2132682,15.361153900000001]},"properties":{"id":724234554,"name":"مسجد القص","type":"place_of_worship","category":"religion","osmType":"node","amenity":"place_of_worship","religion":"muslim","name:latin":"msjd al-qs"}},{"type":"Feature","id":760292165,"geometry":{"type":"Point","coordinates":[44.235966000000005,15.314275000000002]},"properties":{"id":760292165,"name":"جامع عمر بن الخطاب","type":"place_of_worship","category":"religion","osmType":"node","amenity":"place_of_worship","name:ar":"جامع عمر بن الخطاب","religion":"muslim","name:latin":"jam' 'mr bn al-khtab"}},{"type":"Feature","id":760300125,"geometry":{"type":"Point","coordinates":[44.231675700000004,15.308537000000001]},"properties":{"id":760300125,"name":"جامع الخير","type":"place_of_worship","category":"religion","osmType":"node","amenity":"place_of_worship","denomination":"sunni","name:ar":"جامع الخير","name:en":"AlKhair Mosque","religion":"muslim"}},{"type":"Feature","id":760342453,"geometry":{"type":"Point","coordinates":[44.239249,15.312277800000002]},"properties":{"id":760342453,"name":"جامع الانصار","type":"place_of_worship","category":"religion","osmType":"node","amenity":"place_of_worship","name:ar":"جامع الانصار","name:en":"Alanssar mosque","religion":"muslim"}},{"type":"Feature","id":760460626,"geometry":{"type":"Point","coordinates":[44.2366614,15.310848000000002]},"properties":{"id":760460626,"name":"جامع الايمان","type":"place_of_worship","category":"religion","osmType":"node","amenity":"place_of_worship","name:ar":"جامع الايمان","religion":"muslim","name:latin":"jam' al-ayman"}},{"type":"Feature","id":760461563,"geometry":{"type":"Point","coordinates":[44.230879200000004,15.317835900000002]},"properties":{"id":760461563,"name":"جامع المرور","type":"place_of_worship","category":"religion","osmType":"node","amenity":"place_of_worship","name:ar":"جامع المرور","religion":"muslim","name:latin":"jam' al-mrwr"}},{"type":"Feature","id":761128453,"geometry":{"type":"Point","coordinates":[44.174338600000006,15.368723200000002]},"properties":{"id":761128453,"name":"مسجد سنان أبولحوم","type":"place_of_worship","category":"religion","osmType":"node","amenity":"place_of_worship","name:ar":"مسجد","religion":"muslim","name:latin":"msjd snan abwlhwm"}},{"type":"Feature","id":761137037,"geometry":{"type":"Point","coordinates":[44.23209550000001,15.314625300000001]},"properties":{"id":761137037,"name":"جامع علي بن ابي طالب","type":"place_of_worship","category":"religion","osmType":"node","amenity":"place_of_worship","name:ar":"جامع علي بن ابي طالب","religion":"muslim","name:latin":"jam' 'ly bn aby talb"}},{"type":"Feature","id":761139183,"geometry":{"type":"Point","coordinates":[44.224510200000005,15.301193300000001]},"properties":{"id":761139183,"name":"جامع الإحسان","type":"place_of_worship","category":"religion","osmType":"node","addr:city":"صنعاء","addr:street":"شارع 23 يونيو","amenity":"place_of_worship","name:en":"Al Ihsan Mosque","religion":"muslim"}},{"type":"Feature","id":1165274921,"geometry":{"type":"Point","coordinates":[44.188885500000005,15.3311325]},"properties":{"id":1165274921,"name":"جامع العاقل","type":"place_of_worship","category":"religion","osmType":"node","addr:street":"شارع عمان","amenity":"place_of_worship","name:en":"Alaqil Mosque","opening_hours":"Mo-Su 05:00-20:00","religion":"muslim"}},{"type":"Feature","id":1334145169,"geometry":{"type":"Point","coordinates":[44.2358252,15.2848441]},"properties":{"id":1334145169,"name":"جامع الامام علي بن أيي طالب","type":"place_of_worship","category":"religion","osmType":"node","addr:city":"صنعاء","addr:street":"شارع الحربي","amenity":"place_of_worship","religion":"muslim","name:latin":"jam' al-amam 'ly bn ayy talb"}},{"type":"Feature","id":1334375892,"geometry":{"type":"Point","coordinates":[44.22547470000001,15.288909600000002]},"properties":{"id":1334375892,"name":"جامع دار المصطفى","type":"place_of_worship","category":"religion","osmType":"node","amenity":"place_of_worship","name:en":"Dar Al Mustafa Mosque","religion":"muslim"}},{"type":"Feature","id":1334375901,"geometry":{"type":"Point","coordinates":[44.2247646,15.291640100000002]},"properties":{"id":1334375901,"name":"","type":"place_of_worship","category":"religion","osmType":"node","amenity":"place_of_worship","religion":"muslim"}},{"type":"Feature","id":1334409255,"geometry":{"type":"Point","coordinates":[44.217116600000004,15.285227200000001]},"properties":{"id":1334409255,"name":"","type":"place_of_worship","category":"religion","osmType":"node","amenity":"place_of_worship","religion":"muslim"}},{"type":"Feature","id":1334421016,"geometry":{"type":"Point","coordinates":[44.204677000000004,15.2830562]},"properties":{"id":1334421016,"name":"جامع الفردوس","type":"place_of_worship","category":"religion","osmType":"node","amenity":"place_of_worship","religion":"muslim","name:latin":"jam' al-frdws"}},{"type":"Feature","id":1334696539,"geometry":{"type":"Point","coordinates":[44.2125415,15.330782200000002]},"properties":{"id":1334696539,"name":"","type":"place_of_worship","category":"religion","osmType":"node","amenity":"place_of_worship","religion":"muslim"}},{"type":"Feature","id":1334696541,"geometry":{"type":"Point","coordinates":[44.21162030000001,15.334337800000002]},"properties":{"id":1334696541,"name":"","type":"place_of_worship","category":"religion","osmType":"node","amenity":"place_of_worship","religion":"muslim"}},{"type":"Feature","id":1334768438,"geometry":{"type":"Point","coordinates":[44.194406400000005,15.333433300000001]},"properties":{"id":1334768438,"name":"جامع أبو بكر الصديق","type":"place_of_worship","category":"religion","osmType":"node","amenity":"place_of_worship","name:ar":"جامع أبو بكر الصديق","religion":"muslim","name:latin":"jam' abw bkr al-sdyq"}},{"type":"Feature","id":1334768443,"geometry":{"type":"Point","coordinates":[44.18527890000001,15.3341246]},"properties":{"id":1334768443,"name":"جامع ابو عبيدة","type":"place_of_worship","category":"religion","osmType":"node","amenity":"place_of_worship","religion":"muslim","name:latin":"jam' abw 'byda"}},{"type":"Feature","id":1334768451,"geometry":{"type":"Point","coordinates":[44.181437300000006,15.338001400000001]},"properties":{"id":1334768451,"name":"","type":"place_of_worship","category":"religion","osmType":"node","amenity":"place_of_worship","religion":"muslim"}},{"type":"Feature","id":1334900490,"geometry":{"type":"Point","coordinates":[44.1848328,15.2973718]},"properties":{"id":1334900490,"name":"","type":"place_of_worship","category":"religion","osmType":"node","amenity":"place_of_worship","religion":"muslim"}},{"type":"Feature","id":1334900495,"geometry":{"type":"Point","coordinates":[44.15830570000001,15.2979946]},"properties":{"id":1334900495,"name":"","type":"place_of_worship","category":"religion","osmType":"node","amenity":"place_of_worship","religion":"muslim"}},{"type":"Feature","id":1334900524,"geometry":{"type":"Point","coordinates":[44.198212100000006,15.3037331]},"properties":{"id":1334900524,"name":"","type":"place_of_worship","category":"religion","osmType":"node","amenity":"place_of_worship","religion":"muslim"}},{"type":"Feature","id":1334900581,"geometry":{"type":"Point","coordinates":[44.1878286,15.348700700000002]},"properties":{"id":1334900581,"name":"جامع عمار بن ياسر","type":"place_of_worship","category":"religion","osmType":"node","amenity":"place_of_worship","name:ar":"جامع عمار بن ياسر","religion":"muslim","name:latin":"jam' 'mar bn yasr"}},{"type":"Feature","id":1334900585,"geometry":{"type":"Point","coordinates":[44.1828225,15.353542700000002]},"properties":{"id":1334900585,"name":"","type":"place_of_worship","category":"religion","osmType":"node","amenity":"place_of_worship","religion":"muslim"}},{"type":"Feature","id":1336025048,"geometry":{"type":"Point","coordinates":[44.2007132,15.4027042]},"properties":{"id":1336025048,"name":"جامع الكراز","type":"place_of_worship","category":"religion","osmType":"node","addr:city":"صنعاء","addr:street":"شارع التلفزيون","amenity":"place_of_worship","name:en":"Alkaraz mosque","religion":"muslim"}},{"type":"Feature","id":1347698887,"geometry":{"type":"Point","coordinates":[44.2265341,15.473218000000001]},"properties":{"id":1347698887,"name":"","type":"place_of_worship","category":"religion","osmType":"node","amenity":"place_of_worship","religion":"muslim"}},{"type":"Feature","id":1348543125,"geometry":{"type":"Point","coordinates":[44.2306783,15.349882800000001]},"properties":{"id":1348543125,"name":"جامع الخير","type":"place_of_worship","category":"religion","osmType":"node","amenity":"place_of_worship","religion":"muslim","name:latin":"jam' al-khyr"}},{"type":"Feature","id":1348578435,"geometry":{"type":"Point","coordinates":[44.220981,15.333770200000002]},"properties":{"id":1348578435,"name":"جامع بدر","type":"place_of_worship","category":"religion","osmType":"node","amenity":"place_of_worship","name:ar":"جامع بدر","name:en":"Bader mosque","religion":"muslim"}},{"type":"Feature","id":1348578440,"geometry":{"type":"Point","coordinates":[44.21927470000001,15.334835900000002]},"properties":{"id":1348578440,"name":"جامع الحمزة","type":"place_of_worship","category":"religion","osmType":"node","amenity":"place_of_worship","religion":"muslim","name:latin":"jam' al-hmza"}},{"type":"Feature","id":1348578460,"geometry":{"type":"Point","coordinates":[44.223432900000006,15.336934900000001]},"properties":{"id":1348578460,"name":"مسجد معاذ بن جبل","type":"place_of_worship","category":"religion","osmType":"node","amenity":"place_of_worship","religion":"muslim","name:latin":"msjd m'adh bn jbl"}},{"type":"Feature","id":1348578461,"geometry":{"type":"Point","coordinates":[44.2218348,15.338207100000002]},"properties":{"id":1348578461,"name":"مسجد عمار بن ياسر","type":"place_of_worship","category":"religion","osmType":"node","amenity":"place_of_worship","religion":"muslim","name:latin":"msjd 'mar bn yasr"}},{"type":"Feature","id":1348710031,"geometry":{"type":"Point","coordinates":[44.2131593,15.338926100000002]},"properties":{"id":1348710031,"name":"","type":"place_of_worship","category":"religion","osmType":"node","amenity":"place_of_worship","religion":"muslim"}},{"type":"Feature","id":1348710034,"geometry":{"type":"Point","coordinates":[44.2051474,15.340399900000001]},"properties":{"id":1348710034,"name":"","type":"place_of_worship","category":"religion","osmType":"node","amenity":"place_of_worship","religion":"muslim"}},{"type":"Feature","id":1348710036,"geometry":{"type":"Point","coordinates":[44.204842000000006,15.3526748]},"properties":{"id":1348710036,"name":"جامع النزيلي","type":"place_of_worship","category":"religion","osmType":"node","addr:city":"صنعاء","addr:street":"شارع جمال عبد الناصر","amenity":"place_of_worship","religion":"muslim","name:latin":"jam' al-nzyly"}},{"type":"Feature","id":1348710037,"geometry":{"type":"Point","coordinates":[44.194313400000006,15.353209600000001]},"properties":{"id":1348710037,"name":"مسجد الكبسي","type":"place_of_worship","category":"religion","osmType":"node","amenity":"place_of_worship","religion":"muslim","name:latin":"msjd al-kbsy"}},{"type":"Feature","id":1348710038,"geometry":{"type":"Point","coordinates":[44.19099610000001,15.356184400000002]},"properties":{"id":1348710038,"name":"مسجد الهدى","type":"place_of_worship","category":"religion","osmType":"node","amenity":"place_of_worship","name:ar":"مسجد الهدى","religion":"muslim","name:latin":"msjd al-hda"}},{"type":"Feature","id":1348710040,"geometry":{"type":"Point","coordinates":[44.1910473,15.359592300000001]},"properties":{"id":1348710040,"name":"جامع التيسير","type":"place_of_worship","category":"religion","osmType":"node","amenity":"place_of_worship","name:en":"Altayseer mosque","religion":"muslim"}},{"type":"Feature","id":1348710119,"geometry":{"type":"Point","coordinates":[44.1793174,15.3701421]},"properties":{"id":1348710119,"name":"","type":"place_of_worship","category":"religion","osmType":"node","amenity":"place_of_worship","religion":"muslim"}},{"type":"Feature","id":1348710123,"geometry":{"type":"Point","coordinates":[44.180676000000005,15.371036400000001]},"properties":{"id":1348710123,"name":"مسجد","type":"place_of_worship","category":"religion","osmType":"node","amenity":"place_of_worship","name:ar":"مسجد","religion":"muslim","name:latin":"msjd"}},{"type":"Feature","id":1348746343,"geometry":{"type":"Point","coordinates":[44.2262855,15.3538057]},"properties":{"id":1348746343,"name":"جامع علي بن أبي طالب","type":"place_of_worship","category":"religion","osmType":"node","amenity":"place_of_worship","religion":"muslim","name:latin":"jam' 'ly bn aby talb"}},{"type":"Feature","id":1348746346,"geometry":{"type":"Point","coordinates":[44.187752200000006,15.3595108]},"properties":{"id":1348746346,"name":"مسجد الأنصار","type":"place_of_worship","category":"religion","osmType":"node","amenity":"place_of_worship","religion":"muslim","name:latin":"msjd al-ansar"}},{"type":"Feature","id":1348746384,"geometry":{"type":"Point","coordinates":[44.206107200000005,15.3656555]},"properties":{"id":1348746384,"name":"جامع الشوكاني","type":"place_of_worship","category":"religion","osmType":"node","amenity":"place_of_worship","name:ar":"جامع الشوكاني","name:en":"Alshawkany mosque","religion":"muslim"}},{"type":"Feature","id":1348746395,"geometry":{"type":"Point","coordinates":[44.2201779,15.367348200000002]},"properties":{"id":1348746395,"name":"جامع الثور","type":"place_of_worship","category":"religion","osmType":"node","amenity":"place_of_worship","religion":"muslim","name:latin":"jam' al-thwr"}},{"type":"Feature","id":1348746414,"geometry":{"type":"Point","coordinates":[44.1949332,15.368167900000001]},"properties":{"id":1348746414,"name":"مسحد الشهيد عبده عثرب","type":"place_of_worship","category":"religion","osmType":"node","amenity":"place_of_worship","religion":"muslim","name:latin":"mshd al-shhyd 'bdh 'thrb"}},{"type":"Feature","id":1348746443,"geometry":{"type":"Point","coordinates":[44.2052368,15.3691577]},"properties":{"id":1348746443,"name":"مسجد ذوالنورين","type":"place_of_worship","category":"religion","osmType":"node","amenity":"place_of_worship","name:ar":"مسجد ذوالنورين","name:en":"tho alnorain mosque","religion":"muslim"}},{"type":"Feature","id":1348746455,"geometry":{"type":"Point","coordinates":[44.2034668,15.370728500000002]},"properties":{"id":1348746455,"name":"جامع العصيمي","type":"place_of_worship","category":"religion","osmType":"node","addr:city":"صنعاء","addr:street":"شارع القاهرة","amenity":"place_of_worship","name:ar":"جامع العصيمي","name:en":"Alossymi mosque","religion":"muslim"}},{"type":"Feature","id":1348746462,"geometry":{"type":"Point","coordinates":[44.21671250000001,15.3790425]},"properties":{"id":1348746462,"name":"مسجد الخير","type":"place_of_worship","category":"religion","osmType":"node","amenity":"place_of_worship","religion":"muslim","name:latin":"msjd al-khyr"}},{"type":"Feature","id":1348746463,"geometry":{"type":"Point","coordinates":[44.21851530000001,15.361807200000001]},"properties":{"id":1348746463,"name":"جامع المشهد","type":"place_of_worship","category":"religion","osmType":"node","amenity":"place_of_worship","name:ar":"جامع المشهد","religion":"muslim","name:latin":"jam' al-mshhd"}},{"type":"Feature","id":1348750017,"geometry":{"type":"Point","coordinates":[44.199954000000005,15.331550000000002]},"properties":{"id":1348750017,"name":"","type":"place_of_worship","category":"religion","osmType":"node","amenity":"place_of_worship","religion":"muslim"}},{"type":"Feature","id":1348750018,"geometry":{"type":"Point","coordinates":[44.199462200000006,15.336533900000001]},"properties":{"id":1348750018,"name":"جامع الرحمة","type":"place_of_worship","category":"religion","osmType":"node","addr:city":"صنعاء","addr:street":"شارع حدة","amenity":"place_of_worship","religion":"muslim","name:latin":"jam' al-rhma"}},{"type":"Feature","id":1348750019,"geometry":{"type":"Point","coordinates":[44.1911386,15.337805500000002]},"properties":{"id":1348750019,"name":"جامع بلس","type":"place_of_worship","category":"religion","osmType":"node","amenity":"place_of_worship","name:ar":"جامع بلس","religion":"muslim","name:latin":"jam' bls"}},{"type":"Feature","id":1348750020,"geometry":{"type":"Point","coordinates":[44.188286000000005,15.339399300000002]},"properties":{"id":1348750020,"name":"مسجد غيلان","type":"place_of_worship","category":"religion","osmType":"node","amenity":"place_of_worship","religion":"muslim","name:latin":"msjd ghylan"}},{"type":"Feature","id":1348750021,"geometry":{"type":"Point","coordinates":[44.1929652,15.340263400000001]},"properties":{"id":1348750021,"name":"جامع السلطان","type":"place_of_worship","category":"religion","osmType":"node","addr:street":"الدائري","amenity":"place_of_worship","name:ar":"جامع السلطان","name:en":"al-sultan mosque","opening_hours":"24/7","religion":"muslim"}},{"type":"Feature","id":1348750022,"geometry":{"type":"Point","coordinates":[44.195562200000005,15.3424615]},"properties":{"id":1348750022,"name":"جامع الزبيري (القاضي العمراني)","type":"place_of_worship","category":"religion","osmType":"node","addr:street":"شارع الزبيري","amenity":"place_of_worship","name:en":"al-zubari mosque","opening_hours":"24/7","religion":"muslim"}},{"type":"Feature","id":1348750023,"geometry":{"type":"Point","coordinates":[44.191954900000006,15.344788300000001]},"properties":{"id":1348750023,"name":"جامع الأسطى","type":"place_of_worship","category":"religion","osmType":"node","OBJECTID":"84","addr:street":"شارع الزبيري","amenity":"place_of_worship","code":"3300","fclass":"muslim","religion":"muslim","name:latin":"jam' al-asta"}},{"type":"Feature","id":1348750024,"geometry":{"type":"Point","coordinates":[44.1881727,15.345615300000002]},"properties":{"id":1348750024,"name":"جامع هائل سعيد أنعم","type":"place_of_worship","category":"religion","osmType":"node","amenity":"place_of_worship","name:ar":"جامع هائل سعيد أنعم","religion":"muslim","name:latin":"jam' ha'l s'yd an'm"}},{"type":"Feature","id":1348750025,"geometry":{"type":"Point","coordinates":[44.1770593,15.358358100000002]},"properties":{"id":1348750025,"name":"مسجد القليسي","type":"place_of_worship","category":"religion","osmType":"node","addr:street":"شارع الرباط","amenity":"place_of_worship","religion":"muslim","name:latin":"msjd al-qlysy"}},{"type":"Feature","id":1355641679,"geometry":{"type":"Point","coordinates":[44.20987710000001,15.2720397]},"properties":{"id":1355641679,"name":"جامع قبا","type":"place_of_worship","category":"religion","osmType":"node","amenity":"place_of_worship","name:en":"Quba mosque","religion":"muslim"}},{"type":"Feature","id":2085237924,"geometry":{"type":"Point","coordinates":[44.18743550000001,15.3260067]},"properties":{"id":2085237924,"name":"مسجد فج عطان","type":"place_of_worship","category":"religion","osmType":"node","amenity":"place_of_worship","religion":"muslim","name:latin":"msjd fj 'tan"}},{"type":"Feature","id":2346762102,"geometry":{"type":"Point","coordinates":[44.223167200000006,15.344906400000001]},"properties":{"id":2346762102,"name":"جامع الخير","type":"place_of_worship","category":"religion","osmType":"node","amenity":"place_of_worship","name:ar":"جامع الخير","name:en":"Alkheer mosque","religion":"muslim"}},{"type":"Feature","id":2395010000,"geometry":{"type":"Point","coordinates":[44.2508144,15.270188400000002]},"properties":{"id":2395010000,"name":"","type":"place_of_worship","category":"religion","osmType":"node","amenity":"place_of_worship","religion":"muslim"}},{"type":"Feature","id":2395138470,"geometry":{"type":"Point","coordinates":[44.246320600000004,15.282930700000001]},"properties":{"id":2395138470,"name":"جامع حفصة","type":"place_of_worship","category":"religion","osmType":"node","amenity":"place_of_worship","building":"mosque","name:ar":"جامع حفصة","religion":"muslim","name:latin":"jam' hfsa"}},{"type":"Feature","id":2456327654,"geometry":{"type":"Point","coordinates":[44.2193763,15.3768293]},"properties":{"id":2456327654,"name":"مسجد بلال","type":"place_of_worship","category":"religion","osmType":"node","amenity":"place_of_worship","name:ar":"مسجد هبرة","name:en":"Bilal Mosque","religion":"muslim"}},{"type":"Feature","id":3138705097,"geometry":{"type":"Point","coordinates":[44.2097624,15.331090300000001]},"properties":{"id":3138705097,"name":"","type":"place_of_worship","category":"religion","osmType":"node","amenity":"place_of_worship","religion":"muslim"}},{"type":"Feature","id":3256253226,"geometry":{"type":"Point","coordinates":[44.1876091,15.354140400000002]},"properties":{"id":3256253226,"name":"مسجد الإمام علي بن أبي طالب","type":"place_of_worship","category":"religion","osmType":"node","addr:city":"صنعاء","addr:housenumber":"مابين ش هائل وش الدائري","addr:street":"شارع 16","amenity":"place_of_worship","name:ar":"مسجد الإمام علي بن أبي طالب","name:en":"Ali Ibn Abi Taleb Mosque","religion":"muslim"}},{"type":"Feature","id":3256253228,"geometry":{"type":"Point","coordinates":[44.1893972,15.357393300000002]},"properties":{"id":3256253228,"name":"مسجد الرضوان","type":"place_of_worship","category":"religion","osmType":"node","addr:street":"الخط الدائري","amenity":"place_of_worship","building":"mosque","name:ar":"مسجد الرضوان","religion":"muslim","name:latin":"msjd al-rdwan"}},{"type":"Feature","id":3256253229,"geometry":{"type":"Point","coordinates":[44.19112560000001,15.362490900000001]},"properties":{"id":3256253229,"name":"جامع البياضي","type":"place_of_worship","category":"religion","osmType":"node","amenity":"place_of_worship","building":"mosque","name:ar":"جامع البياضي","religion":"muslim","name:latin":"jam' al-byady"}},{"type":"Feature","id":3256260074,"geometry":{"type":"Point","coordinates":[44.1917849,15.354420700000002]},"properties":{"id":3256260074,"name":"مسجد النور","type":"place_of_worship","category":"religion","osmType":"node","amenity":"place_of_worship","building":"mosque","name:ar":"مسجد النور","religion":"muslim","name:latin":"msjd al-nwr"}},{"type":"Feature","id":3256277269,"geometry":{"type":"Point","coordinates":[44.1898392,15.3504178]},"properties":{"id":3256277269,"name":"جامع فيصل","type":"place_of_worship","category":"religion","osmType":"node","addr:street":"الخط الدائري","amenity":"place_of_worship","building":"mosque","name:ar":"جامع فيصل","religion":"muslim","name:latin":"jam' fysl"}},{"type":"Feature","id":3256277272,"geometry":{"type":"Point","coordinates":[44.1929372,15.350930600000002]},"properties":{"id":3256277272,"name":"جامع العاضي","type":"place_of_worship","category":"religion","osmType":"node","amenity":"place_of_worship","building":"mosque","name:ar":"جامع العاضي","religion":"muslim","name:latin":"jam' al-'ady"}},{"type":"Feature","id":3256277273,"geometry":{"type":"Point","coordinates":[44.185411,15.347209200000002]},"properties":{"id":3256277273,"name":"جامع قلالة","type":"place_of_worship","category":"religion","osmType":"node","addr:street":"شارع هائل","amenity":"place_of_worship","building":"mosque","name:ar":"جامع قلالة","religion":"muslim","name:latin":"jam' qlala"}},{"type":"Feature","id":3773004399,"geometry":{"type":"Point","coordinates":[44.2397824,15.4598089]},"properties":{"id":3773004399,"name":"جامع علي بن أبي طالب","type":"place_of_worship","category":"religion","osmType":"node","addr:city":"Sana'a","amenity":"place_of_worship","name:ar":"جامع علي بن أبي طالب","name:en":"jamee Ali ibn aby taleb","religion":"muslim"}},{"type":"Feature","id":3773004798,"geometry":{"type":"Point","coordinates":[44.2368651,15.457968900000001]},"properties":{"id":3773004798,"name":"جامع أبي بكر الصديق","type":"place_of_worship","category":"religion","osmType":"node","addr:city":"Sana'a","addr:street":"شارع المطار الخط الجديد شارع الأربعين","amenity":"place_of_worship","name:ar":"جامع أبي بكر الصديق","religion":"muslim","name:latin":"jam' aby bkr al-sdyq"}},{"type":"Feature","id":3773074923,"geometry":{"type":"Point","coordinates":[44.2311118,15.451329600000001]},"properties":{"id":3773074923,"name":"جامع صلاح الدين - القشيبي","type":"place_of_worship","category":"religion","osmType":"node","amenity":"place_of_worship","name:ar":"جامع صلاح الدين - القشيبي","religion":"muslim","name:latin":"jam' slah al-dyn - al-qshyby"}},{"type":"Feature","id":3773074924,"geometry":{"type":"Point","coordinates":[44.22779680000001,15.445302400000001]},"properties":{"id":3773074924,"name":"جامع مصعب بن عمير","type":"place_of_worship","category":"religion","osmType":"node","amenity":"place_of_worship","name:ar":"جامع مصعب بن عمير","religion":"muslim","name:latin":"jam' ms'b bn 'myr"}},{"type":"Feature","id":3773116964,"geometry":{"type":"Point","coordinates":[44.2145865,15.434018300000002]},"properties":{"id":3773116964,"name":"جامع المنصور","type":"place_of_worship","category":"religion","osmType":"node","amenity":"place_of_worship","name:ar":"جامع المنصور","religion":"muslim","name:latin":"jam' al-mnswr"}},{"type":"Feature","id":3773116965,"geometry":{"type":"Point","coordinates":[44.2125033,15.4288737]},"properties":{"id":3773116965,"name":"جامع القرابة والصحابة","type":"place_of_worship","category":"religion","osmType":"node","amenity":"place_of_worship","name:ar":"جامع القرابة والصحابة","religion":"muslim","name:latin":"jam' al-qraba walshaba"}},{"type":"Feature","id":3773116966,"geometry":{"type":"Point","coordinates":[44.2241586,15.4303997]},"properties":{"id":3773116966,"name":"الجامع الكبير بالروضة","type":"place_of_worship","category":"religion","osmType":"node","amenity":"place_of_worship","name:ar":"الجامع الكبير بالروضة","religion":"muslim","name:latin":"al-jam' al-kbyr balrwda"}},{"type":"Feature","id":3777230259,"geometry":{"type":"Point","coordinates":[44.228663600000004,15.464179300000001]},"properties":{"id":3777230259,"name":"","type":"place_of_worship","category":"religion","osmType":"node","amenity":"place_of_worship","religion":"muslim"}},{"type":"Feature","id":3777279594,"geometry":{"type":"Point","coordinates":[44.234704400000005,15.455933900000002]},"properties":{"id":3777279594,"name":"","type":"place_of_worship","category":"religion","osmType":"node","amenity":"place_of_worship","religion":"muslim"}},{"type":"Feature","id":3777279595,"geometry":{"type":"Point","coordinates":[44.23363320000001,15.4590206]},"properties":{"id":3777279595,"name":"جامع النور بيت عاطف","type":"place_of_worship","category":"religion","osmType":"node","addr:street":"شمال شارع الاربعين","amenity":"place_of_worship","religion":"muslim","name:latin":"jam' al-nwr byt 'atf"}},{"type":"Feature","id":4182412897,"geometry":{"type":"Point","coordinates":[44.1685646,15.342198000000002]},"properties":{"id":4182412897,"name":"مسجد الحمزة القديم","type":"place_of_worship","category":"religion","osmType":"node","addr:street":"60 meters St","amenity":"place_of_worship","building":"mosque","name:ar":"مسجد الحمزه القديم","religion":"muslim","name:latin":"msjd al-hmza al-qdym"}},{"type":"Feature","id":4182443494,"geometry":{"type":"Point","coordinates":[44.1678823,15.344043600000001]},"properties":{"id":4182443494,"name":"مسجد الزهراء","type":"place_of_worship","category":"religion","osmType":"node","addr:street":"60 meters St","amenity":"place_of_worship","building":"mosque","name:ar":"مسجد الزهراء","religion":"muslim","name:latin":"msjd al-zhra'"}},{"type":"Feature","id":4182449193,"geometry":{"type":"Point","coordinates":[44.1670565,15.3418693]},"properties":{"id":4182449193,"name":"مسجد الفاروق","type":"place_of_worship","category":"religion","osmType":"node","addr:street":"شارع الزبيري","amenity":"place_of_worship","building":"mosque","religion":"muslim","name:latin":"msjd al-farwq"}},{"type":"Feature","id":4182490089,"geometry":{"type":"Point","coordinates":[44.165424,15.346837]},"properties":{"id":4182490089,"name":"مسجد معتوقة","type":"place_of_worship","category":"religion","osmType":"node","addr:street":"شارع الزبيري","amenity":"place_of_worship","building":"mosque","name:ar":"مسجد معتوقة","religion":"muslim","name:latin":"msjd m'twqa"}},{"type":"Feature","id":4190394294,"geometry":{"type":"Point","coordinates":[44.197924400000005,15.358127200000002]},"properties":{"id":4190394294,"name":"جامع الشريفة","type":"place_of_worship","category":"religion","osmType":"node","amenity":"place_of_worship","building":"mosque","name:ar":"جامع الشريفة","religion":"muslim","name:latin":"jam' al-shryfa"}},{"type":"Feature","id":4190446694,"geometry":{"type":"Point","coordinates":[44.1856512,15.356314700000002]},"properties":{"id":4190446694,"name":"جامع الخير","type":"place_of_worship","category":"religion","osmType":"node","addr:city":"Sana'a","addr:street":"شارع الرقاص","amenity":"place_of_worship","denomination":"sunni","description":"Al-Khair Mosque","religion":"muslim","name:latin":"jam' al-khyr"}},{"type":"Feature","id":4242595804,"geometry":{"type":"Point","coordinates":[44.203488500000006,15.378943500000002]},"properties":{"id":4242595804,"name":"جامع اللجنة الدائمة","type":"place_of_worship","category":"religion","osmType":"node","amenity":"place_of_worship","building":"mosque","name:ar":"جامع اللجنة الدائمة","religion":"muslim","name:latin":"jam' al-ljna al-da'ma"}},{"type":"Feature","id":4242717595,"geometry":{"type":"Point","coordinates":[44.1895486,15.383993900000002]},"properties":{"id":4242717595,"name":"جامع الواثر","type":"place_of_worship","category":"religion","osmType":"node","addr:street":"شارع الثلاثين","amenity":"place_of_worship","building":"mosque","name:ar":"جامع الواثر","religion":"muslim","name:latin":"jam' al-wathr"}},{"type":"Feature","id":4242721789,"geometry":{"type":"Point","coordinates":[44.20173200000001,15.377860600000002]},"properties":{"id":4242721789,"name":"جامع المعهد العالي للقضاء","type":"place_of_worship","category":"religion","osmType":"node","amenity":"place_of_worship","building":"mosque","name:ar":"جامع المعهد العالي للقضاء","religion":"muslim","name:latin":"jam' al-m'hd al-'aly llqda'"}},{"type":"Feature","id":4242811087,"geometry":{"type":"Point","coordinates":[44.197456700000004,15.386116600000001]},"properties":{"id":4242811087,"name":"جامع العنقاء","type":"place_of_worship","category":"religion","osmType":"node","amenity":"place_of_worship","building":"mosque","name:ar":"جامع العنقاء","religion":"muslim","name:latin":"jam' al-'nqa'"}},{"type":"Feature","id":4242814332,"geometry":{"type":"Point","coordinates":[44.2024467,15.363289600000002]},"properties":{"id":4242814332,"name":"جامع الرضوان","type":"place_of_worship","category":"religion","osmType":"node","addr:street":"شارع الحرية","amenity":"place_of_worship","building":"mosque","name:ar":"جامع الرضوان","religion":"muslim","name:latin":"jam' al-rdwan"}},{"type":"Feature","id":4242825419,"geometry":{"type":"Point","coordinates":[44.19407760000001,15.371799000000001]},"properties":{"id":4242825419,"name":"جامع الدرة","type":"place_of_worship","category":"religion","osmType":"node","amenity":"place_of_worship","building":"mosque","name:ar":"جامع الدرة","religion":"muslim","name:latin":"jam' al-dra"}},{"type":"Feature","id":4298021192,"geometry":{"type":"Point","coordinates":[44.207860700000005,15.3394492]},"properties":{"id":4298021192,"name":"مسجد الأنصار","type":"place_of_worship","category":"religion","osmType":"node","addr:city":"صنعاء","amenity":"place_of_worship","name:ar":"مسجد الأنصار","name:en":"Masjid Al Ansaar","religion":"muslim","wikidata":"Q1653261","wikipedia:ar":"مسجد الأنصار"}},{"type":"Feature","id":4334176001,"geometry":{"type":"Point","coordinates":[44.2189124,15.434528600000002]},"properties":{"id":4334176001,"name":"مسجد الحرقان","type":"place_of_worship","category":"religion","osmType":"node","addr:street":"خط المطار","amenity":"place_of_worship","building":"mosque","name:ar":"مسجد الحرقان","religion":"muslim","name:latin":"msjd al-hrqan"}},{"type":"Feature","id":4334176897,"geometry":{"type":"Point","coordinates":[44.2169521,15.4381654]},"properties":{"id":4334176897,"name":"مسجد الشغدري","type":"place_of_worship","category":"religion","osmType":"node","addr:street":"خط المطار","amenity":"place_of_worship","building":"mosque","name:ar":"مسجد الشغدري","religion":"muslim","name:latin":"msjd al-shghdry"}},{"type":"Feature","id":4343590689,"geometry":{"type":"Point","coordinates":[44.240789500000005,15.387914100000001]},"properties":{"id":4343590689,"name":"جامع التوحيد","type":"place_of_worship","category":"religion","osmType":"node","addr:street":"حي المراون - سعوان","amenity":"place_of_worship","building":"mosque","name:ar":"جامع التوحيد","religion":"muslim","name:latin":"jam' al-twhyd"}},{"type":"Feature","id":4346514857,"geometry":{"type":"Point","coordinates":[44.213862000000006,15.3822158]},"properties":{"id":4346514857,"name":"جامع عمر بن عبد العزيز","type":"place_of_worship","category":"religion","osmType":"node","amenity":"place_of_worship","building":"mosque","name:ar":"جامع عمر بن عبد العزيز","religion":"muslim","name:latin":"jam' 'mr bn 'bd al-'zyz"}},{"type":"Feature","id":4346532071,"geometry":{"type":"Point","coordinates":[44.2205437,15.384124500000002]},"properties":{"id":4346532071,"name":"جامع شندق","type":"place_of_worship","category":"religion","osmType":"node","addr:street":"شارع الشيخ زايد","amenity":"place_of_worship","building":"mosque","name:ar":"جامع شندق","religion":"muslim","name:latin":"jam' shndq"}},{"type":"Feature","id":4359948190,"geometry":{"type":"Point","coordinates":[44.215157100000006,15.4255828]},"properties":{"id":4359948190,"name":"مسجد النور","type":"place_of_worship","category":"religion","osmType":"node","addr:street":"خط المطار","amenity":"place_of_worship","building":"mosque","religion":"muslim","name:latin":"msjd al-nwr"}},{"type":"Feature","id":4380050989,"geometry":{"type":"Point","coordinates":[44.2180326,15.357444400000002]},"properties":{"id":4380050989,"name":"جامع المدرسة","type":"place_of_worship","category":"religion","osmType":"node","amenity":"place_of_worship","building":"mosque","name:ar":"جامع المدرسة","religion":"muslim","name:latin":"jam' al-mdrsa"}},{"type":"Feature","id":4382449895,"geometry":{"type":"Point","coordinates":[44.207294100000006,15.3831804]},"properties":{"id":4382449895,"name":"جامع العروة الوثقى","type":"place_of_worship","category":"religion","osmType":"node","amenity":"place_of_worship","building":"mosque","name:ar":"جامع العروة الوثقى","religion":"muslim","name:latin":"jam' al-'rwa al-wthqa"}},{"type":"Feature","id":4383895090,"geometry":{"type":"Point","coordinates":[44.309187,15.226358000000001]},"properties":{"id":4383895090,"name":"مسجد بيت الشاطبي","type":"place_of_worship","category":"religion","osmType":"node","amenity":"place_of_worship","building":"mosque","name:ar":"مسجد بيت الشاطبي","religion":"muslim","name:latin":"msjd byt al-shatby"}},{"type":"Feature","id":4388514190,"geometry":{"type":"Point","coordinates":[44.2237724,15.330393800000001]},"properties":{"id":4388514190,"name":"مسجد التوفيق","type":"place_of_worship","category":"religion","osmType":"node","addr:street":"Ta'izz road","amenity":"place_of_worship","building":"mosque","name:ar":"مسجد التوفيق","religion":"muslim","name:latin":"msjd al-twfyq"}},{"type":"Feature","id":4388514193,"geometry":{"type":"Point","coordinates":[44.220332600000006,15.331497400000002]},"properties":{"id":4388514193,"name":"مسجد المقبلي","type":"place_of_worship","category":"religion","osmType":"node","amenity":"place_of_worship","building":"mosque","name:ar":"مسجد المقبلي","religion":"muslim","name:latin":"msjd al-mqbly"}},{"type":"Feature","id":4388514194,"geometry":{"type":"Point","coordinates":[44.219202900000006,15.330839000000001]},"properties":{"id":4388514194,"name":"مسجد الاخلاص - الآنسي","type":"place_of_worship","category":"religion","osmType":"node","amenity":"place_of_worship","building":"mosque","name:ar":"مسجد الاخلاص - الآنسي","religion":"muslim","name:latin":"msjd al-akhlas - al-ansy"}},{"type":"Feature","id":4392934292,"geometry":{"type":"Point","coordinates":[44.2367763,15.303185400000002]},"properties":{"id":4392934292,"name":"","type":"place_of_worship","category":"religion","osmType":"node","amenity":"place_of_worship","religion":"muslim"}},{"type":"Feature","id":4397767691,"geometry":{"type":"Point","coordinates":[44.2010737,15.2968293]},"properties":{"id":4397767691,"name":"التوحيد","type":"place_of_worship","category":"religion","osmType":"node","addr:street":"شارع 14 اكتوبر","amenity":"place_of_worship","building":"mosque","name:ar":"التوحيد","name:en":"Al Tawheed","religion":"muslim"}},{"type":"Feature","id":4408486990,"geometry":{"type":"Point","coordinates":[44.22430670000001,15.3680727]},"properties":{"id":4408486990,"name":"مسجد علي بن أبي طالب","type":"place_of_worship","category":"religion","osmType":"node","addr:street":"شارع مسيك","amenity":"place_of_worship","building":"mosque","name:ar":"مسجد علي بن أبي طالب","religion":"muslim","name:latin":"msjd 'ly bn aby talb"}},{"type":"Feature","id":4418178693,"geometry":{"type":"Point","coordinates":[44.1723907,15.338447300000002]},"properties":{"id":4418178693,"name":"جامع عذبان","type":"place_of_worship","category":"religion","osmType":"node","addr:street":"شارع نواكشوط","amenity":"place_of_worship","building":"mosque","name:ar":"جامع عذبان","name:en":"Azban mosque","religion":"muslim"}},{"type":"Feature","id":4418252195,"geometry":{"type":"Point","coordinates":[44.1998267,15.361850400000002]},"properties":{"id":4418252195,"name":"جامع الرحمن","type":"place_of_worship","category":"religion","osmType":"node","addr:street":"شارع العدل","amenity":"place_of_worship","building":"mosque","name:ar":"جامع الرحمن","name:en":"Al-Rahman mosque","religion":"muslim"}},{"type":"Feature","id":4418252196,"geometry":{"type":"Point","coordinates":[44.199353900000006,15.3528379]},"properties":{"id":4418252196,"name":"جامع حنظل","type":"place_of_worship","category":"religion","osmType":"node","amenity":"place_of_worship","building":"mosque","name:ar":"جامع حنظل","name:en":"Handel mosque","religion":"muslim"}},{"type":"Feature","id":4418292189,"geometry":{"type":"Point","coordinates":[44.172873900000006,15.367280400000002]},"properties":{"id":4418292189,"name":"مسجد الخير","type":"place_of_worship","category":"religion","osmType":"node","amenity":"place_of_worship","building":"mosque","name:ar":"مسجد الخير","name:en":"Al-khair mosque","religion":"muslim"}},{"type":"Feature","id":4418292190,"geometry":{"type":"Point","coordinates":[44.197805200000005,15.350997300000001]},"properties":{"id":4418292190,"name":"جامع عدَل","type":"place_of_worship","category":"religion","osmType":"node","amenity":"place_of_worship","building":"mosque","name:ar":"جامع عدل","name:en":"Adel mosque","religion":"muslim"}},{"type":"Feature","id":4434896792,"geometry":{"type":"Point","coordinates":[44.247584,15.308415600000002]},"properties":{"id":4434896792,"name":"جامع مصعب","type":"place_of_worship","category":"religion","osmType":"node","addr:street":"طريق خولان","amenity":"place_of_worship","building":"mosque","name:ar":"جامع مصعب","religion":"muslim","name:latin":"jam' ms'b"}},{"type":"Feature","id":4435584289,"geometry":{"type":"Point","coordinates":[44.244343,15.311596200000002]},"properties":{"id":4435584289,"name":"جامع الخليل","type":"place_of_worship","category":"religion","osmType":"node","addr:street":"طريق خولان","amenity":"place_of_worship","building":"mosque","name:ar":"جامع الخليل","religion":"muslim","name:latin":"jam' al-khlyl"}},{"type":"Feature","id":4452929397,"geometry":{"type":"Point","coordinates":[44.1876187,15.423435900000001]},"properties":{"id":4452929397,"name":"جامع الدعوة","type":"place_of_worship","category":"religion","osmType":"node","amenity":"place_of_worship","building":"mosque","name:ar":"جامع الدعوة","religion":"muslim","name:latin":"jam' al-d'wa"}},{"type":"Feature","id":4465708890,"geometry":{"type":"Point","coordinates":[44.22979900000001,15.415910700000001]},"properties":{"id":4465708890,"name":"جامع العودي","type":"place_of_worship","category":"religion","osmType":"node","addr:street":"خلف الكلية الحربية","amenity":"place_of_worship","building":"mosque","religion":"muslim","name:latin":"jam' al-'wdy"}},{"type":"Feature","id":4469615092,"geometry":{"type":"Point","coordinates":[44.182609600000006,15.297569700000002]},"properties":{"id":4469615092,"name":"جامع الزهراء","type":"place_of_worship","category":"religion","osmType":"node","amenity":"place_of_worship","building":"mosque","name:ar":"جامع الزهراء","religion":"muslim","name:latin":"jam' al-zhra'"}},{"type":"Feature","id":4473010724,"geometry":{"type":"Point","coordinates":[44.1976814,15.339034100000001]},"properties":{"id":4473010724,"name":"مسجد الفنيه","type":"place_of_worship","category":"religion","osmType":"node","addr:street":"شارع صخر","amenity":"place_of_worship","building":"mosque","name:ar":"مسجد الفنيه","religion":"muslim","name:latin":"msjd al-fnyh"}},{"type":"Feature","id":4522672589,"geometry":{"type":"Point","coordinates":[44.207271500000004,15.406433800000002]},"properties":{"id":4522672589,"name":"جامع الحسن","type":"place_of_worship","category":"religion","osmType":"node","amenity":"place_of_worship","building":"mosque","name:ar":"جامع الحسن","religion":"muslim","name:latin":"jam' al-hsn"}},{"type":"Feature","id":4523070528,"geometry":{"type":"Point","coordinates":[44.2048192,15.414770700000002]},"properties":{"id":4523070528,"name":"جامع الزهراء","type":"place_of_worship","category":"religion","osmType":"node","amenity":"place_of_worship","building":"mosque","name:ar":"جامع الزهراء","religion":"muslim","name:latin":"jam' al-zhra'"}},{"type":"Feature","id":4525219391,"geometry":{"type":"Point","coordinates":[44.2303349,15.3139458]},"properties":{"id":4525219391,"name":"مسجد التقوى","type":"place_of_worship","category":"religion","osmType":"node","amenity":"place_of_worship","building":"mosque","name:ar":"مسجد التقوى","religion":"muslim","name:latin":"msjd al-tqwa"}},{"type":"Feature","id":4544309331,"geometry":{"type":"Point","coordinates":[44.1440575,15.4162151]},"properties":{"id":4544309331,"name":"جامع الإيمان","type":"place_of_worship","category":"religion","osmType":"node","amenity":"place_of_worship","building":"mosque","name:ar":"جامع الإيمان","religion":"muslim","name:latin":"jam' al-iyman"}},{"type":"Feature","id":4544341016,"geometry":{"type":"Point","coordinates":[44.151397700000004,15.407180300000002]},"properties":{"id":4544341016,"name":"جامع الخير","type":"place_of_worship","category":"religion","osmType":"node","amenity":"place_of_worship","building":"mosque","name:ar":"جامع الخير","religion":"muslim","name:latin":"jam' al-khyr"}},{"type":"Feature","id":4581259699,"geometry":{"type":"Point","coordinates":[44.2350368,15.379831600000001]},"properties":{"id":4581259699,"name":"جامع السنة","type":"place_of_worship","category":"religion","osmType":"node","amenity":"place_of_worship","building":"mosque","denomination":"sunni","name:ar":"جامع السنة","religion":"muslim","name:latin":"jam' al-sna"}},{"type":"Feature","id":4581264592,"geometry":{"type":"Point","coordinates":[44.2322512,15.378864700000001]},"properties":{"id":4581264592,"name":"مسجد الفردوس","type":"place_of_worship","category":"religion","osmType":"node","addr:city":"صنعاء","addr:street":"شارع النصر","amenity":"place_of_worship","building":"mosque","religion":"muslim","name:latin":"msjd al-frdws"}},{"type":"Feature","id":4581290998,"geometry":{"type":"Point","coordinates":[44.229531400000006,15.385511300000001]},"properties":{"id":4581290998,"name":"جامع عمر بن الخطاب","type":"place_of_worship","category":"religion","osmType":"node","amenity":"place_of_worship","building":"mosque","name:ar":"جامع عمر بن الخطاب","religion":"muslim","name:latin":"jam' 'mr bn al-khtab"}},{"type":"Feature","id":4609978989,"geometry":{"type":"Point","coordinates":[44.1957147,15.359368700000001]},"properties":{"id":4609978989,"name":"جامع السنياني","type":"place_of_worship","category":"religion","osmType":"node","amenity":"place_of_worship","building":"mosque","name:ar":"جامع السنياني","name:en":"Alsanabani masjid","religion":"muslim"}},{"type":"Feature","id":4610084391,"geometry":{"type":"Point","coordinates":[44.2020733,15.2429038]},"properties":{"id":4610084391,"name":"مسجد ارتل","type":"place_of_worship","category":"religion","osmType":"node","amenity":"place_of_worship","building":"mosque","name:ar":"مسجد ارتل","religion":"muslim","name:latin":"msjd artl"}},{"type":"Feature","id":4637027893,"geometry":{"type":"Point","coordinates":[44.2065903,15.412452700000001]},"properties":{"id":4637027893,"name":"جامع مداعس","type":"place_of_worship","category":"religion","osmType":"node","amenity":"place_of_worship","building":"mosque","name:ar":"جامع مداعس","name:en":"Masjeed moda'as","religion":"muslim"}},{"type":"Feature","id":4706712291,"geometry":{"type":"Point","coordinates":[44.201928900000006,15.338581800000002]},"properties":{"id":4706712291,"name":"جامع النور","type":"place_of_worship","category":"religion","osmType":"node","addr:street":"شارع مجاهد","amenity":"place_of_worship","religion":"muslim","name:latin":"jam' al-nwr"}},{"type":"Feature","id":4706733389,"geometry":{"type":"Point","coordinates":[44.1555357,15.369242300000002]},"properties":{"id":4706733389,"name":"جامع الامام علي","type":"place_of_worship","category":"religion","osmType":"node","amenity":"place_of_worship","building":"mosque","name:ar":"جامع الامام علي","religion":"muslim","name:latin":"jam' al-amam 'ly"}},{"type":"Feature","id":4719478492,"geometry":{"type":"Point","coordinates":[44.2089507,15.348271500000001]},"properties":{"id":4719478492,"name":"مسجد","type":"place_of_worship","category":"religion","osmType":"node","addr:city":"صنعاء","amenity":"place_of_worship","building":"mosque","name:ar":"مسجد","religion":"muslim","name:latin":"msjd"}},{"type":"Feature","id":4729014590,"geometry":{"type":"Point","coordinates":[44.221301000000004,15.321973000000002]},"properties":{"id":4729014590,"name":"جامع الخير","type":"place_of_worship","category":"religion","osmType":"node","addr:street":"شارع السايلة","amenity":"place_of_worship","building":"mosque","name:ar":"جامع الخير","opening_hours":"24/7","religion":"muslim","name:latin":"jam' al-khyr"}},{"type":"Feature","id":4729025889,"geometry":{"type":"Point","coordinates":[44.2221667,15.3205608]},"properties":{"id":4729025889,"name":"جامع حليف القران","type":"place_of_worship","category":"religion","osmType":"node","addr:postcode":"111","addr:street":"شارع 16","alt_name":"جامع حليف القران","amenity":"place_of_worship","building":"mosque","name:ar":"جامع حليف القران","opening_hours":"24/7","religion":"muslim","name:latin":"jam' hlyf al-qran"}},{"type":"Feature","id":4786823021,"geometry":{"type":"Point","coordinates":[44.219050300000006,15.431451700000002]},"properties":{"id":4786823021,"name":"مسجد الحسام","type":"place_of_worship","category":"religion","osmType":"node","addr:street":"خط الروضة","amenity":"place_of_worship","name:ar":"مسجد الحسام","name:en":"Al - Hussam Mosque","religion":"muslim"}},{"type":"Feature","id":4790743222,"geometry":{"type":"Point","coordinates":[44.221140500000004,15.385985600000001]},"properties":{"id":4790743222,"name":"مسجد القبة","type":"place_of_worship","category":"religion","osmType":"node","amenity":"place_of_worship","religion":"muslim","name:latin":"msjd al-qba"}},{"type":"Feature","id":4816527923,"geometry":{"type":"Point","coordinates":[44.1867303,15.384618500000002]},"properties":{"id":4816527923,"name":"جامع دار الأيتام","type":"place_of_worship","category":"religion","osmType":"node","addr:street":"شارع الستين الشمالي","amenity":"place_of_worship","name:ar":"جامع دار الأيتام","name:en":"Orphan Institute Mosque","religion":"muslim"}},{"type":"Feature","id":4846638556,"geometry":{"type":"Point","coordinates":[44.182965200000005,15.340056800000001]},"properties":{"id":4846638556,"name":"جامع النور","type":"place_of_worship","category":"religion","osmType":"node","amenity":"place_of_worship","name:ar":"جامع النور","religion":"muslim","name:latin":"jam' al-nwr"}},{"type":"Feature","id":4939243823,"geometry":{"type":"Point","coordinates":[44.226604900000005,15.305650300000002]},"properties":{"id":4939243823,"name":"مسجد القادسية","type":"place_of_worship","category":"religion","osmType":"node","addr:street":"شارع بينون","amenity":"place_of_worship","name:ar":"مسجد القادسية","religion":"muslim","name:latin":"msjd al-qadsya"}},{"type":"Feature","id":4945616121,"geometry":{"type":"Point","coordinates":[44.228388700000004,15.362172300000001]},"properties":{"id":4945616121,"name":"مسجد عمار بن ياسر","type":"place_of_worship","category":"religion","osmType":"node","addr:street":"شارع نشوان الحميري","amenity":"place_of_worship","name:ar":"مسجد عمار بن ياسر","religion":"muslim","name:latin":"msjd 'mar bn yasr"}},{"type":"Feature","id":4954926221,"geometry":{"type":"Point","coordinates":[44.180323900000005,15.317792700000002]},"properties":{"id":4954926221,"name":"جامع الخير","type":"place_of_worship","category":"religion","osmType":"node","amenity":"place_of_worship","name:ar":"مسجد","name:en":"mosque","religion":"muslim"}},{"type":"Feature","id":4967055821,"geometry":{"type":"Point","coordinates":[44.1813852,15.3462884]},"properties":{"id":4967055821,"name":"جامع القبة الخضراء","type":"place_of_worship","category":"religion","osmType":"node","amenity":"place_of_worship","name:ar":"جامع القبة الخضراء","religion":"muslim","name:latin":"jam' al-qba al-khdra'"}},{"type":"Feature","id":4972278724,"geometry":{"type":"Point","coordinates":[44.2228884,15.307576700000002]},"properties":{"id":4972278724,"name":"الخليل ابراهيم","type":"place_of_worship","category":"religion","osmType":"node","amenity":"place_of_worship","name:ar":"الخليل ابراهيم","name:en":"Ibrahim Mosque","religion":"muslim"}},{"type":"Feature","id":4972293124,"geometry":{"type":"Point","coordinates":[44.223766600000005,15.312994000000002]},"properties":{"id":4972293124,"name":"جامع البركة","type":"place_of_worship","category":"religion","osmType":"node","amenity":"place_of_worship","name:ar":"جامع البركة","name:en":"Al Baraka Mosque","religion":"muslim"}},{"type":"Feature","id":4994799922,"geometry":{"type":"Point","coordinates":[44.1317121,15.506806300000001]},"properties":{"id":4994799922,"name":"مسجد","type":"place_of_worship","category":"religion","osmType":"node","amenity":"place_of_worship","name:ar":"مسجد","religion":"muslim","name:latin":"msjd"}},{"type":"Feature","id":4994799924,"geometry":{"type":"Point","coordinates":[44.1498804,15.4878309]},"properties":{"id":4994799924,"name":"","type":"place_of_worship","category":"religion","osmType":"node","amenity":"place_of_worship","religion":"muslim"}},{"type":"Feature","id":5010072024,"geometry":{"type":"Point","coordinates":[44.2134282,15.330798500000002]},"properties":{"id":5010072024,"name":"مسجد التقوى","type":"place_of_worship","category":"religion","osmType":"node","addr:street":"شارع السايلة","amenity":"place_of_worship","name:ar":"مسجد التقوى","opening_hours":"24/7","religion":"muslim","name:latin":"msjd al-tqwa"}},{"type":"Feature","id":5042297023,"geometry":{"type":"Point","coordinates":[44.178629300000004,15.298428900000001]},"properties":{"id":5042297023,"name":"مسجد الخامري","type":"place_of_worship","category":"religion","osmType":"node","amenity":"place_of_worship","name:ar":"مسجد الخامري","name:en":"Al-khameri Mosque","religion":"muslim"}},{"type":"Feature","id":5074223623,"geometry":{"type":"Point","coordinates":[44.227112000000005,15.339206400000002]},"properties":{"id":5074223623,"name":"مسجد الهدى","type":"place_of_worship","category":"religion","osmType":"node","amenity":"place_of_worship","name:ar":"مسجد الهدى","name:en":"Alhoda mosque","religion":"muslim"}},{"type":"Feature","id":5079942628,"geometry":{"type":"Point","coordinates":[44.2184443,15.3509772]},"properties":{"id":5079942628,"name":"مسجد","type":"place_of_worship","category":"religion","osmType":"node","amenity":"place_of_worship","name:ar":"مسجد","religion":"muslim","name:latin":"msjd"}},{"type":"Feature","id":5079951621,"geometry":{"type":"Point","coordinates":[44.224577000000004,15.341237800000002]},"properties":{"id":5079951621,"name":"مسجد التقوى","type":"place_of_worship","category":"religion","osmType":"node","amenity":"place_of_worship","name:ar":"مسجد التقوى","religion":"muslim","name:latin":"msjd al-tqwa"}},{"type":"Feature","id":5079951622,"geometry":{"type":"Point","coordinates":[44.2232495,15.342931900000002]},"properties":{"id":5079951622,"name":"مسجد الرحمة","type":"place_of_worship","category":"religion","osmType":"node","amenity":"place_of_worship","name:en":"Alrahmmah mosque","religion":"muslim"}},{"type":"Feature","id":5095687924,"geometry":{"type":"Point","coordinates":[44.173047700000005,15.3543616]},"properties":{"id":5095687924,"name":"جامع الغادر","type":"place_of_worship","category":"religion","osmType":"node","amenity":"place_of_worship","name:ar":"جامع الغادر","religion":"muslim","name:latin":"jam' al-ghadr"}},{"type":"Feature","id":5095804421,"geometry":{"type":"Point","coordinates":[44.1720216,15.357832100000001]},"properties":{"id":5095804421,"name":"جامع الفتح","type":"place_of_worship","category":"religion","osmType":"node","amenity":"place_of_worship","name:ar":"جامع الفتح","religion":"muslim","name:latin":"jam' al-fth"}},{"type":"Feature","id":5207054624,"geometry":{"type":"Point","coordinates":[44.191140000000004,15.367764400000002]},"properties":{"id":5207054624,"name":"جامع الحمد","type":"place_of_worship","category":"religion","osmType":"node","amenity":"place_of_worship","religion":"muslim","name:latin":"jam' al-hmd"}},{"type":"Feature","id":5332062821,"geometry":{"type":"Point","coordinates":[44.218954800000006,15.338744000000002]},"properties":{"id":5332062821,"name":"مسجد الحزيزي","type":"place_of_worship","category":"religion","osmType":"node","addr:street":"شارع القدس","amenity":"place_of_worship","name:ar":"مسجد الحزيزي","religion":"muslim","name:latin":"msjd al-hzyzy"}},{"type":"Feature","id":5354421224,"geometry":{"type":"Point","coordinates":[44.213249000000005,15.407539200000002]},"properties":{"id":5354421224,"name":"جامع الشايف","type":"place_of_worship","category":"religion","osmType":"node","amenity":"place_of_worship","name:ar":"جامع الشايف","name:en":"Alshaef mosque","religion":"muslim"}},{"type":"Feature","id":5363477021,"geometry":{"type":"Point","coordinates":[44.217473000000005,15.4033554]},"properties":{"id":5363477021,"name":"جامع الإيمان","type":"place_of_worship","category":"religion","osmType":"node","amenity":"place_of_worship","name:ar":"جامع الإيمان","religion":"muslim","name:latin":"jam' al-iyman"}},{"type":"Feature","id":5384027622,"geometry":{"type":"Point","coordinates":[44.25361290000001,15.158700900000001]},"properties":{"id":5384027622,"name":"قحازة","type":"place_of_worship","category":"religion","osmType":"node","amenity":"place_of_worship","religion":"muslim","name:latin":"qhaza"}},{"type":"Feature","id":5539676535,"geometry":{"type":"Point","coordinates":[44.2337095,15.3104755]},"properties":{"id":5539676535,"name":"مسجد معاذ بن جبل","type":"place_of_worship","category":"religion","osmType":"node","amenity":"place_of_worship","denomination":"sunni","name:ar":"مسجد معاذ بن جبل","religion":"muslim","name:latin":"msjd m'adh bn jbl"}},{"type":"Feature","id":5539676543,"geometry":{"type":"Point","coordinates":[44.18604380000001,15.329726400000002]},"properties":{"id":5539676543,"name":"","type":"place_of_worship","category":"religion","osmType":"node","amenity":"place_of_worship","religion":"muslim"}},{"type":"Feature","id":5617701041,"geometry":{"type":"Point","coordinates":[44.245086900000004,15.190072800000001]},"properties":{"id":5617701041,"name":"جامع السلام","type":"place_of_worship","category":"religion","osmType":"node","amenity":"place_of_worship","religion":"muslim","name:latin":"jam' al-slam"}},{"type":"Feature","id":5617701042,"geometry":{"type":"Point","coordinates":[44.250526400000005,15.182824900000002]},"properties":{"id":5617701042,"name":"جامع الرحمن","type":"place_of_worship","category":"religion","osmType":"node","amenity":"place_of_worship","religion":"muslim","name:latin":"jam' al-rhmn"}},{"type":"Feature","id":5642695121,"geometry":{"type":"Point","coordinates":[44.2385998,15.385360100000002]},"properties":{"id":5642695121,"name":"جامع أباالقاسم","type":"place_of_worship","category":"religion","osmType":"node","amenity":"place_of_worship","name:ar":"جامع أباالقاسم","religion":"muslim","name:latin":"jam' abaalqasm"}},{"type":"Feature","id":5642695122,"geometry":{"type":"Point","coordinates":[44.231993200000005,15.390489400000002]},"properties":{"id":5642695122,"name":"جامع النصر","type":"place_of_worship","category":"religion","osmType":"node","amenity":"place_of_worship","name:ar":"جامع النصر","religion":"muslim","name:latin":"jam' al-nsr"}},{"type":"Feature","id":5642695123,"geometry":{"type":"Point","coordinates":[44.23490640000001,15.386411400000002]},"properties":{"id":5642695123,"name":"جامع المراون","type":"place_of_worship","category":"religion","osmType":"node","amenity":"place_of_worship","name:ar":"جامع المراون","religion":"muslim","name:latin":"jam' al-mrawn"}},{"type":"Feature","id":5642695221,"geometry":{"type":"Point","coordinates":[44.246059,15.388530600000001]},"properties":{"id":5642695221,"name":"جامع عطية","type":"place_of_worship","category":"religion","osmType":"node","amenity":"place_of_worship","name:ar":"جامع عطيه","religion":"muslim","name:latin":"jam' 'tya"}},{"type":"Feature","id":5642695222,"geometry":{"type":"Point","coordinates":[44.245662,15.379696000000001]},"properties":{"id":5642695222,"name":"جامع قباء","type":"place_of_worship","category":"religion","osmType":"node","addr:city":"مدينة صنعاء","addr:street":"سعوان شارع 24","amenity":"place_of_worship","name:en":"qiba","religion":"muslim"}},{"type":"Feature","id":5642695321,"geometry":{"type":"Point","coordinates":[44.250572000000005,15.384580000000001]},"properties":{"id":5642695321,"name":"جامع الرحمن","type":"place_of_worship","category":"religion","osmType":"node","amenity":"place_of_worship","name:ar":"جامع الرحمن","religion":"muslim","name:latin":"jam' al-rhmn"}},{"type":"Feature","id":5724973329,"geometry":{"type":"Point","coordinates":[44.172436000000005,15.3772952]},"properties":{"id":5724973329,"name":"مسجد الايمان","type":"place_of_worship","category":"religion","osmType":"node","amenity":"place_of_worship","religion":"muslim","name:latin":"msjd al-ayman"}},{"type":"Feature","id":5724973385,"geometry":{"type":"Point","coordinates":[44.229035,15.380182000000001]},"properties":{"id":5724973385,"name":"جامع الفتح","type":"place_of_worship","category":"religion","osmType":"node","amenity":"place_of_worship","name:ar":"جامع الفتح","religion":"muslim","name:latin":"jam' al-fth"}},{"type":"Feature","id":5742073331,"geometry":{"type":"Point","coordinates":[44.1932861,15.400439200000001]},"properties":{"id":5742073331,"name":"جامع العمودي","type":"place_of_worship","category":"religion","osmType":"node","addr:city":"صنعاء","addr:place":"المدينة الليبية","amenity":"place_of_worship","building":"mosque","religion":"muslim","name:latin":"jam' al-'mwdy"}},{"type":"Feature","id":5742073332,"geometry":{"type":"Point","coordinates":[44.190952300000006,15.401965900000002]},"properties":{"id":5742073332,"name":"جامع الحسنين","type":"place_of_worship","category":"religion","osmType":"node","OBJECTID":"539","amenity":"place_of_worship","code":"3300","fclass":"muslim","religion":"muslim","name:latin":"jam' al-hsnyn"}},{"type":"Feature","id":5767562017,"geometry":{"type":"Point","coordinates":[44.21892450000001,15.348085000000001]},"properties":{"id":5767562017,"name":"جامع بلال","type":"place_of_worship","category":"religion","osmType":"node","addr:city":"صنعاء","addr:street":"شارع خولان القديم","amenity":"place_of_worship","religion":"muslim","name:latin":"jam' blal"}},{"type":"Feature","id":5772076953,"geometry":{"type":"Point","coordinates":[44.183641400000006,15.3451976]},"properties":{"id":5772076953,"name":"مسجد الصحابة","type":"place_of_worship","category":"religion","osmType":"node","addr:street":"شارع هائل","amenity":"place_of_worship","religion":"muslim","name:latin":"msjd al-shaba"}},{"type":"Feature","id":5778994966,"geometry":{"type":"Point","coordinates":[44.198996300000005,15.3264086]},"properties":{"id":5778994966,"name":"جامع زهرة","type":"place_of_worship","category":"religion","osmType":"node","amenity":"place_of_worship","name:en":"zahrah mosque","religion":"muslim"}},{"type":"Feature","id":5778995014,"geometry":{"type":"Point","coordinates":[44.173474000000006,15.3959214]},"properties":{"id":5778995014,"name":"جامع الحمزة","type":"place_of_worship","category":"religion","osmType":"node","addr:city":"صنعاء","addr:street":"شارع الثلاثين","amenity":"place_of_worship","religion":"muslim","name:latin":"jam' al-hmza"}},{"type":"Feature","id":5778995017,"geometry":{"type":"Point","coordinates":[44.1704244,15.396852400000002]},"properties":{"id":5778995017,"name":"جامع الفتح","type":"place_of_worship","category":"religion","osmType":"node","amenity":"place_of_worship","religion":"muslim","name:latin":"jam' al-fth"}},{"type":"Feature","id":5875416894,"geometry":{"type":"Point","coordinates":[44.176756700000006,15.376267700000001]},"properties":{"id":5875416894,"name":"مسجد الشميري","type":"place_of_worship","category":"religion","osmType":"node","addr:city":"صنعاء","addr:street":"شارع الستين","amenity":"place_of_worship","religion":"muslim","name:latin":"msjd al-shmyry"}},{"type":"Feature","id":5875416898,"geometry":{"type":"Point","coordinates":[44.17670940000001,15.3744136]},"properties":{"id":5875416898,"name":"مسجد الخير","type":"place_of_worship","category":"religion","osmType":"node","addr:city":"صنعاء‎","amenity":"place_of_worship","religion":"muslim","name:latin":"msjd al-khyr"}},{"type":"Feature","id":5875416939,"geometry":{"type":"Point","coordinates":[44.175907300000006,15.3618681]},"properties":{"id":5875416939,"name":"مسجد الفتوحات الاسلامية","type":"place_of_worship","category":"religion","osmType":"node","amenity":"place_of_worship","religion":"muslim","name:latin":"msjd al-ftwhat al-aslamya"}},{"type":"Feature","id":5878121427,"geometry":{"type":"Point","coordinates":[44.173062400000006,15.350145000000001]},"properties":{"id":5878121427,"name":"مسجد المدينة الليبية","type":"place_of_worship","category":"religion","osmType":"node","amenity":"place_of_worship","religion":"muslim","name:latin":"msjd al-mdyna al-lybya"}},{"type":"Feature","id":5878121428,"geometry":{"type":"Point","coordinates":[44.1734991,15.348077300000002]},"properties":{"id":5878121428,"name":"مسجد مجلس النواب","type":"place_of_worship","category":"religion","osmType":"node","amenity":"place_of_worship","religion":"muslim","name:latin":"msjd mjls al-nwab"}},{"type":"Feature","id":5878121454,"geometry":{"type":"Point","coordinates":[44.1918621,15.3254572]},"properties":{"id":5878121454,"name":"مسجد الاوقاف","type":"place_of_worship","category":"religion","osmType":"node","addr:street":"شارع الستين","amenity":"place_of_worship","name:en":"Alawgaff mosque","religion":"muslim"}},{"type":"Feature","id":5878121462,"geometry":{"type":"Point","coordinates":[44.200267700000005,15.3186826]},"properties":{"id":5878121462,"name":"مسجد الخير","type":"place_of_worship","category":"religion","osmType":"node","addr:street":"شارع 1","amenity":"place_of_worship","name:en":"Alhair Mosque","religion":"muslim"}},{"type":"Feature","id":5878121480,"geometry":{"type":"Point","coordinates":[44.224589,15.319021500000002]},"properties":{"id":5878121480,"name":"مسجد قبا","type":"place_of_worship","category":"religion","osmType":"node","amenity":"place_of_worship","religion":"muslim","name:latin":"msjd qba"}},{"type":"Feature","id":5878121481,"geometry":{"type":"Point","coordinates":[44.2251399,15.316997500000001]},"properties":{"id":5878121481,"name":"مسجد الشيعاني","type":"place_of_worship","category":"religion","osmType":"node","amenity":"place_of_worship","religion":"muslim","name:latin":"msjd al-shy'any"}},{"type":"Feature","id":5895667772,"geometry":{"type":"Point","coordinates":[44.1940527,15.363420200000002]},"properties":{"id":5895667772,"name":"جامع الشايف","type":"place_of_worship","category":"religion","osmType":"node","amenity":"place_of_worship","religion":"muslim","name:latin":"jam' al-shayf"}},{"type":"Feature","id":5935411918,"geometry":{"type":"Point","coordinates":[44.199227300000004,15.399799600000001]},"properties":{"id":5935411918,"name":"جامع التوبة","type":"place_of_worship","category":"religion","osmType":"node","amenity":"place_of_worship","religion":"muslim","name:latin":"jam' al-twba"}},{"type":"Feature","id":5935411971,"geometry":{"type":"Point","coordinates":[44.179668500000005,15.396243700000001]},"properties":{"id":5935411971,"name":"جامع الخليل","type":"place_of_worship","category":"religion","osmType":"node","addr:street":"شارع النهضة","amenity":"place_of_worship","religion":"muslim","name:latin":"jam' al-khlyl"}},{"type":"Feature","id":5935411980,"geometry":{"type":"Point","coordinates":[44.1807049,15.3944699]},"properties":{"id":5935411980,"name":"جامع أبو بكر الصديق","type":"place_of_worship","category":"religion","osmType":"node","addr:city":"حي النهضة","addr:street":"شارع النهضة","amenity":"place_of_worship","religion":"muslim","name:latin":"jam' abw bkr al-sdyq"}},{"type":"Feature","id":5950923868,"geometry":{"type":"Point","coordinates":[44.1693865,15.473883400000002]},"properties":{"id":5950923868,"name":"جامع النور","type":"place_of_worship","category":"religion","osmType":"node","amenity":"place_of_worship","religion":"muslim","name:latin":"jam' al-nwr"}},{"type":"Feature","id":5950923873,"geometry":{"type":"Point","coordinates":[44.173731100000005,15.474877000000001]},"properties":{"id":5950923873,"name":"جامع ذي النورين","type":"place_of_worship","category":"religion","osmType":"node","amenity":"place_of_worship","religion":"muslim","name:latin":"jam' dhy al-nwryn"}},{"type":"Feature","id":5950923874,"geometry":{"type":"Point","coordinates":[44.1769053,15.473783500000001]},"properties":{"id":5950923874,"name":"جامع بر الوالدين","type":"place_of_worship","category":"religion","osmType":"node","amenity":"place_of_worship","religion":"muslim","name:latin":"jam' br al-waldyn"}},{"type":"Feature","id":5950924433,"geometry":{"type":"Point","coordinates":[44.2257113,15.362260700000002]},"properties":{"id":5950924433,"name":"","type":"place_of_worship","category":"religion","osmType":"node","amenity":"place_of_worship","religion":"muslim"}},{"type":"Feature","id":5952424088,"geometry":{"type":"Point","coordinates":[44.205238400000006,15.398371800000001]},"properties":{"id":5952424088,"name":"المؤيد","type":"place_of_worship","category":"religion","osmType":"node","addr:street":"شارع التلفزيون","amenity":"place_of_worship","building":"mosque","religion":"muslim","name:latin":"al-m'yd"}},{"type":"Feature","id":5959820393,"geometry":{"type":"Point","coordinates":[44.2027943,15.4062993]},"properties":{"id":5959820393,"name":"جامع الحمزة","type":"place_of_worship","category":"religion","osmType":"node","amenity":"place_of_worship","religion":"muslim","name:latin":"jam' al-hmza"}},{"type":"Feature","id":5959820395,"geometry":{"type":"Point","coordinates":[44.2104956,15.408039400000002]},"properties":{"id":5959820395,"name":"جامع الشامي","type":"place_of_worship","category":"religion","osmType":"node","amenity":"place_of_worship","religion":"muslim","name:latin":"jam' al-shamy"}},{"type":"Feature","id":5967546666,"geometry":{"type":"Point","coordinates":[44.194256,15.3217402]},"properties":{"id":5967546666,"name":"جامع التوفيق","type":"place_of_worship","category":"religion","osmType":"node","amenity":"place_of_worship","name:en":"Altawfeeq mosque","religion":"muslim"}},{"type":"Feature","id":5992462886,"geometry":{"type":"Point","coordinates":[44.21639570000001,15.3530691]},"properties":{"id":5992462886,"name":"جامع الحميدي","type":"place_of_worship","category":"religion","osmType":"node","amenity":"place_of_worship","religion":"muslim","name:latin":"jam' al-hmydy"}},{"type":"Feature","id":5992462887,"geometry":{"type":"Point","coordinates":[44.2133429,15.351533000000002]},"properties":{"id":5992462887,"name":"جامع الابهر","type":"place_of_worship","category":"religion","osmType":"node","amenity":"place_of_worship","name:en":"Alabher mosque","religion":"muslim"}},{"type":"Feature","id":5994083213,"geometry":{"type":"Point","coordinates":[44.186680800000005,15.391535400000002]},"properties":{"id":5994083213,"name":"جامع التقوى","type":"place_of_worship","category":"religion","osmType":"node","amenity":"place_of_worship","religion":"muslim","name:latin":"jam' al-tqwa"}},{"type":"Feature","id":5994083215,"geometry":{"type":"Point","coordinates":[44.182721300000004,15.390763200000002]},"properties":{"id":5994083215,"name":"جامع النور","type":"place_of_worship","category":"religion","osmType":"node","amenity":"place_of_worship","religion":"muslim","name:latin":"jam' al-nwr"}},{"type":"Feature","id":5994083219,"geometry":{"type":"Point","coordinates":[44.199527,15.397556600000001]},"properties":{"id":5994083219,"name":"جامع صغير بن عزيز","type":"place_of_worship","category":"religion","osmType":"node","amenity":"place_of_worship","religion":"muslim","name:latin":"jam' sghyr bn 'zyz"}},{"type":"Feature","id":5994083241,"geometry":{"type":"Point","coordinates":[44.210835700000004,15.404750000000002]},"properties":{"id":5994083241,"name":"جامع الفسيل","type":"place_of_worship","category":"religion","osmType":"node","amenity":"place_of_worship","religion":"muslim","name:latin":"jam' al-fsyl"}},{"type":"Feature","id":5994083255,"geometry":{"type":"Point","coordinates":[44.214238400000006,15.405414700000001]},"properties":{"id":5994083255,"name":"مسجد عرهب","type":"place_of_worship","category":"religion","osmType":"node","amenity":"place_of_worship","religion":"muslim","name:latin":"msjd 'rhb"}},{"type":"Feature","id":5994083265,"geometry":{"type":"Point","coordinates":[44.213643100000006,15.3988524]},"properties":{"id":5994083265,"name":"مسجد القبة","type":"place_of_worship","category":"religion","osmType":"node","addr:city":"صنعاء","addr:street":"شارع المطار","amenity":"place_of_worship","religion":"muslim","name:latin":"msjd al-qba"}},{"type":"Feature","id":5994083270,"geometry":{"type":"Point","coordinates":[44.214016,15.393536400000002]},"properties":{"id":5994083270,"name":"جامع القبتين","type":"place_of_worship","category":"religion","osmType":"node","amenity":"place_of_worship","religion":"muslim","name:latin":"jam' al-qbtyn"}},{"type":"Feature","id":5998456589,"geometry":{"type":"Point","coordinates":[44.196851900000006,15.4190406]},"properties":{"id":5998456589,"name":"مسجد ابو طالب","type":"place_of_worship","category":"religion","osmType":"node","amenity":"place_of_worship","religion":"muslim","name:latin":"msjd abw talb"}},{"type":"Feature","id":6018368992,"geometry":{"type":"Point","coordinates":[44.259950800000006,15.191156900000001]},"properties":{"id":6018368992,"name":"جامع الريان","type":"place_of_worship","category":"religion","osmType":"node","amenity":"place_of_worship","religion":"muslim","name:latin":"jam' al-ryan"}},{"type":"Feature","id":6022377617,"geometry":{"type":"Point","coordinates":[44.195705800000006,15.313293600000002]},"properties":{"id":6022377617,"name":"جامع الرحمن","type":"place_of_worship","category":"religion","osmType":"node","addr:city":"صنعاء","addr:street":"شارع حدة","amenity":"place_of_worship","religion":"muslim","name:latin":"jam' al-rhmn"}},{"type":"Feature","id":6022377630,"geometry":{"type":"Point","coordinates":[44.1929846,15.309068400000001]},"properties":{"id":6022377630,"name":"جامع جيد","type":"place_of_worship","category":"religion","osmType":"node","addr:city":"صنعاء","addr:street":"شارع حدة","amenity":"place_of_worship","religion":"muslim","name:latin":"jam' jyd"}},{"type":"Feature","id":6024973347,"geometry":{"type":"Point","coordinates":[44.250891800000005,15.299079500000001]},"properties":{"id":6024973347,"name":"مسجد معاذ بن جبل","type":"place_of_worship","category":"religion","osmType":"node","amenity":"place_of_worship","religion":"muslim","name:latin":"msjd m'adh bn jbl"}},{"type":"Feature","id":6024973361,"geometry":{"type":"Point","coordinates":[44.257310000000004,15.247833600000002]},"properties":{"id":6024973361,"name":"","type":"place_of_worship","category":"religion","osmType":"node","amenity":"place_of_worship","religion":"muslim"}},{"type":"Feature","id":6029109278,"geometry":{"type":"Point","coordinates":[44.226864400000004,15.3593164]},"properties":{"id":6029109278,"name":"جامع الشهيد محمد الدرة","type":"place_of_worship","category":"religion","osmType":"node","amenity":"place_of_worship","religion":"muslim","name:latin":"jam' al-shhyd mhmd al-dra"}},{"type":"Feature","id":6029109281,"geometry":{"type":"Point","coordinates":[44.2081567,15.3607808]},"properties":{"id":6029109281,"name":"مسجد السنيدار","type":"place_of_worship","category":"religion","osmType":"node","addr:city":"صنعاء","addr:street":"شارع القيادة","amenity":"place_of_worship","name:en":"AlSunaidar mosque","religion":"muslim"}},{"type":"Feature","id":6029109283,"geometry":{"type":"Point","coordinates":[44.1998079,15.361171500000001]},"properties":{"id":6029109283,"name":"جامع العدل","type":"place_of_worship","category":"religion","osmType":"node","addr:street":"شارع العدل","amenity":"place_of_worship","religion":"muslim","name:latin":"jam' al-'dl"}},{"type":"Feature","id":6034431258,"geometry":{"type":"Point","coordinates":[44.1940486,15.384191600000001]},"properties":{"id":6034431258,"name":"جامع الامان","type":"place_of_worship","category":"religion","osmType":"node","amenity":"place_of_worship","religion":"muslim","name:latin":"jam' al-aman"}},{"type":"Feature","id":6059929634,"geometry":{"type":"Point","coordinates":[44.225382200000006,15.3874483]},"properties":{"id":6059929634,"name":"جامع الحافة","type":"place_of_worship","category":"religion","osmType":"node","amenity":"place_of_worship","name:en":"Alhaffah mosque","religion":"muslim"}},{"type":"Feature","id":6059929637,"geometry":{"type":"Point","coordinates":[44.2254117,15.384645200000001]},"properties":{"id":6059929637,"name":"مسجد جبران","type":"place_of_worship","category":"religion","osmType":"node","amenity":"place_of_worship","religion":"muslim","name:latin":"msjd jbran"}},{"type":"Feature","id":6076233898,"geometry":{"type":"Point","coordinates":[44.2348617,15.377465100000002]},"properties":{"id":6076233898,"name":"جامع علي بن أبي طالب","type":"place_of_worship","category":"religion","osmType":"node","amenity":"place_of_worship","religion":"muslim","name:latin":"jam' 'ly bn aby talb"}},{"type":"Feature","id":6231259485,"geometry":{"type":"Point","coordinates":[44.1760919,15.387612700000002]},"properties":{"id":6231259485,"name":"جامع الوحدة","type":"place_of_worship","category":"religion","osmType":"node","addr:street":"حارة الايمان","amenity":"place_of_worship","name:en":"Alweahda masjed","religion":"muslim"}},{"type":"Feature","id":6241922685,"geometry":{"type":"Point","coordinates":[44.17733200000001,15.350511000000001]},"properties":{"id":6241922685,"name":"جامع الشوكاني","type":"place_of_worship","category":"religion","osmType":"node","amenity":"place_of_worship","name:en":"Al-Shawkani Mosque","religion":"muslim"}},{"type":"Feature","id":6334895671,"geometry":{"type":"Point","coordinates":[44.226471200000006,15.392050700000002]},"properties":{"id":6334895671,"name":"مسجد التويتي","type":"place_of_worship","category":"religion","osmType":"node","amenity":"place_of_worship","name:en":"Altwitty mosque","religion":"muslim"}},{"type":"Feature","id":6340180685,"geometry":{"type":"Point","coordinates":[44.2227918,15.3609702]},"properties":{"id":6340180685,"name":"جامع ومدرسة الفلاح","type":"place_of_worship","category":"religion","osmType":"node","amenity":"place_of_worship","name:ar":"جامع و مدرسة الفلاح","name:en":"Mosque and Al Falah School","religion":"muslim"}},{"type":"Feature","id":6424373986,"geometry":{"type":"Point","coordinates":[44.221406,15.271870700000001]},"properties":{"id":6424373986,"name":"جامع التيسير","type":"place_of_worship","category":"religion","osmType":"node","amenity":"place_of_worship","name:en":"Al-Tayseer Mosque","religion":"muslim"}},{"type":"Feature","id":6476862761,"geometry":{"type":"Point","coordinates":[44.220252900000006,15.288874400000001]},"properties":{"id":6476862761,"name":"جامع النسيم","type":"place_of_worship","category":"religion","osmType":"node","addr:city":"صنعاء","addr:street":"شارع الأربعين","amenity":"place_of_worship","religion":"muslim","name:latin":"jam' al-nsym"}},{"type":"Feature","id":6479765877,"geometry":{"type":"Point","coordinates":[44.2235139,15.3645764]},"properties":{"id":6479765877,"name":"مسجد النور","type":"place_of_worship","category":"religion","osmType":"node","amenity":"place_of_worship","name:en":"Alnoor mosque","religion":"muslim"}},{"type":"Feature","id":6479766001,"geometry":{"type":"Point","coordinates":[44.2298868,15.371018900000001]},"properties":{"id":6479766001,"name":"مسجد الصحابة","type":"place_of_worship","category":"religion","osmType":"node","amenity":"place_of_worship","name:en":"mosque","religion":"muslim"}},{"type":"Feature","id":6479766070,"geometry":{"type":"Point","coordinates":[44.240543200000005,15.381671500000001]},"properties":{"id":6479766070,"name":"جامع الخير","type":"place_of_worship","category":"religion","osmType":"node","amenity":"place_of_worship","name:en":"Alkhier mosque","religion":"muslim"}},{"type":"Feature","id":6540253385,"geometry":{"type":"Point","coordinates":[44.172059700000005,15.364230100000002]},"properties":{"id":6540253385,"name":"مسجد الحسنات","type":"place_of_worship","category":"religion","osmType":"node","amenity":"place_of_worship","religion":"muslim","name:latin":"msjd al-hsnat"}},{"type":"Feature","id":6544626722,"geometry":{"type":"Point","coordinates":[44.2470988,15.272371800000002]},"properties":{"id":6544626722,"name":"مسجد التوفيق","type":"place_of_worship","category":"religion","osmType":"node","amenity":"place_of_worship","religion":"muslim","name:latin":"msjd al-twfyq"}},{"type":"Feature","id":6578056805,"geometry":{"type":"Point","coordinates":[44.156261300000004,15.402355600000002]},"properties":{"id":6578056805,"name":"جامع البر","type":"place_of_worship","category":"religion","osmType":"node","amenity":"place_of_worship","name:en":"Alber Mosque","religion":"muslim"}},{"type":"Feature","id":6619254085,"geometry":{"type":"Point","coordinates":[44.216812000000004,15.3650958]},"properties":{"id":6619254085,"name":"مسجد الريان","type":"place_of_worship","category":"religion","osmType":"node","addr:street":"شارع الشيخ زايد","amenity":"place_of_worship","religion":"muslim","name:latin":"msjd al-ryan"}},{"type":"Feature","id":6641686088,"geometry":{"type":"Point","coordinates":[44.217727200000006,15.274677600000002]},"properties":{"id":6641686088,"name":"جامع الخير","type":"place_of_worship","category":"religion","osmType":"node","amenity":"place_of_worship","religion":"muslim","name:latin":"jam' al-khyr"}},{"type":"Feature","id":6721915286,"geometry":{"type":"Point","coordinates":[44.2289157,15.367519000000001]},"properties":{"id":6721915286,"name":"مسجد الإمام زيد بن علي","type":"place_of_worship","category":"religion","osmType":"node","addr:street":"شارع نشوان الحميري","amenity":"place_of_worship","name:en":"Mosque of Imam Zaid bin Ali","opening_hours":"24/7","religion":"muslim"}},{"type":"Feature","id":6721946485,"geometry":{"type":"Point","coordinates":[44.2440767,15.3092298]},"properties":{"id":6721946485,"name":"جامع بيت المقدس","type":"place_of_worship","category":"religion","osmType":"node","amenity":"place_of_worship","religion":"muslim","name:latin":"jam' byt al-mqds"}},{"type":"Feature","id":6771430947,"geometry":{"type":"Point","coordinates":[44.2288354,15.283247200000002]},"properties":{"id":6771430947,"name":"","type":"place_of_worship","category":"religion","osmType":"node","amenity":"place_of_worship","religion":"muslim"}},{"type":"Feature","id":6771430995,"geometry":{"type":"Point","coordinates":[44.2384672,15.2873455]},"properties":{"id":6771430995,"name":"مسجد الحاج مهدي فضه","type":"place_of_worship","category":"religion","osmType":"node","amenity":"place_of_worship","religion":"muslim","name:latin":"msjd al-haj mhdy fdh"}},{"type":"Feature","id":6776903990,"geometry":{"type":"Point","coordinates":[44.1899907,15.3578465]},"properties":{"id":6776903990,"name":"","type":"place_of_worship","category":"religion","osmType":"node","amenity":"place_of_worship","building":"yes","religion":"muslim"}},{"type":"Feature","id":6802058385,"geometry":{"type":"Point","coordinates":[44.192657700000005,15.372958200000001]},"properties":{"id":6802058385,"name":"جامع الطيب","type":"place_of_worship","category":"religion","osmType":"node","amenity":"place_of_worship","opening_hours":"24/7","religion":"muslim","name:latin":"jam' al-tyb"}},{"type":"Feature","id":6811496347,"geometry":{"type":"Point","coordinates":[44.224417800000005,15.266787100000002]},"properties":{"id":6811496347,"name":"جامع تبارك","type":"place_of_worship","category":"religion","osmType":"node","amenity":"place_of_worship","name:en":"Tabark Mousqe","religion":"muslim"}},{"type":"Feature","id":6811496348,"geometry":{"type":"Point","coordinates":[44.221867,15.268577700000002]},"properties":{"id":6811496348,"name":"","type":"place_of_worship","category":"religion","osmType":"node","amenity":"place_of_worship","religion":"muslim"}},{"type":"Feature","id":6811652100,"geometry":{"type":"Point","coordinates":[44.239558900000006,15.264246100000001]},"properties":{"id":6811652100,"name":"مسجد الإمام علي بن أبي طالب","type":"place_of_worship","category":"religion","osmType":"node","amenity":"place_of_worship","religion":"muslim","name:latin":"msjd al-imam 'ly bn aby talb"}},{"type":"Feature","id":6852391596,"geometry":{"type":"Point","coordinates":[44.16637780000001,15.355341000000001]},"properties":{"id":6852391596,"name":"مسجد أبي بكر الصديق","type":"place_of_worship","category":"religion","osmType":"node","amenity":"place_of_worship","building":"yes","religion":"muslim","name:latin":"msjd aby bkr al-sdyq"}},{"type":"Feature","id":6852412386,"geometry":{"type":"Point","coordinates":[44.169168400000004,15.357293300000002]},"properties":{"id":6852412386,"name":"جامع علي بن أبي طالب","type":"place_of_worship","category":"religion","osmType":"node","amenity":"place_of_worship","religion":"muslim","name:latin":"jam' 'ly bn aby talb"}},{"type":"Feature","id":6937005619,"geometry":{"type":"Point","coordinates":[44.216012000000006,15.351769]},"properties":{"id":6937005619,"name":"مسجد ردوان","type":"place_of_worship","category":"religion","osmType":"node","GNS:dsg_code":"MSQE","GNS:dsg_name":"mosque","GNS:id":"10829322","GNS:modify_date":"2011-03-30","amenity":"place_of_worship","int_name":"Masjid Ridwān","name:ar":"مسجد ردوان","name:en":"Masjid Ridwan","religion":"muslim","source:name":"GNS"}},{"type":"Feature","id":6937005628,"geometry":{"type":"Point","coordinates":[44.209098000000004,15.355215000000001]},"properties":{"id":6937005628,"name":"مسجد النهرين","type":"place_of_worship","category":"religion","osmType":"node","GNS:dsg_code":"MSQE","GNS:dsg_name":"mosque","GNS:id":"10815517","GNS:modify_date":"2011-04-06","amenity":"place_of_worship","int_name":"Masjid an Nahrayn","name:ar":"مسجد النهرين","name:en":"Masjid an Nahrayn","religion":"muslim","source:name":"GNS"}},{"type":"Feature","id":6937005629,"geometry":{"type":"Point","coordinates":[44.216271000000006,15.356932]},"properties":{"id":6937005629,"name":"مسجد الطواشي","type":"place_of_worship","category":"religion","osmType":"node","GNS:dsg_code":"MSQE","GNS:dsg_name":"mosque","GNS:id":"10815512","GNS:modify_date":"2010-07-01","amenity":"place_of_worship","int_name":"Masjid aţ Ţawāshī","name:ar":"مسجد الطواشي","name:en":"Masjid at Tawashi","religion":"muslim","source:name":"GNS"}},{"type":"Feature","id":6937005635,"geometry":{"type":"Point","coordinates":[44.214799000000006,15.357409]},"properties":{"id":6937005635,"name":"مسجد الزمر","type":"place_of_worship","category":"religion","osmType":"node","GNS:dsg_code":"MSQE","GNS:dsg_name":"mosque","GNS:id":"10815507","GNS:modify_date":"2010-07-01","amenity":"place_of_worship","int_name":"Masjid az Zumar","name:ar":"مسجد الزمر","name:en":"Masjid az Zumar","religion":"muslim","source:name":"GNS"}},{"type":"Feature","id":6937005640,"geometry":{"type":"Point","coordinates":[44.218682,15.352715000000002]},"properties":{"id":6937005640,"name":"مسجد النصير","type":"place_of_worship","category":"religion","osmType":"node","GNS:dsg_code":"MSQE","GNS:dsg_name":"mosque","GNS:id":"10815514","GNS:modify_date":"2010-07-01","amenity":"place_of_worship","int_name":"Masjid an Nuşayr","name:ar":"مسجد النصير","name:en":"Masjid an Nusayr","religion":"muslim","source:name":"GNS"}},{"type":"Feature","id":6937005641,"geometry":{"type":"Point","coordinates":[44.21605400000001,15.355401]},"properties":{"id":6937005641,"name":"مسجد عقيل","type":"place_of_worship","category":"religion","osmType":"node","GNS:dsg_code":"MSQE","GNS:dsg_name":"mosque","GNS:id":"10815508","GNS:modify_date":"2010-07-01","amenity":"place_of_worship","int_name":"Masjid ‘Aqīl","name:ar":"مسجد عقيل","name:en":"Masjid `Aqil","religion":"muslim","source:name":"GNS"}},{"type":"Feature","id":6937005642,"geometry":{"type":"Point","coordinates":[44.213048,15.356519]},"properties":{"id":6937005642,"name":"مسجد الفليحي","type":"place_of_worship","category":"religion","osmType":"node","GNS:dsg_code":"MSQE","GNS:dsg_name":"mosque","GNS:id":"10832209","GNS:modify_date":"2010-07-01","amenity":"place_of_worship","int_name":"Masjid al Fulayḩī","name:ar":"مسجد الفليحي","name:en":"Masjid al Fulayhi","religion":"muslim","source:name":"GNS"}},{"type":"Feature","id":6937005643,"geometry":{"type":"Point","coordinates":[44.219755000000006,15.355992]},"properties":{"id":6937005643,"name":"مسجد البكيلية","type":"place_of_worship","category":"religion","osmType":"node","GNS:dsg_code":"MSQE","GNS:dsg_name":"mosque","GNS:id":"10831304","GNS:modify_date":"2010-07-01","alt_name:ar":"مسجد البكيليّة","amenity":"place_of_worship","int_name":"Masjid al Bakīlīyah","name:ar":"مسجد البكيلية","name:en":"Masjid al Bakiliyah","religion":"muslim","source:name":"GNS"}},{"type":"Feature","id":6937005645,"geometry":{"type":"Point","coordinates":[44.213361000000006,15.351530000000002]},"properties":{"id":6937005645,"name":"مسجد الأبهر","type":"place_of_worship","category":"religion","osmType":"node","GNS:dsg_code":"MSQE","GNS:dsg_name":"mosque","GNS:id":"10815523","GNS:modify_date":"2010-06-30","amenity":"place_of_worship","int_name":"Masjid al Abhar","name:ar":"مسجد الأبهر","name:en":"Masjid al Abhar","religion":"muslim","source:name":"GNS"}},{"type":"Feature","id":6937005646,"geometry":{"type":"Point","coordinates":[44.218509000000005,15.355645]},"properties":{"id":6937005646,"name":"مسجد صلاح الدين","type":"place_of_worship","category":"religion","osmType":"node","GNS:dsg_code":"MSQE","GNS:dsg_name":"mosque","GNS:id":"10832211","GNS:modify_date":"2010-07-01","amenity":"place_of_worship","int_name":"Masjid Şalāḩ ad Dīn","name:ar":"مسجد صلاح الدين","name:en":"Masjid Salah ad Din","religion":"muslim","source:name":"GNS"}},{"type":"Feature","id":6937005648,"geometry":{"type":"Point","coordinates":[44.20922100000001,15.353077]},"properties":{"id":6937005648,"name":"قبة المهدي عباس","type":"place_of_worship","category":"religion","osmType":"node","GNS:dsg_code":"MSQE","GNS:dsg_name":"mosque","GNS:id":"10815366","GNS:modify_date":"2010-06-30","alt_name:ar":"قبّة المهدي عبّاس","amenity":"place_of_worship","int_name":"Qubbat al Mahdī ‘Abbās","name:ar":"قبة المهدي عباس","name:en":"Qubbat al Mahdi `Abbas","religion":"muslim","source:name":"GNS"}},{"type":"Feature","id":6937005649,"geometry":{"type":"Point","coordinates":[44.216558000000006,15.353907000000001]},"properties":{"id":6937005649,"name":"مسجد مدحب","type":"place_of_worship","category":"religion","osmType":"node","GNS:dsg_code":"MSQE","GNS:dsg_name":"mosque","GNS:id":"10815513","GNS:modify_date":"2010-07-01","amenity":"place_of_worship","int_name":"Masjid Madḩab","name:ar":"مسجد مدحب","name:en":"Masjid Madhab","religion":"muslim","source:name":"GNS"}},{"type":"Feature","id":6937005652,"geometry":{"type":"Point","coordinates":[44.215527,15.358476000000001]},"properties":{"id":6937005652,"name":"مسجد خضير","type":"place_of_worship","category":"religion","osmType":"node","GNS:dsg_code":"MSQE","GNS:dsg_name":"mosque","GNS:id":"10830230","GNS:modify_date":"2010-07-01","amenity":"place_of_worship","int_name":"Masjid Khuḑayr","name:ar":"مسجد خضير","name:en":"Masjid Khudayr","religion":"muslim","source:name":"GNS"}},{"type":"Feature","id":7011997686,"geometry":{"type":"Point","coordinates":[44.227629500000006,15.3139607]},"properties":{"id":7011997686,"name":"جامع عسلان","type":"place_of_worship","category":"religion","osmType":"node","amenity":"place_of_worship","religion":"muslim","name:latin":"jam' 'slan"}},{"type":"Feature","id":7012226185,"geometry":{"type":"Point","coordinates":[44.216484900000005,15.333841300000001]},"properties":{"id":7012226185,"name":"جامع الهدى","type":"place_of_worship","category":"religion","osmType":"node","amenity":"place_of_worship","religion":"muslim","name:latin":"jam' al-hda"}},{"type":"Feature","id":7060305685,"geometry":{"type":"Point","coordinates":[44.2121927,15.436981900000001]},"properties":{"id":7060305685,"name":"مسجد","type":"place_of_worship","category":"religion","osmType":"node","amenity":"place_of_worship","religion":"muslim","name:latin":"msjd"}},{"type":"Feature","id":7203398185,"geometry":{"type":"Point","coordinates":[44.192891100000004,15.502423400000001]},"properties":{"id":7203398185,"name":"مسجد الكولة","type":"place_of_worship","category":"religion","osmType":"node","addr:street":"الكولة","amenity":"place_of_worship","opening_hours":"24/7","religion":"muslim","name:latin":"msjd al-kwla"}},{"type":"Feature","id":7294951357,"geometry":{"type":"Point","coordinates":[44.221074,15.362190000000002]},"properties":{"id":7294951357,"name":"جامع الفوز","type":"place_of_worship","category":"religion","osmType":"node","amenity":"place_of_worship","name:ar":"جامع الفوز","name:en":"al Fawz Mosque","religion":"muslim"}},{"type":"Feature","id":7294968556,"geometry":{"type":"Point","coordinates":[44.226670000000006,15.330000000000002]},"properties":{"id":7294968556,"name":"مسجد النور","type":"place_of_worship","category":"religion","osmType":"node","GNS:dsg_code":"PPLX","GNS:dsg_name":"section of populated place","GNS:id":"14853757","amenity":"place_of_worship","int_name":"Masjid an Nūr","name:ar":"مسجد النور","name:en":"Masjid an Nur","religion":"muslim","source:name":"GNS"}},{"type":"Feature","id":7539666048,"geometry":{"type":"Point","coordinates":[44.2334887,15.434169100000002]},"properties":{"id":7539666048,"name":"مسجد بير نصر","type":"place_of_worship","category":"religion","osmType":"node","amenity":"place_of_worship","religion":"muslim","name:latin":"msjd byr nsr"}},{"type":"Feature","id":7539666049,"geometry":{"type":"Point","coordinates":[44.23022100000001,15.435819500000001]},"properties":{"id":7539666049,"name":"مسجد العلفي","type":"place_of_worship","category":"religion","osmType":"node","amenity":"place_of_worship","religion":"muslim","name:latin":"msjd al-'lfy"}},{"type":"Feature","id":7539666104,"geometry":{"type":"Point","coordinates":[44.2105776,15.428273800000001]},"properties":{"id":7539666104,"name":"جامع الخير","type":"place_of_worship","category":"religion","osmType":"node","amenity":"place_of_worship","religion":"muslim","name:latin":"jam' al-khyr"}},{"type":"Feature","id":7652772687,"geometry":{"type":"Point","coordinates":[44.212256800000006,15.441749100000001]},"properties":{"id":7652772687,"name":"مسجد الإيمان","type":"place_of_worship","category":"religion","osmType":"node","addr:street":"شارع المطار","amenity":"place_of_worship","religion":"muslim","name:latin":"msjd al-iyman"}},{"type":"Feature","id":7652817386,"geometry":{"type":"Point","coordinates":[44.2132421,15.439559000000001]},"properties":{"id":7652817386,"name":"مسجد الفجر","type":"place_of_worship","category":"religion","osmType":"node","amenity":"place_of_worship","religion":"muslim","name:latin":"msjd al-fjr"}},{"type":"Feature","id":7652817387,"geometry":{"type":"Point","coordinates":[44.2127922,15.436835600000002]},"properties":{"id":7652817387,"name":"مسجد عمر بن عبد العزيز","type":"place_of_worship","category":"religion","osmType":"node","addr:street":"شارع المطار","amenity":"place_of_worship","religion":"muslim","name:latin":"msjd 'mr bn 'bd al-'zyz"}},{"type":"Feature","id":7711174029,"geometry":{"type":"Point","coordinates":[44.2042251,15.395755500000002]},"properties":{"id":7711174029,"name":"جامع الخير","type":"place_of_worship","category":"religion","osmType":"node","amenity":"place_of_worship","religion":"muslim","name:latin":"jam' al-khyr"}},{"type":"Feature","id":7730248742,"geometry":{"type":"Point","coordinates":[44.208348300000004,15.345425]},"properties":{"id":7730248742,"name":"جامع الغفران","type":"place_of_worship","category":"religion","osmType":"node","amenity":"place_of_worship","religion":"muslim","name:latin":"jam' al-ghfran"}},{"type":"Feature","id":7730272327,"geometry":{"type":"Point","coordinates":[44.208857900000005,15.350404800000002]},"properties":{"id":7730272327,"name":"مسجد الوزير","type":"place_of_worship","category":"religion","osmType":"node","amenity":"place_of_worship","religion":"muslim","name:latin":"msjd al-wzyr"}},{"type":"Feature","id":7730280571,"geometry":{"type":"Point","coordinates":[44.2108835,15.351587000000002]},"properties":{"id":7730280571,"name":"جامع بروم","type":"place_of_worship","category":"religion","osmType":"node","amenity":"place_of_worship","religion":"muslim","name:latin":"jam' brwm"}},{"type":"Feature","id":7730291858,"geometry":{"type":"Point","coordinates":[44.211944900000006,15.351521400000001]},"properties":{"id":7730291858,"name":"مسجد القاسمي","type":"place_of_worship","category":"religion","osmType":"node","amenity":"place_of_worship","religion":"muslim","name:latin":"msjd al-qasmy"}},{"type":"Feature","id":7730304566,"geometry":{"type":"Point","coordinates":[44.2136926,15.3565564]},"properties":{"id":7730304566,"name":"مسجد غزل الباش","type":"place_of_worship","category":"religion","osmType":"node","amenity":"place_of_worship","religion":"muslim","name:latin":"msjd ghzl al-bash"}},{"type":"Feature","id":7730317022,"geometry":{"type":"Point","coordinates":[44.2115731,15.3621405]},"properties":{"id":7730317022,"name":"مسجد الخيرات","type":"place_of_worship","category":"religion","osmType":"node","amenity":"place_of_worship","religion":"muslim","name:latin":"msjd al-khyrat"}},{"type":"Feature","id":7730320738,"geometry":{"type":"Point","coordinates":[44.20883490000001,15.365248200000002]},"properties":{"id":7730320738,"name":"جامع الوتاري","type":"place_of_worship","category":"religion","osmType":"node","amenity":"place_of_worship","religion":"muslim","name:latin":"jam' al-wtary"}},{"type":"Feature","id":7730329793,"geometry":{"type":"Point","coordinates":[44.20741700000001,15.3685328]},"properties":{"id":7730329793,"name":"مسجد عباد الرحمن","type":"place_of_worship","category":"religion","osmType":"node","amenity":"place_of_worship","religion":"muslim","name:latin":"msjd 'bad al-rhmn"}},{"type":"Feature","id":7805258586,"geometry":{"type":"Point","coordinates":[44.255742700000006,15.300457600000001]},"properties":{"id":7805258586,"name":"مسجد الامام زيد","type":"place_of_worship","category":"religion","osmType":"node","amenity":"place_of_worship","name:latin":"msjd al-amam zyd"}},{"type":"Feature","id":8066712429,"geometry":{"type":"Point","coordinates":[44.189497300000006,15.294579400000002]},"properties":{"id":8066712429,"name":"مسجد عائشة","type":"place_of_worship","category":"religion","osmType":"node","amenity":"place_of_worship","name:ar":"مسجد عائشة","religion":"muslim","name:latin":"msjd 'a'sha"}},{"type":"Feature","id":8093876317,"geometry":{"type":"Point","coordinates":[44.2561589,15.300201300000001]},"properties":{"id":8093876317,"name":"جامع الإمام زيد","type":"place_of_worship","category":"religion","osmType":"node","amenity":"place_of_worship","name:latin":"jam' al-imam zyd"}},{"type":"Feature","id":8285674617,"geometry":{"type":"Point","coordinates":[44.263035300000006,15.304244800000001]},"properties":{"id":8285674617,"name":"مسجد السويداء","type":"place_of_worship","category":"religion","osmType":"node","amenity":"place_of_worship","name:latin":"msjd al-swyda'"}},{"type":"Feature","id":8656745177,"geometry":{"type":"Point","coordinates":[44.215693200000004,15.390741900000002]},"properties":{"id":8656745177,"name":"مسجد رابعة","type":"place_of_worship","category":"religion","osmType":"node","amenity":"place_of_worship","name:en":"Rabah masjid","religion":"muslim"}},{"type":"Feature","id":8657059483,"geometry":{"type":"Point","coordinates":[44.2469753,15.394974300000001]},"properties":{"id":8657059483,"name":"","type":"place_of_worship","category":"religion","osmType":"node","amenity":"place_of_worship","religion":"muslim"}},{"type":"Feature","id":8657059633,"geometry":{"type":"Point","coordinates":[44.24250970000001,15.3906509]},"properties":{"id":8657059633,"name":"","type":"place_of_worship","category":"religion","osmType":"node","amenity":"place_of_worship","religion":"muslim"}},{"type":"Feature","id":8657059747,"geometry":{"type":"Point","coordinates":[44.2056497,15.359722000000001]},"properties":{"id":8657059747,"name":"","type":"place_of_worship","category":"religion","osmType":"node","amenity":"place_of_worship","religion":"muslim"}},{"type":"Feature","id":9177789617,"geometry":{"type":"Point","coordinates":[44.2091848,15.337246600000002]},"properties":{"id":9177789617,"name":"مسجد الشرفي","type":"place_of_worship","category":"religion","osmType":"node","amenity":"place_of_worship","religion":"muslim","name:latin":"msjd al-shrfy"}},{"type":"Feature","id":9238471718,"geometry":{"type":"Point","coordinates":[44.189589100000006,15.414895000000001]},"properties":{"id":9238471718,"name":"جامع ســـــوق ذهبـان","type":"place_of_worship","category":"religion","osmType":"node","addr:street":"ش/60 امام وكالة مرسيدس(سوق ذهبان)","amenity":"place_of_worship","opening_hours":"Mo-Su 09:00-18:00","phone":"777740677","name:latin":"jam' swq dhhban"}},{"type":"Feature","id":9283796140,"geometry":{"type":"Point","coordinates":[44.155786500000005,15.3783761]},"properties":{"id":9283796140,"name":"","type":"place_of_worship","category":"religion","osmType":"node","amenity":"place_of_worship","religion":"muslim"}},{"type":"Feature","id":9283796156,"geometry":{"type":"Point","coordinates":[44.1759581,15.337001200000001]},"properties":{"id":9283796156,"name":"جامع سابحة","type":"place_of_worship","category":"religion","osmType":"node","addr:city":"صنعاء","addr:street":"شارع الجزائر","amenity":"place_of_worship","religion":"muslim","name:latin":"jam' sabha"}},{"type":"Feature","id":9410653174,"geometry":{"type":"Point","coordinates":[44.1764671,15.384321500000002]},"properties":{"id":9410653174,"name":"جامع مكة","type":"place_of_worship","category":"religion","osmType":"node","addr:city":"المدينة الليبية","addr:street":"شارع الستين","amenity":"place_of_worship","religion":"muslim","name:latin":"jam' mka"}},{"type":"Feature","id":9412934070,"geometry":{"type":"Point","coordinates":[44.220296100000006,15.372841900000001]},"properties":{"id":9412934070,"name":"جامع","type":"place_of_worship","category":"religion","osmType":"node","amenity":"place_of_worship","religion":"muslim","name:latin":"jam'"}},{"type":"Feature","id":9470011652,"geometry":{"type":"Point","coordinates":[44.1975161,15.3478185]},"properties":{"id":9470011652,"name":"جامع البلقة","type":"place_of_worship","category":"religion","osmType":"node","amenity":"place_of_worship","religion":"muslim","name:latin":"jam' al-blqa"}},{"type":"Feature","id":9489961649,"geometry":{"type":"Point","coordinates":[44.15248630000001,15.399284200000002]},"properties":{"id":9489961649,"name":"مسجد","type":"place_of_worship","category":"religion","osmType":"node","amenity":"place_of_worship","religion":"muslim","name:latin":"msjd"}},{"type":"Feature","id":9522536280,"geometry":{"type":"Point","coordinates":[44.162448000000005,15.3527643]},"properties":{"id":9522536280,"name":"جامع","type":"place_of_worship","category":"religion","osmType":"node","amenity":"place_of_worship","religion":"muslim","name:latin":"jam'"}},{"type":"Feature","id":9844359104,"geometry":{"type":"Point","coordinates":[44.263020600000004,15.465869200000002]},"properties":{"id":9844359104,"name":"جامع الحضاير","type":"place_of_worship","category":"religion","osmType":"node","amenity":"place_of_worship","name:latin":"jam' al-hdayr"}},{"type":"Feature","id":9922926117,"geometry":{"type":"Point","coordinates":[44.182545100000006,15.350814600000001]},"properties":{"id":9922926117,"name":"جامع الحسين","type":"place_of_worship","category":"religion","osmType":"node","amenity":"place_of_worship","name:latin":"jam' al-hsyn"}},{"type":"Feature","id":10160025108,"geometry":{"type":"Point","coordinates":[44.18773890000001,15.4009578]},"properties":{"id":10160025108,"name":"جامع الخير","type":"place_of_worship","category":"religion","osmType":"node","amenity":"place_of_worship","religion":"muslim","name:latin":"jam' al-khyr"}},{"type":"Feature","id":10247853209,"geometry":{"type":"Point","coordinates":[44.1706244,15.372973000000002]},"properties":{"id":10247853209,"name":"جامع الحليلي","type":"place_of_worship","category":"religion","osmType":"node","addr:street":"حارة الليل","amenity":"place_of_worship","opening_hours":"24/7","name:latin":"jam' al-hlyly"}},{"type":"Feature","id":10247856409,"geometry":{"type":"Point","coordinates":[44.168863,15.374018300000001]},"properties":{"id":10247856409,"name":"مصلى العيد","type":"place_of_worship","category":"religion","osmType":"node","amenity":"place_of_worship","name:latin":"msla al-'yd"}},{"type":"Feature","id":10247864009,"geometry":{"type":"Point","coordinates":[44.168543500000006,15.374208500000002]},"properties":{"id":10247864009,"name":"جامع الرحمن الكبير","type":"place_of_worship","category":"religion","osmType":"node","addr:street":"المطرحية","amenity":"place_of_worship","name:latin":"jam' al-rhmn al-kbyr"}},{"type":"Feature","id":10614857171,"geometry":{"type":"Point","coordinates":[44.2058547,15.392442]},"properties":{"id":10614857171,"name":"","type":"place_of_worship","category":"religion","osmType":"node","amenity":"place_of_worship","religion":"muslim"}},{"type":"Feature","id":10614857177,"geometry":{"type":"Point","coordinates":[44.2079492,15.390166500000001]},"properties":{"id":10614857177,"name":"جامع الطوقي","type":"place_of_worship","category":"religion","osmType":"node","amenity":"place_of_worship","religion":"muslim","name:latin":"jam' al-twqy"}},{"type":"Feature","id":10632742514,"geometry":{"type":"Point","coordinates":[44.22654970000001,15.329032100000001]},"properties":{"id":10632742514,"name":"مسجد الرحمة","type":"place_of_worship","category":"religion","osmType":"node","addr:city":"صنعاء","addr:street":"شارع تعز","amenity":"place_of_worship","religion":"muslim","name:latin":"msjd al-rhma"}},{"type":"Feature","id":11037776405,"geometry":{"type":"Point","coordinates":[44.2156104,15.337041300000001]},"properties":{"id":11037776405,"name":"مسجد الفتح","type":"place_of_worship","category":"religion","osmType":"node","amenity":"place_of_worship","name:latin":"msjd al-fth"}},{"type":"Feature","id":11079015842,"geometry":{"type":"Point","coordinates":[44.203659300000005,15.3527108]},"properties":{"id":11079015842,"name":"جامع الرضوان","type":"place_of_worship","category":"religion","osmType":"node","amenity":"place_of_worship","religion":"muslim","name:latin":"jam' al-rdwan"}},{"type":"Feature","id":11079015878,"geometry":{"type":"Point","coordinates":[44.202362400000005,15.351361400000002]},"properties":{"id":11079015878,"name":"مسجد بير البهمة","type":"place_of_worship","category":"religion","osmType":"node","amenity":"place_of_worship","religion":"muslim","name:latin":"msjd byr al-bhma"}},{"type":"Feature","id":11210147537,"geometry":{"type":"Point","coordinates":[44.16236790000001,15.340622200000002]},"properties":{"id":11210147537,"name":"جامع الصادق الأمين","type":"place_of_worship","category":"religion","osmType":"node","addr:street":"طريق صنعاء الحديدة","amenity":"place_of_worship","religion":"muslim","name:latin":"jam' al-sadq al-amyn"}},{"type":"Feature","id":11771104457,"geometry":{"type":"Point","coordinates":[44.19831920000001,15.3763608]},"properties":{"id":11771104457,"name":"مسجد الايمان","type":"place_of_worship","category":"religion","osmType":"node","amenity":"place_of_worship","name:latin":"msjd al-ayman"}},{"type":"Feature","id":11899099969,"geometry":{"type":"Point","coordinates":[44.200757100000004,15.294032900000001]},"properties":{"id":11899099969,"name":"مسجد نور الإسلام","type":"place_of_worship","category":"religion","osmType":"node","amenity":"place_of_worship","name:en":"The light of Islam mosque","religion":"muslim"}},{"type":"Feature","id":12403304113,"geometry":{"type":"Point","coordinates":[44.2456741,15.3684588]},"properties":{"id":12403304113,"name":"جامع الرحمن","type":"place_of_worship","category":"religion","osmType":"node","amenity":"place_of_worship","religion":"muslim","name:latin":"jam' al-rhmn"}},{"type":"Feature","id":12403304137,"geometry":{"type":"Point","coordinates":[44.243370500000005,15.3716848]},"properties":{"id":12403304137,"name":"جامع الدبوس","type":"place_of_worship","category":"religion","osmType":"node","amenity":"place_of_worship","religion":"muslim","name:latin":"jam' al-dbws"}},{"type":"Feature","id":12403304144,"geometry":{"type":"Point","coordinates":[44.252024500000005,15.373413000000001]},"properties":{"id":12403304144,"name":"جامع الرضوان","type":"place_of_worship","category":"religion","osmType":"node","amenity":"place_of_worship","religion":"muslim","name:latin":"jam' al-rdwan"}},{"type":"Feature","id":12409058906,"geometry":{"type":"Point","coordinates":[44.155717200000005,15.404888600000001]},"properties":{"id":12409058906,"name":"مسجد الشوتري","type":"place_of_worship","category":"religion","osmType":"node","amenity":"place_of_worship","religion":"muslim","name:latin":"msjd al-shwtry"}},{"type":"Feature","id":12559596141,"geometry":{"type":"Point","coordinates":[44.198924100000006,15.343703600000001]},"properties":{"id":12559596141,"name":"جامع حجر","type":"place_of_worship","category":"religion","osmType":"node","addr:city":"صنعاء","addr:street":"شارع حدة","amenity":"place_of_worship","religion":"muslim","name:latin":"jam' hjr"}},{"type":"Feature","id":12561034803,"geometry":{"type":"Point","coordinates":[44.171023000000005,15.392834400000002]},"properties":{"id":12561034803,"name":"جامع خالد بن الوليد","type":"place_of_worship","category":"religion","osmType":"node","addr:city":"صنعاء","addr:street":"شارع الستين","amenity":"place_of_worship","religion":"muslim","name:latin":"jam' khald bn al-wlyd"}},{"type":"Feature","id":12563189828,"geometry":{"type":"Point","coordinates":[44.2375326,15.295021100000001]},"properties":{"id":12563189828,"name":"جامع التقوى","type":"place_of_worship","category":"religion","osmType":"node","addr:city":"صنعاء","addr:street":"شارع 22 مايو","amenity":"place_of_worship","religion":"muslim","name:latin":"jam' al-tqwa"}},{"type":"Feature","id":12563189876,"geometry":{"type":"Point","coordinates":[44.182263600000006,15.3581271]},"properties":{"id":12563189876,"name":"جامع الرقاص","type":"place_of_worship","category":"religion","osmType":"node","addr:city":"صنعاء","addr:street":"شارع هائل","amenity":"place_of_worship","religion":"muslim","name:latin":"jam' al-rqas"}},{"type":"Feature","id":12572216161,"geometry":{"type":"Point","coordinates":[44.251034000000004,15.3805527]},"properties":{"id":12572216161,"name":"جامع الحباري","type":"place_of_worship","category":"religion","osmType":"node","addr:city":"صنعاء","addr:street":"سعوان شارع 24","amenity":"place_of_worship","religion":"muslim","name:latin":"jam' al-hbary"}},{"type":"Feature","id":12572216199,"geometry":{"type":"Point","coordinates":[44.2513499,15.381530000000001]},"properties":{"id":12572216199,"name":"جامع الإمام زيد بن علي","type":"place_of_worship","category":"religion","osmType":"node","amenity":"place_of_worship","religion":"muslim","name:latin":"jam' al-imam zyd bn 'ly"}},{"type":"Feature","id":12572220907,"geometry":{"type":"Point","coordinates":[44.2469399,15.381581800000001]},"properties":{"id":12572220907,"name":"جامع المحسن","type":"place_of_worship","category":"religion","osmType":"node","amenity":"place_of_worship","religion":"muslim","name:latin":"jam' al-mhsn"}},{"type":"Feature","id":12572220937,"geometry":{"type":"Point","coordinates":[44.2274229,15.3575849]},"properties":{"id":12572220937,"name":"جامع الإحسان","type":"place_of_worship","category":"religion","osmType":"node","addr:city":"صنعاء","addr:street":"شارع نشوان الحميري","amenity":"place_of_worship","religion":"muslim","name:latin":"jam' al-ihsan"}},{"type":"Feature","id":12572220941,"geometry":{"type":"Point","coordinates":[44.225072600000004,15.356820800000001]},"properties":{"id":12572220941,"name":"جامع التوبة","type":"place_of_worship","category":"religion","osmType":"node","addr:city":"صنعاء","addr:street":"شارع نقم","amenity":"place_of_worship","religion":"muslim","name:latin":"jam' al-twba"}},{"type":"Feature","id":12573635359,"geometry":{"type":"Point","coordinates":[44.2084868,15.332078700000002]},"properties":{"id":12573635359,"name":"جامع الحمزة","type":"place_of_worship","category":"religion","osmType":"node","addr:city":"صنعاء","addr:street":"شارع السبعين","amenity":"place_of_worship","religion":"muslim","name:latin":"jam' al-hmza"}},{"type":"Feature","id":12583232260,"geometry":{"type":"Point","coordinates":[44.219590600000004,15.342716200000002]},"properties":{"id":12583232260,"name":"جامع الكميم","type":"place_of_worship","category":"religion","osmType":"node","addr:city":"صنعاء","addr:street":"شارع تعز","amenity":"place_of_worship","religion":"muslim","name:latin":"jam' al-kmym"}},{"type":"Feature","id":12583232300,"geometry":{"type":"Point","coordinates":[44.2119518,15.3695008]},"properties":{"id":12583232300,"name":"جامع الدعوة","type":"place_of_worship","category":"religion","osmType":"node","addr:city":"صنعاء","addr:street":"الخط الدائري","amenity":"place_of_worship","religion":"muslim","name:latin":"jam' al-d'wa"}},{"type":"Feature","id":12583232901,"geometry":{"type":"Point","coordinates":[44.213171800000005,15.363960100000002]},"properties":{"id":12583232901,"name":"جامع المستشفى العسكري","type":"place_of_worship","category":"religion","osmType":"node","addr:city":"صنعاء","addr:street":"شارع السايلة","amenity":"place_of_worship","religion":"muslim","name:latin":"jam' al-mstshfa al-'skry"}},{"type":"Feature","id":12587760507,"geometry":{"type":"Point","coordinates":[44.2021371,15.364691100000002]},"properties":{"id":12587760507,"name":"جامع الخير","type":"place_of_worship","category":"religion","osmType":"node","addr:city":"صنعاء","addr:street":"شارع تونس","amenity":"place_of_worship","religion":"muslim","name:latin":"jam' al-khyr"}},{"type":"Feature","id":12597743886,"geometry":{"type":"Point","coordinates":[44.237131100000006,15.2751271]},"properties":{"id":12597743886,"name":"جامع السويدي","type":"place_of_worship","category":"religion","osmType":"node","amenity":"place_of_worship","religion":"muslim","name:latin":"jam' al-swydy"}},{"type":"Feature","id":12614968152,"geometry":{"type":"Point","coordinates":[44.1898842,15.344236400000002]},"properties":{"id":12614968152,"name":"جامع الخليل","type":"place_of_worship","category":"religion","osmType":"node","addr:street":"الخط الدائري","amenity":"place_of_worship","religion":"muslim","name:latin":"jam' al-khlyl"}},{"type":"Feature","id":12615173553,"geometry":{"type":"Point","coordinates":[44.178348500000006,15.341902700000002]},"properties":{"id":12615173553,"name":"مسجد البشيري","type":"place_of_worship","category":"religion","osmType":"node","amenity":"place_of_worship","religion":"muslim","name:latin":"msjd al-bshyry"}},{"type":"Feature","id":12621496399,"geometry":{"type":"Point","coordinates":[44.222536500000004,15.288265200000001]},"properties":{"id":12621496399,"name":"جامع حنين","type":"place_of_worship","category":"religion","osmType":"node","amenity":"place_of_worship","religion":"muslim","name:latin":"jam' hnyn"}},{"type":"Feature","id":12621500017,"geometry":{"type":"Point","coordinates":[44.220885800000005,15.292034700000002]},"properties":{"id":12621500017,"name":"مسجد الرحمن","type":"place_of_worship","category":"religion","osmType":"node","addr:city":"صنعاء","addr:street":"شارع الأربعين","amenity":"place_of_worship","religion":"muslim","name:latin":"msjd al-rhmn"}},{"type":"Feature","id":12621500057,"geometry":{"type":"Point","coordinates":[44.2294781,15.285377200000001]},"properties":{"id":12621500057,"name":"جامع الرحمن","type":"place_of_worship","category":"religion","osmType":"node","addr:city":"صنعاء","addr:street":"شارع الحربي","amenity":"place_of_worship","religion":"muslim","name:latin":"jam' al-rhmn"}},{"type":"Feature","id":12621500060,"geometry":{"type":"Point","coordinates":[44.2351375,15.2863745]},"properties":{"id":12621500060,"name":"مسجد الهدى","type":"place_of_worship","category":"religion","osmType":"node","amenity":"place_of_worship","religion":"muslim","name:latin":"msjd al-hda"}},{"type":"Feature","id":12900336435,"geometry":{"type":"Point","coordinates":[44.192087,15.361730200000002]},"properties":{"id":12900336435,"name":"مصلى مستشفى الكويت","type":"place_of_worship","category":"religion","osmType":"node","amenity":"place_of_worship","religion":"muslim","name:latin":"msla mstshfa al-kwyt"}},{"type":"Feature","id":13195708099,"geometry":{"type":"Point","coordinates":[44.2696946,15.264331900000002]},"properties":{"id":13195708099,"name":"جامع الإمام الشوكاني","type":"place_of_worship","category":"religion","osmType":"node","amenity":"place_of_worship","religion":"muslim","name:latin":"jam' al-imam al-shwkany"}},{"type":"Feature","id":13200918847,"geometry":{"type":"Point","coordinates":[44.18920730000001,15.3962289]},"properties":{"id":13200918847,"name":"جامع الريدي","type":"place_of_worship","category":"religion","osmType":"node","addr:street":"شارع صوفان","amenity":"place_of_worship","religion":"muslim","name:latin":"jam' al-rydy"}},{"type":"Feature","id":13290693815,"geometry":{"type":"Point","coordinates":[44.2183398,15.352236900000001]},"properties":{"id":13290693815,"name":"جامع موسى","type":"place_of_worship","category":"religion","osmType":"node","amenity":"place_of_worship","religion":"muslim","name:latin":"jam' mwsa"}},{"type":"Feature","id":13436370731,"geometry":{"type":"Point","coordinates":[44.2126845,15.367414900000002]},"properties":{"id":13436370731,"name":"مسجد الطوقي","type":"place_of_worship","category":"religion","osmType":"node","amenity":"place_of_worship","religion":"muslim","name:latin":"msjd al-twqy"}},{"type":"Feature","id":13436370738,"geometry":{"type":"Point","coordinates":[44.2257723,15.368640800000001]},"properties":{"id":13436370738,"name":"جامع الأمير الصنعاني","type":"place_of_worship","category":"religion","osmType":"node","amenity":"place_of_worship","religion":"muslim","name:latin":"jam' al-amyr al-sn'any"}},{"type":"Feature","id":13436370740,"geometry":{"type":"Point","coordinates":[44.2314653,15.3680499]},"properties":{"id":13436370740,"name":"جامع التابعين","type":"place_of_worship","category":"religion","osmType":"node","amenity":"place_of_worship","religion":"muslim","name:latin":"jam' al-tab'yn"}},{"type":"Feature","id":13436370785,"geometry":{"type":"Point","coordinates":[44.211076500000004,15.3719914]},"properties":{"id":13436370785,"name":"جامع البدوي","type":"place_of_worship","category":"religion","osmType":"node","amenity":"place_of_worship","religion":"muslim","name:latin":"jam' al-bdwy"}},{"type":"Feature","id":13436435946,"geometry":{"type":"Point","coordinates":[44.202319100000004,15.375516400000002]},"properties":{"id":13436435946,"name":"مسجد الصالحين","type":"place_of_worship","category":"religion","osmType":"node","amenity":"place_of_worship","religion":"muslim","name:latin":"msjd al-salhyn"}},{"type":"Feature","id":13436435949,"geometry":{"type":"Point","coordinates":[44.1973355,15.373712500000002]},"properties":{"id":13436435949,"name":"مسجد الرحمن","type":"place_of_worship","category":"religion","osmType":"node","amenity":"place_of_worship","religion":"muslim","name:latin":"msjd al-rhmn"}},{"type":"Feature","id":13436435950,"geometry":{"type":"Point","coordinates":[44.1971464,15.370484900000001]},"properties":{"id":13436435950,"name":"جامع التقوى","type":"place_of_worship","category":"religion","osmType":"node","amenity":"place_of_worship","religion":"muslim","name:latin":"jam' al-tqwa"}},{"type":"Feature","id":13437302935,"geometry":{"type":"Point","coordinates":[44.2281568,15.333514700000002]},"properties":{"id":13437302935,"name":"مسجد الحسنين","type":"place_of_worship","category":"religion","osmType":"node","amenity":"place_of_worship","religion":"muslim","name:latin":"msjd al-hsnyn"}},{"type":"Feature","id":13437302938,"geometry":{"type":"Point","coordinates":[44.2266923,15.336144100000002]},"properties":{"id":13437302938,"name":"جامع الفاروق","type":"place_of_worship","category":"religion","osmType":"node","amenity":"place_of_worship","religion":"muslim","name:latin":"jam' al-farwq"}},{"type":"Feature","id":13437302950,"geometry":{"type":"Point","coordinates":[44.229404,15.331380600000001]},"properties":{"id":13437302950,"name":"مسجد عبدالله بن عباس","type":"place_of_worship","category":"religion","osmType":"node","amenity":"place_of_worship","religion":"muslim","name:latin":"msjd 'bdallh bn 'bas"}},{"type":"Feature","id":13437302958,"geometry":{"type":"Point","coordinates":[44.2255832,15.331176300000001]},"properties":{"id":13437302958,"name":"جامع فاطمة","type":"place_of_worship","category":"religion","osmType":"node","amenity":"place_of_worship","religion":"muslim","name:latin":"jam' fatma"}},{"type":"Feature","id":13437302961,"geometry":{"type":"Point","coordinates":[44.22760830000001,15.330687400000002]},"properties":{"id":13437302961,"name":"جامع الفتح","type":"place_of_worship","category":"religion","osmType":"node","amenity":"place_of_worship","religion":"muslim","name:latin":"jam' al-fth"}},{"type":"Feature","id":13437303011,"geometry":{"type":"Point","coordinates":[44.2147458,15.330007100000001]},"properties":{"id":13437303011,"name":"مسجد الحورش","type":"place_of_worship","category":"religion","osmType":"node","amenity":"place_of_worship","religion":"muslim","name:latin":"msjd al-hwrsh"}},{"type":"Feature","id":13437303068,"geometry":{"type":"Point","coordinates":[44.2082119,15.334611500000001]},"properties":{"id":13437303068,"name":"مسجد الرحمة","type":"place_of_worship","category":"religion","osmType":"node","amenity":"place_of_worship","religion":"muslim","name:latin":"msjd al-rhma"}},{"type":"Feature","id":13437303100,"geometry":{"type":"Point","coordinates":[44.2118101,15.336665300000002]},"properties":{"id":13437303100,"name":"جامع الرحبي","type":"place_of_worship","category":"religion","osmType":"node","amenity":"place_of_worship","religion":"muslim","name:latin":"jam' al-rhby"}},{"type":"Feature","id":13438632210,"geometry":{"type":"Point","coordinates":[44.208430500000006,15.386070400000001]},"properties":{"id":13438632210,"name":"مسجد القاسم","type":"place_of_worship","category":"religion","osmType":"node","amenity":"place_of_worship","religion":"muslim","name:latin":"msjd al-qasm"}},{"type":"Feature","id":13452127007,"geometry":{"type":"Point","coordinates":[44.24367470000001,15.289474900000002]},"properties":{"id":13452127007,"name":"مسجد أبي ذر الغفاري","type":"place_of_worship","category":"religion","osmType":"node","amenity":"place_of_worship","religion":"muslim","name:latin":"msjd aby dhr al-ghfary"}},{"type":"Feature","id":13452127012,"geometry":{"type":"Point","coordinates":[44.246515200000005,15.287690900000001]},"properties":{"id":13452127012,"name":"مسجد النورين","type":"place_of_worship","category":"religion","osmType":"node","amenity":"place_of_worship","religion":"muslim","name:latin":"msjd al-nwryn"}},{"type":"Feature","id":13452127042,"geometry":{"type":"Point","coordinates":[44.23601970000001,15.280346800000002]},"properties":{"id":13452127042,"name":"مسجد عباد الرحمن","type":"place_of_worship","category":"religion","osmType":"node","amenity":"place_of_worship","religion":"muslim","name:latin":"msjd 'bad al-rhmn"}},{"type":"Feature","id":13452127072,"geometry":{"type":"Point","coordinates":[44.24096170000001,15.281126900000002]},"properties":{"id":13452127072,"name":"جامع الشوكاني","type":"place_of_worship","category":"religion","osmType":"node","amenity":"place_of_worship","religion":"muslim","name:latin":"jam' al-shwkany"}},{"type":"Feature","id":13452127077,"geometry":{"type":"Point","coordinates":[44.2385463,15.279998800000001]},"properties":{"id":13452127077,"name":"جامع الحسنين","type":"place_of_worship","category":"religion","osmType":"node","amenity":"place_of_worship","religion":"muslim","name:latin":"jam' al-hsnyn"}},{"type":"Feature","id":13452127079,"geometry":{"type":"Point","coordinates":[44.238913800000006,15.277798200000001]},"properties":{"id":13452127079,"name":"جامع الغفران","type":"place_of_worship","category":"religion","osmType":"node","amenity":"place_of_worship","religion":"muslim","name:latin":"jam' al-ghfran"}},{"type":"Feature","id":13452127167,"geometry":{"type":"Point","coordinates":[44.242878100000006,15.286231700000002]},"properties":{"id":13452127167,"name":"مسجد الصارم","type":"place_of_worship","category":"religion","osmType":"node","amenity":"place_of_worship","religion":"muslim","name:latin":"msjd al-sarm"}},{"type":"Feature","id":13452172394,"geometry":{"type":"Point","coordinates":[44.1771425,15.3033034]},"properties":{"id":13452172394,"name":"مسجد بيت العفيف","type":"place_of_worship","category":"religion","osmType":"node","amenity":"place_of_worship","religion":"muslim","name:latin":"msjd byt al-'fyf"}},{"type":"Feature","id":13452194225,"geometry":{"type":"Point","coordinates":[44.18349130000001,15.309892600000001]},"properties":{"id":13452194225,"name":"جامع حيدر","type":"place_of_worship","category":"religion","osmType":"node","amenity":"place_of_worship","religion":"muslim","name:latin":"jam' hydr"}},{"type":"Feature","id":13455426425,"geometry":{"type":"Point","coordinates":[44.2412513,15.375066400000001]},"properties":{"id":13455426425,"name":"جامع إسحاق","type":"place_of_worship","category":"religion","osmType":"node","amenity":"place_of_worship","religion":"muslim","name:latin":"jam' ishaq"}},{"type":"Feature","id":13455426429,"geometry":{"type":"Point","coordinates":[44.248850000000004,15.3693611]},"properties":{"id":13455426429,"name":"مسجد السلام","type":"place_of_worship","category":"religion","osmType":"node","amenity":"place_of_worship","religion":"muslim","name:latin":"msjd al-slam"}},{"type":"Feature","id":13455426541,"geometry":{"type":"Point","coordinates":[44.238241900000006,15.376651700000002]},"properties":{"id":13455426541,"name":"جامع الحسين","type":"place_of_worship","category":"religion","osmType":"node","amenity":"place_of_worship","religion":"muslim","name:latin":"jam' al-hsyn"}},{"type":"Feature","id":13455426642,"geometry":{"type":"Point","coordinates":[44.2599061,15.3830214]},"properties":{"id":13455426642,"name":"جامع الخير","type":"place_of_worship","category":"religion","osmType":"node","amenity":"place_of_worship","religion":"muslim","name:latin":"jam' al-khyr"}},{"type":"Feature","id":13455426658,"geometry":{"type":"Point","coordinates":[44.239693,15.370015400000002]},"properties":{"id":13455426658,"name":"جامع وهاس","type":"place_of_worship","category":"religion","osmType":"node","amenity":"place_of_worship","religion":"muslim","name:latin":"jam' whas"}},{"type":"Feature","id":13467779506,"geometry":{"type":"Point","coordinates":[44.220649300000005,15.263984800000001]},"properties":{"id":13467779506,"name":"جامع عمار بن ياسر","type":"place_of_worship","category":"religion","osmType":"node","amenity":"place_of_worship","religion":"muslim","name:latin":"jam' 'mar bn yasr"}},{"type":"Feature","id":13467779521,"geometry":{"type":"Point","coordinates":[44.217564800000005,15.262231700000001]},"properties":{"id":13467779521,"name":"مسجد الأقصى","type":"place_of_worship","category":"religion","osmType":"node","amenity":"place_of_worship","religion":"muslim","name:latin":"msjd al-aqsa"}},{"type":"Feature","id":13467779550,"geometry":{"type":"Point","coordinates":[44.211916,15.2740658]},"properties":{"id":13467779550,"name":"جامع السلام","type":"place_of_worship","category":"religion","osmType":"node","amenity":"place_of_worship","religion":"muslim","name:latin":"jam' al-slam"}},{"type":"Feature","id":13467781563,"geometry":{"type":"Point","coordinates":[44.2222506,15.256400400000002]},"properties":{"id":13467781563,"name":"جامع الإمام زيد","type":"place_of_worship","category":"religion","osmType":"node","amenity":"place_of_worship","religion":"muslim","name:latin":"jam' al-imam zyd"}},{"type":"Feature","id":13467781756,"geometry":{"type":"Point","coordinates":[44.211441300000004,15.248456100000002]},"properties":{"id":13467781756,"name":"جامع شعبان","type":"place_of_worship","category":"religion","osmType":"node","amenity":"place_of_worship","religion":"muslim","name:latin":"jam' sh'ban"}},{"type":"Feature","id":13467781802,"geometry":{"type":"Point","coordinates":[44.2111006,15.251280600000001]},"properties":{"id":13467781802,"name":"جامع التقوى","type":"place_of_worship","category":"religion","osmType":"node","amenity":"place_of_worship","religion":"muslim","name:latin":"jam' al-tqwa"}},{"type":"Feature","id":13467781805,"geometry":{"type":"Point","coordinates":[44.2074421,15.2403846]},"properties":{"id":13467781805,"name":"جامع المدينة البيضاء","type":"place_of_worship","category":"religion","osmType":"node","amenity":"place_of_worship","religion":"muslim","name:latin":"jam' al-mdyna al-byda'"}},{"type":"Feature","id":13467781853,"geometry":{"type":"Point","coordinates":[44.2234696,15.239546200000001]},"properties":{"id":13467781853,"name":"مسجد الرحمة","type":"place_of_worship","category":"religion","osmType":"node","amenity":"place_of_worship","religion":"muslim","name:latin":"msjd al-rhma"}},{"type":"Feature","id":13469708589,"geometry":{"type":"Point","coordinates":[44.241578600000004,15.214605200000001]},"properties":{"id":13469708589,"name":"الجامع السعودي","type":"place_of_worship","category":"religion","osmType":"node","amenity":"place_of_worship","religion":"muslim","name:latin":"al-jam' al-s'wdy"}},{"type":"Feature","id":13469712741,"geometry":{"type":"Point","coordinates":[44.2461464,15.212451800000002]},"properties":{"id":13469712741,"name":"مسجد محطة بن ناشر","type":"place_of_worship","category":"religion","osmType":"node","amenity":"place_of_worship","religion":"muslim","name:latin":"msjd mhta bn nashr"}},{"type":"Feature","id":13469712831,"geometry":{"type":"Point","coordinates":[44.24429430000001,15.213814500000002]},"properties":{"id":13469712831,"name":"مسجد ابن القيم","type":"place_of_worship","category":"religion","osmType":"node","amenity":"place_of_worship","religion":"muslim","name:latin":"msjd abn al-qym"}},{"type":"Feature","id":13469712879,"geometry":{"type":"Point","coordinates":[44.2479542,15.216463500000001]},"properties":{"id":13469712879,"name":"مسجد الرسول الأعظم","type":"place_of_worship","category":"religion","osmType":"node","amenity":"place_of_worship","religion":"muslim","name:latin":"msjd al-rswl al-a'zm"}},{"type":"Feature","id":13469712972,"geometry":{"type":"Point","coordinates":[44.255043300000004,15.2214535]},"properties":{"id":13469712972,"name":"جامع الكول","type":"place_of_worship","category":"religion","osmType":"node","amenity":"place_of_worship","religion":"muslim","name:latin":"jam' al-kwl"}},{"type":"Feature","id":13469712996,"geometry":{"type":"Point","coordinates":[44.251242600000005,15.234955200000002]},"properties":{"id":13469712996,"name":"مسجد الإيمان","type":"place_of_worship","category":"religion","osmType":"node","amenity":"place_of_worship","religion":"muslim","name:latin":"msjd al-iyman"}},{"type":"Feature","id":13469713035,"geometry":{"type":"Point","coordinates":[44.2418709,15.262904500000001]},"properties":{"id":13469713035,"name":"","type":"place_of_worship","category":"religion","osmType":"node","amenity":"place_of_worship","religion":"muslim"}},{"type":"Feature","id":13469713036,"geometry":{"type":"Point","coordinates":[44.2413298,15.261458600000001]},"properties":{"id":13469713036,"name":"جامع قرية السواد","type":"place_of_worship","category":"religion","osmType":"node","amenity":"place_of_worship","religion":"muslim","name:latin":"jam' qrya al-swad"}},{"type":"Feature","id":13469713037,"geometry":{"type":"Point","coordinates":[44.2439456,15.257868900000002]},"properties":{"id":13469713037,"name":"مسجد حمزة","type":"place_of_worship","category":"religion","osmType":"node","amenity":"place_of_worship","religion":"muslim","name:latin":"msjd hmza"}},{"type":"Feature","id":13469713198,"geometry":{"type":"Point","coordinates":[44.2294241,15.262209700000001]},"properties":{"id":13469713198,"name":"مسجد اللكمة","type":"place_of_worship","category":"religion","osmType":"node","amenity":"place_of_worship","religion":"muslim","name:latin":"msjd al-lkma"}},{"type":"Feature","id":13469713276,"geometry":{"type":"Point","coordinates":[44.227977100000004,15.266114400000001]},"properties":{"id":13469713276,"name":"مسجد المصطفى","type":"place_of_worship","category":"religion","osmType":"node","amenity":"place_of_worship","religion":"muslim","name:latin":"msjd al-mstfa"}},{"type":"Feature","id":13472899624,"geometry":{"type":"Point","coordinates":[44.26073590000001,15.262459600000001]},"properties":{"id":13472899624,"name":"","type":"place_of_worship","category":"religion","osmType":"node","amenity":"place_of_worship","religion":"muslim"}},{"type":"Feature","id":13472899832,"geometry":{"type":"Point","coordinates":[44.28796200000001,15.254381500000001]},"properties":{"id":13472899832,"name":"","type":"place_of_worship","category":"religion","osmType":"node","amenity":"place_of_worship","religion":"muslim"}},{"type":"Feature","id":13473730188,"geometry":{"type":"Point","coordinates":[44.187754700000006,15.2857388]},"properties":{"id":13473730188,"name":"جامع باب الشعب","type":"place_of_worship","category":"religion","osmType":"node","amenity":"place_of_worship","religion":"muslim","name:latin":"jam' bab al-sh'b"}},{"type":"Feature","id":13473735302,"geometry":{"type":"Point","coordinates":[44.1947204,15.289403700000001]},"properties":{"id":13473735302,"name":"جامع الهدى","type":"place_of_worship","category":"religion","osmType":"node","amenity":"place_of_worship","religion":"muslim","name:latin":"jam' al-hda"}},{"type":"Feature","id":13487206941,"geometry":{"type":"Point","coordinates":[44.310072100000006,15.2979549]},"properties":{"id":13487206941,"name":"","type":"place_of_worship","category":"religion","osmType":"node","amenity":"place_of_worship","religion":"muslim"}},{"type":"Feature","id":13487207047,"geometry":{"type":"Point","coordinates":[44.336638300000004,15.295212700000002]},"properties":{"id":13487207047,"name":"","type":"place_of_worship","category":"religion","osmType":"node","amenity":"place_of_worship","religion":"muslim"}},{"type":"Feature","id":13494973366,"geometry":{"type":"Point","coordinates":[44.16291090000001,15.349714]},"properties":{"id":13494973366,"name":"","type":"place_of_worship","category":"religion","osmType":"node","amenity":"place_of_worship","religion":"muslim"}},{"type":"Feature","id":13495175223,"geometry":{"type":"Point","coordinates":[44.173224100000006,15.4234684]},"properties":{"id":13495175223,"name":"","type":"place_of_worship","category":"religion","osmType":"node","amenity":"place_of_worship","religion":"muslim"}},{"type":"Feature","id":13495175375,"geometry":{"type":"Point","coordinates":[44.1650281,15.4498633]},"properties":{"id":13495175375,"name":"","type":"place_of_worship","category":"religion","osmType":"node","amenity":"place_of_worship","religion":"muslim"}},{"type":"Feature","id":13518640367,"geometry":{"type":"Point","coordinates":[44.222070900000006,15.324554100000002]},"properties":{"id":13518640367,"name":"مسجد بيت معياد","type":"place_of_worship","category":"religion","osmType":"node","amenity":"place_of_worship","religion":"muslim","name:latin":"msjd byt m'yad"}},{"type":"Feature","id":13518704515,"geometry":{"type":"Point","coordinates":[44.218679200000004,15.325797000000001]},"properties":{"id":13518704515,"name":"مسجد معاذ بن جبل","type":"place_of_worship","category":"religion","osmType":"node","amenity":"place_of_worship","religion":"muslim","name:latin":"msjd m'adh bn jbl"}},{"type":"Feature","id":13518704516,"geometry":{"type":"Point","coordinates":[44.220210800000004,15.327134400000002]},"properties":{"id":13518704516,"name":"مسجد المهاجرين","type":"place_of_worship","category":"religion","osmType":"node","amenity":"place_of_worship","religion":"muslim","name:latin":"msjd al-mhajryn"}},{"type":"Feature","id":13518704537,"geometry":{"type":"Point","coordinates":[44.225702600000005,15.324277300000002]},"properties":{"id":13518704537,"name":"مسجد بلال بن رباح","type":"place_of_worship","category":"religion","osmType":"node","amenity":"place_of_worship","religion":"muslim","name:latin":"msjd blal bn rbah"}},{"type":"Feature","id":13518704542,"geometry":{"type":"Point","coordinates":[44.2283472,15.323230900000002]},"properties":{"id":13518704542,"name":"مسجد بير عبيد","type":"place_of_worship","category":"religion","osmType":"node","amenity":"place_of_worship","religion":"muslim","name:latin":"msjd byr 'byd"}},{"type":"Feature","id":13518704625,"geometry":{"type":"Point","coordinates":[44.221653800000006,15.316536000000001]},"properties":{"id":13518704625,"name":"مسجد النجيمات","type":"place_of_worship","category":"religion","osmType":"node","amenity":"place_of_worship","religion":"muslim","name:latin":"msjd al-njymat"}},{"type":"Feature","id":13518744842,"geometry":{"type":"Point","coordinates":[44.2229024,15.307648400000001]},"properties":{"id":13518744842,"name":"مسجد خليل الله إبراهيم","type":"place_of_worship","category":"religion","osmType":"node","amenity":"place_of_worship","religion":"muslim","name:latin":"msjd khlyl al-lh ibrahym"}},{"type":"Feature","id":13518744875,"geometry":{"type":"Point","coordinates":[44.2297152,15.3107231]},"properties":{"id":13518744875,"name":"مسجد عمر بن عبدالعزيز","type":"place_of_worship","category":"religion","osmType":"node","amenity":"place_of_worship","religion":"muslim","name:latin":"msjd 'mr bn 'bdal'zyz"}},{"type":"Feature","id":13518890287,"geometry":{"type":"Point","coordinates":[44.2018537,15.349535000000001]},"properties":{"id":13518890287,"name":"مسجد المحامد","type":"place_of_worship","category":"religion","osmType":"node","amenity":"place_of_worship","religion":"muslim","name:latin":"msjd al-mhamd"}},{"type":"Feature","id":13518892539,"geometry":{"type":"Point","coordinates":[44.1974066,15.353491100000001]},"properties":{"id":13518892539,"name":"مسجد القاضي","type":"place_of_worship","category":"religion","osmType":"node","amenity":"place_of_worship","religion":"muslim","name:latin":"msjd al-qady"}},{"type":"Feature","id":13518892577,"geometry":{"type":"Point","coordinates":[44.192356000000004,15.347150200000002]},"properties":{"id":13518892577,"name":"مسجد باب القاع","type":"place_of_worship","category":"religion","osmType":"node","amenity":"place_of_worship","religion":"muslim","name:latin":"msjd bab al-qa'"}},{"type":"Feature","id":13518921231,"geometry":{"type":"Point","coordinates":[44.2008452,15.352840600000002]},"properties":{"id":13518921231,"name":"مسجد قارش","type":"place_of_worship","category":"religion","osmType":"node","amenity":"place_of_worship","religion":"muslim","name:latin":"msjd qarsh"}},{"type":"Feature","id":13521156695,"geometry":{"type":"Point","coordinates":[44.218602800000006,15.379898700000002]},"properties":{"id":13521156695,"name":"مسجد عمر بن عبدالعزيز","type":"place_of_worship","category":"religion","osmType":"node","amenity":"place_of_worship","religion":"muslim","name:latin":"msjd 'mr bn 'bdal'zyz"}},{"type":"Feature","id":13604600172,"geometry":{"type":"Point","coordinates":[44.2595844,15.414202500000002]},"properties":{"id":13604600172,"name":"Sana'a","type":"place_of_worship","category":"religion","osmType":"node","addr:city":"مدينة صنعاء","amenity":"place_of_worship","religion":"muslim"}},{"type":"Feature","id":13711877001,"geometry":{"type":"Point","coordinates":[44.244246000000004,15.481576000000002]},"properties":{"id":13711877001,"name":"جامع قاطة","type":"place_of_worship","category":"religion","osmType":"node","amenity":"place_of_worship","name:latin":"jam' qata"}},{"type":"Feature","id":244156690,"geometry":{"type":"Polygon","coordinates":[[[44.180083800000006,15.355459800000002],[44.179965800000005,15.355678400000002],[44.1801133,15.355761200000002],[44.1802354,15.355540000000001],[44.180083800000006,15.355459800000002]]]},"properties":{"id":244156690,"name":"جامع أحمد ناصر","type":"place_of_worship","category":"religion","osmType":"way","amenity":"place_of_worship","building":"mosque","name:en":"Ahmed Nasser Mosque","religion":"muslim"}},{"type":"Feature","id":333920422,"geometry":{"type":"Polygon","coordinates":[[[44.1906261,15.349502900000001],[44.1908375,15.3495918],[44.1909299,15.349387600000002],[44.1907184,15.349298700000002],[44.1906261,15.349502900000001]]]},"properties":{"id":333920422,"name":"جامع الجامعة القديمة","type":"place_of_worship","category":"religion","osmType":"way","amenity":"place_of_worship","building":"mosque","name:ar":"جامع الجامعة القديمة","religion":"muslim","name:latin":"jam' al-jam'a al-qdyma"}},{"type":"Feature","id":333920462,"geometry":{"type":"Polygon","coordinates":[[[44.215045800000006,15.348581500000002],[44.21530980000001,15.348718700000001],[44.2154754,15.348422300000001],[44.2152114,15.348285200000001],[44.215045800000006,15.348581500000002]]]},"properties":{"id":333920462,"name":"جامع الشهداء","type":"place_of_worship","category":"religion","osmType":"way","amenity":"place_of_worship","building":"mosque","name:ar":"جامع الشهداء","name:en":"Alshohda Mosque","religion":"muslim","source":"Bing"}},{"type":"Feature","id":333920495,"geometry":{"type":"Polygon","coordinates":[[[44.212292600000005,15.354030800000002],[44.2124359,15.354072200000001],[44.2124718,15.3539568],[44.212328500000005,15.353915400000002],[44.212292600000005,15.354030800000002]]]},"properties":{"id":333920495,"name":"قبة طلحة","type":"place_of_worship","category":"religion","osmType":"way","GNS:dsg_code":"MSQE","GNS:dsg_name":"mosque","GNS:id":"10815520","GNS:modify_date":"2010-06-30","alt_name:ar":"قبّة طلحة","amenity":"place_of_worship","building":"mosque","int_name":"Qubbat Ţalḩah","name:ar":"قبة طلحة","name:en":"Qubbat Talhah","religion":"muslim","source":"Bing","source:name":"GNS"}},{"type":"Feature","id":333920504,"geometry":{"type":"Polygon","coordinates":[[[44.213322000000005,15.354647600000002],[44.2134677,15.3546983],[44.2135181,15.354563400000002],[44.213372400000004,15.3545127],[44.213322000000005,15.354647600000002]]]},"properties":{"id":333920504,"name":"مسجد داود","type":"place_of_worship","category":"religion","osmType":"way","GNS:dsg_code":"MSQE","GNS:dsg_name":"mosque","GNS:id":"10832210","GNS:modify_date":"2015-06-29","amenity":"place_of_worship","building":"mosque","int_name":"Masjid Dāwud","name:ar":"مسجد داود","name:en":"Masjid Dawud","religion":"muslim","source":"Bing","source:name":"GNS"}},{"type":"Feature","id":333920524,"geometry":{"type":"Polygon","coordinates":[[[44.2036992,15.348166400000002],[44.203851300000004,15.348248500000002],[44.2038792,15.348164800000001],[44.2037581,15.3480988],[44.2037685,15.348071100000002],[44.203731100000006,15.348050400000002],[44.2036992,15.348166400000002]]]},"properties":{"id":333920524,"name":"جامع إسحاق","type":"place_of_worship","category":"religion","osmType":"way","GNS:dsg_code":"MSQE","GNS:dsg_name":"mosque","GNS:id":"10643670","GNS:modify_date":"2010-07-02","alt_name":"Ishaq Mosque; Isḩāq Mosque","alt_name:en":"Ishaq Mosque;Isḩāq Mosque","amenity":"place_of_worship","building":"mosque","int_name":"Jāmi‘ Isḩāq","name:ar":"جامع إسحاق","name:ar1":"مسجد إسحاق","name:de":"Ishaq Mosque","name:en":"Jami` Ishaq","name:fr":"Ishaq Mosque","religion":"muslim","source":"Bing","source:name":"GNS"}},{"type":"Feature","id":334120900,"geometry":{"type":"Polygon","coordinates":[[[44.1997876,15.385852300000002],[44.1999452,15.385917200000002],[44.200023800000004,15.385740100000001],[44.1998661,15.385675100000002],[44.1997876,15.385852300000002]]]},"properties":{"id":334120900,"name":"جامع النصر","type":"place_of_worship","category":"religion","osmType":"way","amenity":"place_of_worship","building":"mosque","name:ar":"جامع النصر","religion":"muslim","name:latin":"jam' al-nsr"}},{"type":"Feature","id":334121031,"geometry":{"type":"Polygon","coordinates":[[[44.20287750000001,15.383399500000001],[44.202944,15.3835361],[44.20312130000001,15.383493800000002],[44.203208200000006,15.3832277],[44.2031891,15.3831181],[44.203054200000004,15.383107400000002],[44.202997700000004,15.383242500000001],[44.202984300000004,15.383300700000001],[44.202906500000005,15.383382200000002],[44.20287750000001,15.383399500000001]]]},"properties":{"id":334121031,"name":"جامع أبو بكر الصديق","type":"place_of_worship","category":"religion","osmType":"way","addr:city":"صنعاء","amenity":"place_of_worship","building":"mosque","name:ar":"جامع أبو بكر الصديق","name:en":"Masjid Abu Bakr As-Siddiq","religion":"muslim","source":"Bing"}},{"type":"Feature","id":554580296,"geometry":{"type":"Polygon","coordinates":[[[44.1889023,15.3644247],[44.188791200000004,15.364692800000002],[44.1885119,15.364563500000001],[44.1883539,15.364490400000001],[44.188470200000005,15.364231900000002],[44.1889023,15.3644247]]]},"properties":{"id":554580296,"name":"جامع الجامعة الجديدة","type":"place_of_worship","category":"religion","osmType":"way","amenity":"place_of_worship","building":"mosque","name:ar":"جامع الجامعة الجديدة","religion":"muslim","name:latin":"jam' al-jam'a al-jdyda"}},{"type":"Feature","id":554691321,"geometry":{"type":"Polygon","coordinates":[[[44.208504000000005,15.325413500000002],[44.2085342,15.325340200000001],[44.2085482,15.3252558],[44.208537400000004,15.3251687],[44.208465700000005,15.325040300000001],[44.208374400000004,15.3249717],[44.208319,15.3249498],[44.208206000000004,15.324936400000002],[44.2080952,15.324961600000002],[44.20800010000001,15.325022200000001],[44.207942700000004,15.325092600000001],[44.207928700000004,15.325123500000002],[44.2078568,15.325087700000001],[44.207624100000004,15.3255212],[44.207351200000005,15.325385],[44.207278300000006,15.325520800000001],[44.2071551,15.325459300000002],[44.206918900000005,15.325899500000002],[44.207055800000006,15.325967900000002],[44.20697070000001,15.326126600000002],[44.208229,15.326754800000002],[44.20831390000001,15.326596700000001],[44.2084412,15.326660200000001],[44.2086814,15.326212600000002],[44.208552700000006,15.326148300000002],[44.208623800000005,15.326015900000002],[44.208341000000004,15.325874700000002],[44.2085707,15.325446800000002],[44.208504000000005,15.325413500000002]]]},"properties":{"id":554691321,"name":"جامع الصالح","type":"place_of_worship","category":"religion","osmType":"way","addr:city":"صنعاء","addr:street":"شارع السبعين","alt_name":"جامع الشعب","amenity":"place_of_worship","building":"mosque","name:ar":"جامع الصالح","name:en":"Al-Saleh Mosque","name:ml":"അൽ സാലിഹ് മസ്ജിദ്","nat_name":"جامع الصالح","religion":"muslim","wikidata":"Q4115837","wikimedia_commons":"Category:Al-Saleh Mosque","wikipedia":"ar:جامع_الصالح"}},{"type":"Feature","id":599949985,"geometry":{"type":"Polygon","coordinates":[[[44.204726,15.387365200000001],[44.204978000000004,15.387472400000002],[44.205057700000005,15.387313400000002],[44.205018800000005,15.3872955],[44.20508,15.3871829],[44.2048075,15.387079300000002],[44.2047723,15.387191900000001],[44.204726,15.387365200000001]]]},"properties":{"id":599949985,"name":"جامع الدفعي","type":"place_of_worship","category":"religion","osmType":"way","addr:city":"صنعاء","addr:street":"شارع مازدا","amenity":"place_of_worship","building":"mosque","name:ar":"جامع الدفعي","name:en":"Aldaffee mosque","religion":"muslim"}},{"type":"Feature","id":602404156,"geometry":{"type":"Polygon","coordinates":[[[44.2081996,15.388135900000002],[44.208409800000005,15.388129100000002],[44.2085499,15.387872500000002],[44.2083164,15.387789200000002],[44.2081996,15.388135900000002]]]},"properties":{"id":602404156,"name":"جامع السلام","type":"place_of_worship","category":"religion","osmType":"way","addr:city":"صنعاء","addr:street":"شارع التلفزيون","amenity":"place_of_worship","building":"mosque","name:ar":"جامع السلام","religion":"muslim","name:latin":"jam' al-slam"}},{"type":"Feature","id":602899840,"geometry":{"type":"Polygon","coordinates":[[[44.20227130000001,15.390467200000002],[44.202398300000006,15.390487000000002],[44.202438400000005,15.390271000000002],[44.2023049,15.390237700000002],[44.20227130000001,15.390467200000002]]]},"properties":{"id":602899840,"name":"جامع عمر بن الخطاب","type":"place_of_worship","category":"religion","osmType":"way","amenity":"place_of_worship","building":"mosque","name:ar":"جامع عمر بن الخطاب","religion":"muslim","name:latin":"jam' 'mr bn al-khtab"}},{"type":"Feature","id":602899843,"geometry":{"type":"Polygon","coordinates":[[[44.19995410000001,15.392771100000001],[44.2001028,15.392833000000001],[44.200040200000004,15.3930085],[44.1999135,15.392937300000002],[44.19995410000001,15.392771100000001]]]},"properties":{"id":602899843,"name":"جامع آدم","type":"place_of_worship","category":"religion","osmType":"way","amenity":"place_of_worship","building":"mosque","name:ar":"جامع آدم","religion":"muslim","name:latin":"jam' adm"}},{"type":"Feature","id":1025521604,"geometry":{"type":"Polygon","coordinates":[[[44.184074900000006,15.3876722],[44.183917,15.387568100000001],[44.18409690000001,15.387312900000001],[44.18422,15.387389],[44.18421420000001,15.387476300000001],[44.184074900000006,15.3876722]]]},"properties":{"id":1025521604,"name":"جامع","type":"place_of_worship","category":"religion","osmType":"way","amenity":"place_of_worship","building":"yes","religion":"muslim","name:latin":"jam'"}},{"type":"Feature","id":1025521605,"geometry":{"type":"Polygon","coordinates":[[[44.211753900000005,15.377862100000002],[44.2116546,15.3777915],[44.211708,15.3777018],[44.211818400000006,15.3777401],[44.211753900000005,15.377862100000002]]]},"properties":{"id":1025521605,"name":"جامع","type":"place_of_worship","category":"religion","osmType":"way","amenity":"place_of_worship","building":"yes","religion":"muslim","name:latin":"jam'"}},{"type":"Feature","id":1025843013,"geometry":{"type":"Polygon","coordinates":[[[44.1801942,15.374149800000001],[44.1803673,15.374229600000001],[44.1804903,15.373996000000002],[44.18031920000001,15.373931],[44.1801942,15.374149800000001]]]},"properties":{"id":1025843013,"name":"مسجد","type":"mosque","category":"religion","osmType":"way","building":"mosque","name:latin":"msjd"}},{"type":"Feature","id":1026427419,"geometry":{"type":"Polygon","coordinates":[[[44.204728800000005,15.355461400000001],[44.2045235,15.355390000000002],[44.20459580000001,15.355221100000001],[44.20481470000001,15.355281200000002],[44.204728800000005,15.355461400000001]]]},"properties":{"id":1026427419,"name":"جامع","type":"place_of_worship","category":"religion","osmType":"way","amenity":"place_of_worship","building":"yes","religion":"muslim","name:latin":"jam'"}},{"type":"Feature","id":1027198015,"geometry":{"type":"Polygon","coordinates":[[[44.199907100000004,15.310731700000002],[44.20008730000001,15.310833400000002],[44.200219100000005,15.3106173],[44.200003800000005,15.3105156],[44.199907100000004,15.310731700000002]]]},"properties":{"id":1027198015,"name":"مسجد النور","type":"place_of_worship","category":"religion","osmType":"way","amenity":"place_of_worship","building":"yes","religion":"muslim","name:latin":"msjd al-nwr"}},{"type":"Feature","id":1087720273,"geometry":{"type":"Polygon","coordinates":[[[44.222928,15.370699600000002],[44.223139800000006,15.370792800000002],[44.2232211,15.3706305],[44.22300370000001,15.370531200000002],[44.222928,15.370699600000002]]]},"properties":{"id":1087720273,"name":"جامع عمر المختار","type":"place_of_worship","category":"religion","osmType":"way","amenity":"place_of_worship","religion":"muslim","name:latin":"jam' 'mr al-mkhtar"}},{"type":"Feature","id":1089144979,"geometry":{"type":"Polygon","coordinates":[[[44.20987220000001,15.282894100000002],[44.2101351,15.283028600000002],[44.2102347,15.2828475],[44.209971900000006,15.282712900000002],[44.20987220000001,15.282894100000002]]]},"properties":{"id":1089144979,"name":"جامع","type":"place_of_worship","category":"religion","osmType":"way","amenity":"place_of_worship","religion":"muslim","name:latin":"jam'"}},{"type":"Feature","id":1089154853,"geometry":{"type":"Polygon","coordinates":[[[44.2556334,15.296007600000001],[44.255762100000005,15.296118900000002],[44.2559065,15.295963400000002],[44.2557777,15.2958522],[44.2556334,15.296007600000001]]]},"properties":{"id":1089154853,"name":"مسجد الغفران","type":"place_of_worship","category":"religion","osmType":"way","amenity":"place_of_worship","building":"yes","religion":"muslim","name:latin":"msjd al-ghfran"}},{"type":"Feature","id":1089221188,"geometry":{"type":"Polygon","coordinates":[[[44.173373500000004,15.404602500000001],[44.173494600000005,15.404655700000001],[44.173549900000005,15.4045608],[44.1736147,15.404589500000002],[44.1736614,15.4044921],[44.173587500000004,15.404465900000002],[44.173544400000004,15.404525500000002],[44.173425,15.404467400000001],[44.173373500000004,15.404602500000001]]]},"properties":{"id":1089221188,"name":"مُصلى مجمع المعتقلات","type":"place_of_worship","category":"religion","osmType":"way","amenity":"place_of_worship","building":"yes","religion":"muslim","name:latin":"msla mjm' al-m'tqlat"}},{"type":"Feature","id":908271,"geometry":{"type":"Polygon","coordinates":[[[44.2144771,15.353307100000002],[44.215007400000005,15.353603600000001],[44.2153198,15.352976900000002],[44.214777000000005,15.352691300000002],[44.2144771,15.353307100000002]]]},"properties":{"id":908271,"name":"الجامع الكبير","type":"multipolygon","category":"religion","osmType":"relation","amenity":"place_of_worship","building":"mosque","name:ar":"الجامع الكبير","name:en":"Old Great Mosque","nat_name":"جامع صنعاء الكبير","religion":"muslim","wikidata":"Q2548705","wikipedia:ar":"الجامع الكبير (صنعاء)"}}]}