{"type":"FeatureCollection","features":[{"type":"Feature","id":265965109,"geometry":{"type":"Point","coordinates":[44.19649510000001,15.306804000000001]},"properties":{"id":265965109,"name":"ملحمة الخير","type":"butcher","category":"shopping","subcategory":"food_shop","osmType":"node","addr:city":"صنعاء","addr:street":"شارع بيروت","shop":"butcher","name:latin":"mlhma al-khyr"}},{"type":"Feature","id":606075100,"geometry":{"type":"Point","coordinates":[44.209127,15.3547758]},"properties":{"id":606075100,"name":"","type":"convenience","category":"shopping","subcategory":"supermarket","osmType":"node","shop":"convenience"}},{"type":"Feature","id":624355335,"geometry":{"type":"Point","coordinates":[44.199657200000004,15.304691700000001]},"properties":{"id":624355335,"name":"سيتي مارت حدة","type":"supermarket","category":"shopping","subcategory":"supermarket","osmType":"node","addr:city":"صنعاء","addr:street":"شارع بيروت","alt_name":"سيتي مارت حدة","name:ar":"سيتي مارت حدة","name:en":"City Mart Haddah","opening_hours":"Mo-Su 10:00-22:00","shop":"supermarket"}},{"type":"Feature","id":624355341,"geometry":{"type":"Point","coordinates":[44.200152800000005,15.304668500000002]},"properties":{"id":624355341,"name":"كيمكلاس","type":"bakery","category":"shopping","subcategory":"food_shop","osmType":"node","addr:street":"شارع بيروت","alt_name":"كيمكلاس","name:ar":"كيمكلاس","name:en":"Kimclass Beauty","nat_name":"كيمكلاس","shop":"bakery"}},{"type":"Feature","id":998986082,"geometry":{"type":"Point","coordinates":[44.226936900000005,15.382748600000001]},"properties":{"id":998986082,"name":"","type":"supermarket","category":"shopping","subcategory":"supermarket","osmType":"node","shop":"supermarket"}},{"type":"Feature","id":998986410,"geometry":{"type":"Point","coordinates":[44.228481800000004,15.380690000000001]},"properties":{"id":998986410,"name":"","type":"supermarket","category":"shopping","subcategory":"supermarket","osmType":"node","name:ar":"بقالة على جابر","shop":"supermarket","name:latin":"bqala 'la jabr"}},{"type":"Feature","id":998987819,"geometry":{"type":"Point","coordinates":[44.227698600000004,15.382055500000002]},"properties":{"id":998987819,"name":"بقالة الفؤاد","type":"supermarket","category":"shopping","subcategory":"supermarket","osmType":"node","name:ar":"بقاله الفؤاد","name:en":"Alfouad Suparmarket","shop":"supermarket"}},{"type":"Feature","id":1008596283,"geometry":{"type":"Point","coordinates":[44.2289126,15.380875500000002]},"properties":{"id":1008596283,"name":"بقالة غوث","type":"supermarket","category":"shopping","subcategory":"supermarket","osmType":"node","name:ar":"بقالة غوث","shop":"supermarket","name:latin":"bqala ghwth"}},{"type":"Feature","id":1348710178,"geometry":{"type":"Point","coordinates":[44.18940190000001,15.360015100000002]},"properties":{"id":1348710178,"name":"سيتي مارت","type":"supermarket","category":"shopping","subcategory":"supermarket","osmType":"node","addr:street":"الخط الدائري","name:ar":"سيتي مارت","name:en":"City Mart","shop":"supermarket"}},{"type":"Feature","id":1626458455,"geometry":{"type":"Point","coordinates":[44.2365615,15.3905135]},"properties":{"id":1626458455,"name":"","type":"supermarket","category":"shopping","subcategory":"supermarket","osmType":"node","shop":"supermarket"}},{"type":"Feature","id":1626458456,"geometry":{"type":"Point","coordinates":[44.23553080000001,15.390571800000002]},"properties":{"id":1626458456,"name":"","type":"supermarket","category":"shopping","subcategory":"supermarket","osmType":"node","shop":"supermarket"}},{"type":"Feature","id":1626458457,"geometry":{"type":"Point","coordinates":[44.235782500000006,15.390560800000001]},"properties":{"id":1626458457,"name":"","type":"supermarket","category":"shopping","subcategory":"supermarket","osmType":"node","shop":"supermarket"}},{"type":"Feature","id":1879425464,"geometry":{"type":"Point","coordinates":[44.2374912,15.386544200000001]},"properties":{"id":1879425464,"name":"بقاله التركي","type":"supermarket","category":"shopping","subcategory":"supermarket","osmType":"node","name:ar":"بقاله التركي","shop":"supermarket","name:latin":"bqalh al-trky"}},{"type":"Feature","id":2271652412,"geometry":{"type":"Point","coordinates":[44.209417900000005,15.332427500000001]},"properties":{"id":2271652412,"name":"A corner shop","type":"convenience","category":"shopping","subcategory":"supermarket","osmType":"node","name:en":"A corner shop","shop":"convenience"}},{"type":"Feature","id":2296318999,"geometry":{"type":"Point","coordinates":[44.2016652,15.346289400000002]},"properties":{"id":2296318999,"name":"الهدى سوبرماركت","type":"supermarket","category":"shopping","subcategory":"supermarket","osmType":"node","addr:city":"صنعاء","addr:housename":"الهدى","addr:street":"شارع الزبيري","name:en":"alhoda Super market","operator":"الجراش","shop":"supermarket"}},{"type":"Feature","id":2398006668,"geometry":{"type":"Point","coordinates":[44.1896276,15.306058300000002]},"properties":{"id":2398006668,"name":"","type":"supermarket","category":"shopping","subcategory":"supermarket","osmType":"node","shop":"supermarket"}},{"type":"Feature","id":2406321354,"geometry":{"type":"Point","coordinates":[44.2302855,15.285624300000002]},"properties":{"id":2406321354,"name":"Yassin Spices Branch","type":"supermarket","category":"shopping","subcategory":"supermarket","osmType":"node","alt_name":"فرع بهارات ياسين","int_name":"Yassin Spices","name:ar":"فرع بهارات ياسين","name:en":"Yassin Spices Branch","shop":"supermarket"}},{"type":"Feature","id":2460939125,"geometry":{"type":"Point","coordinates":[44.1657201,15.346517100000002]},"properties":{"id":2460939125,"name":"بقالة","type":"convenience","category":"shopping","subcategory":"supermarket","osmType":"node","name:ar":"بقالة","shop":"convenience","name:latin":"bqala"}},{"type":"Feature","id":3773116963,"geometry":{"type":"Point","coordinates":[44.214736200000004,15.434894000000002]},"properties":{"id":3773116963,"name":"مجمع الأصالة للتسوق","type":"marketplace","category":"shopping","subcategory":"marketplace","osmType":"node","amenity":"marketplace","name:ar":"مجمع الأصالة للتسوق","name:latin":"mjm' al-asala lltswq"}},{"type":"Feature","id":3777229953,"geometry":{"type":"Point","coordinates":[44.216339000000005,15.439531500000001]},"properties":{"id":3777229953,"name":"أسواق العاصمة","type":"marketplace","category":"shopping","subcategory":"marketplace","osmType":"node","amenity":"marketplace","name:ar":"أسواق العاصمة","name:latin":"aswaq al-'asma"}},{"type":"Feature","id":3777229954,"geometry":{"type":"Point","coordinates":[44.2165837,15.440630800000001]},"properties":{"id":3777229954,"name":"سيتي هايبر","type":"supermarket","category":"shopping","subcategory":"supermarket","osmType":"node","addr:street":"خط المطار","fixme":"name, name:ar mismatch.","name:ar":"سوبر هيبر ماركت","shop":"supermarket","name:latin":"syty haybr"}},{"type":"Feature","id":3777229956,"geometry":{"type":"Point","coordinates":[44.228111500000004,15.448922200000002]},"properties":{"id":3777229956,"name":"سوبر ماركت الأصالة","type":"supermarket","category":"shopping","subcategory":"supermarket","osmType":"node","name:ar":"سوبر ماركت الأصالة","name:en":"Al-Asala Supermarket","shop":"supermarket"}},{"type":"Feature","id":3777230260,"geometry":{"type":"Point","coordinates":[44.2290901,15.457561000000002]},"properties":{"id":3777230260,"name":"مجمع دبي التجاري","type":"marketplace","category":"shopping","subcategory":"marketplace","osmType":"node","addr:street":"شارع المطار الجديد - شارع الاربعين","amenity":"marketplace","name:ar":"مجمع دبي التجاري","name:latin":"mjm' dby al-tjary"}},{"type":"Feature","id":4182412894,"geometry":{"type":"Point","coordinates":[44.1660376,15.3441296]},"properties":{"id":4182412894,"name":"بقالة الفلوجه","type":"convenience","category":"shopping","subcategory":"supermarket","osmType":"node","addr:street":"شارع الزبيري","name:ar":"بقالة الفلوجه","shop":"convenience","name:latin":"bqala al-flwjh"}},{"type":"Feature","id":4182489492,"geometry":{"type":"Point","coordinates":[44.1659779,15.343568500000002]},"properties":{"id":4182489492,"name":"مخبز","type":"bakery","category":"shopping","subcategory":"food_shop","osmType":"node","addr:street":"شارع الزبيري","name:ar":"مخبز","shop":"bakery","name:latin":"mkhbz"}},{"type":"Feature","id":4182490190,"geometry":{"type":"Point","coordinates":[44.1694054,15.346741600000001]},"properties":{"id":4182490190,"name":"متجر بيع مواد البناء","type":"convenience","category":"shopping","subcategory":"supermarket","osmType":"node","addr:street":"60 meters St","name:ar":"متجر بيع مواد البناء","shop":"convenience","name:latin":"mtjr by' mwad al-bna'"}},{"type":"Feature","id":4182490191,"geometry":{"type":"Point","coordinates":[44.1681328,15.346462800000001]},"properties":{"id":4182490191,"name":"مخبز","type":"bakery","category":"shopping","subcategory":"food_shop","osmType":"node","addr:street":"60 meters St","name:ar":"مخبز","shop":"bakery","name:latin":"mkhbz"}},{"type":"Feature","id":4220527095,"geometry":{"type":"Point","coordinates":[44.22058560000001,15.3285984]},"properties":{"id":4220527095,"name":"مركز الخليج لمستلزمات السيارات","type":"convenience","category":"shopping","subcategory":"supermarket","osmType":"node","addr:housenumber":"+967 1 615533","addr:postcode":"اكسسوارات - تنجيد - اجهزة انذار","addr:street":"45 meters St","internet_access":"wlan","name:ar":"مركز الخليج لمستلزمات السيارات","opening_hours":"Sa-Th 10:00-22:00","operator":"اكسسوارات - تنجيد - اجهزة انذار. شارع 45 قبل جسر 45 شارع تعز من اتجاه جامع الرئيس الصالح. تحت مدارس الفرسان للبنات","phone":"770550330","shop":"convenience","name:latin":"mrkz al-khlyj lmstlzmat al-syarat"}},{"type":"Feature","id":4221242399,"geometry":{"type":"Point","coordinates":[44.191552900000005,15.3031257]},"properties":{"id":4221242399,"name":"Happiness Corner","type":"supermarket","category":"shopping","subcategory":"supermarket","osmType":"node","addr:street":"شارع إيران","name:ar":"ركن السعادة","name:en":"Happiness Corner","opening_hours":"Mo-Su 06:30-23:00","phone":"01 413 031","shop":"supermarket"}},{"type":"Feature","id":4221246693,"geometry":{"type":"Point","coordinates":[44.193423700000004,15.301215800000001]},"properties":{"id":4221246693,"name":"حلويات موكا","type":"bakery","category":"shopping","subcategory":"food_shop","osmType":"node","addr:street":"شارع إيران","name:ar":"حلويات موكا","name:en":"MOKA Bakery","opening_hours":"Mo-Su 08:00-21:00","phone":"01420990","shop":"bakery"}},{"type":"Feature","id":4231876291,"geometry":{"type":"Point","coordinates":[44.198545200000005,15.325662600000001]},"properties":{"id":4231876291,"name":"التوفير هايبر ماركت","type":"supermarket","category":"shopping","subcategory":"supermarket","osmType":"node","addr:street":"شارع حدة","name:en":"Tawfer hayper","shop":"supermarket"}},{"type":"Feature","id":4238753789,"geometry":{"type":"Point","coordinates":[44.2146003,15.336324800000002]},"properties":{"id":4238753789,"name":"بقالة الوحدة اليمنية","type":"supermarket","category":"shopping","subcategory":"supermarket","osmType":"node","name:ar":"بقالة الوحدة اليمنية","shop":"supermarket","name:latin":"bqala al-whda al-ymnya"}},{"type":"Feature","id":4242597505,"geometry":{"type":"Point","coordinates":[44.19068300000001,15.3830176]},"properties":{"id":4242597505,"name":"بقالة الروحاني","type":"convenience","category":"shopping","subcategory":"supermarket","osmType":"node","addr:street":"شارع الصحة","name:ar":"بقالة الروحاني","shop":"convenience","name:latin":"bqala al-rwhany"}},{"type":"Feature","id":4242597507,"geometry":{"type":"Point","coordinates":[44.19044040000001,15.384720900000001]},"properties":{"id":4242597507,"name":"بقالة","type":"convenience","category":"shopping","subcategory":"supermarket","osmType":"node","name:ar":"بقالة","shop":"convenience","name:latin":"bqala"}},{"type":"Feature","id":4242719693,"geometry":{"type":"Point","coordinates":[44.1904133,15.383000700000002]},"properties":{"id":4242719693,"name":"بقالة هايل","type":"convenience","category":"shopping","subcategory":"supermarket","osmType":"node","name:ar":"بقالة هايل","shop":"convenience","name:latin":"bqala hayl"}},{"type":"Feature","id":4242721294,"geometry":{"type":"Point","coordinates":[44.2040422,15.380067400000001]},"properties":{"id":4242721294,"name":"خضروات","type":"greengrocer","category":"shopping","subcategory":"food_shop","osmType":"node","addr:street":"شارع الصحة","name:ar":"خضروات","shop":"greengrocer","name:latin":"khdrwat"}},{"type":"Feature","id":4242721391,"geometry":{"type":"Point","coordinates":[44.202957500000004,15.380145200000001]},"properties":{"id":4242721391,"name":"بقالة الخير","type":"supermarket","category":"shopping","subcategory":"supermarket","osmType":"node","addr:street":"شارع الصحة","name:ar":"بقالة الخير","shop":"supermarket","name:latin":"bqala al-khyr"}},{"type":"Feature","id":4242721493,"geometry":{"type":"Point","coordinates":[44.190672400000004,15.384609200000002]},"properties":{"id":4242721493,"name":"بقالة","type":"convenience","category":"shopping","subcategory":"supermarket","osmType":"node","name:ar":"بقالة","shop":"convenience","name:latin":"bqala"}},{"type":"Feature","id":4242723489,"geometry":{"type":"Point","coordinates":[44.2035902,15.376714200000002]},"properties":{"id":4242723489,"name":"","type":"bakery","category":"shopping","subcategory":"food_shop","osmType":"node","addr:street":"الحصبة","shop":"bakery"}},{"type":"Feature","id":4242750492,"geometry":{"type":"Point","coordinates":[44.2019352,15.380427000000001]},"properties":{"id":4242750492,"name":"جزارة","type":"butcher","category":"shopping","subcategory":"food_shop","osmType":"node","addr:street":"شارع الصحة","name:ar":"جزارة","shop":"butcher","name:latin":"jzara"}},{"type":"Feature","id":4242751032,"geometry":{"type":"Point","coordinates":[44.201376800000006,15.367277900000001]},"properties":{"id":4242751032,"name":"بقالة الحاشدي","type":"convenience","category":"shopping","subcategory":"supermarket","osmType":"node","addr:street":"شارع تونس","name:ar":"بقالة الحاشدي","name:en":"Alhashidy grocery","shop":"convenience"}},{"type":"Feature","id":4242751190,"geometry":{"type":"Point","coordinates":[44.200539400000004,15.3808237]},"properties":{"id":4242751190,"name":"","type":"convenience","category":"shopping","subcategory":"supermarket","osmType":"node","addr:street":"شارع الصحة","shop":"convenience"}},{"type":"Feature","id":4242775889,"geometry":{"type":"Point","coordinates":[44.203614,15.3755181]},"properties":{"id":4242775889,"name":"بقالة القديمي","type":"convenience","category":"shopping","subcategory":"supermarket","osmType":"node","addr:city":"صنعاء","name:ar":"بقالة القديمي","name:en":"Algodymi grocery","shop":"convenience"}},{"type":"Feature","id":4242796216,"geometry":{"type":"Point","coordinates":[44.20639250000001,15.368735800000001]},"properties":{"id":4242796216,"name":"مجموعة اللوزي التجارية","type":"convenience","category":"shopping","subcategory":"supermarket","osmType":"node","addr:street":"شارع القيادة","name:ar":"مجموعة اللوزي التجارية","shop":"convenience","name:latin":"mjmw'a al-lwzy al-tjarya"}},{"type":"Feature","id":4242824399,"geometry":{"type":"Point","coordinates":[44.199468100000004,15.370088800000001]},"properties":{"id":4242824399,"name":"تموينات العباسي","type":"supermarket","category":"shopping","subcategory":"supermarket","osmType":"node","addr:street":"شارع القاهرة","name:ar":"تموينات العباسي","shop":"supermarket","name:latin":"tmwynat al-'basy"}},{"type":"Feature","id":4242826529,"geometry":{"type":"Point","coordinates":[44.201580400000005,15.366621100000001]},"properties":{"id":4242826529,"name":"بقالة النقيب","type":"convenience","category":"shopping","subcategory":"supermarket","osmType":"node","addr:street":"شارع تونس","name:ar":"بقالة النقيب","shop":"convenience","name:latin":"bqala al-nqyb"}},{"type":"Feature","id":4270581489,"geometry":{"type":"Point","coordinates":[44.1988422,15.336594200000002]},"properties":{"id":4270581489,"name":"مركز السليماني للحقائب","type":"convenience","category":"shopping","subcategory":"supermarket","osmType":"node","addr:street":"شارع حدة","name:ar":"مركز السليماني للحقائب","opening_hours":"Mo-Su 09:00-22:00","phone":"01240408","shop":"convenience","name:latin":"mrkz al-slymany llhqa'b"}},{"type":"Feature","id":4298020904,"geometry":{"type":"Point","coordinates":[44.183707000000005,15.353265000000002]},"properties":{"id":4298020904,"name":"بقالة","type":"supermarket","category":"shopping","subcategory":"supermarket","osmType":"node","name:en":"ALamal Grocery","shop":"supermarket"}},{"type":"Feature","id":4298021135,"geometry":{"type":"Point","coordinates":[44.203534000000005,15.359960000000001]},"properties":{"id":4298021135,"name":"بقالة الاخوين","type":"supermarket","category":"shopping","subcategory":"supermarket","osmType":"node","name:en":"Alakhween Grocery","shop":"supermarket"}},{"type":"Feature","id":4298021168,"geometry":{"type":"Point","coordinates":[44.18907660000001,15.335004300000001]},"properties":{"id":4298021168,"name":"Alameri Grocery","type":"convenience","category":"shopping","subcategory":"supermarket","osmType":"node","name:en":"Alameri Grocery","shop":"convenience"}},{"type":"Feature","id":4298021197,"geometry":{"type":"Point","coordinates":[44.187657400000006,15.327425200000002]},"properties":{"id":4298021197,"name":"مجمع الانوار","type":"supermarket","category":"shopping","subcategory":"supermarket","osmType":"node","addr:street":"شارع عمان","name:en":"Alanwar Grocery","shop":"supermarket"}},{"type":"Feature","id":4298021242,"geometry":{"type":"Point","coordinates":[44.202332000000006,15.337944000000002]},"properties":{"id":4298021242,"name":"سوبرماركت الباشا","type":"supermarket","category":"shopping","subcategory":"supermarket","osmType":"node","name:en":"Albasha Supermarket","shop":"supermarket"}},{"type":"Feature","id":4298021267,"geometry":{"type":"Point","coordinates":[44.205776300000004,15.340189500000001]},"properties":{"id":4298021267,"name":"سوپرمارکت البركة","type":"supermarket","category":"shopping","subcategory":"supermarket","osmType":"node","addr:city":"صنعاء","addr:street":"شارع كلية الشرطة","name:en":"Albrkat Supermarket","shop":"supermarket"}},{"type":"Feature","id":4298021268,"geometry":{"type":"Point","coordinates":[44.184523000000006,15.339489000000002]},"properties":{"id":4298021268,"name":"بقالة البروج","type":"convenience","category":"shopping","subcategory":"supermarket","osmType":"node","addr:city":"صنعاء","addr:street":"شارع نواكشوط","name:en":"Albroj Grocery","shop":"convenience"}},{"type":"Feature","id":4298021296,"geometry":{"type":"Point","coordinates":[44.18435100000001,15.335627]},"properties":{"id":4298021296,"name":"بقالة الارض الطيبة","type":"supermarket","category":"shopping","subcategory":"supermarket","osmType":"node","shop":"supermarket","name:latin":"bqala al-ard al-tyba"}},{"type":"Feature","id":4298021344,"geometry":{"type":"Point","coordinates":[44.185724,15.304341]},"properties":{"id":4298021344,"name":"سيفواي","type":"supermarket","category":"shopping","subcategory":"supermarket","osmType":"node","name:en":"Alfrawes Supermarket","shop":"supermarket"}},{"type":"Feature","id":4298021367,"geometry":{"type":"Point","coordinates":[44.194548600000005,15.333735800000001]},"properties":{"id":4298021367,"name":"","type":"supermarket","category":"shopping","subcategory":"supermarket","osmType":"node","name:en":"Algeria Grocery","shop":"supermarket"}},{"type":"Feature","id":4298021415,"geometry":{"type":"Point","coordinates":[44.184222000000005,15.350733000000002]},"properties":{"id":4298021415,"name":"بقالة الحداد","type":"supermarket","category":"shopping","subcategory":"supermarket","osmType":"node","addr:street":"شارع هائل","name:en":"Alhdad Grocery","shop":"supermarket"}},{"type":"Feature","id":4298021430,"geometry":{"type":"Point","coordinates":[44.1922008,15.331443400000001]},"properties":{"id":4298021430,"name":"سوپرمارکت","type":"supermarket","category":"shopping","subcategory":"supermarket","osmType":"node","shop":"supermarket","name:latin":"swپrmarکt"}},{"type":"Feature","id":4298021451,"geometry":{"type":"Point","coordinates":[44.193706000000006,15.332923000000001]},"properties":{"id":4298021451,"name":"مخابز بنات اليمن","type":"bakery","category":"shopping","subcategory":"food_shop","osmType":"node","shop":"bakery","name:latin":"mkhabz bnat al-ymn"}},{"type":"Feature","id":4298021732,"geometry":{"type":"Point","coordinates":[44.203306100000006,15.380385200000001]},"properties":{"id":4298021732,"name":"بقالة الخير","type":"supermarket","category":"shopping","subcategory":"supermarket","osmType":"node","addr:street":"شارع الصحة","name:ar":"بقالة الخير","shop":"supermarket","name:latin":"bqala al-khyr"}},{"type":"Feature","id":4298021777,"geometry":{"type":"Point","coordinates":[44.185081000000004,15.346913]},"properties":{"id":4298021777,"name":"بقالة","type":"supermarket","category":"shopping","subcategory":"supermarket","osmType":"node","name:en":"Allewa Alkhdher Grocery","shop":"supermarket"}},{"type":"Feature","id":4298022446,"geometry":{"type":"Point","coordinates":[44.173444800000006,15.335657200000002]},"properties":{"id":4298022446,"name":"بقالة الاشموري","type":"supermarket","category":"shopping","subcategory":"supermarket","osmType":"node","addr:street":"شارع الستين","shop":"supermarket","name:latin":"bqala al-ashmwry"}},{"type":"Feature","id":4298022464,"geometry":{"type":"Point","coordinates":[44.202290000000005,15.338030000000002]},"properties":{"id":4298022464,"name":"Alsedi Supermarket","type":"supermarket","category":"shopping","subcategory":"supermarket","osmType":"node","name:en":"Alsedi Supermarket","shop":"supermarket"}},{"type":"Feature","id":4298022488,"geometry":{"type":"Point","coordinates":[44.19505830000001,15.334303600000002]},"properties":{"id":4298022488,"name":"بقالة حي السفارات","type":"supermarket","category":"shopping","subcategory":"supermarket","osmType":"node","name:en":"Alsfarat Supermarket","shop":"supermarket"}},{"type":"Feature","id":4298022590,"geometry":{"type":"Point","coordinates":[44.18518100000001,15.345229600000001]},"properties":{"id":4298022590,"name":"بقالة السفينة","type":"supermarket","category":"shopping","subcategory":"supermarket","osmType":"node","addr:street":"شارع هائل","name:en":"Alsfena Grocery","shop":"supermarket"}},{"type":"Feature","id":4298022678,"geometry":{"type":"Point","coordinates":[44.202890000000004,15.348115000000002]},"properties":{"id":4298022678,"name":"بقالة الصلوي","type":"supermarket","category":"shopping","subcategory":"supermarket","osmType":"node","name:en":"Alswey Grocery","shop":"supermarket"}},{"type":"Feature","id":4298023634,"geometry":{"type":"Point","coordinates":[44.1890969,15.333899200000001]},"properties":{"id":4298023634,"name":"الأديمي للتجارة العامة","type":"marketplace","category":"shopping","subcategory":"marketplace","osmType":"node","addr:street":"شارع عمان","amenity":"marketplace","name:en":"Civil Service Fund"}},{"type":"Feature","id":4298025085,"geometry":{"type":"Point","coordinates":[44.192296600000006,15.338120300000002]},"properties":{"id":4298025085,"name":"تموينات أبو معاذ","type":"supermarket","category":"shopping","subcategory":"supermarket","osmType":"node","addr:street":"الخط الدائري","shop":"supermarket","name:latin":"tmwynat abw m'adh"}},{"type":"Feature","id":4298025130,"geometry":{"type":"Point","coordinates":[44.173609400000004,15.338418500000001]},"properties":{"id":4298025130,"name":"تموينات الجزيرة","type":"marketplace","category":"shopping","subcategory":"marketplace","osmType":"node","addr:city":"صنعاء","addr:street":"شارع نواكشوط","amenity":"marketplace","name:en":"aljazeera grocry","opening_hours":"Sa-Th 08:00-21:00"}},{"type":"Feature","id":4349881797,"geometry":{"type":"Point","coordinates":[44.20990320000001,15.275261900000002]},"properties":{"id":4349881797,"name":"الصيفي","type":"supermarket","category":"shopping","subcategory":"supermarket","osmType":"node","addr:street":"شارع ‏الثلاثين","name:ar":"العزيزية","name:en":"Al saifi","opening_hours":"Sa-Th 09:00-21:00","shop":"supermarket"}},{"type":"Feature","id":4349881890,"geometry":{"type":"Point","coordinates":[44.221389,15.2742035]},"properties":{"id":4349881890,"name":"سوبر ماركت الحبيشي بيت بوس","type":"supermarket","category":"shopping","subcategory":"supermarket","osmType":"node","addr:street":"شارع ‏الثلاثين","name:ar":"سوبر ماركت الحبيشي","name:en":"Alhobaishi Grocery","opening_hours":"Mo-Su 09:00-21:00","shop":"supermarket"}},{"type":"Feature","id":4349900589,"geometry":{"type":"Point","coordinates":[44.204823100000006,15.284779000000002]},"properties":{"id":4349900589,"name":"بقالة الأرض الخضراء","type":"convenience","category":"shopping","subcategory":"supermarket","osmType":"node","addr:street":"شارع الخمسين","name:ar":"بقالة الأرض الخضراء","shop":"convenience","name:latin":"bqala al-ard al-khdra'"}},{"type":"Feature","id":4354435295,"geometry":{"type":"Point","coordinates":[44.208116700000005,15.3575852]},"properties":{"id":4354435295,"name":"حديقة الطبري","type":"greengrocer","category":"shopping","subcategory":"food_shop","osmType":"node","addr:street":"شارع السايلة","name:ar":"حديقة الطبري","name:en":"Alttabri Garden","shop":"greengrocer"}},{"type":"Feature","id":4365789213,"geometry":{"type":"Point","coordinates":[44.2545318,15.437575500000001]},"properties":{"id":4365789213,"name":"بقالة رشيد للمواد الغذائية","type":"supermarket","category":"shopping","subcategory":"supermarket","osmType":"node","addr:housenumber":"01590122","addr:street":"شارع الشيخ زايد","name:ar":"بقالة رشيد للمواد الغذائية","shop":"supermarket","name:latin":"bqala rshyd llmwad al-ghdha'ya"}},{"type":"Feature","id":4365804997,"geometry":{"type":"Point","coordinates":[44.225795700000006,15.397961500000001]},"properties":{"id":4365804997,"name":"مجمع الشرق الاوسط للتموين الشامل","type":"supermarket","category":"shopping","subcategory":"supermarket","osmType":"node","addr:street":"شارع النصر","shop":"supermarket","name:latin":"mjm' al-shrq al-awst lltmwyn al-shaml"}},{"type":"Feature","id":4367702492,"geometry":{"type":"Point","coordinates":[44.22426780000001,15.330407500000002]},"properties":{"id":4367702492,"name":"محلات الصادق لمواد البناء والكهرباء","type":"convenience","category":"shopping","subcategory":"supermarket","osmType":"node","name:ar":"محلات الصادق لمواد البناء والكهرباء","shop":"convenience","name:latin":"mhlat al-sadq lmwad al-bna' walkhrba'"}},{"type":"Feature","id":4368828389,"geometry":{"type":"Point","coordinates":[44.176132700000004,15.3974632]},"properties":{"id":4368828389,"name":"طيبة هايبر ماركت","type":"supermarket","category":"shopping","subcategory":"supermarket","osmType":"node","addr:city":"صنعاء","addr:street":"شارع الستين","name:en":"Taiba Hyper Market","opening_hours":"Mo-Su 07:00-22:30","shop":"supermarket"}},{"type":"Feature","id":4368829189,"geometry":{"type":"Point","coordinates":[44.1743018,15.3887987]},"properties":{"id":4368829189,"name":"بن وبهارات المدنية","type":"convenience","category":"shopping","subcategory":"supermarket","osmType":"node","name:ar":"بن وبهارات المدنية","shop":"convenience","name:latin":"bn wbharat al-mdnya"}},{"type":"Feature","id":4371007103,"geometry":{"type":"Point","coordinates":[44.192745300000006,15.3016973]},"properties":{"id":4371007103,"name":"Goosebread","type":"convenience","category":"shopping","subcategory":"supermarket","osmType":"node","name:en":"Goosebread","shop":"convenience"}},{"type":"Feature","id":4373077798,"geometry":{"type":"Point","coordinates":[44.23070680000001,15.445162500000002]},"properties":{"id":4373077798,"name":"محلات العابد لمواد البناء والكهرباء","type":"convenience","category":"shopping","subcategory":"supermarket","osmType":"node","name:ar":"محلات العابد لمواد البناء والكهرباء","shop":"convenience","name:latin":"mhlat al-'abd lmwad al-bna' walkhrba'"}},{"type":"Feature","id":4375585395,"geometry":{"type":"Point","coordinates":[44.2249144,15.332551]},"properties":{"id":4375585395,"name":"مخازن الكوكباني مواد البناء","type":"convenience","category":"shopping","subcategory":"supermarket","osmType":"node","name:ar":"مخازن الكوكباني مواد البناء","shop":"convenience","name:latin":"mkhazn al-kwkbany mwad al-bna'"}},{"type":"Feature","id":4380050589,"geometry":{"type":"Point","coordinates":[44.219150400000004,15.3565929]},"properties":{"id":4380050589,"name":"بقالة كابع","type":"supermarket","category":"shopping","subcategory":"supermarket","osmType":"node","name:ar":"بقالة كابع","name:en":"Kabe’e Grocery","shop":"supermarket"}},{"type":"Feature","id":4382197791,"geometry":{"type":"Point","coordinates":[44.222095,15.425482700000002]},"properties":{"id":4382197791,"name":"سوق الروضة","type":"department_store","category":"shopping","subcategory":"mall","osmType":"node","name:ar":"سوق الروضة","shop":"department_store","name:latin":"swq al-rwda"}},{"type":"Feature","id":4383576393,"geometry":{"type":"Point","coordinates":[44.213742100000005,15.432013600000001]},"properties":{"id":4383576393,"name":"مجمع صنعاء للتسوق","type":"supermarket","category":"shopping","subcategory":"supermarket","osmType":"node","addr:street":"خط المطار","name:ar":"مجمع صنعاء للتسوق","shop":"supermarket","name:latin":"mjm' sn'a' lltswq"}},{"type":"Feature","id":4388514191,"geometry":{"type":"Point","coordinates":[44.221443300000004,15.331662600000001]},"properties":{"id":4388514191,"name":"سوبر ماركت النجار","type":"supermarket","category":"shopping","subcategory":"supermarket","osmType":"node","addr:street":"Ta'izz road","name:ar":"سوبر ماركت النجار","opening_hours":"24/7","shop":"supermarket","name:latin":"swbr markt al-njar"}},{"type":"Feature","id":4388528991,"geometry":{"type":"Point","coordinates":[44.220902800000005,15.333107700000001]},"properties":{"id":4388528991,"name":"احلى مول","type":"supermarket","category":"shopping","subcategory":"supermarket","osmType":"node","addr:street":"شارع 16","name:ar":"احلى مول","shop":"supermarket","name:latin":"ahla mwl"}},{"type":"Feature","id":4388529191,"geometry":{"type":"Point","coordinates":[44.2215889,15.331629600000001]},"properties":{"id":4388529191,"name":"بهارات جمال","type":"supermarket","category":"shopping","subcategory":"supermarket","osmType":"node","addr:street":"Ta'izz road","name:ar":"بهارات جمال","shop":"supermarket","name:latin":"bharat jmal"}},{"type":"Feature","id":4389043191,"geometry":{"type":"Point","coordinates":[44.2198306,15.328941600000002]},"properties":{"id":4389043191,"name":"سوبر ماركت اليافعي","type":"supermarket","category":"shopping","subcategory":"supermarket","osmType":"node","addr:street":"شارع ال 45 متر","name:ar":"سوبر ماركت اليافعي","opening_hours":"24/7","shop":"supermarket","name:latin":"swbr markt al-yaf'y"}},{"type":"Feature","id":4397875089,"geometry":{"type":"Point","coordinates":[44.196629300000005,15.3133218]},"properties":{"id":4397875089,"name":"بقالة النخلة","type":"supermarket","category":"shopping","subcategory":"supermarket","osmType":"node","addr:street":"شارع توتال","name:ar":"النخلة","name:en":"Palm Supermarket","opening_hours":"Mo-Su 09:00-21:00","shop":"supermarket"}},{"type":"Feature","id":4402544789,"geometry":{"type":"Point","coordinates":[44.1782174,15.396004800000002]},"properties":{"id":4402544789,"name":"سوبر ماركت الهادي","type":"supermarket","category":"shopping","subcategory":"supermarket","osmType":"node","addr:city":"حي النهضة","addr:street":"شارع النهضة","shop":"supermarket","name:latin":"swbr markt al-hady"}},{"type":"Feature","id":4413031998,"geometry":{"type":"Point","coordinates":[44.1973454,15.315002300000002]},"properties":{"id":4413031998,"name":"سوبر ماركت حدة مارت","type":"supermarket","category":"shopping","subcategory":"supermarket","osmType":"node","addr:street":"شارع حدة","name:ar":"سوبر ماركت حده مارت","name:en":"Haddah Mart","opening_hours":"Mo-Su 09:00-21:00","shop":"supermarket"}},{"type":"Feature","id":4424420089,"geometry":{"type":"Point","coordinates":[44.252476900000005,15.293803900000002]},"properties":{"id":4424420089,"name":"بقالة الريمي للمواد الغذائيه","type":"supermarket","category":"shopping","subcategory":"supermarket","osmType":"node","name:ar":"بقالة الريمي للمواد الغذائيه","shop":"supermarket","name:latin":"bqala al-rymy llmwad al-ghdha'yh"}},{"type":"Feature","id":4431837692,"geometry":{"type":"Point","coordinates":[44.1991255,15.3053266]},"properties":{"id":4431837692,"name":"بقالة الحمادي","type":"supermarket","category":"shopping","subcategory":"supermarket","osmType":"node","addr:city":"صنعاء","addr:street":"شارع بيروت","name:ar":"بقالة الحمادي","name:en":"Al- Hamadi grocery","opening_hours":"Sa-Th 07:00-22:00","shop":"supermarket"}},{"type":"Feature","id":4431837891,"geometry":{"type":"Point","coordinates":[44.1920975,15.293515600000001]},"properties":{"id":4431837891,"name":"اس بي سي مول","type":"supermarket","category":"shopping","subcategory":"supermarket","osmType":"node","addr:street":"شارع الخمسين","name:ar":"اس بي سي مول","name:en":"sbc mall","opening_hours":"Mo-Su 09:00-21:00","phone":"01435350","shop":"supermarket"}},{"type":"Feature","id":4431879891,"geometry":{"type":"Point","coordinates":[44.210625900000004,15.284326000000002]},"properties":{"id":4431879891,"name":"مخبز النهدين","type":"bakery","category":"shopping","subcategory":"food_shop","osmType":"node","addr:street":"شارع الخمسين","name:ar":"مخبز النهدين","name:en":"Al Nahdin Bakery","opening_hours":"Mo-Su 07:00-22:00","shop":"bakery"}},{"type":"Feature","id":4436249490,"geometry":{"type":"Point","coordinates":[44.176229000000006,15.297806800000002]},"properties":{"id":4436249490,"name":"","type":"bakery","category":"shopping","subcategory":"food_shop","osmType":"node","name:en":"golden bakery","shop":"bakery"}},{"type":"Feature","id":4472174590,"geometry":{"type":"Point","coordinates":[44.1903365,15.3039453]},"properties":{"id":4472174590,"name":"","type":"bakery","category":"shopping","subcategory":"food_shop","osmType":"node","name:ar":"المخبز","shop":"bakery","name:latin":"al-mkhbz"}},{"type":"Feature","id":4473010721,"geometry":{"type":"Point","coordinates":[44.197182600000005,15.346828900000002]},"properties":{"id":4473010721,"name":"السوق المركزي","type":"greengrocer","category":"shopping","subcategory":"food_shop","osmType":"node","name:ar":"السوق المركزي","shop":"greengrocer","name:latin":"al-swq al-mrkzy"}},{"type":"Feature","id":4473108692,"geometry":{"type":"Point","coordinates":[44.192441300000006,15.366694200000001]},"properties":{"id":4473108692,"name":"ابو اوسان","type":"supermarket","category":"shopping","subcategory":"supermarket","osmType":"node","name:ar":"ابو اوسان","shop":"supermarket","name:latin":"abw awsan"}},{"type":"Feature","id":4473108698,"geometry":{"type":"Point","coordinates":[44.18886320000001,15.3557608]},"properties":{"id":4473108698,"name":"الشفاء للعسل","type":"convenience","category":"shopping","subcategory":"supermarket","osmType":"node","addr:street":"الخط الدائري","name:en":"AlShefa for honey","shop":"convenience"}},{"type":"Feature","id":4476270893,"geometry":{"type":"Point","coordinates":[44.216596300000006,15.364616400000001]},"properties":{"id":4476270893,"name":"المحسن للتجارة العامة وكيل محركات اريان","type":"convenience","category":"shopping","subcategory":"supermarket","osmType":"node","addr:housenumber":"1 221884","addr:postcode":"1809","addr:street":"شارع الشيخ زايد","email":"almohseng.t@gmail.com","internet_access":"wlan","name:ar":"المحسن للتجارة العامة","name:en":"Almohsen general trading","opening_hours":"Sa-Th 08:00-22:00; Fr 16:00-22:00","phone":"01221884","shop":"convenience"}},{"type":"Feature","id":4493523291,"geometry":{"type":"Point","coordinates":[44.222717100000004,15.3496614]},"properties":{"id":4493523291,"name":"مسلخ دجاج","type":"butcher","category":"shopping","subcategory":"food_shop","osmType":"node","name:ar":"مسلخ دجاج","shop":"butcher","name:latin":"mslkh djaj"}},{"type":"Feature","id":4511121089,"geometry":{"type":"Point","coordinates":[44.24804150000001,15.234932]},"properties":{"id":4511121089,"name":"بقالة الحرمين","type":"supermarket","category":"shopping","subcategory":"supermarket","osmType":"node","addr:street":"ش 28","name:ar":"بقالة الحرمين","shop":"supermarket","name:latin":"bqala al-hrmyn"}},{"type":"Feature","id":4522655892,"geometry":{"type":"Point","coordinates":[44.207118900000005,15.405962400000002]},"properties":{"id":4522655892,"name":"مسلخ دجاج","type":"butcher","category":"shopping","subcategory":"food_shop","osmType":"node","name:ar":"مسلخ دجاج","shop":"butcher","name:latin":"mslkh djaj"}},{"type":"Feature","id":4533821394,"geometry":{"type":"Point","coordinates":[44.2081822,15.276166500000002]},"properties":{"id":4533821394,"name":"مجمع القريه للمواد الغذائيه","type":"supermarket","category":"shopping","subcategory":"supermarket","osmType":"node","addr:street":"شارع الاربعين","internet_access":"wlan","name:ar":"مجمع القريه للمواد الغذائيه","name:en":"Alqaria complex for soft foods","opening_hours":"Mo-Su 07:15-23:00","shop":"supermarket"}},{"type":"Feature","id":4535240392,"geometry":{"type":"Point","coordinates":[44.18611550000001,15.346920700000002]},"properties":{"id":4535240392,"name":"سوق القات العنسي هايل","type":"greengrocer","category":"shopping","subcategory":"food_shop","osmType":"node","addr:street":"شارع هائل","fixme":"name, name:ar mismatch. name, name:ar mismatch. name, name:ar mismatch.","name:ar":"سوق هايل للقات العنسي","name:en":"Qat market","shop":"greengrocer"}},{"type":"Feature","id":4540986191,"geometry":{"type":"Point","coordinates":[44.219885000000005,15.280671800000002]},"properties":{"id":4540986191,"name":"بهارات سمراء عدن","type":"department_store","category":"shopping","subcategory":"mall","osmType":"node","addr:city":"صنعاء","addr:street":"شارع الأربعين","name:ar":"بهارات سمراء عدن","name:en":"Samra'a Aden","opening_hours":"Mo-Su 09:00-22:00","shop":"department_store"}},{"type":"Feature","id":4550631890,"geometry":{"type":"Point","coordinates":[44.1834877,15.3394089]},"properties":{"id":4550631890,"name":"سوبر ماركت السفير","type":"supermarket","category":"shopping","subcategory":"supermarket","osmType":"node","addr:city":"صنعاء","addr:street":"شارع نواكشوط","shop":"supermarket","name:latin":"swbr markt al-sfyr"}},{"type":"Feature","id":4551224890,"geometry":{"type":"Point","coordinates":[44.212743,15.3423253]},"properties":{"id":4551224890,"name":"شهاب جعدان واخوانة لمواد البناء والكهربا والورش","type":"convenience","category":"shopping","subcategory":"supermarket","osmType":"node","addr:housenumber":"01242883","addr:street":"Ring RD","name:ar":"شهاب جعدان واخوانة لمواد البناء والكهربا والورش","opening_hours":"Mo-Su 07:00-23:00","shop":"convenience","name:latin":"shhab j'dan wakhwana lmwad al-bna' walkhrba walwrsh"}},{"type":"Feature","id":4551225489,"geometry":{"type":"Point","coordinates":[44.2109905,15.3420207]},"properties":{"id":4551225489,"name":"فرع محلات شهاب جعدان واخوانة لمواد البناء","type":"convenience","category":"shopping","subcategory":"supermarket","osmType":"node","addr:street":"شارع البليلي","internet_access":"wlan","name:ar":"فرع محلات شهاب جعدان واخوانة لمواد البناء","phone":"773286624","shop":"convenience","name:latin":"fr' mhlat shhab j'dan wakhwana lmwad al-bna'"}},{"type":"Feature","id":4560139291,"geometry":{"type":"Point","coordinates":[44.2201128,15.279233900000001]},"properties":{"id":4560139291,"name":"بهارات الشام","type":"supermarket","category":"shopping","subcategory":"supermarket","osmType":"node","addr:city":"صنعاء","addr:street":"شارع الاربعين","name:ar":"بهارات الشام","name:en":"Asham for spices","opening_hours":"Mo-Su 09:00-22:00","shop":"supermarket"}},{"type":"Feature","id":4577928891,"geometry":{"type":"Point","coordinates":[44.223558100000005,15.320747200000001]},"properties":{"id":4577928891,"name":"سوبر ماركت اليعفري","type":"supermarket","category":"shopping","subcategory":"supermarket","osmType":"node","internet_access":"wlan","name:ar":"سوبر ماركت اليعفري","name:en":"Alyafoury supermarket","opening_hours":"Mo-Su 06:00-22:00","shop":"supermarket"}},{"type":"Feature","id":4580717693,"geometry":{"type":"Point","coordinates":[44.229771500000005,15.386989300000002]},"properties":{"id":4580717693,"name":"بقالة نابت","type":"supermarket","category":"shopping","subcategory":"supermarket","osmType":"node","name:ar":"بقالة نابت","shop":"supermarket","name:latin":"bqala nabt"}},{"type":"Feature","id":4581229097,"geometry":{"type":"Point","coordinates":[44.229877800000004,15.3855312]},"properties":{"id":4581229097,"name":"بقالة عوض","type":"supermarket","category":"shopping","subcategory":"supermarket","osmType":"node","name:ar":"بقالة عوض","shop":"supermarket","name:latin":"bqala 'wd"}},{"type":"Feature","id":4581247296,"geometry":{"type":"Point","coordinates":[44.22996560000001,15.385529600000002]},"properties":{"id":4581247296,"name":"بقالة سمير","type":"supermarket","category":"shopping","subcategory":"supermarket","osmType":"node","name:ar":"بقالة سمير","shop":"supermarket","name:latin":"bqala smyr"}},{"type":"Feature","id":4581290996,"geometry":{"type":"Point","coordinates":[44.23071040000001,15.385583900000002]},"properties":{"id":4581290996,"name":"بقالة الخير","type":"supermarket","category":"shopping","subcategory":"supermarket","osmType":"node","name:ar":"بقالة الخير","name:en":"Alkheer grocery","shop":"supermarket"}},{"type":"Feature","id":4581290999,"geometry":{"type":"Point","coordinates":[44.2298084,15.3855312]},"properties":{"id":4581290999,"name":"بقالة عُبادي","type":"greengrocer","category":"shopping","subcategory":"food_shop","osmType":"node","name:ar":"بقالة عُبادي","shop":"greengrocer","name:latin":"bqala 'bady"}},{"type":"Feature","id":4581291000,"geometry":{"type":"Point","coordinates":[44.231325500000004,15.379231400000002]},"properties":{"id":4581291000,"name":"aghadir supermarket","type":"supermarket","category":"shopping","subcategory":"supermarket","osmType":"node","addr:city":"صنعاء","addr:street":"شارع النصر","name:ar":"سوبر ماركت أغادير","name:en":"aghadir supermarket","shop":"supermarket"}},{"type":"Feature","id":4581291001,"geometry":{"type":"Point","coordinates":[44.230872100000006,15.387359600000002]},"properties":{"id":4581291001,"name":"بقالة طيبة","type":"supermarket","category":"shopping","subcategory":"supermarket","osmType":"node","name:ar":"بقالة طيبة","name:en":"Taybah grocery","shop":"supermarket"}},{"type":"Feature","id":4581305390,"geometry":{"type":"Point","coordinates":[44.2309612,15.383652000000001]},"properties":{"id":4581305390,"name":"مجمع الوصابي الغذائي","type":"supermarket","category":"shopping","subcategory":"supermarket","osmType":"node","addr:street":"شارع النصر","name:ar":"مجمع النصر الغذائي","name:en":"Alwessaby supermarket","shop":"supermarket"}},{"type":"Feature","id":4581305392,"geometry":{"type":"Point","coordinates":[44.230721100000004,15.385830400000001]},"properties":{"id":4581305392,"name":"البيت العربي للبهارات","type":"supermarket","category":"shopping","subcategory":"supermarket","osmType":"node","addr:street":"شارع النصر","name:ar":"البيت العربي للبهارات","name:en":"Albeet Alaraby spicery shop","shop":"supermarket"}},{"type":"Feature","id":4581305891,"geometry":{"type":"Point","coordinates":[44.2291984,15.377366900000002]},"properties":{"id":4581305891,"name":"بقالة السلام","type":"supermarket","category":"shopping","subcategory":"supermarket","osmType":"node","addr:street":"المدينة السكنية","name:ar":"بقالة السلام","shop":"supermarket","name:latin":"bqala al-slam"}},{"type":"Feature","id":4581308489,"geometry":{"type":"Point","coordinates":[44.231709,15.377024600000002]},"properties":{"id":4581308489,"name":"مخبز","type":"bakery","category":"shopping","subcategory":"food_shop","osmType":"node","name:ar":"مخبز","name:en":"Bakery","shop":"bakery"}},{"type":"Feature","id":4582334098,"geometry":{"type":"Point","coordinates":[44.214868,15.279470400000001]},"properties":{"id":4582334098,"name":"سوبر ماركت الصخره","type":"supermarket","category":"shopping","subcategory":"supermarket","osmType":"node","name:ar":"سوبر ماركت الصخره","name:en":"Alshakhra Supermarket","shop":"supermarket"}},{"type":"Feature","id":4582804789,"geometry":{"type":"Point","coordinates":[44.2292331,15.387448200000001]},"properties":{"id":4582804789,"name":"بقالة","type":"supermarket","category":"shopping","subcategory":"supermarket","osmType":"node","name:ar":"بقالة","shop":"supermarket","name:latin":"bqala"}},{"type":"Feature","id":4582804790,"geometry":{"type":"Point","coordinates":[44.227049300000004,15.383303600000001]},"properties":{"id":4582804790,"name":"مخبز","type":"bakery","category":"shopping","subcategory":"food_shop","osmType":"node","name:ar":"مخبز","name:en":"Bakery","shop":"bakery"}},{"type":"Feature","id":4582806089,"geometry":{"type":"Point","coordinates":[44.227311400000005,15.384312900000001]},"properties":{"id":4582806089,"name":"بقالة","type":"supermarket","category":"shopping","subcategory":"supermarket","osmType":"node","name:ar":"بقالة","shop":"supermarket","name:latin":"bqala"}},{"type":"Feature","id":4582892190,"geometry":{"type":"Point","coordinates":[44.229281300000004,15.385624000000002]},"properties":{"id":4582892190,"name":"بقالة","type":"supermarket","category":"shopping","subcategory":"supermarket","osmType":"node","name:ar":"بقالة","shop":"supermarket","name:latin":"bqala"}},{"type":"Feature","id":4582939689,"geometry":{"type":"Point","coordinates":[44.22837930000001,15.385688900000002]},"properties":{"id":4582939689,"name":"بقالة","type":"supermarket","category":"shopping","subcategory":"supermarket","osmType":"node","name:ar":"بقالة","shop":"supermarket","name:latin":"bqala"}},{"type":"Feature","id":4609908196,"geometry":{"type":"Point","coordinates":[44.1970651,15.3606507]},"properties":{"id":4609908196,"name":"بقالة اوسان","type":"supermarket","category":"shopping","subcategory":"supermarket","osmType":"node","addr:street":"شارع إبن الأمير","name:ar":"بقالة اوسان","name:en":"Awsan mine market","opening_hours":"Mo-Su 09:00-23:00","shop":"supermarket"}},{"type":"Feature","id":4609976289,"geometry":{"type":"Point","coordinates":[44.19712990000001,15.360406200000002]},"properties":{"id":4609976289,"name":"بقالة باب الروم","type":"supermarket","category":"shopping","subcategory":"supermarket","osmType":"node","addr:street":"شارع إبن الأمير","name:ar":"بقالة باب الروم","name:en":"Bab alrom","opening_hours":"24/7","shop":"supermarket"}},{"type":"Feature","id":4609977189,"geometry":{"type":"Point","coordinates":[44.197085,15.360433100000002]},"properties":{"id":4609977189,"name":"مخبز الهياجم","type":"bakery","category":"shopping","subcategory":"food_shop","osmType":"node","addr:street":"شارع إبن الأمير","name:ar":"مخبز الهياجم","name:en":"Alhyajm","shop":"bakery"}},{"type":"Feature","id":4623288290,"geometry":{"type":"Point","coordinates":[44.2155374,15.438645100000002]},"properties":{"id":4623288290,"name":"سوق سبا التجاري","type":"convenience","category":"shopping","subcategory":"supermarket","osmType":"node","addr:street":"خط المطار","name:ar":"سوق سبا التجاري","shop":"convenience","name:latin":"swq sba al-tjary"}},{"type":"Feature","id":4717337703,"geometry":{"type":"Point","coordinates":[44.184401400000006,15.348427100000002]},"properties":{"id":4717337703,"name":"ستي مول","type":"supermarket","category":"shopping","subcategory":"supermarket","osmType":"node","addr:street":"شارع هائل","name:ar":"ستي مول","shop":"supermarket","name:latin":"sty mwl"}},{"type":"Feature","id":4719363703,"geometry":{"type":"Point","coordinates":[44.1979545,15.334507000000002]},"properties":{"id":4719363703,"name":"بهارات سمراء عدن","type":"supermarket","category":"shopping","subcategory":"supermarket","osmType":"node","addr:street":"شارع حدة","name:ar":"بهارات سمراء عدن","name:en":"Samra'a Aden Spice","opening_hours":"Sa-Th 09:00-22:00","phone":"01444164","shop":"supermarket"}},{"type":"Feature","id":4719486889,"geometry":{"type":"Point","coordinates":[44.2087093,15.348853400000001]},"properties":{"id":4719486889,"name":"الخامري للبطاريات - المركز الرئيسي","type":"convenience","category":"shopping","subcategory":"supermarket","osmType":"node","name:ar":"الخامري للبطاريات - المركز الرئيسي","shop":"convenience","name:latin":"al-khamry llbtaryat - al-mrkz al-r'ysy"}},{"type":"Feature","id":4719516390,"geometry":{"type":"Point","coordinates":[44.21167930000001,15.345848600000002]},"properties":{"id":4719516390,"name":"صابر الدجرة لبيع القات الارحبي العال","type":"convenience","category":"shopping","subcategory":"supermarket","osmType":"node","name:ar":"صابر الدجرة لبيع القات الارحبي العال","phone":"+967 777 585 566","shop":"convenience","name:latin":"sabr al-djra lby' al-qat al-arhby al-'al"}},{"type":"Feature","id":4719528389,"geometry":{"type":"Point","coordinates":[44.2104779,15.346970500000001]},"properties":{"id":4719528389,"name":"بقالة الوليد","type":"supermarket","category":"shopping","subcategory":"supermarket","osmType":"node","alt_name":"بقالة محمد نعمان","fixme":"name, name:ar mismatch. name, name:ar mismatch. name, name:ar mismatch.","shop":"supermarket","name:latin":"bqala al-wlyd"}},{"type":"Feature","id":4722477695,"geometry":{"type":"Point","coordinates":[44.25404520000001,15.4381368]},"properties":{"id":4722477695,"name":"طاحون مهدي الصليحي","type":"bakery","category":"shopping","subcategory":"food_shop","osmType":"node","name:ar":"طاحون مهدي الصليحي","shop":"bakery","name:latin":"tahwn mhdy al-slyhy"}},{"type":"Feature","id":4723959390,"geometry":{"type":"Point","coordinates":[44.2103036,15.3459502]},"properties":{"id":4723959390,"name":"بقالة انور الصلوي","type":"supermarket","category":"shopping","subcategory":"supermarket","osmType":"node","name:ar":"بقالة انور الصلوي","shop":"supermarket","name:latin":"bqala anwr al-slwy"}},{"type":"Feature","id":4723964093,"geometry":{"type":"Point","coordinates":[44.2105764,15.346696800000002]},"properties":{"id":4723964093,"name":"الركن الملكي لتزيين السيارات وتنسيق حفلات الزفاف","type":"convenience","category":"shopping","subcategory":"supermarket","osmType":"node","name:ar":"الركن الملكي لتزيين السيارات وتنسيق حفلات الزفاف","shop":"convenience","name:latin":"al-rkn al-mlky ltzyyn al-syarat wtnsyq hflat al-zfaf"}},{"type":"Feature","id":4723987589,"geometry":{"type":"Point","coordinates":[44.2152832,15.335926800000001]},"properties":{"id":4723987589,"name":"الخامري للبطاريات - فرع الصافية","type":"convenience","category":"shopping","subcategory":"supermarket","osmType":"node","addr:street":"الصافية","name:ar":"الخامري للبطاريات - فرع الصافية","name:en":"Alkhameri Batteries Alsafia","opening_hours":"Sa-Th 09:00-20:10","shop":"convenience"}},{"type":"Feature","id":4729304000,"geometry":{"type":"Point","coordinates":[44.213433300000005,15.397620800000002]},"properties":{"id":4729304000,"name":"مخابز الأنصار الفرنسية","type":"bakery","category":"shopping","subcategory":"food_shop","osmType":"node","name:ar":"مخابز الأنصار الفرنسية","shop":"bakery","name:latin":"mkhabz al-ansar al-frnsya"}},{"type":"Feature","id":4729343190,"geometry":{"type":"Point","coordinates":[44.213491100000006,15.397261300000002]},"properties":{"id":4729343190,"name":"تموينات الامجاد للمواد الغذائية","type":"supermarket","category":"shopping","subcategory":"supermarket","osmType":"node","name:ar":"تموينات الامجاد للمواد الغذائية","shop":"supermarket","name:latin":"tmwynat al-amjad llmwad al-ghdha'ya"}},{"type":"Feature","id":4733690821,"geometry":{"type":"Point","coordinates":[44.2496548,15.426757600000002]},"properties":{"id":4733690821,"name":"بقالة صرف","type":"supermarket","category":"shopping","subcategory":"supermarket","osmType":"node","name:ar":"بقالة صرف","shop":"supermarket","name:latin":"bqala srf"}},{"type":"Feature","id":4740248524,"geometry":{"type":"Point","coordinates":[44.1840028,15.3514849]},"properties":{"id":4740248524,"name":"انوار الجنتين للتجارة","type":"convenience","category":"shopping","subcategory":"supermarket","osmType":"node","addr:housenumber":"219198","addr:street":"شارع هائل","description":"لبيع مواد الكهرباء والطاقه الشمسية","email":"aadb35@gmail.com","name:ar":"انوار الجنتين للتجارة","opening_hours":"24/7","phone":"777261500","shop":"convenience","name:latin":"anwar al-jntyn lltjara"}},{"type":"Feature","id":4740280622,"geometry":{"type":"Point","coordinates":[44.18274950000001,15.357012800000001]},"properties":{"id":4740280622,"name":"فرع انوار الجنتين للكهرباء","type":"convenience","category":"shopping","subcategory":"supermarket","osmType":"node","addr:housenumber":"01473834","addr:street":"شارع هائل","name:ar":"فرع انوار الجنتين للكهرباء","opening_hours":"24/7","phone":"473834","shop":"convenience","name:latin":"fr' anwar al-jntyn llkhrba'"}},{"type":"Feature","id":4741334722,"geometry":{"type":"Point","coordinates":[44.18320920000001,15.3593705]},"properties":{"id":4741334722,"name":"سوق الرقاص للقات","type":"convenience","category":"shopping","subcategory":"supermarket","osmType":"node","name:ar":"سوق الرقاص للقات","shop":"convenience","name:latin":"swq al-rqas llqat"}},{"type":"Feature","id":4753990321,"geometry":{"type":"Point","coordinates":[44.1826293,15.3463007]},"properties":{"id":4753990321,"name":"مركز سنان","type":"convenience","category":"shopping","subcategory":"supermarket","osmType":"node","addr:street":"شارع الوحدة","name:ar":"مركز سنان","shop":"convenience","name:latin":"mrkz snan"}},{"type":"Feature","id":4756614421,"geometry":{"type":"Point","coordinates":[44.16286770000001,15.3460373]},"properties":{"id":4756614421,"name":"بقاله ابو حسام","type":"supermarket","category":"shopping","subcategory":"supermarket","osmType":"node","name:ar":"بقاله ابو حسام","name:en":"Abuhusam","shop":"supermarket"}},{"type":"Feature","id":4761633022,"geometry":{"type":"Point","coordinates":[44.205721100000005,15.277159700000002]},"properties":{"id":4761633022,"name":"سوبر ماركت سد كمران","type":"supermarket","category":"shopping","subcategory":"supermarket","osmType":"node","addr:street":"شارع ‏الثلاثين","internet_access":"wlan","name:ar":"سوبر ماركت سد كمران","name:en":"Sadd Kamaran supermarket","opening_hours":"Mo-Su 10:00-22:00","shop":"supermarket"}},{"type":"Feature","id":4786254529,"geometry":{"type":"Point","coordinates":[44.217746000000005,15.380615500000001]},"properties":{"id":4786254529,"name":"سوق الجبلي","type":"supermarket","category":"shopping","subcategory":"supermarket","osmType":"node","name:ar":"سوق الجبلي","shop":"supermarket","name:latin":"swq al-jbly"}},{"type":"Feature","id":4790707524,"geometry":{"type":"Point","coordinates":[44.2207227,15.356922]},"properties":{"id":4790707524,"name":"النويدي للحوح الصنعاني","type":"bakery","category":"shopping","subcategory":"food_shop","osmType":"node","name:ar":"النويدي للحوح الصنعاني","shop":"bakery","name:latin":"al-nwydy llhwh al-sn'any"}},{"type":"Feature","id":4790743221,"geometry":{"type":"Point","coordinates":[44.2252517,15.390873200000001]},"properties":{"id":4790743221,"name":"سوق بعثر","type":"supermarket","category":"shopping","subcategory":"supermarket","osmType":"node","name:ar":"سوق بعثر","shop":"supermarket","name:latin":"swq b'thr"}},{"type":"Feature","id":4809094121,"geometry":{"type":"Point","coordinates":[44.19579,15.367848500000001]},"properties":{"id":4809094121,"name":"تركي للتجارة والاعلان","type":"convenience","category":"shopping","subcategory":"supermarket","osmType":"node","email":"torkey.info@gmail.com","name:ar":"تركي للتجارة والاعلان","name:en":"Torkey Trading & Advertising","opening_hours":"Sa-Th 09:00-12:30, 15:30-22:30","phone":"777182099","shop":"convenience"}},{"type":"Feature","id":4811076023,"geometry":{"type":"Point","coordinates":[44.198334800000005,15.351994900000001]},"properties":{"id":4811076023,"name":"بقاله منير القريضي","type":"supermarket","category":"shopping","subcategory":"supermarket","osmType":"node","name:ar":"بقاله منير القريضي","shop":"supermarket","name:latin":"bqalh mnyr al-qrydy"}},{"type":"Feature","id":4811118430,"geometry":{"type":"Point","coordinates":[44.1868465,15.357862]},"properties":{"id":4811118430,"name":"سوبرماركت","type":"supermarket","category":"shopping","subcategory":"supermarket","osmType":"node","addr:street":"شارع الرقاص","name:en":"supermarket","shop":"supermarket"}},{"type":"Feature","id":4811140031,"geometry":{"type":"Point","coordinates":[44.182740100000004,15.358075900000001]},"properties":{"id":4811140031,"name":"بقاله","type":"supermarket","category":"shopping","subcategory":"supermarket","osmType":"node","name:ar":"بقاله","shop":"supermarket","name:latin":"bqalh"}},{"type":"Feature","id":4811140526,"geometry":{"type":"Point","coordinates":[44.1847611,15.357700000000001]},"properties":{"id":4811140526,"name":"سوبرماركت","type":"supermarket","category":"shopping","subcategory":"supermarket","osmType":"node","addr:street":"شارع الرقاص","name:en":"supermarket","shop":"supermarket"}},{"type":"Feature","id":4811141422,"geometry":{"type":"Point","coordinates":[44.1866259,15.357881800000001]},"properties":{"id":4811141422,"name":"سوبرماركت","type":"supermarket","category":"shopping","subcategory":"supermarket","osmType":"node","addr:street":"شارع الرقاص","name:en":"supermarket","shop":"supermarket"}},{"type":"Feature","id":4811147822,"geometry":{"type":"Point","coordinates":[44.183227,15.358842600000001]},"properties":{"id":4811147822,"name":"مسلخ دجاج","type":"butcher","category":"shopping","subcategory":"food_shop","osmType":"node","name:ar":"مسلخ دجاج","shop":"butcher","name:latin":"mslkh djaj"}},{"type":"Feature","id":4811152223,"geometry":{"type":"Point","coordinates":[44.199818900000004,15.3522718]},"properties":{"id":4811152223,"name":"بقالة الوصابي","type":"supermarket","category":"shopping","subcategory":"supermarket","osmType":"node","name:ar":"بقالة الوصابي","shop":"supermarket","name:latin":"bqala al-wsaby"}},{"type":"Feature","id":4811152224,"geometry":{"type":"Point","coordinates":[44.196289900000004,15.3486191]},"properties":{"id":4811152224,"name":"سوق الخضروات والفواكه","type":"greengrocer","category":"shopping","subcategory":"food_shop","osmType":"node","name:ar":"سوق الخضروات والفواكه","name:en":"fruits and vegetables shop","shop":"greengrocer"}},{"type":"Feature","id":4811163622,"geometry":{"type":"Point","coordinates":[44.1830566,15.358987200000001]},"properties":{"id":4811163622,"name":"ملحمة بقري غنمي تيوس","type":"butcher","category":"shopping","subcategory":"food_shop","osmType":"node","name:ar":"ملحمة بقري غنمي تيوس","name:en":"fresh meet Slaughterhouse","shop":"butcher"}},{"type":"Feature","id":4811163723,"geometry":{"type":"Point","coordinates":[44.18312830000001,15.358460200000001]},"properties":{"id":4811163723,"name":"سوق خضار شامل","type":"greengrocer","category":"shopping","subcategory":"food_shop","osmType":"node","name:ar":"سوق خضار شامل","shop":"greengrocer","name:latin":"swq khdar shaml"}},{"type":"Feature","id":4811192821,"geometry":{"type":"Point","coordinates":[44.199559,15.3522206]},"properties":{"id":4811192821,"name":"معمل بهارات سمراء عدن","type":"department_store","category":"shopping","subcategory":"mall","osmType":"node","name:ar":"معمل بهارات سمراء عدن","shop":"department_store","name:latin":"m'ml bharat smra' 'dn"}},{"type":"Feature","id":4811192822,"geometry":{"type":"Point","coordinates":[44.195840700000005,15.350391400000001]},"properties":{"id":4811192822,"name":"مقوات القاع","type":"convenience","category":"shopping","subcategory":"supermarket","osmType":"node","name:ar":"مقوات القاع","shop":"convenience","name:latin":"mqwat al-qa'"}},{"type":"Feature","id":4811264043,"geometry":{"type":"Point","coordinates":[44.198630200000004,15.351619900000001]},"properties":{"id":4811264043,"name":"بقالة","type":"department_store","category":"shopping","subcategory":"mall","osmType":"node","name:ar":"بقالة","shop":"department_store","name:latin":"bqala"}},{"type":"Feature","id":4811264044,"geometry":{"type":"Point","coordinates":[44.188250700000005,15.357495600000002]},"properties":{"id":4811264044,"name":"بقاله حميد","type":"supermarket","category":"shopping","subcategory":"supermarket","osmType":"node","name:ar":"بقاله حميد","name:en":"Hameed grocery","shop":"supermarket"}},{"type":"Feature","id":4821220421,"geometry":{"type":"Point","coordinates":[44.1800183,15.3573613]},"properties":{"id":4821220421,"name":"الدعيس","type":"supermarket","category":"shopping","subcategory":"supermarket","osmType":"node","addr:street":"شارع الرقاص","name:ar":"الدعيس","shop":"supermarket","name:latin":"al-d'ys"}},{"type":"Feature","id":4876546222,"geometry":{"type":"Point","coordinates":[44.192578100000006,15.422444400000002]},"properties":{"id":4876546222,"name":"","type":"department_store","category":"shopping","subcategory":"mall","osmType":"node","shop":"department_store"}},{"type":"Feature","id":4914875921,"geometry":{"type":"Point","coordinates":[44.248795900000005,15.236283100000001]},"properties":{"id":4914875921,"name":"تموينات الفارس","type":"supermarket","category":"shopping","subcategory":"supermarket","osmType":"node","addr:street":"الفارس","email":"ssaagogo40@gmail.com","name:ar":"تموينات الفارس","name:en":"Shop ALFARIS","opening_hours":"Mo-Su 07:00-21:30","phone":"+967774442713","shop":"supermarket","website":"http://Alkingfaris.Sarahah.com"}},{"type":"Feature","id":4915715022,"geometry":{"type":"Point","coordinates":[44.1735206,15.359119000000002]},"properties":{"id":4915715022,"name":"سوق السنينة","type":"convenience","category":"shopping","subcategory":"supermarket","osmType":"node","addr:street":"شارع الستين","name:ar":"سوق السنينه لبيع القات","opening_hours":"Mo-Su 11:00-21:00","shop":"convenience","name:latin":"swq al-snyna"}},{"type":"Feature","id":4932840921,"geometry":{"type":"Point","coordinates":[44.245174000000006,15.377171200000001]},"properties":{"id":4932840921,"name":"ظمران سنتر","type":"supermarket","category":"shopping","subcategory":"supermarket","osmType":"node","addr:city":"صنعاء","addr:street":"شارع الأربعين","shop":"supermarket","name:latin":"zmran sntr"}},{"type":"Feature","id":4932841021,"geometry":{"type":"Point","coordinates":[44.2397118,15.384667900000002]},"properties":{"id":4932841021,"name":"مصنع الصلاهم الاتوماتيكي للبلك","type":"convenience","category":"shopping","subcategory":"supermarket","osmType":"node","name:ar":"مصنع الصلاهم الاتوماتيكي للبلك","shop":"convenience","name:latin":"msn' al-slahm al-atwmatyky llblk"}},{"type":"Feature","id":4932841022,"geometry":{"type":"Point","coordinates":[44.1881488,15.425267200000002]},"properties":{"id":4932841022,"name":"مصنع الصلاهم الاوتوماتيكي للبلك","type":"convenience","category":"shopping","subcategory":"supermarket","osmType":"node","addr:street":"طريق صنعاء - عمران - صعدة","name:ar":"مصنع الصلاهم الاوتوماتيكي للبلك","shop":"convenience","name:latin":"msn' al-slahm al-awtwmatyky llblk"}},{"type":"Feature","id":4945610121,"geometry":{"type":"Point","coordinates":[44.2253629,15.3641041]},"properties":{"id":4945610121,"name":"بقالة البطل","type":"supermarket","category":"shopping","subcategory":"supermarket","osmType":"node","addr:street":"شارع مسيك","name:ar":"بقالة البطل","name:en":"Albattal grocery","shop":"supermarket"}},{"type":"Feature","id":4946269723,"geometry":{"type":"Point","coordinates":[44.23015410000001,15.393691800000001]},"properties":{"id":4946269723,"name":"بقالة اللواء الاخضر","type":"supermarket","category":"shopping","subcategory":"supermarket","osmType":"node","name:ar":"بقالة اللواء الاخضر","shop":"supermarket","name:latin":"bqala al-lwa' al-akhdr"}},{"type":"Feature","id":4954916622,"geometry":{"type":"Point","coordinates":[44.17946130000001,15.302348300000002]},"properties":{"id":4954916622,"name":"سوق قات","type":"supermarket","category":"shopping","subcategory":"supermarket","osmType":"node","addr:street":"شارع حدة","name:ar":"سوق قات","name:en":"Haddah Qat Market","shop":"supermarket"}},{"type":"Feature","id":4960074721,"geometry":{"type":"Point","coordinates":[44.1851488,15.348638300000001]},"properties":{"id":4960074721,"name":"ابراهيم الدبعي للاقمشة","type":"convenience","category":"shopping","subcategory":"supermarket","osmType":"node","addr:street":"شارع هائل","name:ar":"جوب فايندر للتوظيف","name:en":"Jobs finder","shop":"convenience"}},{"type":"Feature","id":4960075221,"geometry":{"type":"Point","coordinates":[44.184713200000004,15.348504100000001]},"properties":{"id":4960075221,"name":"بقالة الغزالي","type":"convenience","category":"shopping","subcategory":"supermarket","osmType":"node","addr:street":"شارع هائل","name:ar":"بقالة الغزالي","shop":"convenience","name:latin":"bqala al-ghzaly"}},{"type":"Feature","id":4967048026,"geometry":{"type":"Point","coordinates":[44.185005800000006,15.348080900000001]},"properties":{"id":4967048026,"name":"بقالة الصلاحي","type":"convenience","category":"shopping","subcategory":"supermarket","osmType":"node","addr:street":"شارع هائل","name:ar":"بقالة الصلاحي","shop":"convenience","name:latin":"bqala al-slahy"}},{"type":"Feature","id":4967048123,"geometry":{"type":"Point","coordinates":[44.184747800000004,15.3486477]},"properties":{"id":4967048123,"name":"بقالة الدعيس","type":"convenience","category":"shopping","subcategory":"supermarket","osmType":"node","addr:street":"شارع هائل","name:ar":"بقالة الدعيس","shop":"convenience","name:latin":"bqala al-d'ys"}},{"type":"Feature","id":4967055721,"geometry":{"type":"Point","coordinates":[44.1848291,15.348526800000002]},"properties":{"id":4967055721,"name":"مخبز الدعيس","type":"bakery","category":"shopping","subcategory":"food_shop","osmType":"node","addr:street":"شارع هائل","name:ar":"مخبز الدعيس","shop":"bakery","name:latin":"mkhbz al-d'ys"}},{"type":"Feature","id":4969195923,"geometry":{"type":"Point","coordinates":[44.184932100000005,15.346672300000002]},"properties":{"id":4969195923,"name":"كنج ماركت","type":"supermarket","category":"shopping","subcategory":"supermarket","osmType":"node","addr:street":"شارع هائل","shop":"supermarket","name:latin":"knj markt"}},{"type":"Feature","id":4970896023,"geometry":{"type":"Point","coordinates":[44.199726000000005,15.339847200000001]},"properties":{"id":4970896023,"name":"شركه فيلبس","type":"department_store","category":"shopping","subcategory":"mall","osmType":"node","addr:street":"شارع مجاهد","email":"info@alzubairi.com","name:ar":"شركه فيلبس","name:en":"Philips Company","operator":"Alzubairi","phone":"01510220","shop":"department_store","website":"https://www.alzubairi.com/"}},{"type":"Feature","id":4972293126,"geometry":{"type":"Point","coordinates":[44.230819600000004,15.315803]},"properties":{"id":4972293126,"name":"الأمل","type":"supermarket","category":"shopping","subcategory":"supermarket","osmType":"node","name:ar":"الأمل","shop":"supermarket","name:latin":"al-aml"}},{"type":"Feature","id":4972592521,"geometry":{"type":"Point","coordinates":[44.2159824,15.281271300000002]},"properties":{"id":4972592521,"name":"الشرعبي","type":"supermarket","category":"shopping","subcategory":"supermarket","osmType":"node","name:ar":"الشرعبي","name:en":"Alsharaby","operator":"Ayad Alsharaby","phone":"01679206","shop":"supermarket"}},{"type":"Feature","id":4980171621,"geometry":{"type":"Point","coordinates":[44.230755200000004,15.315494200000002]},"properties":{"id":4980171621,"name":"الأمل","type":"supermarket","category":"shopping","subcategory":"supermarket","osmType":"node","name:ar":"الأمل","name:en":"Al-Amal Supermarket","shop":"supermarket"}},{"type":"Feature","id":4984761030,"geometry":{"type":"Point","coordinates":[44.1856372,15.385992900000002]},"properties":{"id":4984761030,"name":"بقالة الخولاني","type":"convenience","category":"shopping","subcategory":"supermarket","osmType":"node","addr:street":"حي النهضه","name:ar":"بقالة الخولاني","name:en":"Alkhawlani Grocery","shop":"convenience"}},{"type":"Feature","id":4990834227,"geometry":{"type":"Point","coordinates":[44.18912580000001,15.360328500000001]},"properties":{"id":4990834227,"name":"جولة القادسيه","type":"department_store","category":"shopping","subcategory":"mall","osmType":"node","addr:street":"شارع الرباط","name:ar":"جولة القادسية","playground":"roundabout","shop":"department_store","name:latin":"jwla al-qadsyh"}},{"type":"Feature","id":5009844022,"geometry":{"type":"Point","coordinates":[44.2321833,15.279924800000002]},"properties":{"id":5009844022,"name":"ثلاجة التموين العسكري .صنعاء","type":"supermarket","category":"shopping","subcategory":"supermarket","osmType":"node","name:ar":"ثلاجة التموين العسكري .صنعاء","shop":"supermarket","name:latin":"thlaja al-tmwyn al-'skry .sn'a'"}},{"type":"Feature","id":5009844023,"geometry":{"type":"Point","coordinates":[44.2195711,15.328515600000001]},"properties":{"id":5009844023,"name":"مركز 45 للخضرة والفواكه","type":"greengrocer","category":"shopping","subcategory":"food_shop","osmType":"node","addr:street":"شارع ال 45 متر","name:ar":"مركز 45 للخضرة والفواكة","opening_hours":"Mo-Su 01:00-07:00","phone":"773300261","shop":"greengrocer","name:latin":"mrkz 45 llkhdra walfwakh"}},{"type":"Feature","id":5106226828,"geometry":{"type":"Point","coordinates":[44.21106270000001,15.405019500000002]},"properties":{"id":5106226828,"name":"مخبز الاخوين","type":"bakery","category":"shopping","subcategory":"food_shop","osmType":"node","name:ar":"مخبز الاخوين","shop":"bakery","name:latin":"mkhbz al-akhwyn"}},{"type":"Feature","id":5124982921,"geometry":{"type":"Point","coordinates":[44.299103900000006,15.205893500000002]},"properties":{"id":5124982921,"name":"الركب","type":"greengrocer","category":"shopping","subcategory":"food_shop","osmType":"node","name:ar":"الركب","shop":"greengrocer","name:latin":"al-rkb"}},{"type":"Feature","id":5134131921,"geometry":{"type":"Point","coordinates":[44.1869297,15.4180071]},"properties":{"id":5134131921,"name":"ورشة الجرادي الهندسه الكهربائيه","type":"convenience","category":"shopping","subcategory":"supermarket","osmType":"node","addr:housenumber":"325598","addr:postcode":"964","addr:street":"شارع الستين","email":"zzzzvcvcosama@gmail.com","name:ar":"ورشة الجرادي الهندسه الكهربائيه","name:en":"Workshop Algradi for Electronic Engineer","opening_hours":"Sa-Th 08:00-22:00","phone":"771487482","shop":"convenience"}},{"type":"Feature","id":5136299923,"geometry":{"type":"Point","coordinates":[44.2225845,15.3341688]},"properties":{"id":5136299923,"name":"بن سنان لزينة السيارات","type":"convenience","category":"shopping","subcategory":"supermarket","osmType":"node","name:ar":"بن سنان لزينة السيا رات","shop":"convenience","name:latin":"bn snan lzyna al-syarat"}},{"type":"Feature","id":5162475821,"geometry":{"type":"Point","coordinates":[44.202854,15.401231300000001]},"properties":{"id":5162475821,"name":"بقالة العاصمة","type":"supermarket","category":"shopping","subcategory":"supermarket","osmType":"node","addr:city":"sanaa","addr:street":"شارع التلفزيون","name:en":"Alasema market","shop":"supermarket"}},{"type":"Feature","id":5239425423,"geometry":{"type":"Point","coordinates":[44.173534700000005,15.375313700000001]},"properties":{"id":5239425423,"name":"بقالة الشرعبي","type":"supermarket","category":"shopping","subcategory":"supermarket","osmType":"node","addr:street":"Whadi Dhahr Rd","name:ar":"بقالة الشرعبي","shop":"supermarket","name:latin":"bqala al-shr'by"}},{"type":"Feature","id":5266707421,"geometry":{"type":"Point","coordinates":[44.2399253,15.292852300000002]},"properties":{"id":5266707421,"name":"مركز العزاني التجاري","type":"department_store","category":"shopping","subcategory":"mall","osmType":"node","addr:city":"صنعاء","addr:street":"شارع تعز","name:ar":"مركز العزاني التجاري","name:en":"Alazani Trading Center","opening_hours":"Mo-Su 09:00-22:00","shop":"department_store"}},{"type":"Feature","id":5294205621,"geometry":{"type":"Point","coordinates":[44.214919,15.280020100000002]},"properties":{"id":5294205621,"name":"بقالة ركن الخمسين","type":"supermarket","category":"shopping","subcategory":"supermarket","osmType":"node","addr:street":"شارع الخمسين","name:ar":"بقالة ركن الخمسين","name:en":"alkhamsin corner supermarket","phone":"01462477","shop":"supermarket"}},{"type":"Feature","id":5305339321,"geometry":{"type":"Point","coordinates":[44.230226,15.299668400000002]},"properties":{"id":5305339321,"name":"النجاشي لمواد البناء","type":"convenience","category":"shopping","subcategory":"supermarket","osmType":"node","name:ar":"النجاشي لمواد البناء","shop":"convenience","name:latin":"al-njashy lmwad al-bna'"}},{"type":"Feature","id":5357819321,"geometry":{"type":"Point","coordinates":[44.179129800000005,15.342520600000002]},"properties":{"id":5357819321,"name":"هورايزن للطباعة والاعلان","type":"convenience","category":"shopping","subcategory":"supermarket","osmType":"node","addr:housenumber":"733888831","addr:street":"شارع المحروقات","email":"horizon.ad@aol.com","name:ar":"هورايزن للطباعة والاعلان","name:en":"Horizon Adv.","opening_hours":"Sa-Th 09:00-18:00; Fr 09:00-13:00, 14:00-18:00","phone":"777888831","shop":"convenience"}},{"type":"Feature","id":5357831622,"geometry":{"type":"Point","coordinates":[44.1897595,15.342027200000002]},"properties":{"id":5357831622,"name":"توليب للإعلان","type":"convenience","category":"shopping","subcategory":"supermarket","osmType":"node","addr:housenumber":"777791391","addr:street":"شارع عمان","email":"tulipart1@gmail.com","name:ar":"توليب للإعلان","name:en":"Tulip Advertisers","opening_hours":"Sa-Th 09:00-13:00, 16:00-22:00","phone":"01533310","shop":"convenience"}},{"type":"Feature","id":5423164930,"geometry":{"type":"Point","coordinates":[44.188499900000004,15.419221000000002]},"properties":{"id":5423164930,"name":"محلات عبدالله صغير مهرم للزيوت والاطارات والبطاريات","type":"convenience","category":"shopping","subcategory":"supermarket","osmType":"node","addr:street":"شارع الستين","name:ar":"محلات عبدالله صغير مهرم للزيوت والاطارات والبطاريات","shop":"convenience","name:latin":"mhlat 'bdallh sghyr mhrm llzywt walatarat walbtaryat"}},{"type":"Feature","id":5423165624,"geometry":{"type":"Point","coordinates":[44.22118390000001,15.370091500000001]},"properties":{"id":5423165624,"name":"الرجوي للبهارات","type":"supermarket","category":"shopping","subcategory":"supermarket","osmType":"node","name:ar":"الرجوي للبهارات","shop":"supermarket","name:latin":"al-rjwy llbharat"}},{"type":"Feature","id":5516372622,"geometry":{"type":"Point","coordinates":[44.2287497,15.3764353]},"properties":{"id":5516372622,"name":"بقالة ابو سلمان","type":"supermarket","category":"shopping","subcategory":"supermarket","osmType":"node","addr:street":"المدينة السكنية","name:ar":"بقالة ابو سلمان","name:en":"Alademi","shop":"supermarket"}},{"type":"Feature","id":5529868121,"geometry":{"type":"Point","coordinates":[44.1706148,15.365424800000001]},"properties":{"id":5529868121,"name":"سوق عون","type":"department_store","category":"shopping","subcategory":"mall","osmType":"node","addr:street":"شارع الستين","name:ar":"سوق عون","name:en":"Aden Market","opening_hours":"24/7","shop":"department_store"}},{"type":"Feature","id":5539676538,"geometry":{"type":"Point","coordinates":[44.231253900000006,15.308667200000002]},"properties":{"id":5539676538,"name":"تموينات ركن الخير","type":"convenience","category":"shopping","subcategory":"supermarket","osmType":"node","name:ar":"تموينات ركن الخير","shop":"convenience","name:latin":"tmwynat rkn al-khyr"}},{"type":"Feature","id":5543037223,"geometry":{"type":"Point","coordinates":[44.2286075,15.371194100000002]},"properties":{"id":5543037223,"name":"عالم الفواكه والخضروات","type":"greengrocer","category":"shopping","subcategory":"food_shop","osmType":"node","name:ar":"عالم الفواكه والخضروات","shop":"greengrocer","name:latin":"'alm al-fwakh walkhdrwat"}},{"type":"Feature","id":5584378721,"geometry":{"type":"Point","coordinates":[44.174627900000004,15.3016681]},"properties":{"id":5584378721,"name":"بقالة قلب المدينة","type":"supermarket","category":"shopping","subcategory":"supermarket","osmType":"node","addr:street":"شارع وديان حده","name:ar":"بقالة قلب المدينة","opening_hours":"Mo-Su 08:00-23:00","shop":"supermarket","name:latin":"bqala qlb al-mdyna"}},{"type":"Feature","id":5593389421,"geometry":{"type":"Point","coordinates":[44.216199700000004,15.277776200000002]},"properties":{"id":5593389421,"name":"تموينات الحبيشي","type":"supermarket","category":"shopping","subcategory":"supermarket","osmType":"node","addr:street":"شارع ‏الثلاثين","name:ar":"تموينات الحبيشي","name:en":"alhubaishi supermarket","shop":"supermarket"}},{"type":"Feature","id":5639566623,"geometry":{"type":"Point","coordinates":[44.1556726,15.3965454]},"properties":{"id":5639566623,"name":"باندا","type":"supermarket","category":"shopping","subcategory":"supermarket","osmType":"node","name:ar":"باندا","name:en":"Panda","shop":"supermarket"}},{"type":"Feature","id":5664833965,"geometry":{"type":"Point","coordinates":[44.19150080000001,15.341466500000001]},"properties":{"id":5664833965,"name":"مخابز وحلويات سنابل العاصمة","type":"bakery","category":"shopping","subcategory":"food_shop","osmType":"node","addr:city":"صنعاء","addr:country":"YE","addr:street":"الخط الدائري","name:ar":"مخابز وحلويات سنابل العاصمة","shop":"bakery","name:latin":"mkhabz whlwyat snabl al-'asma"}},{"type":"Feature","id":5676721625,"geometry":{"type":"Point","coordinates":[44.216399900000006,15.268860300000002]},"properties":{"id":5676721625,"name":"سوبر ماركت الوفاء","type":"supermarket","category":"shopping","subcategory":"supermarket","osmType":"node","name:ar":"سوبر ماركت الوفاء","shop":"supermarket","name:latin":"swbr markt al-wfa'"}},{"type":"Feature","id":5677898741,"geometry":{"type":"Point","coordinates":[44.2210504,15.288077800000002]},"properties":{"id":5677898741,"name":"سوبر ماركت خير زمان","type":"supermarket","category":"shopping","subcategory":"supermarket","osmType":"node","addr:street":"شارع الاربعين","name:ar":"سوبر ماركت خير زمان","name:en":"khair Zaman Supermarket","opening_hours":"Mo-Su 09:00-21:30","shop":"supermarket"}},{"type":"Feature","id":5677926527,"geometry":{"type":"Point","coordinates":[44.215566300000006,15.259093300000002]},"properties":{"id":5677926527,"name":"سوبر ماركت ارتل","type":"supermarket","category":"shopping","subcategory":"supermarket","osmType":"node","name:ar":"سوبر ماركت ارتل","shop":"supermarket","name:latin":"swbr markt artl"}},{"type":"Feature","id":5706372464,"geometry":{"type":"Point","coordinates":[44.1906595,15.400682600000001]},"properties":{"id":5706372464,"name":"بقالة أبو أديب","type":"convenience","category":"shopping","subcategory":"supermarket","osmType":"node","addr:city":"صنعاء","addr:place":"المدينة الليبية","shop":"convenience","name:latin":"bqala abw adyb"}},{"type":"Feature","id":5709382317,"geometry":{"type":"Point","coordinates":[44.206858000000004,15.391119300000002]},"properties":{"id":5709382317,"name":"بقالة الصيري","type":"marketplace","category":"shopping","subcategory":"marketplace","osmType":"node","addr:city":"صنعاء","addr:street":"شارع التلفزيون","amenity":"marketplace","name:en":"Al-sirey"}},{"type":"Feature","id":5709382318,"geometry":{"type":"Point","coordinates":[44.207113500000006,15.390880100000002]},"properties":{"id":5709382318,"name":"تموينات المحجري","type":"supermarket","category":"shopping","subcategory":"supermarket","osmType":"node","addr:city":"صنعاء","addr:street":"شارع التلفزيون","shop":"supermarket","name:latin":"tmwynat al-mhjry"}},{"type":"Feature","id":5709382623,"geometry":{"type":"Point","coordinates":[44.2317569,15.379465600000001]},"properties":{"id":5709382623,"name":"الحميري للمواد الغذائية","type":"marketplace","category":"shopping","subcategory":"marketplace","osmType":"node","addr:city":"صنعاء","addr:street":"شارع النصر","amenity":"marketplace","name:ar":"الحميري للمواد الغذائية","name:en":"Al-hemyari market","opening_hours":"Mo-Sa 07:00-23:00"}},{"type":"Feature","id":5712437500,"geometry":{"type":"Point","coordinates":[44.212413100000006,15.3724988]},"properties":{"id":5712437500,"name":"","type":"supermarket","category":"shopping","subcategory":"supermarket","osmType":"node","name:ar":"بقالة باب الحارة","shop":"supermarket","name:latin":"bqala bab al-hara"}},{"type":"Feature","id":5712437501,"geometry":{"type":"Point","coordinates":[44.2122553,15.373662000000001]},"properties":{"id":5712437501,"name":"","type":"bakery","category":"shopping","subcategory":"food_shop","osmType":"node","name:ar":"مخبز الرحمة","shop":"bakery","name:latin":"mkhbz al-rhma"}},{"type":"Feature","id":5712437505,"geometry":{"type":"Point","coordinates":[44.214105100000005,15.3737884]},"properties":{"id":5712437505,"name":"","type":"supermarket","category":"shopping","subcategory":"supermarket","osmType":"node","name:ar":"محلات حرمل التجارية","shop":"supermarket","name:latin":"mhlat hrml al-tjarya"}},{"type":"Feature","id":5732311922,"geometry":{"type":"Point","coordinates":[44.221242800000006,15.358426600000001]},"properties":{"id":5732311922,"name":"محلات زيد قاسم واخوانه","type":"department_store","category":"shopping","subcategory":"mall","osmType":"node","addr:street":"شارع مسيك","email":"Alshshukhi@icloud.com","internet_access":"wlan","name:en":"ZAID QASEM&BROHERS STORES","opening_hours":"24/7","phone":"00967714748539","shop":"department_store"}},{"type":"Feature","id":5732789808,"geometry":{"type":"Point","coordinates":[44.1911714,15.400823500000001]},"properties":{"id":5732789808,"name":"العزاني","type":"convenience","category":"shopping","subcategory":"supermarket","osmType":"node","shop":"convenience","name:latin":"al-'zany"}},{"type":"Feature","id":5749537121,"geometry":{"type":"Point","coordinates":[44.216186500000006,15.262366700000001]},"properties":{"id":5749537121,"name":"اقوات للمواد الغذائيه جمله","type":"supermarket","category":"shopping","subcategory":"supermarket","osmType":"node","shop":"supermarket","name:latin":"aqwat llmwad al-ghdha'yh jmlh"}},{"type":"Feature","id":5749537122,"geometry":{"type":"Point","coordinates":[44.215857500000006,15.261244500000002]},"properties":{"id":5749537122,"name":"سوبر ماركت الربيع","type":"supermarket","category":"shopping","subcategory":"supermarket","osmType":"node","addr:street":"شارع الاربعين","name:en":"Alrabeia Grocery","shop":"supermarket"}},{"type":"Feature","id":5763229607,"geometry":{"type":"Point","coordinates":[44.20725770000001,15.387534900000002]},"properties":{"id":5763229607,"name":"سوبر ماركت المنتاب","type":"supermarket","category":"shopping","subcategory":"supermarket","osmType":"node","addr:city":"صنعاء","addr:street":"Mazda ST","shop":"supermarket","name:latin":"swbr markt al-mntab"}},{"type":"Feature","id":5763229610,"geometry":{"type":"Point","coordinates":[44.2070239,15.387986900000001]},"properties":{"id":5763229610,"name":"سوق الرشيد","type":"greengrocer","category":"shopping","subcategory":"food_shop","osmType":"node","addr:city":"صنعاء","addr:street":"شارع التلفزيون","shop":"greengrocer","name:latin":"swq al-rshyd"}},{"type":"Feature","id":5778994964,"geometry":{"type":"Point","coordinates":[44.198863800000005,15.328429200000002]},"properties":{"id":5778994964,"name":"warzan web store","type":"mall","category":"shopping","subcategory":"mall","osmType":"node","addr:street":"شارع حدة","name:ar":"سوق ورزان","opening_hours":"08:00-23:00","shop":"mall"}},{"type":"Feature","id":5778994970,"geometry":{"type":"Point","coordinates":[44.195609000000005,15.3286408]},"properties":{"id":5778994970,"name":"مخبز حدة","type":"bakery","category":"shopping","subcategory":"food_shop","osmType":"node","addr:street":"شارع جيبوتي","shop":"bakery","name:latin":"mkhbz hda"}},{"type":"Feature","id":5778994973,"geometry":{"type":"Point","coordinates":[44.194971300000006,15.328278300000001]},"properties":{"id":5778994973,"name":"مؤسسة ملك الفرولة","type":"supermarket","category":"shopping","subcategory":"supermarket","osmType":"node","addr:street":"شارع جيبوتي","shop":"supermarket","name:latin":"m'ssa mlk al-frwla"}},{"type":"Feature","id":5778994974,"geometry":{"type":"Point","coordinates":[44.194417300000005,15.3286709]},"properties":{"id":5778994974,"name":"مخبز النصر","type":"bakery","category":"shopping","subcategory":"food_shop","osmType":"node","shop":"bakery","name:latin":"mkhbz al-nsr"}},{"type":"Feature","id":5778994978,"geometry":{"type":"Point","coordinates":[44.1948458,15.334324800000001]},"properties":{"id":5778994978,"name":"مخبز الحي السياسي","type":"bakery","category":"shopping","subcategory":"food_shop","osmType":"node","shop":"bakery","name:latin":"mkhbz al-hy al-syasy"}},{"type":"Feature","id":5778994981,"geometry":{"type":"Point","coordinates":[44.1935725,15.3347928]},"properties":{"id":5778994981,"name":"AvvenentE","type":"mall","category":"shopping","subcategory":"mall","osmType":"node","shop":"mall"}},{"type":"Feature","id":5778994990,"geometry":{"type":"Point","coordinates":[44.1953626,15.3387714]},"properties":{"id":5778994990,"name":"مجمع نور اليمن","type":"mall","category":"shopping","subcategory":"mall","osmType":"node","addr:street":"شارع صخر","name:en":"Noor Alyemen Center","shop":"mall"}},{"type":"Feature","id":5778994991,"geometry":{"type":"Point","coordinates":[44.1957139,15.338402900000002]},"properties":{"id":5778994991,"name":"تموينات الجبوبي","type":"supermarket","category":"shopping","subcategory":"supermarket","osmType":"node","addr:street":"شارع صخر","name:en":"Aljuboby supermarket","shop":"supermarket"}},{"type":"Feature","id":5778994994,"geometry":{"type":"Point","coordinates":[44.191948800000006,15.339083400000002]},"properties":{"id":5778994994,"name":"مخبز البيت اليمني","type":"bakery","category":"shopping","subcategory":"food_shop","osmType":"node","shop":"bakery","name:latin":"mkhbz al-byt al-ymny"}},{"type":"Feature","id":5778995001,"geometry":{"type":"Point","coordinates":[44.1916786,15.3409416]},"properties":{"id":5778995001,"name":"تموينات حدائق بابل","type":"supermarket","category":"shopping","subcategory":"supermarket","osmType":"node","shop":"supermarket","name:latin":"tmwynat hda'q babl"}},{"type":"Feature","id":5778995005,"geometry":{"type":"Point","coordinates":[44.190392800000005,15.343764400000001]},"properties":{"id":5778995005,"name":"بقالة الشميري","type":"supermarket","category":"shopping","subcategory":"supermarket","osmType":"node","shop":"supermarket","name:latin":"bqala al-shmyry"}},{"type":"Feature","id":5778995007,"geometry":{"type":"Point","coordinates":[44.1908888,15.343277900000002]},"properties":{"id":5778995007,"name":"سوبر ماركت المعقلي للتموينات الغذائية","type":"supermarket","category":"shopping","subcategory":"supermarket","osmType":"node","addr:street":"الخط الدائري","shop":"supermarket","name:latin":"swbr markt al-m'qly lltmwynat al-ghdha'ya"}},{"type":"Feature","id":5778995018,"geometry":{"type":"Point","coordinates":[44.170518200000004,15.396299]},"properties":{"id":5778995018,"name":"ميني ماركت الفتح","type":"supermarket","category":"shopping","subcategory":"supermarket","osmType":"node","shop":"supermarket","name:latin":"myny markt al-fth"}},{"type":"Feature","id":5778995020,"geometry":{"type":"Point","coordinates":[44.1710761,15.3962654]},"properties":{"id":5778995020,"name":"بقالة الزريقي","type":"supermarket","category":"shopping","subcategory":"supermarket","osmType":"node","shop":"supermarket","name:latin":"bqala al-zryqy"}},{"type":"Feature","id":5778995021,"geometry":{"type":"Point","coordinates":[44.170038100000006,15.396324900000002]},"properties":{"id":5778995021,"name":"بقالة صالح","type":"supermarket","category":"shopping","subcategory":"supermarket","osmType":"node","shop":"supermarket","name:latin":"bqala salh"}},{"type":"Feature","id":5778995022,"geometry":{"type":"Point","coordinates":[44.169853100000005,15.396586000000001]},"properties":{"id":5778995022,"name":"بقالة الشرفي","type":"supermarket","category":"shopping","subcategory":"supermarket","osmType":"node","shop":"supermarket","name:latin":"bqala al-shrfy"}},{"type":"Feature","id":5786620954,"geometry":{"type":"Point","coordinates":[44.229204800000005,15.2929986]},"properties":{"id":5786620954,"name":"سوبر ماركت السعودية","type":"supermarket","category":"shopping","subcategory":"supermarket","osmType":"node","addr:street":"شارع 22 مايو","name:en":"Saudia Supermarket","opening_hours":"Mo-Su 07:00-23:00","shop":"supermarket"}},{"type":"Feature","id":5786620955,"geometry":{"type":"Point","coordinates":[44.252744500000006,15.293843500000001]},"properties":{"id":5786620955,"name":"سفن ألفين سوبر ماركت","type":"supermarket","category":"shopping","subcategory":"supermarket","osmType":"node","addr:street":"24","shop":"supermarket","name:latin":"sfn alfyn swbr markt"}},{"type":"Feature","id":5799990255,"geometry":{"type":"Point","coordinates":[44.2242146,15.366622200000002]},"properties":{"id":5799990255,"name":"سوبر ماركت الجزيرة","type":"supermarket","category":"shopping","subcategory":"supermarket","osmType":"node","name:en":"Aljazerah supermarket","opening_hours":"24/7","shop":"supermarket"}},{"type":"Feature","id":5805306454,"geometry":{"type":"Point","coordinates":[44.18147020000001,15.344320200000002]},"properties":{"id":5805306454,"name":"ركن البشير","type":"supermarket","category":"shopping","subcategory":"supermarket","osmType":"node","addr:street":"شارع المحروقات","opening_hours":"Mo-Su 07:30-01:30","shop":"supermarket","name:latin":"rkn al-bshyr"}},{"type":"Feature","id":5816242955,"geometry":{"type":"Point","coordinates":[44.202499700000004,15.389944000000002]},"properties":{"id":5816242955,"name":"بقالة المدني","type":"convenience","category":"shopping","subcategory":"supermarket","osmType":"node","addr:street":"شارع صوفان","shop":"convenience","name:latin":"bqala al-mdny"}},{"type":"Feature","id":5816242958,"geometry":{"type":"Point","coordinates":[44.2030156,15.385111700000001]},"properties":{"id":5816242958,"name":"سوق الروني","type":"department_store","category":"shopping","subcategory":"mall","osmType":"node","shop":"department_store","name:latin":"swq al-rwny"}},{"type":"Feature","id":5816243655,"geometry":{"type":"Point","coordinates":[44.2052619,15.3859232]},"properties":{"id":5816243655,"name":"اليرموك","type":"bakery","category":"shopping","subcategory":"food_shop","osmType":"node","addr:street":"شارع مازدا","name:ar":"مخابز اليرموك","shop":"bakery","name:latin":"al-yrmwk"}},{"type":"Feature","id":5816243658,"geometry":{"type":"Point","coordinates":[44.201803500000004,15.390050000000002]},"properties":{"id":5816243658,"name":"بقالة الصيانة","type":"convenience","category":"shopping","subcategory":"supermarket","osmType":"node","addr:street":"شارع صوفان","shop":"convenience","name:latin":"bqala al-syana"}},{"type":"Feature","id":5816243659,"geometry":{"type":"Point","coordinates":[44.20248780000001,15.384683500000001]},"properties":{"id":5816243659,"name":"خضروات الحبيشي","type":"greengrocer","category":"shopping","subcategory":"food_shop","osmType":"node","shop":"greengrocer","name:latin":"khdrwat al-hbyshy"}},{"type":"Feature","id":5816270153,"geometry":{"type":"Point","coordinates":[44.2159842,15.361741700000001]},"properties":{"id":5816270153,"name":"المحل","type":"convenience","category":"shopping","subcategory":"supermarket","osmType":"node","shop":"convenience","name:latin":"al-mhl"}},{"type":"Feature","id":5817006056,"geometry":{"type":"Point","coordinates":[44.201524400000004,15.383336900000002]},"properties":{"id":5817006056,"name":"بقالة العزاني","type":"department_store","category":"shopping","subcategory":"mall","osmType":"node","shop":"department_store","name:latin":"bqala al-'zany"}},{"type":"Feature","id":5817006059,"geometry":{"type":"Point","coordinates":[44.1801302,15.354348900000002]},"properties":{"id":5817006059,"name":"الصباحي","type":"supermarket","category":"shopping","subcategory":"supermarket","osmType":"node","shop":"supermarket","name:latin":"al-sbahy"}},{"type":"Feature","id":5859013288,"geometry":{"type":"Point","coordinates":[44.20055970000001,15.390902400000002]},"properties":{"id":5859013288,"name":"بقالة الوادعي","type":"convenience","category":"shopping","subcategory":"supermarket","osmType":"node","shop":"convenience","name:latin":"bqala al-wad'y"}},{"type":"Feature","id":5859014685,"geometry":{"type":"Point","coordinates":[44.218965000000004,15.3345742]},"properties":{"id":5859014685,"name":"سوق عنس للقات","type":"greengrocer","category":"shopping","subcategory":"food_shop","osmType":"node","shop":"greengrocer","name:latin":"swq 'ns llqat"}},{"type":"Feature","id":5873947587,"geometry":{"type":"Point","coordinates":[44.2162276,15.354576800000002]},"properties":{"id":5873947587,"name":"محمد علي العطاب","type":"supermarket","category":"shopping","subcategory":"supermarket","osmType":"node","addr:housenumber":"01282073","addr:street":"سوق الملح جوار الرجوي","internet_access":"wlan","name:en":"Mohammed Ali alatab","opening_hours":"24/7","phone":"967 771595867","shop":"supermarket","website":"http://clooc1993@gmail.com"}},{"type":"Feature","id":5875416584,"geometry":{"type":"Point","coordinates":[44.1713024,15.393155300000002]},"properties":{"id":5875416584,"name":"بقالة الصايدي","type":"supermarket","category":"shopping","subcategory":"supermarket","osmType":"node","addr:city":"صنعاء","addr:street":"شارع الستين","shop":"supermarket","name:latin":"bqala al-saydy"}},{"type":"Feature","id":5875416887,"geometry":{"type":"Point","coordinates":[44.175949100000004,15.384016]},"properties":{"id":5875416887,"name":"سوبر ماركت النهر العظيم","type":"supermarket","category":"shopping","subcategory":"supermarket","osmType":"node","addr:city":"صنعاء","addr:street":"شارع الستين","shop":"supermarket","name:latin":"swbr markt al-nhr al-'zym"}},{"type":"Feature","id":5875416900,"geometry":{"type":"Point","coordinates":[44.1739048,15.376205100000002]},"properties":{"id":5875416900,"name":"سوبرمارکت مذبح","type":"supermarket","category":"shopping","subcategory":"supermarket","osmType":"node","shop":"supermarket","name:latin":"swbrmarکt mdhbh"}},{"type":"Feature","id":5875416932,"geometry":{"type":"Point","coordinates":[44.1751955,15.366580200000001]},"properties":{"id":5875416932,"name":"تموينات اليمن للمواد الغذائية","type":"supermarket","category":"shopping","subcategory":"supermarket","osmType":"node","addr:street":"شارع الستين","shop":"supermarket","name:latin":"tmwynat al-ymn llmwad al-ghdha'ya"}},{"type":"Feature","id":5875416936,"geometry":{"type":"Point","coordinates":[44.174183600000006,15.362074900000001]},"properties":{"id":5875416936,"name":"بقالة الأدرن","type":"supermarket","category":"shopping","subcategory":"supermarket","osmType":"node","addr:street":"شارع الستين","shop":"supermarket","name:latin":"bqala al-adrn"}},{"type":"Feature","id":5875416937,"geometry":{"type":"Point","coordinates":[44.1746434,15.362207000000001]},"properties":{"id":5875416937,"name":"بقالة الأحمدي","type":"supermarket","category":"shopping","subcategory":"supermarket","osmType":"node","shop":"supermarket","name:latin":"bqala al-ahmdy"}},{"type":"Feature","id":5878121423,"geometry":{"type":"Point","coordinates":[44.1771466,15.351817200000001]},"properties":{"id":5878121423,"name":"مخبز الدعيس","type":"bakery","category":"shopping","subcategory":"food_shop","osmType":"node","addr:street":"شارع 20","shop":"bakery","name:latin":"mkhbz al-d'ys"}},{"type":"Feature","id":5878121424,"geometry":{"type":"Point","coordinates":[44.17765000000001,15.352504900000001]},"properties":{"id":5878121424,"name":"بقالة صدام العزي","type":"supermarket","category":"shopping","subcategory":"supermarket","osmType":"node","shop":"supermarket","name:latin":"bqala sdam al-'zy"}},{"type":"Feature","id":5878121425,"geometry":{"type":"Point","coordinates":[44.179189400000006,15.351725700000001]},"properties":{"id":5878121425,"name":"مخبز الشميري","type":"bakery","category":"shopping","subcategory":"food_shop","osmType":"node","addr:street":"شارع 20","shop":"bakery","name:latin":"mkhbz al-shmyry"}},{"type":"Feature","id":5878121426,"geometry":{"type":"Point","coordinates":[44.1753226,15.351649100000001]},"properties":{"id":5878121426,"name":"بقالة خالد فيصل ماهر","type":"supermarket","category":"shopping","subcategory":"supermarket","osmType":"node","addr:street":"شارع الستين","shop":"supermarket","name:latin":"bqala khald fysl mahr"}},{"type":"Feature","id":5878121435,"geometry":{"type":"Point","coordinates":[44.1709516,15.339628800000002]},"properties":{"id":5878121435,"name":"بقالة كليب","type":"supermarket","category":"shopping","subcategory":"supermarket","osmType":"node","addr:street":"شارع نواكشوط","name:en":"kulaib Grocery","shop":"supermarket"}},{"type":"Feature","id":5878121440,"geometry":{"type":"Point","coordinates":[44.1837439,15.330940100000001]},"properties":{"id":5878121440,"name":"نعومي لانجري","type":"mall","category":"shopping","subcategory":"mall","osmType":"node","shop":"mall","name:latin":"n'wmy lanjry"}},{"type":"Feature","id":5878121441,"geometry":{"type":"Point","coordinates":[44.183681400000005,15.330791800000002]},"properties":{"id":5878121441,"name":"بقالة فج عطان","type":"supermarket","category":"shopping","subcategory":"supermarket","osmType":"node","shop":"supermarket","name:latin":"bqala fj 'tan"}},{"type":"Feature","id":5878121442,"geometry":{"type":"Point","coordinates":[44.1838934,15.330690200000001]},"properties":{"id":5878121442,"name":"توب كريزي","type":"mall","category":"shopping","subcategory":"mall","osmType":"node","addr:street":"شارع الستين","name:en":"Top Crazy","shop":"mall"}},{"type":"Feature","id":5878121445,"geometry":{"type":"Point","coordinates":[44.1855471,15.3271501]},"properties":{"id":5878121445,"name":"الكبوس","type":"mall","category":"shopping","subcategory":"mall","osmType":"node","addr:street":"شارع جيبوتي","name:en":"Alkaboos","shop":"mall"}},{"type":"Feature","id":5878121451,"geometry":{"type":"Point","coordinates":[44.189866,15.327081600000001]},"properties":{"id":5878121451,"name":"بقالة الشجني","type":"supermarket","category":"shopping","subcategory":"supermarket","osmType":"node","addr:street":"شارع جيبوتي","name:en":"Alshejni Grocery","shop":"supermarket"}},{"type":"Feature","id":5878121452,"geometry":{"type":"Point","coordinates":[44.19110620000001,15.3277563]},"properties":{"id":5878121452,"name":"بقالة العتمي","type":"supermarket","category":"shopping","subcategory":"supermarket","osmType":"node","shop":"supermarket","name:latin":"bqala al-'tmy"}},{"type":"Feature","id":5878121473,"geometry":{"type":"Point","coordinates":[44.2237104,15.316889900000001]},"properties":{"id":5878121473,"name":"سوبرمارکت القاسم","type":"supermarket","category":"shopping","subcategory":"supermarket","osmType":"node","shop":"supermarket","name:latin":"swbrmarکt al-qasm"}},{"type":"Feature","id":5878121478,"geometry":{"type":"Point","coordinates":[44.22381180000001,15.318095900000001]},"properties":{"id":5878121478,"name":"مخبز غزة","type":"bakery","category":"shopping","subcategory":"food_shop","osmType":"node","shop":"bakery","name:latin":"mkhbz ghza"}},{"type":"Feature","id":5878121483,"geometry":{"type":"Point","coordinates":[44.228132800000004,15.316422700000002]},"properties":{"id":5878121483,"name":"بقالة ركن الستين","type":"supermarket","category":"shopping","subcategory":"supermarket","osmType":"node","shop":"supermarket","name:latin":"bqala rkn al-styn"}},{"type":"Feature","id":5878121484,"geometry":{"type":"Point","coordinates":[44.22670110000001,15.315772]},"properties":{"id":5878121484,"name":"بقالة اللواء الاخضر","type":"supermarket","category":"shopping","subcategory":"supermarket","osmType":"node","shop":"supermarket","name:latin":"bqala al-lwa' al-akhdr"}},{"type":"Feature","id":5878221387,"geometry":{"type":"Point","coordinates":[44.229344100000006,15.380894300000001]},"properties":{"id":5878221387,"name":"بقالة المدينة المنورة (خالد التركي)","type":"supermarket","category":"shopping","subcategory":"supermarket","osmType":"node","name:ar":"بقالة المدينة المنورة","name:en":"Al-madenah Al-munawarah grocery","opening_hours":"Mo-Su 07:00-21:00","shop":"supermarket"}},{"type":"Feature","id":5895667757,"geometry":{"type":"Point","coordinates":[44.1962313,15.3694143]},"properties":{"id":5895667757,"name":"تموينات القاهرة","type":"supermarket","category":"shopping","subcategory":"supermarket","osmType":"node","addr:street":"شارع القاهرة","shop":"supermarket","name:latin":"tmwynat al-qahra"}},{"type":"Feature","id":5895667760,"geometry":{"type":"Point","coordinates":[44.192875900000004,15.368979800000002]},"properties":{"id":5895667760,"name":"بقالة جابر الخدري","type":"supermarket","category":"shopping","subcategory":"supermarket","osmType":"node","shop":"supermarket","name:latin":"bqala jabr al-khdry"}},{"type":"Feature","id":5895667764,"geometry":{"type":"Point","coordinates":[44.189617000000005,15.365012400000001]},"properties":{"id":5895667764,"name":"بقالة البركة","type":"supermarket","category":"shopping","subcategory":"supermarket","osmType":"node","addr:street":"الخط الدائري","shop":"supermarket","name:latin":"bqala al-brka"}},{"type":"Feature","id":5895667768,"geometry":{"type":"Point","coordinates":[44.19218120000001,15.363132100000001]},"properties":{"id":5895667768,"name":"مخابز الربيع الحديثة","type":"bakery","category":"shopping","subcategory":"food_shop","osmType":"node","shop":"bakery","name:latin":"mkhabz al-rby' al-hdytha"}},{"type":"Feature","id":5895667770,"geometry":{"type":"Point","coordinates":[44.192049700000005,15.362987300000002]},"properties":{"id":5895667770,"name":"مخابز الوفاء الحديثة","type":"bakery","category":"shopping","subcategory":"food_shop","osmType":"node","shop":"bakery","name:latin":"mkhabz al-wfa' al-hdytha"}},{"type":"Feature","id":5895667779,"geometry":{"type":"Point","coordinates":[44.18856460000001,15.360454]},"properties":{"id":5895667779,"name":"تموينات الربيع للمواد الغذائية","type":"supermarket","category":"shopping","subcategory":"supermarket","osmType":"node","addr:street":"شارع الرباط","shop":"supermarket","name:latin":"tmwynat al-rby' llmwad al-ghdha'ya"}},{"type":"Feature","id":5895667783,"geometry":{"type":"Point","coordinates":[44.18763920000001,15.3600971]},"properties":{"id":5895667783,"name":"تموينات جوهرة صنعاء","type":"supermarket","category":"shopping","subcategory":"supermarket","osmType":"node","addr:street":"شارع الرباط","shop":"supermarket","name:latin":"tmwynat jwhra sn'a'"}},{"type":"Feature","id":5895667986,"geometry":{"type":"Point","coordinates":[44.1853272,15.3601617]},"properties":{"id":5895667986,"name":"بقالة فتح الرحمن","type":"supermarket","category":"shopping","subcategory":"supermarket","osmType":"node","addr:street":"شارع الرباط","shop":"supermarket","name:latin":"bqala fth al-rhmn"}},{"type":"Feature","id":5895667987,"geometry":{"type":"Point","coordinates":[44.184077200000004,15.360570400000002]},"properties":{"id":5895667987,"name":"بقالة الحزمي","type":"supermarket","category":"shopping","subcategory":"supermarket","osmType":"node","addr:street":"شارع الرباط","name:en":"Alhazmy grocery","shop":"supermarket"}},{"type":"Feature","id":5911900185,"geometry":{"type":"Point","coordinates":[44.209396100000006,15.428455000000001]},"properties":{"id":5911900185,"name":"بقالة مجلي للمواد الغذائية","type":"supermarket","category":"shopping","subcategory":"supermarket","osmType":"node","name:en":"Magali super market","opening_hours":"Mo-Su 09:00-23:59","operator":"عبدالله مجلي","phone":"777248825","shop":"supermarket"}},{"type":"Feature","id":5912767685,"geometry":{"type":"Point","coordinates":[44.2140296,15.330966600000002]},"properties":{"id":5912767685,"name":"المصنع الحديث ابواب سحابة","type":"convenience","category":"shopping","subcategory":"supermarket","osmType":"node","addr:housenumber":"262944","addr:street":"شارع السايلة","email":"m.asamea11@gmail.com","name:en":"MODERN FACTORY","opening_hours":"Sa-Th 00:00-24:00","phone":"01262944","shop":"convenience","website":"https://mfddoors.business.site"}},{"type":"Feature","id":5924207685,"geometry":{"type":"Point","coordinates":[44.222995100000006,15.285728100000002]},"properties":{"id":5924207685,"name":"سوبر ماركت الوفاء","type":"supermarket","category":"shopping","subcategory":"supermarket","osmType":"node","addr:city":"صنعاء","addr:street":"شارع الحربي","name:en":"Alwafaa Grocery","opening_hours":"Mo-Su 07:00-22:00","operator":"عبدالله الوصابي","shop":"supermarket"}},{"type":"Feature","id":5930771986,"geometry":{"type":"Point","coordinates":[44.2275398,15.285742700000002]},"properties":{"id":5930771986,"name":"سوبر ماركت الريان","type":"supermarket","category":"shopping","subcategory":"supermarket","osmType":"node","addr:street":"شارع الحربي","name:en":"Alraian Grocery","opening_hours":"Mo-Su 08:00-22:00","shop":"supermarket"}},{"type":"Feature","id":5930772185,"geometry":{"type":"Point","coordinates":[44.22750430000001,15.281021800000001]},"properties":{"id":5930772185,"name":"بقالة الوصابي للمواد الغذائية","type":"supermarket","category":"shopping","subcategory":"supermarket","osmType":"node","addr:street":"شارع الحميدي","name:en":"Alwesabi Grocery","shop":"supermarket"}},{"type":"Feature","id":5935411973,"geometry":{"type":"Point","coordinates":[44.1770836,15.3968757]},"properties":{"id":5935411973,"name":"بقالة أبو معتز للمواد الغذائية","type":"convenience","category":"shopping","subcategory":"supermarket","osmType":"node","addr:street":"شارع النهضة","shop":"convenience","name:latin":"bqala abw m'tz llmwad al-ghdha'ya"}},{"type":"Feature","id":5935411981,"geometry":{"type":"Point","coordinates":[44.18084580000001,15.393981000000002]},"properties":{"id":5935411981,"name":"بقالة المغلس","type":"supermarket","category":"shopping","subcategory":"supermarket","osmType":"node","addr:city":"حي النهضة","addr:street":"شارع النهضة","shop":"supermarket","name:latin":"bqala al-mghls"}},{"type":"Feature","id":5935411983,"geometry":{"type":"Point","coordinates":[44.179731100000005,15.393838500000001]},"properties":{"id":5935411983,"name":"بقالة سياف عمر","type":"supermarket","category":"shopping","subcategory":"supermarket","osmType":"node","addr:street":"شارع النهضة","shop":"supermarket","name:latin":"bqala syaf 'mr"}},{"type":"Feature","id":5957667692,"geometry":{"type":"Point","coordinates":[44.202969,15.385542100000002]},"properties":{"id":5957667692,"name":"سوبر ماركت دبي","type":"supermarket","category":"shopping","subcategory":"supermarket","osmType":"node","addr:city":"صنعاء","addr:street":"شارع مازدا","shop":"supermarket","name:latin":"swbr markt dby"}},{"type":"Feature","id":5964750356,"geometry":{"type":"Point","coordinates":[44.188431,15.293365500000002]},"properties":{"id":5964750356,"name":"اس بي سي مول","type":"mall","category":"shopping","subcategory":"mall","osmType":"node","addr:street":"شارع الخمسين","internet_access":"wlan","name:en":"Samaa Mall","opening_hours":"Mo-Su 09:00-21:30","shop":"mall"}},{"type":"Feature","id":5994083214,"geometry":{"type":"Point","coordinates":[44.1843189,15.3924964]},"properties":{"id":5994083214,"name":"مجمع العمراني","type":"supermarket","category":"shopping","subcategory":"supermarket","osmType":"node","addr:city":"حي النهضة","addr:street":"شارع النهضة","shop":"supermarket","name:latin":"mjm' al-'mrany"}},{"type":"Feature","id":5994083216,"geometry":{"type":"Point","coordinates":[44.1830994,15.391631600000002]},"properties":{"id":5994083216,"name":"بقالة شرهان","type":"supermarket","category":"shopping","subcategory":"supermarket","osmType":"node","shop":"supermarket","name:latin":"bqala shrhan"}},{"type":"Feature","id":5994083218,"geometry":{"type":"Point","coordinates":[44.19887490000001,15.3984]},"properties":{"id":5994083218,"name":"بقالة المدينة","type":"convenience","category":"shopping","subcategory":"supermarket","osmType":"node","addr:city":"صنعاء","addr:street":"شارع صوفان","shop":"convenience","name:latin":"bqala al-mdyna"}},{"type":"Feature","id":5994083222,"geometry":{"type":"Point","coordinates":[44.20529440000001,15.395289100000001]},"properties":{"id":5994083222,"name":"تموينات اللواء الاخضر","type":"supermarket","category":"shopping","subcategory":"supermarket","osmType":"node","addr:city":"صنعاء","addr:street":"شارع التلفزيون","shop":"supermarket","name:latin":"tmwynat al-lwa' al-akhdr"}},{"type":"Feature","id":5994083223,"geometry":{"type":"Point","coordinates":[44.2052813,15.395324200000001]},"properties":{"id":5994083223,"name":"مخبز التوفيق","type":"bakery","category":"shopping","subcategory":"food_shop","osmType":"node","addr:city":"صنعاء","addr:street":"شارع التلفزيون","shop":"bakery","name:latin":"mkhbz al-twfyq"}},{"type":"Feature","id":5994083227,"geometry":{"type":"Point","coordinates":[44.20194360000001,15.403170600000001]},"properties":{"id":5994083227,"name":"بقالة ومجمع السلام","type":"supermarket","category":"shopping","subcategory":"supermarket","osmType":"node","addr:street":"شارع التلفزيون","shop":"supermarket","name:latin":"bqala wmjm' al-slam"}},{"type":"Feature","id":5994083230,"geometry":{"type":"Point","coordinates":[44.203389200000004,15.404732200000002]},"properties":{"id":5994083230,"name":"الاسطورة للتموينات الغذائية","type":"supermarket","category":"shopping","subcategory":"supermarket","osmType":"node","shop":"supermarket","name:latin":"al-astwra lltmwynat al-ghdha'ya"}},{"type":"Feature","id":5994083231,"geometry":{"type":"Point","coordinates":[44.203633800000006,15.4047858]},"properties":{"id":5994083231,"name":"بقالة الاندلس","type":"supermarket","category":"shopping","subcategory":"supermarket","osmType":"node","shop":"supermarket","name:latin":"bqala al-andls"}},{"type":"Feature","id":5994083232,"geometry":{"type":"Point","coordinates":[44.2049682,15.4049323]},"properties":{"id":5994083232,"name":"تموينات الوادي للمواد الغذائية","type":"supermarket","category":"shopping","subcategory":"supermarket","osmType":"node","shop":"supermarket","name:latin":"tmwynat al-wady llmwad al-ghdha'ya"}},{"type":"Feature","id":5994083234,"geometry":{"type":"Point","coordinates":[44.2068656,15.405156400000001]},"properties":{"id":5994083234,"name":"طيبة ميني ماركت","type":"supermarket","category":"shopping","subcategory":"supermarket","osmType":"node","shop":"supermarket","name:latin":"tyba myny markt"}},{"type":"Feature","id":5994083235,"geometry":{"type":"Point","coordinates":[44.2072366,15.4054075]},"properties":{"id":5994083235,"name":"مخبز جنات","type":"bakery","category":"shopping","subcategory":"food_shop","osmType":"node","shop":"bakery","name:latin":"mkhbz jnat"}},{"type":"Feature","id":5994083236,"geometry":{"type":"Point","coordinates":[44.2080817,15.405132400000001]},"properties":{"id":5994083236,"name":"بقالة النهاري","type":"supermarket","category":"shopping","subcategory":"supermarket","osmType":"node","shop":"supermarket","name:latin":"bqala al-nhary"}},{"type":"Feature","id":5994083237,"geometry":{"type":"Point","coordinates":[44.2082374,15.405600500000002]},"properties":{"id":5994083237,"name":"بقالة الوادعي","type":"supermarket","category":"shopping","subcategory":"supermarket","osmType":"node","shop":"supermarket","name:latin":"bqala al-wad'y"}},{"type":"Feature","id":5994083238,"geometry":{"type":"Point","coordinates":[44.208571000000006,15.405082400000001]},"properties":{"id":5994083238,"name":"تموينات الحداء","type":"supermarket","category":"shopping","subcategory":"supermarket","osmType":"node","shop":"supermarket","name:latin":"tmwynat al-hda'"}},{"type":"Feature","id":5994083239,"geometry":{"type":"Point","coordinates":[44.20911220000001,15.405050200000002]},"properties":{"id":5994083239,"name":"بقالة أبو أيمن","type":"supermarket","category":"shopping","subcategory":"supermarket","osmType":"node","shop":"supermarket","name:latin":"bqala abw aymn"}},{"type":"Feature","id":5994083240,"geometry":{"type":"Point","coordinates":[44.2095903,15.405454]},"properties":{"id":5994083240,"name":"بقالة الناصرة","type":"supermarket","category":"shopping","subcategory":"supermarket","osmType":"node","shop":"supermarket","name:latin":"bqala al-nasra"}},{"type":"Feature","id":5994083246,"geometry":{"type":"Point","coordinates":[44.212081100000006,15.4043462]},"properties":{"id":5994083246,"name":"بقالة مكة للتموينات الغذائية","type":"supermarket","category":"shopping","subcategory":"supermarket","osmType":"node","shop":"supermarket","name:latin":"bqala mka lltmwynat al-ghdha'ya"}},{"type":"Feature","id":5994083247,"geometry":{"type":"Point","coordinates":[44.212577800000005,15.404467700000001]},"properties":{"id":5994083247,"name":"المخبز الوطني","type":"bakery","category":"shopping","subcategory":"food_shop","osmType":"node","shop":"bakery","name:latin":"al-mkhbz al-wtny"}},{"type":"Feature","id":5994083248,"geometry":{"type":"Point","coordinates":[44.2129114,15.404796500000002]},"properties":{"id":5994083248,"name":"بقالة القرص","type":"supermarket","category":"shopping","subcategory":"supermarket","osmType":"node","shop":"supermarket","name:latin":"bqala al-qrs"}},{"type":"Feature","id":5994083249,"geometry":{"type":"Point","coordinates":[44.21362310000001,15.4049966]},"properties":{"id":5994083249,"name":"بقالة التوفيق","type":"supermarket","category":"shopping","subcategory":"supermarket","osmType":"node","shop":"supermarket","name:latin":"bqala al-twfyq"}},{"type":"Feature","id":5994083254,"geometry":{"type":"Point","coordinates":[44.21412350000001,15.405253900000002]},"properties":{"id":5994083254,"name":"بقالة القطواني","type":"supermarket","category":"shopping","subcategory":"supermarket","osmType":"node","shop":"supermarket","name:latin":"bqala al-qtwany"}},{"type":"Feature","id":5994083256,"geometry":{"type":"Point","coordinates":[44.21412720000001,15.405421800000001]},"properties":{"id":5994083256,"name":"مخبز الامتياز","type":"bakery","category":"shopping","subcategory":"food_shop","osmType":"node","shop":"bakery","name:latin":"mkhbz al-amtyaz"}},{"type":"Feature","id":5994083258,"geometry":{"type":"Point","coordinates":[44.212147900000005,15.402966900000001]},"properties":{"id":5994083258,"name":"مخبز البلد الطيب","type":"bakery","category":"shopping","subcategory":"food_shop","osmType":"node","shop":"bakery","name:latin":"mkhbz al-bld al-tyb"}},{"type":"Feature","id":5994083262,"geometry":{"type":"Point","coordinates":[44.2131449,15.400494100000001]},"properties":{"id":5994083262,"name":"سوبرمارکت ركن الجراف","type":"supermarket","category":"shopping","subcategory":"supermarket","osmType":"node","shop":"supermarket","name:latin":"swbrmarکt rkn al-jraf"}},{"type":"Feature","id":5994083263,"geometry":{"type":"Point","coordinates":[44.213649000000004,15.400411900000002]},"properties":{"id":5994083263,"name":"بقالة أبو محمد العباسي","type":"supermarket","category":"shopping","subcategory":"supermarket","osmType":"node","shop":"supermarket","name:latin":"bqala abw mhmd al-'basy"}},{"type":"Feature","id":5994083266,"geometry":{"type":"Point","coordinates":[44.213460000000005,15.396448800000002]},"properties":{"id":5994083266,"name":"بقالة المراني","type":"supermarket","category":"shopping","subcategory":"supermarket","osmType":"node","addr:city":"صنعاء","addr:street":"شارع المطار","shop":"supermarket","name:latin":"bqala al-mrany"}},{"type":"Feature","id":5994083269,"geometry":{"type":"Point","coordinates":[44.2138344,15.394540500000002]},"properties":{"id":5994083269,"name":"مخبز الشرفي","type":"bakery","category":"shopping","subcategory":"food_shop","osmType":"node","name:en":"Alsharafy bakery","shop":"bakery"}},{"type":"Feature","id":5994083272,"geometry":{"type":"Point","coordinates":[44.2149908,15.394504800000002]},"properties":{"id":5994083272,"name":"تموينات الاسطورة","type":"supermarket","category":"shopping","subcategory":"supermarket","osmType":"node","shop":"supermarket","name:latin":"tmwynat al-astwra"}},{"type":"Feature","id":6022376848,"geometry":{"type":"Point","coordinates":[44.196313700000005,15.3131137]},"properties":{"id":6022376848,"name":"نايس وير","type":"mall","category":"shopping","subcategory":"mall","osmType":"node","addr:street":"شارع حدة","name:en":"Nice Wear","opening_hours":"Sa-Th 09:00-21:00","shop":"mall"}},{"type":"Feature","id":6022377599,"geometry":{"type":"Point","coordinates":[44.199346600000005,15.319608800000001]},"properties":{"id":6022377599,"name":"تموينات برج السبعين","type":"supermarket","category":"shopping","subcategory":"supermarket","osmType":"node","shop":"supermarket","name:latin":"tmwynat brj al-sb'yn"}},{"type":"Feature","id":6022377608,"geometry":{"type":"Point","coordinates":[44.19894970000001,15.316771500000002]},"properties":{"id":6022377608,"name":"ميني ماركت الياقوت","type":"supermarket","category":"shopping","subcategory":"supermarket","osmType":"node","addr:street":"شارع حدة","name:en":"Alyagoot Mini Market","shop":"supermarket"}},{"type":"Feature","id":6024465940,"geometry":{"type":"Point","coordinates":[44.197087200000006,15.398098700000002]},"properties":{"id":6024465940,"name":"سوبر ماركت المطري","type":"supermarket","category":"shopping","subcategory":"supermarket","osmType":"node","addr:street":"شارع صوفان","shop":"supermarket","name:latin":"swbr markt al-mtry"}},{"type":"Feature","id":6024465941,"geometry":{"type":"Point","coordinates":[44.1971015,15.398161000000002]},"properties":{"id":6024465941,"name":"مخبز المطري","type":"bakery","category":"shopping","subcategory":"food_shop","osmType":"node","addr:street":"شارع صوفان","shop":"bakery","name:latin":"mkhbz al-mtry"}},{"type":"Feature","id":6028250135,"geometry":{"type":"Point","coordinates":[44.1785312,15.342389]},"properties":{"id":6028250135,"name":"بقالة أبو عصام","type":"supermarket","category":"shopping","subcategory":"supermarket","osmType":"node","addr:street":"شارع الزبيري","shop":"supermarket","name:latin":"bqala abw 'sam"}},{"type":"Feature","id":6028250138,"geometry":{"type":"Point","coordinates":[44.1793862,15.342910400000001]},"properties":{"id":6028250138,"name":"تموينات الحبيشي","type":"supermarket","category":"shopping","subcategory":"supermarket","osmType":"node","addr:street":"شارع الزبيري","shop":"supermarket","name:latin":"tmwynat al-hbyshy"}},{"type":"Feature","id":6028250140,"geometry":{"type":"Point","coordinates":[44.1796566,15.342581200000001]},"properties":{"id":6028250140,"name":"بقالة سبأفون","type":"supermarket","category":"shopping","subcategory":"supermarket","osmType":"node","addr:street":"شارع الزبيري","shop":"supermarket","name:latin":"bqala sbafwn"}},{"type":"Feature","id":6028250161,"geometry":{"type":"Point","coordinates":[44.182363300000006,15.3465915]},"properties":{"id":6028250161,"name":"سوبرمارکت القافلة","type":"supermarket","category":"shopping","subcategory":"supermarket","osmType":"node","addr:street":"شارع الوحدة","shop":"supermarket","name:latin":"swbrmarکt al-qafla"}},{"type":"Feature","id":6028250162,"geometry":{"type":"Point","coordinates":[44.1816395,15.346584700000001]},"properties":{"id":6028250162,"name":"تموينات الوحدة","type":"supermarket","category":"shopping","subcategory":"supermarket","osmType":"node","addr:street":"شارع 16","shop":"supermarket","name:latin":"tmwynat al-whda"}},{"type":"Feature","id":6028250172,"geometry":{"type":"Point","coordinates":[44.1886561,15.3460195]},"properties":{"id":6028250172,"name":"بقالة الباشا","type":"supermarket","category":"shopping","subcategory":"supermarket","osmType":"node","shop":"supermarket","name:latin":"bqala al-basha"}},{"type":"Feature","id":6028250178,"geometry":{"type":"Point","coordinates":[44.189181500000004,15.348624800000001]},"properties":{"id":6028250178,"name":"المول السوري","type":"mall","category":"shopping","subcategory":"mall","osmType":"node","addr:street":"الخط الدائري","shop":"mall","name:latin":"al-mwl al-swry"}},{"type":"Feature","id":6028250892,"geometry":{"type":"Point","coordinates":[44.189168200000005,15.355788300000002]},"properties":{"id":6028250892,"name":"تموينات الاقصى","type":"supermarket","category":"shopping","subcategory":"supermarket","osmType":"node","addr:street":"الخط الدائري","shop":"supermarket","name:latin":"tmwynat al-aqsa"}},{"type":"Feature","id":6028250893,"geometry":{"type":"Point","coordinates":[44.189165900000006,15.356756500000001]},"properties":{"id":6028250893,"name":"بقالة الويسي","type":"supermarket","category":"shopping","subcategory":"supermarket","osmType":"node","addr:street":"الخط الدائري","shop":"supermarket","name:latin":"bqala al-wysy"}},{"type":"Feature","id":6028250894,"geometry":{"type":"Point","coordinates":[44.188874000000006,15.356826300000002]},"properties":{"id":6028250894,"name":"بقالة مطهر العواضي","type":"supermarket","category":"shopping","subcategory":"supermarket","osmType":"node","addr:street":"الخط الدائري","shop":"supermarket","name:latin":"bqala mthr al-'wady"}},{"type":"Feature","id":6028250909,"geometry":{"type":"Point","coordinates":[44.191788100000004,15.369581400000001]},"properties":{"id":6028250909,"name":"بقالة وادي مزهر","type":"supermarket","category":"shopping","subcategory":"supermarket","osmType":"node","addr:street":"شارع القاهرة","shop":"supermarket","name:latin":"bqala wady mzhr"}},{"type":"Feature","id":6028250910,"geometry":{"type":"Point","coordinates":[44.1929579,15.369626400000001]},"properties":{"id":6028250910,"name":"بقالة السامعي","type":"supermarket","category":"shopping","subcategory":"supermarket","osmType":"node","addr:street":"شارع القاهرة","shop":"supermarket","name:latin":"bqala al-sam'y"}},{"type":"Feature","id":6029109594,"geometry":{"type":"Point","coordinates":[44.1814879,15.394711000000001]},"properties":{"id":6029109594,"name":"مسلخ الخير","type":"butcher","category":"shopping","subcategory":"food_shop","osmType":"node","addr:street":"شارع النهضة","shop":"butcher","name:latin":"mslkh al-khyr"}},{"type":"Feature","id":6029109596,"geometry":{"type":"Point","coordinates":[44.1907325,15.401728400000001]},"properties":{"id":6029109596,"name":"بقالة العودي","type":"convenience","category":"shopping","subcategory":"supermarket","osmType":"node","shop":"convenience","name:latin":"bqala al-'wdy"}},{"type":"Feature","id":6034431243,"geometry":{"type":"Point","coordinates":[44.20486940000001,15.3964732]},"properties":{"id":6034431243,"name":"بقالة السعيد","type":"convenience","category":"shopping","subcategory":"supermarket","osmType":"node","addr:street":"شارع صوفان","shop":"convenience","name:latin":"bqala al-s'yd"}},{"type":"Feature","id":6076233906,"geometry":{"type":"Point","coordinates":[44.23072260000001,15.3826265]},"properties":{"id":6076233906,"name":"بقالة أبو سلطان","type":"supermarket","category":"shopping","subcategory":"supermarket","osmType":"node","addr:street":"شارع النصر","shop":"supermarket","name:latin":"bqala abw sltan"}},{"type":"Feature","id":6076233907,"geometry":{"type":"Point","coordinates":[44.230781900000004,15.382581100000001]},"properties":{"id":6076233907,"name":"بقالة أحمد سفيان","type":"supermarket","category":"shopping","subcategory":"supermarket","osmType":"node","addr:street":"شارع النصر","shop":"supermarket","name:latin":"bqala ahmd sfyan"}},{"type":"Feature","id":6131128099,"geometry":{"type":"Point","coordinates":[44.2345449,15.379001]},"properties":{"id":6131128099,"name":"العواضي للتموينات الغذائية","type":"supermarket","category":"shopping","subcategory":"supermarket","osmType":"node","opening_hours":"Sa-Th 09:00-01:00","shop":"supermarket","name:latin":"al-'wady lltmwynat al-ghdha'ya"}},{"type":"Feature","id":6134329086,"geometry":{"type":"Point","coordinates":[44.22162840000001,15.3307946]},"properties":{"id":6134329086,"name":"بقالة مكة","type":"supermarket","category":"shopping","subcategory":"supermarket","osmType":"node","shop":"supermarket","name:latin":"bqala mka"}},{"type":"Feature","id":6134329386,"geometry":{"type":"Point","coordinates":[44.221680000000006,15.3306476]},"properties":{"id":6134329386,"name":"بقالة 45","type":"supermarket","category":"shopping","subcategory":"supermarket","osmType":"node","name:en":"45 grocery","shop":"supermarket"}},{"type":"Feature","id":6134329388,"geometry":{"type":"Point","coordinates":[44.2210843,15.329546700000002]},"properties":{"id":6134329388,"name":"مخبز","type":"bakery","category":"shopping","subcategory":"food_shop","osmType":"node","name:en":"Bakery","shop":"bakery"}},{"type":"Feature","id":6134329389,"geometry":{"type":"Point","coordinates":[44.21950700000001,15.330283800000002]},"properties":{"id":6134329389,"name":"مخبز للكدم","type":"bakery","category":"shopping","subcategory":"food_shop","osmType":"node","name:en":"bread bakery","shop":"bakery"}},{"type":"Feature","id":6135547293,"geometry":{"type":"Point","coordinates":[44.235099000000005,15.3804995]},"properties":{"id":6135547293,"name":"مخبز وادي الماء","type":"bakery","category":"shopping","subcategory":"food_shop","osmType":"node","shop":"bakery","name:latin":"mkhbz wady al-ma'"}},{"type":"Feature","id":6135558185,"geometry":{"type":"Point","coordinates":[44.23664290000001,15.379172]},"properties":{"id":6135558185,"name":"مخبز الامتياز","type":"bakery","category":"shopping","subcategory":"food_shop","osmType":"node","shop":"bakery","name:latin":"mkhbz al-amtyaz"}},{"type":"Feature","id":6152220123,"geometry":{"type":"Point","coordinates":[44.248166100000006,15.374137900000001]},"properties":{"id":6152220123,"name":"سوبر ماركت ظمران","type":"supermarket","category":"shopping","subcategory":"supermarket","osmType":"node","addr:street":"شارع الاربعين","facebook":"https://www.facebook.com/Dhmaran/","name:en":"Dhamran Super Market","shop":"supermarket"}},{"type":"Feature","id":6160002085,"geometry":{"type":"Point","coordinates":[44.2414701,15.2709509]},"properties":{"id":6160002085,"name":"سوبر ماركت الفلوجة","type":"supermarket","category":"shopping","subcategory":"supermarket","osmType":"node","addr:street":"شارع ‏الثلاثين","name:en":"supermarket Alfalojah","shop":"supermarket"}},{"type":"Feature","id":6181060685,"geometry":{"type":"Point","coordinates":[44.2010372,15.370062200000001]},"properties":{"id":6181060685,"name":"سوبر ماركت ابو نواف","type":"supermarket","category":"shopping","subcategory":"supermarket","osmType":"node","shop":"supermarket","name:latin":"swbr markt abw nwaf"}},{"type":"Feature","id":6192450885,"geometry":{"type":"Point","coordinates":[44.234619800000004,15.3793064]},"properties":{"id":6192450885,"name":"سوق المدينة","type":"greengrocer","category":"shopping","subcategory":"food_shop","osmType":"node","shop":"greengrocer","name:latin":"swq al-mdyna"}},{"type":"Feature","id":6194260985,"geometry":{"type":"Point","coordinates":[44.2138873,15.410858300000001]},"properties":{"id":6194260985,"name":"شركة المحضار","type":"supermarket","category":"shopping","subcategory":"supermarket","osmType":"node","addr:street":"شارع النصر","name:ar":"شركة المحضار","name:en":"Almahdar Company","shop":"supermarket"}},{"type":"Feature","id":6241899087,"geometry":{"type":"Point","coordinates":[44.175751600000005,15.351288300000002]},"properties":{"id":6241899087,"name":"بقالة السيداوي","type":"supermarket","category":"shopping","subcategory":"supermarket","osmType":"node","addr:street":"شارع الستين","name:en":"Sayedawi store","shop":"supermarket"}},{"type":"Feature","id":6271778325,"geometry":{"type":"Point","coordinates":[44.1548974,15.4111281]},"properties":{"id":6271778325,"name":"مخبز جوار مصنع مياة صنعاء","type":"bakery","category":"shopping","subcategory":"food_shop","osmType":"node","name:en":"Bakery near to Sana'a Water Plant","shop":"bakery"}},{"type":"Feature","id":6299608887,"geometry":{"type":"Point","coordinates":[44.195131800000006,15.302211100000001]},"properties":{"id":6299608887,"name":"بقالة الجعفري","type":"supermarket","category":"shopping","subcategory":"supermarket","osmType":"node","addr:street":"شارع صفر","name:en":"Aljafari Grocery","opening_hours":"Mo-Su 08:00-22:40","shop":"supermarket"}},{"type":"Feature","id":6299621985,"geometry":{"type":"Point","coordinates":[44.1753963,15.338643700000002]},"properties":{"id":6299621985,"name":"ميني ماركت الجعفري","type":"supermarket","category":"shopping","subcategory":"supermarket","osmType":"node","addr:street":"شارع نواكشوط","name:en":"Aljafari Mini Market","opening_hours":"Sa-Th 07:00-22:00","shop":"supermarket"}},{"type":"Feature","id":6321326585,"geometry":{"type":"Point","coordinates":[44.2437644,15.444805100000002]},"properties":{"id":6321326585,"name":"محل السعادي للاغذيه","type":"supermarket","category":"shopping","subcategory":"supermarket","osmType":"node","name:en":"Mhal alsaadi","shop":"supermarket"}},{"type":"Feature","id":6334876485,"geometry":{"type":"Point","coordinates":[44.1699313,15.408097200000002]},"properties":{"id":6334876485,"name":"بقالة أحمد عوضة","type":"supermarket","category":"shopping","subcategory":"supermarket","osmType":"node","addr:street":"شارع 12","shop":"supermarket","name:latin":"bqala ahmd 'wda"}},{"type":"Feature","id":6345323790,"geometry":{"type":"Point","coordinates":[44.1746975,15.357273800000002]},"properties":{"id":6345323790,"name":"بقالة الصفاء","type":"supermarket","category":"shopping","subcategory":"supermarket","osmType":"node","addr:street":"شارع الستين","phone":"+967 739 298 767","shop":"supermarket","name:latin":"bqala al-sfa'"}},{"type":"Feature","id":6345371484,"geometry":{"type":"Point","coordinates":[44.1760912,15.358823800000001]},"properties":{"id":6345371484,"name":"بقالة الحسني","type":"supermarket","category":"shopping","subcategory":"supermarket","osmType":"node","addr:street":"شارع الرباط","opening_hours":"Mo-Su 07:00-23:00","shop":"supermarket","name:latin":"bqala al-hsny"}},{"type":"Feature","id":6376001385,"geometry":{"type":"Point","coordinates":[44.220270000000006,15.331711100000001]},"properties":{"id":6376001385,"name":"مخبز ابو إيهاب","type":"bakery","category":"shopping","subcategory":"food_shop","osmType":"node","shop":"bakery","name:latin":"mkhbz abw iyhab"}},{"type":"Feature","id":6376001386,"geometry":{"type":"Point","coordinates":[44.2215968,15.331103]},"properties":{"id":6376001386,"name":"مخبز","type":"bakery","category":"shopping","subcategory":"food_shop","osmType":"node","name:en":"Bakery","shop":"bakery"}},{"type":"Feature","id":6376003586,"geometry":{"type":"Point","coordinates":[44.222114600000005,15.3296699]},"properties":{"id":6376003586,"name":"خضروات منير","type":"greengrocer","category":"shopping","subcategory":"food_shop","osmType":"node","name:en":"Moneer for fruits","shop":"greengrocer"}},{"type":"Feature","id":6417902185,"geometry":{"type":"Point","coordinates":[44.18712240000001,15.307879000000002]},"properties":{"id":6417902185,"name":"ادريس","type":"supermarket","category":"shopping","subcategory":"supermarket","osmType":"node","addr:street":"شارع حدة","name:ar":"ادريس","shop":"supermarket","name:latin":"adrys"}},{"type":"Feature","id":6445607387,"geometry":{"type":"Point","coordinates":[44.2198185,15.329345700000001]},"properties":{"id":6445607387,"name":"مخبز الفضيلة","type":"bakery","category":"shopping","subcategory":"food_shop","osmType":"node","opening_hours":"Mo-Su,PH 06:05-22:00","shop":"bakery","name:latin":"mkhbz al-fdyla"}},{"type":"Feature","id":6498157485,"geometry":{"type":"Point","coordinates":[44.243361500000006,15.266011200000001]},"properties":{"id":6498157485,"name":"مخابز يمن الصمود","type":"bakery","category":"shopping","subcategory":"food_shop","osmType":"node","addr:street":"شارع ‏الثلاثين","shop":"bakery","name:latin":"mkhabz ymn al-smwd"}},{"type":"Feature","id":6510135185,"geometry":{"type":"Point","coordinates":[44.1824565,15.390116700000002]},"properties":{"id":6510135185,"name":"اللؤلؤه","type":"supermarket","category":"shopping","subcategory":"supermarket","osmType":"node","addr:street":"شارع النهضة","shop":"supermarket","name:latin":"al-l'l'h"}},{"type":"Feature","id":6532359385,"geometry":{"type":"Point","coordinates":[44.23117130000001,15.3103922]},"properties":{"id":6532359385,"name":"دجاج البلدي مركز سقطرى","type":"butcher","category":"shopping","subcategory":"food_shop","osmType":"node","addr:street":"شارع سقطرى","shop":"butcher","name:latin":"djaj al-bldy mrkz sqtra"}},{"type":"Feature","id":6550897785,"geometry":{"type":"Point","coordinates":[44.1576985,15.398513500000002]},"properties":{"id":6550897785,"name":"بقالة الحطامي للمواد الغذائية","type":"department_store","category":"shopping","subcategory":"mall","osmType":"node","addr:street":"حي السلام","email":"mhmoudshoay@gmail.com","internet_access":"wlan","shop":"department_store","name:latin":"bqala al-htamy llmwad al-ghdha'ya"}},{"type":"Feature","id":6575444285,"geometry":{"type":"Point","coordinates":[44.15646520000001,15.400695200000001]},"properties":{"id":6575444285,"name":"بقالة عبدالعزيز للمواد الغذائية","type":"supermarket","category":"shopping","subcategory":"supermarket","osmType":"node","addr:street":"خط وادي ظهر - شبام","email":"mhmoudshoay@gmail.com","internet_access":"wlan","shop":"supermarket","name:latin":"bqala 'bdal'zyz llmwad al-ghdha'ya"}},{"type":"Feature","id":6587496285,"geometry":{"type":"Point","coordinates":[44.15924390000001,15.401842000000002]},"properties":{"id":6587496285,"name":"سوبر ماركت الوصابي","type":"supermarket","category":"shopping","subcategory":"supermarket","osmType":"node","addr:street":"خط وادي ظهر - شبام","shop":"supermarket","name:latin":"swbr markt al-wsaby"}},{"type":"Feature","id":6594859986,"geometry":{"type":"Point","coordinates":[44.157741,15.399644600000002]},"properties":{"id":6594859986,"name":"بقالة خالد المصنف للمواد الغذائية","type":"supermarket","category":"shopping","subcategory":"supermarket","osmType":"node","addr:street":"خط وادي ظهر - شبام","opening_hours":"24/7","phone":"774664942","shop":"supermarket","name:latin":"bqala khald al-msnf llmwad al-ghdha'ya"}},{"type":"Feature","id":6670056187,"geometry":{"type":"Point","coordinates":[44.191233100000005,15.308775800000001]},"properties":{"id":6670056187,"name":"مقوات حدة","type":"department_store","category":"shopping","subcategory":"mall","osmType":"node","shop":"department_store","name:latin":"mqwat hda"}},{"type":"Feature","id":6673692985,"geometry":{"type":"Point","coordinates":[44.2437406,15.242113800000002]},"properties":{"id":6673692985,"name":"الصوفي للمواد الغذائية","type":"supermarket","category":"shopping","subcategory":"supermarket","osmType":"node","addr:street":"شارع 48","email":"alsoufiabdulmalek@yahoo.com","internet_access":"wlan","name:en":"Alsoufi Grocery Store","opening_hours":"24/7","phone":"772392133","shop":"supermarket"}},{"type":"Feature","id":6696040785,"geometry":{"type":"Point","coordinates":[44.2256627,15.2705233]},"properties":{"id":6696040785,"name":"بقالة صفاء","type":"convenience","category":"shopping","subcategory":"supermarket","osmType":"node","addr:street":"شارع ابو العز","opening_hours":"24/7","phone":"774793585","shop":"convenience","name:latin":"bqala sfa'"}},{"type":"Feature","id":6780927993,"geometry":{"type":"Point","coordinates":[44.1728157,15.354108000000002]},"properties":{"id":6780927993,"name":"بقالة حميد الجرباني","type":"supermarket","category":"shopping","subcategory":"supermarket","osmType":"node","addr:street":"شارع ٢٤","shop":"supermarket","name:latin":"bqala hmyd al-jrbany"}},{"type":"Feature","id":6802948591,"geometry":{"type":"Point","coordinates":[44.1541136,15.399415600000001]},"properties":{"id":6802948591,"name":"مخبز الشميري","type":"bakery","category":"shopping","subcategory":"food_shop","osmType":"node","addr:street":"خط وادي ظهر - شبام","shop":"bakery","name:latin":"mkhbz al-shmyry"}},{"type":"Feature","id":6852391597,"geometry":{"type":"Point","coordinates":[44.167494600000005,15.355065800000002]},"properties":{"id":6852391597,"name":"سوبر ماركت حي الطيران","type":"supermarket","category":"shopping","subcategory":"supermarket","osmType":"node","addr:street":"شارع 24","shop":"supermarket","name:latin":"swbr markt hy al-tyran"}},{"type":"Feature","id":6852412287,"geometry":{"type":"Point","coordinates":[44.167500600000004,15.355082300000001]},"properties":{"id":6852412287,"name":"سوبر ماركت حي الطيران","type":"supermarket","category":"shopping","subcategory":"supermarket","osmType":"node","addr:street":"شارع ٢٤","name:en":"Tayaran Zone Supermarket","opening_hours":"24/7","shop":"supermarket"}},{"type":"Feature","id":6862188518,"geometry":{"type":"Point","coordinates":[44.1702755,15.367578400000001]},"properties":{"id":6862188518,"name":"بقالة كمران","type":"convenience","category":"shopping","subcategory":"supermarket","osmType":"node","shop":"convenience","name:latin":"bqala kmran"}},{"type":"Feature","id":6862188519,"geometry":{"type":"Point","coordinates":[44.2007223,15.390967800000002]},"properties":{"id":6862188519,"name":"عبدالحميد للدجاج","type":"butcher","category":"shopping","subcategory":"food_shop","osmType":"node","shop":"butcher","name:latin":"'bdalhmyd lldjaj"}},{"type":"Feature","id":6862188520,"geometry":{"type":"Point","coordinates":[44.203093300000006,15.387990600000002]},"properties":{"id":6862188520,"name":"السلام للمواد الغذائية","type":"convenience","category":"shopping","subcategory":"supermarket","osmType":"node","addr:street":"شارع صوفان","shop":"convenience","name:latin":"al-slam llmwad al-ghdha'ya"}},{"type":"Feature","id":6875732686,"geometry":{"type":"Point","coordinates":[44.147947800000004,15.4097085]},"properties":{"id":6875732686,"name":"المصنع الروسي. للادوات المنزلية","type":"supermarket","category":"shopping","subcategory":"supermarket","osmType":"node","addr:street":"خط وادي ظهر - شبام","internet_access":"wlan","shop":"supermarket","name:latin":"al-msn' al-rwsy. lladwat al-mnzlya"}},{"type":"Feature","id":6937218322,"geometry":{"type":"Point","coordinates":[44.234609000000006,15.379357]},"properties":{"id":6937218322,"name":"السوق المركزي","type":"marketplace","category":"shopping","subcategory":"marketplace","osmType":"node","GNS:dsg_code":"MKT","GNS:dsg_name":"market","GNS:id":"10832576","amenity":"marketplace","int_name":"As Sūq al Markazī","name:ar":"السوق المركزي","name:en":"As Suq al Markazi","source:name":"GNS"}},{"type":"Feature","id":6937224192,"geometry":{"type":"Point","coordinates":[44.17040600000001,15.376174]},"properties":{"id":6937224192,"name":"سوق مذبح","type":"marketplace","category":"shopping","subcategory":"marketplace","osmType":"node","GNS:dsg_code":"MKT","GNS:dsg_name":"market","GNS:id":"10832702","amenity":"marketplace","int_name":"Sūq Madhbaḩ","name:ar":"سوق مذبح","name:en":"Suq Madhbah","source:name":"GNS"}},{"type":"Feature","id":6937224388,"geometry":{"type":"Point","coordinates":[44.214226000000004,15.355207000000002]},"properties":{"id":6937224388,"name":"سوق البقر","type":"marketplace","category":"shopping","subcategory":"marketplace","osmType":"node","GNS:dsg_code":"MKT","GNS:dsg_name":"market","GNS:id":"10815511","amenity":"marketplace","int_name":"Sūq al Buqar","name:ar":"سوق البقر","name:en":"Suq al Buqar","source:name":"GNS"}},{"type":"Feature","id":6937224402,"geometry":{"type":"Point","coordinates":[44.236019000000006,15.306791]},"properties":{"id":6937224402,"name":"سوق شميلة","type":"marketplace","category":"shopping","subcategory":"marketplace","osmType":"node","GNS:dsg_code":"MKT","GNS:dsg_name":"market","GNS:id":"10834703","amenity":"marketplace","int_name":"Sūq Shamīlah","name:ar":"سوق شميلة","name:en":"Suq Shamilah","source:name":"GNS"}},{"type":"Feature","id":6937224533,"geometry":{"type":"Point","coordinates":[44.215842,15.354960000000002]},"properties":{"id":6937224533,"name":"سوق الملح","type":"marketplace","category":"shopping","subcategory":"marketplace","osmType":"node","GNS:dsg_code":"MKT","GNS:dsg_name":"market","GNS:id":"10815510","amenity":"marketplace","int_name":"Sūq al Milḩ","name:ar":"سوق الملح","name:en":"Suq al Milh","source:name":"GNS"}},{"type":"Feature","id":6937224534,"geometry":{"type":"Point","coordinates":[44.209223,15.378669000000002]},"properties":{"id":6937224534,"name":"سوق الحصبة","type":"marketplace","category":"shopping","subcategory":"marketplace","osmType":"node","GNS:dsg_code":"MKT","GNS:dsg_name":"market","GNS:id":"10832579","amenity":"marketplace","int_name":"Sūq al Ḩaşabah","name:ar":"سوق الحصبة","name:en":"Suq al Hasabah","source:name":"GNS"}},{"type":"Feature","id":6937224608,"geometry":{"type":"Point","coordinates":[44.215241000000006,15.356269000000001]},"properties":{"id":6937224608,"name":"سوق الزمر","type":"marketplace","category":"shopping","subcategory":"marketplace","osmType":"node","GNS:dsg_code":"MKT","GNS:dsg_name":"market","GNS:id":"10832213","amenity":"marketplace","int_name":"Sūq az Zumar","name:ar":"سوق الزمر","name:en":"Suq az Zumar","source:name":"GNS"}},{"type":"Feature","id":6945733085,"geometry":{"type":"Point","coordinates":[44.2503213,15.2063295]},"properties":{"id":6945733085,"name":"تموينات المجيدي","type":"supermarket","category":"shopping","subcategory":"supermarket","osmType":"node","addr:housenumber":"202-أ","addr:street":"شارع اربعة عشر","internet_access":"wlan","name:en":"Supermarkets almgedy","opening_hours":"Mo-Su 07:00-22:00","phone":"775207368","shop":"supermarket"}},{"type":"Feature","id":6960277686,"geometry":{"type":"Point","coordinates":[44.205623800000005,15.27968]},"properties":{"id":6960277686,"name":"بقالة الفؤاد","type":"convenience","category":"shopping","subcategory":"supermarket","osmType":"node","shop":"convenience","name:latin":"bqala al-f'ad"}},{"type":"Feature","id":6960289985,"geometry":{"type":"Point","coordinates":[44.2041874,15.281647000000001]},"properties":{"id":6960289985,"name":"بقالة الهناء","type":"convenience","category":"shopping","subcategory":"supermarket","osmType":"node","shop":"convenience","name:latin":"bqala al-hna'"}},{"type":"Feature","id":6983388321,"geometry":{"type":"Point","coordinates":[44.2391701,15.311309600000001]},"properties":{"id":6983388321,"name":"بقالة محمد طاهر","type":"supermarket","category":"shopping","subcategory":"supermarket","osmType":"node","name:en":"Mohamed taher market","shop":"supermarket"}},{"type":"Feature","id":7012088185,"geometry":{"type":"Point","coordinates":[44.226068000000005,15.314205000000001]},"properties":{"id":7012088185,"name":"سوق القادسية","type":"department_store","category":"shopping","subcategory":"mall","osmType":"node","shop":"department_store","name:latin":"swq al-qadsya"}},{"type":"Feature","id":7026935286,"geometry":{"type":"Point","coordinates":[44.206619,15.391060900000001]},"properties":{"id":7026935286,"name":"سوبر ماركت اليمن","type":"supermarket","category":"shopping","subcategory":"supermarket","osmType":"node","shop":"supermarket","name:latin":"swbr markt al-ymn"}},{"type":"Feature","id":7101775789,"geometry":{"type":"Point","coordinates":[44.22977770000001,15.268100100000002]},"properties":{"id":7101775789,"name":"سوبر ماركت الصداقة","type":"supermarket","category":"shopping","subcategory":"supermarket","osmType":"node","addr:street":"شارع اللهبي","shop":"supermarket","name:latin":"swbr markt al-sdaqa"}},{"type":"Feature","id":7204976685,"geometry":{"type":"Point","coordinates":[44.1869359,15.3544081]},"properties":{"id":7204976685,"name":"بقالة عيسى الجبلي","type":"supermarket","category":"shopping","subcategory":"supermarket","osmType":"node","addr:housenumber":"1","addr:street":"شارع الإمام علي بن ابي طالب","shop":"supermarket","name:latin":"bqala 'ysa al-jbly"}},{"type":"Feature","id":7389477986,"geometry":{"type":"Point","coordinates":[44.2594581,15.299276100000002]},"properties":{"id":7389477986,"name":"بقالة خميس الجوفي","type":"supermarket","category":"shopping","subcategory":"supermarket","osmType":"node","addr:street":"شارع 24","name:en":"khamees aljofi","phone":"774572143","shop":"supermarket"}},{"type":"Feature","id":7389628087,"geometry":{"type":"Point","coordinates":[44.2461118,15.2275556]},"properties":{"id":7389628087,"name":"الخليل للخضروات والفواكة","type":"greengrocer","category":"shopping","subcategory":"food_shop","osmType":"node","addr:street":"شارع الاربعين","name:en":"alkhaleel for fruits and vegetables","shop":"greengrocer"}},{"type":"Feature","id":7445084085,"geometry":{"type":"Point","coordinates":[44.2193441,15.3313155]},"properties":{"id":7445084085,"name":"بقالة السعيدة","type":"supermarket","category":"shopping","subcategory":"supermarket","osmType":"node","shop":"supermarket","name:latin":"bqala al-s'yda"}},{"type":"Feature","id":7445084386,"geometry":{"type":"Point","coordinates":[44.217488800000005,15.3326182]},"properties":{"id":7445084386,"name":"سوبر ماركت أبو الرجال","type":"supermarket","category":"shopping","subcategory":"supermarket","osmType":"node","shop":"supermarket","name:latin":"swbr markt abw al-rjal"}},{"type":"Feature","id":7462591985,"geometry":{"type":"Point","coordinates":[44.2553343,15.436626300000002]},"properties":{"id":7462591985,"name":"سوبر ماركت بنده","type":"supermarket","category":"shopping","subcategory":"supermarket","osmType":"node","opening_hours":"24/7","shop":"supermarket","name:latin":"swbr markt bndh"}},{"type":"Feature","id":7490833885,"geometry":{"type":"Point","coordinates":[44.175323600000006,15.352116900000002]},"properties":{"id":7490833885,"name":"طماطيس للقات الارحبي","type":"convenience","category":"shopping","subcategory":"supermarket","osmType":"node","addr:street":"شارع 20","opening_hours":"Mo-Su 11:00-20:00","shop":"convenience","name:latin":"tmatys llqat al-arhby"}},{"type":"Feature","id":7551185985,"geometry":{"type":"Point","coordinates":[44.1863742,15.326154]},"properties":{"id":7551185985,"name":"بقالة معين الحبيشي","type":"supermarket","category":"shopping","subcategory":"supermarket","osmType":"node","shop":"supermarket","name:latin":"bqala m'yn al-hbyshy"}},{"type":"Feature","id":7602149089,"geometry":{"type":"Point","coordinates":[44.215980300000005,15.354016600000001]},"properties":{"id":7602149089,"name":"بن و بهارات الشوكاني","type":"supermarket","category":"shopping","subcategory":"supermarket","osmType":"node","addr:housenumber":"281712","addr:street":"سوق الملح","opening_hours":"24/7","phone":"+967770747267","shop":"supermarket","name:latin":"bn w bharat al-shwkany"}},{"type":"Feature","id":7602245185,"geometry":{"type":"Point","coordinates":[44.21217970000001,15.356392800000002]},"properties":{"id":7602245185,"name":"بقالة طه العلافه (النخره)","type":"supermarket","category":"shopping","subcategory":"supermarket","osmType":"node","addr:housenumber":"01284390","addr:street":"الفليحي","opening_hours":"24/7","shop":"supermarket","name:latin":"bqala th al-'lafh (al-nkhrh)"}},{"type":"Feature","id":7650124254,"geometry":{"type":"Point","coordinates":[44.245575200000005,15.307481300000001]},"properties":{"id":7650124254,"name":"","type":"supermarket","category":"shopping","subcategory":"supermarket","osmType":"node","shop":"supermarket"}},{"type":"Feature","id":7669718691,"geometry":{"type":"Point","coordinates":[44.2230391,15.338595000000002]},"properties":{"id":7669718691,"name":"جمالي للحم الغنمي","type":"butcher","category":"shopping","subcategory":"food_shop","osmType":"node","addr:street":"شارع أبو ظبي","shop":"butcher","name:latin":"jmaly llhm al-ghnmy"}},{"type":"Feature","id":7669747185,"geometry":{"type":"Point","coordinates":[44.233949,15.312653000000001]},"properties":{"id":7669747185,"name":"بقالة النويره","type":"supermarket","category":"shopping","subcategory":"supermarket","osmType":"node","addr:street":"شارع السفينة","shop":"supermarket","name:latin":"bqala al-nwyrh"}},{"type":"Feature","id":7669747186,"geometry":{"type":"Point","coordinates":[44.2332022,15.311906]},"properties":{"id":7669747186,"name":"سوبر ماركت الفرسان","type":"supermarket","category":"shopping","subcategory":"supermarket","osmType":"node","addr:street":"شارع السفينة","shop":"supermarket","name:latin":"swbr markt al-frsan"}},{"type":"Feature","id":7684712929,"geometry":{"type":"Point","coordinates":[44.196330100000004,15.368978700000001]},"properties":{"id":7684712929,"name":"بقالة الخرطوم","type":"supermarket","category":"shopping","subcategory":"supermarket","osmType":"node","shop":"supermarket","name:latin":"bqala al-khrtwm"}},{"type":"Feature","id":7687098795,"geometry":{"type":"Point","coordinates":[44.190437700000004,15.400847]},"properties":{"id":7687098795,"name":"بقالة باب الحارة","type":"convenience","category":"shopping","subcategory":"supermarket","osmType":"node","addr:city":"صنعاء","addr:place":"المدينة الليبية","operator":"بقالة باب الحارة","shop":"convenience","name:latin":"bqala bab al-hara"}},{"type":"Feature","id":7693212886,"geometry":{"type":"Point","coordinates":[44.1729819,15.353654800000001]},"properties":{"id":7693212886,"name":"بقالة كرم للمواد الغذائية","type":"supermarket","category":"shopping","subcategory":"supermarket","osmType":"node","addr:street":"شارع 8","name:en":"Karm minemarket","opening_hours":"Mo-Su 09:00-23:00","shop":"supermarket"}},{"type":"Feature","id":7707709469,"geometry":{"type":"Point","coordinates":[44.205091800000005,15.386295600000002]},"properties":{"id":7707709469,"name":"مخبز الطازج","type":"bakery","category":"shopping","subcategory":"food_shop","osmType":"node","addr:street":"شارع مازدا","shop":"bakery","name:latin":"mkhbz al-tazj"}},{"type":"Feature","id":7707732503,"geometry":{"type":"Point","coordinates":[44.20462010000001,15.386239300000002]},"properties":{"id":7707732503,"name":"مخبز الخير","type":"bakery","category":"shopping","subcategory":"food_shop","osmType":"node","addr:street":"شارع مازدا","shop":"bakery","name:latin":"mkhbz al-khyr"}},{"type":"Feature","id":7711150619,"geometry":{"type":"Point","coordinates":[44.2064141,15.387017700000001]},"properties":{"id":7711150619,"name":"المنتاب للتجارة العامة","type":"convenience","category":"shopping","subcategory":"supermarket","osmType":"node","shop":"convenience","name:latin":"al-mntab lltjara al-'ama"}},{"type":"Feature","id":7711182150,"geometry":{"type":"Point","coordinates":[44.2058618,15.386277900000001]},"properties":{"id":7711182150,"name":"سوبرماركت العماد","type":"supermarket","category":"shopping","subcategory":"supermarket","osmType":"node","addr:street":"شارع مازدا","shop":"supermarket","name:latin":"swbrmarkt al-'mad"}},{"type":"Feature","id":7711204107,"geometry":{"type":"Point","coordinates":[44.2023245,15.400364200000002]},"properties":{"id":7711204107,"name":"سوق غثيم المركزي","type":"marketplace","category":"shopping","subcategory":"marketplace","osmType":"node","amenity":"marketplace","name:latin":"swq ghthym al-mrkzy"}},{"type":"Feature","id":7711214507,"geometry":{"type":"Point","coordinates":[44.2050172,15.398224100000002]},"properties":{"id":7711214507,"name":"ميني ماركت السعيدة","type":"supermarket","category":"shopping","subcategory":"supermarket","osmType":"node","shop":"supermarket","name:latin":"myny markt al-s'yda"}},{"type":"Feature","id":7711230788,"geometry":{"type":"Point","coordinates":[44.2049795,15.398331700000002]},"properties":{"id":7711230788,"name":"بقالة النصر للمواد الغذائية","type":"supermarket","category":"shopping","subcategory":"supermarket","osmType":"node","shop":"supermarket","name:latin":"bqala al-nsr llmwad al-ghdha'ya"}},{"type":"Feature","id":7711889426,"geometry":{"type":"Point","coordinates":[44.1898411,15.4010086]},"properties":{"id":7711889426,"name":"الطرساني","type":"convenience","category":"shopping","subcategory":"supermarket","osmType":"node","addr:city":"صنعاء","shop":"convenience","name:latin":"al-trsany"}},{"type":"Feature","id":7717765885,"geometry":{"type":"Point","coordinates":[44.19311630000001,15.365959600000002]},"properties":{"id":7717765885,"name":"سارع للتجارة والإعلان","type":"convenience","category":"shopping","subcategory":"supermarket","osmType":"node","addr:street":"شارع الحرية","email":"torkey.ye@gmail.com","name:en":"Torkey Trade and advertising","opening_hours":"Mo-Th, Sa, Su 09:00-12:30, 15:30-23:00","operator":"طابعات حبر بنر فلكس قماش ايكو سولفنت سيكو ابسون","phone":"777760989","shop":"convenience","website":"https://torkey.business.site/"}},{"type":"Feature","id":7727090885,"geometry":{"type":"Point","coordinates":[44.2204631,15.276319700000002]},"properties":{"id":7727090885,"name":"محلات الربعة التجارية","type":"department_store","category":"shopping","subcategory":"mall","osmType":"node","addr:street":"مثلث بيت بوس","shop":"department_store","name:latin":"mhlat al-rb'a al-tjarya"}},{"type":"Feature","id":7730245112,"geometry":{"type":"Point","coordinates":[44.2093349,15.3457792]},"properties":{"id":7730245112,"name":"بقالة كمال العمري","type":"supermarket","category":"shopping","subcategory":"supermarket","osmType":"node","shop":"supermarket","name:latin":"bqala kmal al-'mry"}},{"type":"Feature","id":7730248095,"geometry":{"type":"Point","coordinates":[44.208775800000005,15.3450842]},"properties":{"id":7730248095,"name":"بقالة الامتياز","type":"marketplace","category":"shopping","subcategory":"marketplace","osmType":"node","amenity":"marketplace","name:latin":"bqala al-amtyaz"}},{"type":"Feature","id":7730252271,"geometry":{"type":"Point","coordinates":[44.208833000000006,15.3487418]},"properties":{"id":7730252271,"name":"بقالة الغانم","type":"supermarket","category":"shopping","subcategory":"supermarket","osmType":"node","shop":"supermarket","name:latin":"bqala al-ghanm"}},{"type":"Feature","id":7730254510,"geometry":{"type":"Point","coordinates":[44.2079315,15.348295600000002]},"properties":{"id":7730254510,"name":"بقالة اللواء الأخضر للمواد الغذائية","type":"supermarket","category":"shopping","subcategory":"supermarket","osmType":"node","shop":"supermarket","name:latin":"bqala al-lwa' al-akhdr llmwad al-ghdha'ya"}},{"type":"Feature","id":7730269244,"geometry":{"type":"Point","coordinates":[44.208124500000004,15.3492668]},"properties":{"id":7730269244,"name":"الصرماح للمواد الغذائية","type":"supermarket","category":"shopping","subcategory":"supermarket","osmType":"node","shop":"supermarket","name:latin":"al-srmah llmwad al-ghdha'ya"}},{"type":"Feature","id":7730354996,"geometry":{"type":"Point","coordinates":[44.208878000000006,15.3659969]},"properties":{"id":7730354996,"name":"المخبز المركزي الخيري","type":"bakery","category":"shopping","subcategory":"food_shop","osmType":"node","shop":"bakery","name:latin":"al-mkhbz al-mrkzy al-khyry"}},{"type":"Feature","id":7738290142,"geometry":{"type":"Point","coordinates":[44.2283874,15.299189300000002]},"properties":{"id":7738290142,"name":"تموينات الحبيشي","type":"supermarket","category":"shopping","subcategory":"supermarket","osmType":"node","contact:facebook":"https://www.facebook.com/تموينات-الحبيشي-للمواد-الغذائية-والفواكه-والخضار-396259237619016/","name:en":"Al-Hubaishi Grocery","shop":"supermarket"}},{"type":"Feature","id":7746360585,"geometry":{"type":"Point","coordinates":[44.1774703,15.3538606]},"properties":{"id":7746360585,"name":"مركز الزهيري","type":"supermarket","category":"shopping","subcategory":"supermarket","osmType":"node","name:en":"Markaz alzohiry","shop":"supermarket"}},{"type":"Feature","id":7805258387,"geometry":{"type":"Point","coordinates":[44.2536902,15.299713900000002]},"properties":{"id":7805258387,"name":"تموينات الاخوة","type":"supermarket","category":"shopping","subcategory":"supermarket","osmType":"node","shop":"supermarket","name:latin":"tmwynat al-akhwa"}},{"type":"Feature","id":7805258585,"geometry":{"type":"Point","coordinates":[44.2364577,15.306646500000001]},"properties":{"id":7805258585,"name":"مقوات شميله","type":"greengrocer","category":"shopping","subcategory":"food_shop","osmType":"node","shop":"greengrocer","name:latin":"mqwat shmylh"}},{"type":"Feature","id":7805258587,"geometry":{"type":"Point","coordinates":[44.253341000000006,15.299422200000002]},"properties":{"id":7805258587,"name":"","type":"supermarket","category":"shopping","subcategory":"supermarket","osmType":"node","shop":"supermarket"}},{"type":"Feature","id":7805258590,"geometry":{"type":"Point","coordinates":[44.250818300000006,15.302087900000002]},"properties":{"id":7805258590,"name":"سوق الخليج","type":"department_store","category":"shopping","subcategory":"mall","osmType":"node","shop":"department_store","name:latin":"swq al-khlyj"}},{"type":"Feature","id":7807148013,"geometry":{"type":"Point","coordinates":[44.185809400000004,15.347455600000002]},"properties":{"id":7807148013,"name":"سوق قات شارع هايل","type":"marketplace","category":"shopping","subcategory":"marketplace","osmType":"node","amenity":"marketplace","opening_hours":"24/7","operator":"سوق قات","name:latin":"swq qat shar' hayl"}},{"type":"Feature","id":7907033689,"geometry":{"type":"Point","coordinates":[44.1559943,15.397326500000002]},"properties":{"id":7907033689,"name":"تموينات المنصوري","type":"supermarket","category":"shopping","subcategory":"supermarket","osmType":"node","addr:street":"شملان","shop":"supermarket","name:latin":"tmwynat al-mnswry"}},{"type":"Feature","id":7985553372,"geometry":{"type":"Point","coordinates":[44.2398237,15.388121000000002]},"properties":{"id":7985553372,"name":"بقالة الهجري","type":"supermarket","category":"shopping","subcategory":"supermarket","osmType":"node","shop":"supermarket","name:latin":"bqala al-hjry"}},{"type":"Feature","id":8093876318,"geometry":{"type":"Point","coordinates":[44.252819300000006,15.299417700000001]},"properties":{"id":8093876318,"name":"مخبز السنابل","type":"bakery","category":"shopping","subcategory":"food_shop","osmType":"node","shop":"bakery","name:latin":"mkhbz al-snabl"}},{"type":"Feature","id":8093876319,"geometry":{"type":"Point","coordinates":[44.2530451,15.299719600000001]},"properties":{"id":8093876319,"name":"الجاسري للمواد الغذائية","type":"department_store","category":"shopping","subcategory":"mall","osmType":"node","shop":"department_store","name:latin":"al-jasry llmwad al-ghdha'ya"}},{"type":"Feature","id":8093876321,"geometry":{"type":"Point","coordinates":[44.2563253,15.300189600000001]},"properties":{"id":8093876321,"name":"تموينات البركة","type":"supermarket","category":"shopping","subcategory":"supermarket","osmType":"node","shop":"supermarket","name:latin":"tmwynat al-brka"}},{"type":"Feature","id":8093876520,"geometry":{"type":"Point","coordinates":[44.2548152,15.299873000000002]},"properties":{"id":8093876520,"name":"بقالة محمد الصلوي","type":"supermarket","category":"shopping","subcategory":"supermarket","osmType":"node","shop":"supermarket","name:latin":"bqala mhmd al-slwy"}},{"type":"Feature","id":8093876617,"geometry":{"type":"Point","coordinates":[44.2513852,15.300849300000001]},"properties":{"id":8093876617,"name":"سوبر ماركت النهضة","type":"supermarket","category":"shopping","subcategory":"supermarket","osmType":"node","shop":"supermarket","name:latin":"swbr markt al-nhda"}},{"type":"Feature","id":8184133117,"geometry":{"type":"Point","coordinates":[44.2236562,15.346403]},"properties":{"id":8184133117,"name":"الحويشي للتجارة","type":"supermarket","category":"shopping","subcategory":"supermarket","osmType":"node","name:ar":"الحويشي للتجاره","shop":"supermarket","name:latin":"al-hwyshy lltjara"}},{"type":"Feature","id":8192731311,"geometry":{"type":"Point","coordinates":[44.196488200000005,15.369482200000002]},"properties":{"id":8192731311,"name":"مركز دُرة القمر للعطور وادوات التجميل","type":"supermarket","category":"shopping","subcategory":"supermarket","osmType":"node","addr:city":"امانة العاصمة","addr:street":"شارع القاهرة","payment:cash":"yes","shop":"supermarket","name:latin":"mrkz dra al-qmr ll'twr wadwat al-tjmyl"}},{"type":"Feature","id":8273963817,"geometry":{"type":"Point","coordinates":[44.2380859,15.294828700000002]},"properties":{"id":8273963817,"name":"بقالة العامري (حسن الجعشني )","type":"supermarket","category":"shopping","subcategory":"supermarket","osmType":"node","addr:city":"صنعاء","addr:street":"شارع 22 مايو","shop":"supermarket","name:latin":"bqala al-'amry (hsn al-j'shny )"}},{"type":"Feature","id":8283808617,"geometry":{"type":"Point","coordinates":[44.2218911,15.341622800000001]},"properties":{"id":8283808617,"name":"معاصر الشاعر","type":"convenience","category":"shopping","subcategory":"supermarket","osmType":"node","shop":"convenience","name:latin":"m'asr al-sha'r"}},{"type":"Feature","id":8360738317,"geometry":{"type":"Point","coordinates":[44.234552300000004,15.305996600000002]},"properties":{"id":8360738317,"name":"بقالة وأمانات ركن بينون","type":"supermarket","category":"shopping","subcategory":"supermarket","osmType":"node","addr:city":"صنعاء","addr:street":"شارع بينون","shop":"supermarket","name:latin":"bqala wamanat rkn bynwn"}},{"type":"Feature","id":8383193017,"geometry":{"type":"Point","coordinates":[44.219319000000006,15.336431900000001]},"properties":{"id":8383193017,"name":"الثمار الطيبة","type":"supermarket","category":"shopping","subcategory":"supermarket","osmType":"node","shop":"supermarket","name:latin":"al-thmar al-tyba"}},{"type":"Feature","id":8383193018,"geometry":{"type":"Point","coordinates":[44.1924093,15.3024172]},"properties":{"id":8383193018,"name":"ميني ماركت العماد","type":"supermarket","category":"shopping","subcategory":"supermarket","osmType":"node","shop":"supermarket","name:latin":"myny markt al-'mad"}},{"type":"Feature","id":8383193023,"geometry":{"type":"Point","coordinates":[44.2188912,15.3384525]},"properties":{"id":8383193023,"name":"بقالة الجمل","type":"convenience","category":"shopping","subcategory":"supermarket","osmType":"node","shop":"convenience","name:latin":"bqala al-jml"}},{"type":"Feature","id":8383195022,"geometry":{"type":"Point","coordinates":[44.21834200000001,15.330789000000001]},"properties":{"id":8383195022,"name":"سوق قات الانسي","type":"greengrocer","category":"shopping","subcategory":"food_shop","osmType":"node","shop":"greengrocer","name:latin":"swq qat al-ansy"}},{"type":"Feature","id":8383195023,"geometry":{"type":"Point","coordinates":[44.1705648,15.341375600000001]},"properties":{"id":8383195023,"name":"سوق الأمير للقات","type":"greengrocer","category":"shopping","subcategory":"food_shop","osmType":"node","shop":"greengrocer","name:latin":"swq al-amyr llqat"}},{"type":"Feature","id":8383195026,"geometry":{"type":"Point","coordinates":[44.23166260000001,15.300654300000001]},"properties":{"id":8383195026,"name":"صالة السيادة","type":"guest_house","category":"shopping","subcategory":"supermarket","osmType":"node","shop":"supermarket","tourism":"guest_house","name:latin":"sala al-syada"}},{"type":"Feature","id":8383195027,"geometry":{"type":"Point","coordinates":[44.231327300000004,15.300360300000001]},"properties":{"id":8383195027,"name":"سوبر ماركت الجيزة","type":"supermarket","category":"shopping","subcategory":"supermarket","osmType":"node","shop":"supermarket","name:latin":"swbr markt al-jyza"}},{"type":"Feature","id":8383195821,"geometry":{"type":"Point","coordinates":[44.2193794,15.338678900000001]},"properties":{"id":8383195821,"name":"بقالة هشام","type":"convenience","category":"shopping","subcategory":"supermarket","osmType":"node","addr:street":"شارع تعز","shop":"convenience","name:latin":"bqala hsham"}},{"type":"Feature","id":8383195822,"geometry":{"type":"Point","coordinates":[44.2193216,15.3386764]},"properties":{"id":8383195822,"name":"بقالة عبدالفتاح","type":"convenience","category":"shopping","subcategory":"supermarket","osmType":"node","shop":"convenience","name:latin":"bqala 'bdalftah"}},{"type":"Feature","id":8383195823,"geometry":{"type":"Point","coordinates":[44.2191309,15.337287300000002]},"properties":{"id":8383195823,"name":"الثمار الطيبة","type":"supermarket","category":"shopping","subcategory":"supermarket","osmType":"node","shop":"supermarket","name:latin":"al-thmar al-tyba"}},{"type":"Feature","id":8459912117,"geometry":{"type":"Point","coordinates":[44.2192457,15.363301200000002]},"properties":{"id":8459912117,"name":"الجزار حق ياسر","type":"butcher","category":"shopping","subcategory":"food_shop","osmType":"node","shop":"butcher","name:latin":"al-jzar hq yasr"}},{"type":"Feature","id":8467150917,"geometry":{"type":"Point","coordinates":[44.242842200000005,15.3100529]},"properties":{"id":8467150917,"name":"سوبر ماركت","type":"supermarket","category":"shopping","subcategory":"supermarket","osmType":"node","name:ar":"سوبر ماركت الفتح للبهارات","shop":"supermarket","name:latin":"swbr markt"}},{"type":"Feature","id":8505180415,"geometry":{"type":"Point","coordinates":[44.213696600000006,15.434451900000001]},"properties":{"id":8505180415,"name":"سوق القات","type":"marketplace","category":"shopping","subcategory":"marketplace","osmType":"node","amenity":"marketplace","name:latin":"swq al-qat"}},{"type":"Feature","id":8507804217,"geometry":{"type":"Point","coordinates":[44.1796914,15.400053400000001]},"properties":{"id":8507804217,"name":"","type":"greengrocer","category":"shopping","subcategory":"food_shop","osmType":"node","shop":"greengrocer"}},{"type":"Feature","id":8511391555,"geometry":{"type":"Point","coordinates":[44.2236964,15.351275300000001]},"properties":{"id":8511391555,"name":"الحدى ميني ماركت","type":"supermarket","category":"shopping","subcategory":"supermarket","osmType":"node","shop":"supermarket","name:latin":"al-hda myny markt"}},{"type":"Feature","id":8518895220,"geometry":{"type":"Point","coordinates":[44.2604473,15.5230159]},"properties":{"id":8518895220,"name":"سوبر ماركت مجاهد الزاهري","type":"supermarket","category":"shopping","subcategory":"supermarket","osmType":"node","addr:street":"بئر زاهر جوار مدرسة بئر زاهر","opening_hours":"Mo-Su 09:00-23:00","phone":"770786823","shop":"supermarket","name:latin":"swbr markt mjahd al-zahry"}},{"type":"Feature","id":8525210618,"geometry":{"type":"Point","coordinates":[44.1973325,15.416766700000002]},"properties":{"id":8525210618,"name":"مقوات الملعب","type":"marketplace","category":"shopping","subcategory":"marketplace","osmType":"node","addr:street":"خط عمران","amenity":"marketplace","internet_access":"wlan","name:latin":"mqwat al-ml'b"}},{"type":"Feature","id":8544134617,"geometry":{"type":"Point","coordinates":[44.3124721,15.230480100000001]},"properties":{"id":8544134617,"name":"بقاله حبابي grocery","type":"supermarket","category":"shopping","subcategory":"supermarket","osmType":"node","shop":"supermarket"}},{"type":"Feature","id":8567224117,"geometry":{"type":"Point","coordinates":[44.165646300000006,15.360094700000001]},"properties":{"id":8567224117,"name":"محل سعد للدواجن","type":"butcher","category":"shopping","subcategory":"food_shop","osmType":"node","shop":"butcher","name:latin":"mhl s'd lldwajn"}},{"type":"Feature","id":8572226817,"geometry":{"type":"Point","coordinates":[44.2013387,15.283381400000001]},"properties":{"id":8572226817,"name":"بهارات وتموينات قرطبة","type":"department_store","category":"shopping","subcategory":"mall","osmType":"node","addr:street":"شارع الكور","email":"anas.aljbri@gamil.com","phone":"+967770104543","shop":"department_store","name:latin":"bharat wtmwynat qrtba"}},{"type":"Feature","id":8598535526,"geometry":{"type":"Point","coordinates":[44.1906606,15.400475900000002]},"properties":{"id":8598535526,"name":"","type":"butcher","category":"shopping","subcategory":"food_shop","osmType":"node","shop":"butcher"}},{"type":"Feature","id":8606038063,"geometry":{"type":"Point","coordinates":[44.1872186,15.3268882]},"properties":{"id":8606038063,"name":"بقالة أبو عبدالكريم","type":"supermarket","category":"shopping","subcategory":"supermarket","osmType":"node","shop":"supermarket","name:latin":"bqala abw 'bdalkrym"}},{"type":"Feature","id":8606038064,"geometry":{"type":"Point","coordinates":[44.186975100000005,15.326635500000002]},"properties":{"id":8606038064,"name":"بقالة الحمادي","type":"supermarket","category":"shopping","subcategory":"supermarket","osmType":"node","shop":"supermarket","name:latin":"bqala al-hmady"}},{"type":"Feature","id":8606047203,"geometry":{"type":"Point","coordinates":[44.186885700000005,15.326863300000001]},"properties":{"id":8606047203,"name":"مخبز قشة","type":"bakery","category":"shopping","subcategory":"food_shop","osmType":"node","shop":"bakery","name:latin":"mkhbz qsha"}},{"type":"Feature","id":8627197917,"geometry":{"type":"Point","coordinates":[44.184933400000006,15.347394800000002]},"properties":{"id":8627197917,"name":"ملاك مول للتسوق","type":"mall","category":"shopping","subcategory":"mall","osmType":"node","addr:street":"شارع هائل","shop":"mall","name:latin":"mlak mwl lltswq"}},{"type":"Feature","id":8634007817,"geometry":{"type":"Point","coordinates":[44.236572,15.3878628]},"properties":{"id":8634007817,"name":"بقالة الأخوين راجح","type":"supermarket","category":"shopping","subcategory":"supermarket","osmType":"node","addr:street":"شارع النصر","internet_access":"wlan","name:en":"Baqalat Alahkawin Rajeh","opening_hours":"Mo-Su 06:00-23:00","phone":"775208535","shop":"supermarket"}},{"type":"Feature","id":8638352217,"geometry":{"type":"Point","coordinates":[44.184229800000004,15.349261900000002]},"properties":{"id":8638352217,"name":"ملاك مول","type":"mall","category":"shopping","subcategory":"mall","osmType":"node","addr:city":"صنعاء","addr:street":"شارع هائل","shop":"mall","name:latin":"mlak mwl"}},{"type":"Feature","id":8685776918,"geometry":{"type":"Point","coordinates":[44.228689200000005,15.265358800000001]},"properties":{"id":8685776918,"name":"مخبز البركة","type":"bakery","category":"shopping","subcategory":"food_shop","osmType":"node","name:en":"Al Barakah Bakery","shop":"bakery"}},{"type":"Feature","id":8687931228,"geometry":{"type":"Point","coordinates":[44.2026601,15.389197800000002]},"properties":{"id":8687931228,"name":"ملحمة تهامة","type":"butcher","category":"shopping","subcategory":"food_shop","osmType":"node","shop":"butcher","name:latin":"mlhma thama"}},{"type":"Feature","id":8687939656,"geometry":{"type":"Point","coordinates":[44.20511260000001,15.383421300000002]},"properties":{"id":8687939656,"name":"مخابز وحلويات زهرة اليمن","type":"bakery","category":"shopping","subcategory":"food_shop","osmType":"node","shop":"bakery","name:latin":"mkhabz whlwyat zhra al-ymn"}},{"type":"Feature","id":8687942862,"geometry":{"type":"Point","coordinates":[44.204909,15.384828700000002]},"properties":{"id":8687942862,"name":"تموينات السعادة","type":"supermarket","category":"shopping","subcategory":"supermarket","osmType":"node","shop":"supermarket","name:latin":"tmwynat al-s'ada"}},{"type":"Feature","id":8719526417,"geometry":{"type":"Point","coordinates":[44.202077300000006,15.2834806]},"properties":{"id":8719526417,"name":"بهارات وتموينات قرطبة","type":"supermarket","category":"shopping","subcategory":"supermarket","osmType":"node","email":"anas.aljbri@gmail.com","phone":"+967770104543","shop":"supermarket","name:latin":"bharat wtmwynat qrtba"}},{"type":"Feature","id":8728577717,"geometry":{"type":"Point","coordinates":[44.181780200000006,15.335325300000001]},"properties":{"id":8728577717,"name":"المركز الليبي التجاري","type":"mall","category":"shopping","subcategory":"mall","osmType":"node","addr:street":"شارع الجزائر","shop":"mall","name:latin":"al-mrkz al-lyby al-tjary"}},{"type":"Feature","id":8745057003,"geometry":{"type":"Point","coordinates":[44.2075668,15.405854200000002]},"properties":{"id":8745057003,"name":"بقالة محمد سراج","type":"supermarket","category":"shopping","subcategory":"supermarket","osmType":"node","operator":"محمد سراج","shop":"supermarket","name:latin":"bqala mhmd sraj"}},{"type":"Feature","id":8750063479,"geometry":{"type":"Point","coordinates":[44.227589,15.3216005]},"properties":{"id":8750063479,"name":"سوبر ماركت السنابل","type":"supermarket","category":"shopping","subcategory":"supermarket","osmType":"node","addr:city":"صنعاء","addr:street":"شارع 17","opening_hours":"Mo-Su 11:00-23:00","payment:cash":"yes","shop":"supermarket","name:latin":"swbr markt al-snabl"}},{"type":"Feature","id":8804906130,"geometry":{"type":"Point","coordinates":[44.205917400000004,15.285923300000002]},"properties":{"id":8804906130,"name":"الشعيبي للمواد الغذائية والمنزلية","type":"supermarket","category":"shopping","subcategory":"supermarket","osmType":"node","addr:street":"شارع الخمسين - جوار محطة سد كمران","description":"بيع جميع المواد الغذائية والمنزلية والبهارات والخضروات","opening_hours":"Mo-Su 07:00-12:00","shop":"supermarket","name:latin":"al-sh'yby llmwad al-ghdha'ya walmnzlya"}},{"type":"Feature","id":8809415618,"geometry":{"type":"Point","coordinates":[44.24142560000001,15.3092947]},"properties":{"id":8809415618,"name":"ملحمة خالد الانسي","type":"butcher","category":"shopping","subcategory":"food_shop","osmType":"node","shop":"butcher","name:latin":"mlhma khald al-ansy"}},{"type":"Feature","id":8809415620,"geometry":{"type":"Point","coordinates":[44.240391300000006,15.308506200000002]},"properties":{"id":8809415620,"name":"مخابز الحي للخبز والروتي","type":"bakery","category":"shopping","subcategory":"food_shop","osmType":"node","shop":"bakery","name:latin":"mkhabz al-hy llkhbz walrwty"}},{"type":"Feature","id":8809436218,"geometry":{"type":"Point","coordinates":[44.242192100000004,15.309629300000001]},"properties":{"id":8809436218,"name":"مخابز الامتياز الحديثة","type":"bakery","category":"shopping","subcategory":"food_shop","osmType":"node","shop":"bakery","name:latin":"mkhabz al-amtyaz al-hdytha"}},{"type":"Feature","id":8809436517,"geometry":{"type":"Point","coordinates":[44.2425288,15.309883400000002]},"properties":{"id":8809436517,"name":"مخابز الشام الحديثة","type":"bakery","category":"shopping","subcategory":"food_shop","osmType":"node","shop":"bakery","name:latin":"mkhabz al-sham al-hdytha"}},{"type":"Feature","id":8846532517,"geometry":{"type":"Point","coordinates":[44.202637300000006,15.4100543]},"properties":{"id":8846532517,"name":"سيتي سبورتت","type":"supermarket","category":"shopping","subcategory":"supermarket","osmType":"node","name:ar":"سيتي سبورت","opening_hours":"Mo-Su 08:00-23:00","shop":"supermarket","name:latin":"syty sbwrtt"}},{"type":"Feature","id":8918842966,"geometry":{"type":"Point","coordinates":[44.2027968,15.3886137]},"properties":{"id":8918842966,"name":"تموينات أبو وديع الزنم","type":"supermarket","category":"shopping","subcategory":"supermarket","osmType":"node","addr:street":"شارع صوفان","shop":"supermarket","name:latin":"tmwynat abw wdy' al-znm"}},{"type":"Feature","id":8930132782,"geometry":{"type":"Point","coordinates":[44.2032517,15.387264700000001]},"properties":{"id":8930132782,"name":"محلات عبدالله عبده الصلاحي للمواد الغذائية","type":"supermarket","category":"shopping","subcategory":"supermarket","osmType":"node","addr:street":"شارع صوفان","shop":"supermarket","name:latin":"mhlat 'bdallh 'bdh al-slahy llmwad al-ghdha'ya"}},{"type":"Feature","id":8930148552,"geometry":{"type":"Point","coordinates":[44.203108500000006,15.3872113]},"properties":{"id":8930148552,"name":"تموينات أبو نضال للمواد الغذائية والخضروات والفواكه","type":"supermarket","category":"shopping","subcategory":"supermarket","osmType":"node","addr:street":"شارع صوفان","shop":"supermarket","name:latin":"tmwynat abw ndal llmwad al-ghdha'ya walkhdrwat walfwakh"}},{"type":"Feature","id":8930151105,"geometry":{"type":"Point","coordinates":[44.203145000000006,15.387187]},"properties":{"id":8930151105,"name":"ملحمة الأرض الطيبة","type":"butcher","category":"shopping","subcategory":"food_shop","osmType":"node","addr:street":"شارع صوفان","shop":"butcher","name:latin":"mlhma al-ard al-tyba"}},{"type":"Feature","id":8930152652,"geometry":{"type":"Point","coordinates":[44.2032475,15.3872373]},"properties":{"id":8930152652,"name":"مخبز أبو حسان","type":"bakery","category":"shopping","subcategory":"food_shop","osmType":"node","addr:street":"شارع صوفان","shop":"bakery","name:latin":"mkhbz abw hsan"}},{"type":"Feature","id":8973718918,"geometry":{"type":"Point","coordinates":[44.19208020000001,15.309533100000001]},"properties":{"id":8973718918,"name":"سوق قات المدينة","type":"greengrocer","category":"shopping","subcategory":"food_shop","osmType":"node","shop":"greengrocer","name:latin":"swq qat al-mdyna"}},{"type":"Feature","id":9007193582,"geometry":{"type":"Point","coordinates":[44.203789300000004,15.286986100000002]},"properties":{"id":9007193582,"name":"اللبنانية ميني ماركت","type":"supermarket","category":"shopping","subcategory":"supermarket","osmType":"node","addr:street":"شارع الكور","description":"بيع جميع المواد الاستهلاكية والغذائية","shop":"supermarket","name:latin":"al-lbnanya myny markt"}},{"type":"Feature","id":9007202346,"geometry":{"type":"Point","coordinates":[44.20317790000001,15.285049500000001]},"properties":{"id":9007202346,"name":"بقالة العواضي للمواد الغذائية","type":"convenience","category":"shopping","subcategory":"supermarket","osmType":"node","description":"بيع المواد الغذائية والاستهلاكية","shop":"convenience","name:latin":"bqala al-'wady llmwad al-ghdha'ya"}},{"type":"Feature","id":9020171118,"geometry":{"type":"Point","coordinates":[44.208726600000006,15.370059900000001]},"properties":{"id":9020171118,"name":"مخرج السايل","type":"bakery","category":"shopping","subcategory":"food_shop","osmType":"node","name:ar":"مخرج السايل الي شارع مطهر تقي مروان","shop":"bakery","name:latin":"mkhrj al-sayl"}},{"type":"Feature","id":9280743432,"geometry":{"type":"Point","coordinates":[44.22258,15.33205]},"properties":{"id":9280743432,"name":"مدينتي سنتر للتسوق","type":"mall","category":"shopping","subcategory":"mall","osmType":"node","shop":"mall","name:latin":"mdynty sntr lltswq"}},{"type":"Feature","id":9286619319,"geometry":{"type":"Point","coordinates":[44.1815348,15.402105100000002]},"properties":{"id":9286619319,"name":"عالم الشوكولاتة والتبريد","type":"mall","category":"shopping","subcategory":"mall","osmType":"node","shop":"mall","name:latin":"'alm al-shwkwlata waltbryd"}},{"type":"Feature","id":9412719007,"geometry":{"type":"Point","coordinates":[44.17537780000001,15.384977600000001]},"properties":{"id":9412719007,"name":"مخبز القرش للروتي","type":"bakery","category":"shopping","subcategory":"food_shop","osmType":"node","addr:city":"المدينة الليبية","addr:street":"شارع الستين","shop":"bakery","name:latin":"mkhbz al-qrsh llrwty"}},{"type":"Feature","id":9412756374,"geometry":{"type":"Point","coordinates":[44.1741351,15.388820500000001]},"properties":{"id":9412756374,"name":"محل عبدالمجيد للدجاج","type":"convenience","category":"shopping","subcategory":"supermarket","osmType":"node","addr:city":"المدينة الليبية","addr:street":"شارع الستين","shop":"convenience","name:latin":"mhl 'bdalmjyd lldjaj"}},{"type":"Feature","id":9423434790,"geometry":{"type":"Point","coordinates":[44.1743305,15.388325100000001]},"properties":{"id":9423434790,"name":"بسطة نبيل","type":"greengrocer","category":"shopping","subcategory":"food_shop","osmType":"node","shop":"greengrocer","name:latin":"bsta nbyl"}},{"type":"Feature","id":9423475665,"geometry":{"type":"Point","coordinates":[44.175958,15.385466500000001]},"properties":{"id":9423475665,"name":"بقالة نجيب","type":"supermarket","category":"shopping","subcategory":"supermarket","osmType":"node","shop":"supermarket","name:latin":"bqala njyb"}},{"type":"Feature","id":9423481811,"geometry":{"type":"Point","coordinates":[44.1742141,15.3886876]},"properties":{"id":9423481811,"name":"بسطة فؤاد","type":"greengrocer","category":"shopping","subcategory":"food_shop","osmType":"node","name:ar":"بسطة فؤاد","shop":"greengrocer","name:latin":"bsta f'ad"}},{"type":"Feature","id":9423494377,"geometry":{"type":"Point","coordinates":[44.1741625,15.388722300000001]},"properties":{"id":9423494377,"name":"بقالة","type":"supermarket","category":"shopping","subcategory":"supermarket","osmType":"node","name:ar":"بقالة","shop":"supermarket","name:latin":"bqala"}},{"type":"Feature","id":9428759701,"geometry":{"type":"Point","coordinates":[44.174326300000004,15.3882869]},"properties":{"id":9428759701,"name":"تموينات النهاري","type":"supermarket","category":"shopping","subcategory":"supermarket","osmType":"node","name:ar":"تموينات النهاري","shop":"supermarket","name:latin":"tmwynat al-nhary"}},{"type":"Feature","id":9445913538,"geometry":{"type":"Point","coordinates":[44.172953400000004,15.3759916]},"properties":{"id":9445913538,"name":"اون تايم مول","type":"mall","category":"shopping","subcategory":"mall","osmType":"node","addr:street":"مذبح","shop":"mall","name:latin":"awn taym mwl"}},{"type":"Feature","id":9445913539,"geometry":{"type":"Point","coordinates":[44.170082300000004,15.3783261]},"properties":{"id":9445913539,"name":"سوق قات مذبح","type":"marketplace","category":"shopping","subcategory":"marketplace","osmType":"node","addr:street":"مذبح","amenity":"marketplace","name:latin":"swq qat mdhbh"}},{"type":"Feature","id":9460431365,"geometry":{"type":"Point","coordinates":[44.19889860000001,15.3054213]},"properties":{"id":9460431365,"name":"سوبر ماركت سارة","type":"supermarket","category":"shopping","subcategory":"supermarket","osmType":"node","addr:city":"صنعاء","addr:street":"شارع بيروت","shop":"supermarket","name:latin":"swbr markt sara"}},{"type":"Feature","id":9494952751,"geometry":{"type":"Point","coordinates":[44.1751463,15.3855274]},"properties":{"id":9494952751,"name":"محل بيع الدجاج","type":"convenience","category":"shopping","subcategory":"supermarket","osmType":"node","addr:city":"المدينة الليبية","addr:street":"شارع الستين","shop":"convenience","name:latin":"mhl by' al-djaj"}},{"type":"Feature","id":9495208394,"geometry":{"type":"Point","coordinates":[44.17524220000001,15.3852442]},"properties":{"id":9495208394,"name":"بقالة","type":"convenience","category":"shopping","subcategory":"supermarket","osmType":"node","shop":"convenience","name:latin":"bqala"}},{"type":"Feature","id":9603294817,"geometry":{"type":"Point","coordinates":[44.176464100000004,15.355981500000002]},"properties":{"id":9603294817,"name":"بقالة الأخوة","type":"supermarket","category":"shopping","subcategory":"supermarket","osmType":"node","shop":"supermarket","name:latin":"bqala al-akhwa"}},{"type":"Feature","id":9657301806,"geometry":{"type":"Point","coordinates":[44.1920658,15.354716100000001]},"properties":{"id":9657301806,"name":"all in للتسويق الالكتروني","type":"supermarket","category":"shopping","subcategory":"supermarket","osmType":"node","addr:city":"صنعاء","addr:street":"شارع الزراعة","name:ar":"اوول ان","opening_hours":"24/7","shop":"supermarket","source":"yemen;gps","website":"https://allinye.com"}},{"type":"Feature","id":9791462618,"geometry":{"type":"Point","coordinates":[44.2428096,15.3106354]},"properties":{"id":9791462618,"name":"بقالة طيبة للمواد الغذائية","type":"supermarket","category":"shopping","subcategory":"supermarket","osmType":"node","shop":"supermarket","name:latin":"bqala tyba llmwad al-ghdha'ya"}},{"type":"Feature","id":9879891317,"geometry":{"type":"Point","coordinates":[44.2423627,15.310759200000001]},"properties":{"id":9879891317,"name":"مؤسسة  العقاري التجاريه للحديد","type":"department_store","category":"shopping","subcategory":"mall","osmType":"node","addr:street":"شارع خولان","phone":"773484071","shop":"department_store","name:latin":"m'ssa al-'qary al-tjaryh llhdyd"}},{"type":"Feature","id":9912855818,"geometry":{"type":"Point","coordinates":[44.242104600000005,15.3110715]},"properties":{"id":9912855818,"name":"مؤسسة  العقاري  للحديد","type":"department_store","category":"shopping","subcategory":"mall","osmType":"node","addr:street":"شارع خولان","name:en":"alaqari for iron","opening_hours":"Fr-We 08:00-10:00","phone":"773484071","shop":"department_store"}},{"type":"Feature","id":9950962518,"geometry":{"type":"Point","coordinates":[44.23351160000001,15.387045900000002]},"properties":{"id":9950962518,"name":"مخبزالنابهي","type":"bakery","category":"shopping","subcategory":"food_shop","osmType":"node","addr:street":"شارع النصر","shop":"bakery","name:latin":"mkhbzalnabhy"}},{"type":"Feature","id":9950962519,"geometry":{"type":"Point","coordinates":[44.2335919,15.3870622]},"properties":{"id":9950962519,"name":"مخبز النابهي","type":"bakery","category":"shopping","subcategory":"food_shop","osmType":"node","addr:street":"شارع النصر","email":"alnabhyabwqsy@gmail.com","phone":"00967770830251","shop":"bakery","name:latin":"mkhbz al-nabhy"}},{"type":"Feature","id":9961836956,"geometry":{"type":"Point","coordinates":[44.2036152,15.395882700000001]},"properties":{"id":9961836956,"name":"","type":"supermarket","category":"shopping","subcategory":"supermarket","osmType":"node","shop":"supermarket"}},{"type":"Feature","id":10132699063,"geometry":{"type":"Point","coordinates":[44.236263,15.2858829]},"properties":{"id":10132699063,"name":"مجمع الشلال التجاري","type":"mall","category":"shopping","subcategory":"mall","osmType":"node","shop":"mall","name:latin":"mjm' al-shlal al-tjary"}},{"type":"Feature","id":10132715893,"geometry":{"type":"Point","coordinates":[44.178650600000005,15.3953874]},"properties":{"id":10132715893,"name":"مخبز سنابل الخير","type":"bakery","category":"shopping","subcategory":"food_shop","osmType":"node","addr:city":"حي النهضة","addr:street":"شارع النهضة","shop":"bakery","name:latin":"mkhbz snabl al-khyr"}},{"type":"Feature","id":10160025051,"geometry":{"type":"Point","coordinates":[44.1972779,15.386091700000001]},"properties":{"id":10160025051,"name":"بقالة المطري","type":"convenience","category":"shopping","subcategory":"supermarket","osmType":"node","shop":"convenience","name:latin":"bqala al-mtry"}},{"type":"Feature","id":10160025052,"geometry":{"type":"Point","coordinates":[44.197833700000004,15.385932900000002]},"properties":{"id":10160025052,"name":"أحمد العطيري للمواد الغذائية","type":"convenience","category":"shopping","subcategory":"supermarket","osmType":"node","shop":"convenience","name:latin":"ahmd al-'tyry llmwad al-ghdha'ya"}},{"type":"Feature","id":10160025053,"geometry":{"type":"Point","coordinates":[44.19879,15.3860971]},"properties":{"id":10160025053,"name":"بقالة البركة","type":"convenience","category":"shopping","subcategory":"supermarket","osmType":"node","shop":"convenience","name:latin":"bqala al-brka"}},{"type":"Feature","id":10160025055,"geometry":{"type":"Point","coordinates":[44.1980208,15.385227400000002]},"properties":{"id":10160025055,"name":"بقالة أبو أحمد","type":"convenience","category":"shopping","subcategory":"supermarket","osmType":"node","shop":"convenience","name:latin":"bqala abw ahmd"}},{"type":"Feature","id":10160025056,"geometry":{"type":"Point","coordinates":[44.1974201,15.384713200000002]},"properties":{"id":10160025056,"name":"بقالة عايض","type":"convenience","category":"shopping","subcategory":"supermarket","osmType":"node","shop":"convenience","name:latin":"bqala 'ayd"}},{"type":"Feature","id":10160025057,"geometry":{"type":"Point","coordinates":[44.19777010000001,15.3847023]},"properties":{"id":10160025057,"name":"بقالة زكريا الحمادي","type":"convenience","category":"shopping","subcategory":"supermarket","osmType":"node","shop":"convenience","name:latin":"bqala zkrya al-hmady"}},{"type":"Feature","id":10160025058,"geometry":{"type":"Point","coordinates":[44.196471300000006,15.3858878]},"properties":{"id":10160025058,"name":"بقالة المنصوري","type":"convenience","category":"shopping","subcategory":"supermarket","osmType":"node","shop":"convenience","name:latin":"bqala al-mnswry"}},{"type":"Feature","id":10160025076,"geometry":{"type":"Point","coordinates":[44.202514,15.389803100000002]},"properties":{"id":10160025076,"name":"مخابز اليرموك الآلية فرع","type":"bakery","category":"shopping","subcategory":"food_shop","osmType":"node","addr:street":"شارع صوفان","shop":"bakery","name:latin":"mkhabz al-yrmwk al-alya fr'"}},{"type":"Feature","id":10160025097,"geometry":{"type":"Point","coordinates":[44.199328900000005,15.401086900000001]},"properties":{"id":10160025097,"name":"بقالة الأشموري","type":"convenience","category":"shopping","subcategory":"supermarket","osmType":"node","shop":"convenience","name:latin":"bqala al-ashmwry"}},{"type":"Feature","id":10160025109,"geometry":{"type":"Point","coordinates":[44.18750970000001,15.401002900000002]},"properties":{"id":10160025109,"name":"بقالة باب الحارة","type":"convenience","category":"shopping","subcategory":"supermarket","osmType":"node","shop":"convenience","name:latin":"bqala bab al-hara"}},{"type":"Feature","id":10160025110,"geometry":{"type":"Point","coordinates":[44.184794600000004,15.4015865]},"properties":{"id":10160025110,"name":"بقالة عصام الحوري","type":"convenience","category":"shopping","subcategory":"supermarket","osmType":"node","shop":"convenience","name:latin":"bqala 'sam al-hwry"}},{"type":"Feature","id":10160025111,"geometry":{"type":"Point","coordinates":[44.1832457,15.401487800000002]},"properties":{"id":10160025111,"name":"بقالة أبو مدين الغرباني","type":"convenience","category":"shopping","subcategory":"supermarket","osmType":"node","shop":"convenience","name:latin":"bqala abw mdyn al-ghrbany"}},{"type":"Feature","id":10170232117,"geometry":{"type":"Point","coordinates":[44.22561460000001,15.444951000000001]},"properties":{"id":10170232117,"name":"سوبر   ماركت النور","type":"supermarket","category":"shopping","subcategory":"supermarket","osmType":"node","shop":"supermarket","name:latin":"swbr markt al-nwr"}},{"type":"Feature","id":10170236017,"geometry":{"type":"Point","coordinates":[44.2256779,15.444983100000002]},"properties":{"id":10170236017,"name":"سوبرماركت النور","type":"supermarket","category":"shopping","subcategory":"supermarket","osmType":"node","shop":"supermarket","name:latin":"swbrmarkt al-nwr"}},{"type":"Feature","id":10170237417,"geometry":{"type":"Point","coordinates":[44.2256645,15.4449698]},"properties":{"id":10170237417,"name":"سوبرماركت النور","type":"supermarket","category":"shopping","subcategory":"supermarket","osmType":"node","shop":"supermarket","name:latin":"swbrmarkt al-nwr"}},{"type":"Feature","id":10247853210,"geometry":{"type":"Point","coordinates":[44.171944700000005,15.397860200000002]},"properties":{"id":10247853210,"name":"سوق الثلاثين المركزي","type":"department_store","category":"shopping","subcategory":"mall","osmType":"node","addr:city":"صنعاء","addr:street":"شارع الثلاثين","opening_hours":"24/7","shop":"department_store","name:latin":"swq al-thlathyn al-mrkzy"}},{"type":"Feature","id":10247853909,"geometry":{"type":"Point","coordinates":[44.1707078,15.373919]},"properties":{"id":10247853909,"name":"بهارات الشرق للمواد الغذائية والبهارات","type":"supermarket","category":"shopping","subcategory":"supermarket","osmType":"node","addr:street":"المطرحية","opening_hours":"Mo-Su 07:00-12:00","shop":"supermarket","name:latin":"bharat al-shrq llmwad al-ghdha'ya walbharat"}},{"type":"Feature","id":10293548909,"geometry":{"type":"Point","coordinates":[44.2132116,15.4280886]},"properties":{"id":10293548909,"name":"الوان اليافعي","type":"convenience","category":"shopping","subcategory":"supermarket","osmType":"node","addr:street":"شارع المطار","name:en":"colorsalyafei","opening_hours":"Th 08:20-21:30","phone":"770950505","shop":"convenience","website":"https://m.facebook.com/coloresalyafei/"}},{"type":"Feature","id":10613851625,"geometry":{"type":"Point","coordinates":[44.1931054,15.399751300000002]},"properties":{"id":10613851625,"name":"سوبرماركت بن زيد","type":"convenience","category":"shopping","subcategory":"supermarket","osmType":"node","shop":"convenience","name:latin":"swbrmarkt bn zyd"}},{"type":"Feature","id":10614857169,"geometry":{"type":"Point","coordinates":[44.2052051,15.398783900000002]},"properties":{"id":10614857169,"name":"تموينات وثلاجة أرض الجنتين المركزية","type":"convenience","category":"shopping","subcategory":"supermarket","osmType":"node","addr:street":"شارع التلفزيون","shop":"convenience","name:latin":"tmwynat wthlaja ard al-jntyn al-mrkzya"}},{"type":"Feature","id":10614857172,"geometry":{"type":"Point","coordinates":[44.2073352,15.391181800000002]},"properties":{"id":10614857172,"name":"مخبز الصلوي","type":"bakery","category":"shopping","subcategory":"food_shop","osmType":"node","addr:street":"شارع التلفزيون","shop":"bakery","name:latin":"mkhbz al-slwy"}},{"type":"Feature","id":10614857175,"geometry":{"type":"Point","coordinates":[44.207787200000006,15.390925200000002]},"properties":{"id":10614857175,"name":"بقالة برهوم","type":"convenience","category":"shopping","subcategory":"supermarket","osmType":"node","shop":"convenience","name:latin":"bqala brhwm"}},{"type":"Feature","id":10614857178,"geometry":{"type":"Point","coordinates":[44.207689,15.390020800000002]},"properties":{"id":10614857178,"name":"يقالة مكه","type":"convenience","category":"shopping","subcategory":"supermarket","osmType":"node","shop":"convenience","name:latin":"yqala mkh"}},{"type":"Feature","id":10614857181,"geometry":{"type":"Point","coordinates":[44.20733190000001,15.387396800000001]},"properties":{"id":10614857181,"name":"بقالة إدريس","type":"convenience","category":"shopping","subcategory":"supermarket","osmType":"node","addr:street":"شارع مازدا","shop":"convenience","name:latin":"bqala idrys"}},{"type":"Feature","id":10614857183,"geometry":{"type":"Point","coordinates":[44.2068626,15.387065100000001]},"properties":{"id":10614857183,"name":"مخبز الكوكباني","type":"bakery","category":"shopping","subcategory":"food_shop","osmType":"node","addr:street":"شارع مازدا","shop":"bakery","name:latin":"mkhbz al-kwkbany"}},{"type":"Feature","id":10614857184,"geometry":{"type":"Point","coordinates":[44.2056758,15.386369600000002]},"properties":{"id":10614857184,"name":"بقالة المنصوري","type":"convenience","category":"shopping","subcategory":"supermarket","osmType":"node","addr:street":"شارع مازدا","shop":"convenience","name:latin":"bqala al-mnswry"}},{"type":"Feature","id":10614857185,"geometry":{"type":"Point","coordinates":[44.205056500000005,15.386433600000002]},"properties":{"id":10614857185,"name":"ملحمة مازدا","type":"butcher","category":"shopping","subcategory":"food_shop","osmType":"node","addr:street":"شارع مازدا","shop":"butcher","name:latin":"mlhma mazda"}},{"type":"Feature","id":10624927337,"geometry":{"type":"Point","coordinates":[44.1882767,15.329397300000002]},"properties":{"id":10624927337,"name":"مخبز الأخوة","type":"bakery","category":"shopping","subcategory":"food_shop","osmType":"node","addr:city":"صنعاء","addr:street":"شارع عمان","shop":"bakery","name:latin":"mkhbz al-akhwa"}},{"type":"Feature","id":10624927343,"geometry":{"type":"Point","coordinates":[44.1888712,15.3336602]},"properties":{"id":10624927343,"name":"بقالة الحيمي","type":"convenience","category":"shopping","subcategory":"supermarket","osmType":"node","addr:street":"شارع عمان","shop":"convenience","name:latin":"bqala al-hymy"}},{"type":"Feature","id":10624927344,"geometry":{"type":"Point","coordinates":[44.188872200000006,15.333589300000002]},"properties":{"id":10624927344,"name":"مخبز عمان","type":"bakery","category":"shopping","subcategory":"food_shop","osmType":"node","addr:street":"شارع عمان","shop":"bakery","name:latin":"mkhbz 'man"}},{"type":"Feature","id":10624927349,"geometry":{"type":"Point","coordinates":[44.189437000000005,15.3362028]},"properties":{"id":10624927349,"name":"بقالة العباسي","type":"convenience","category":"shopping","subcategory":"supermarket","osmType":"node","addr:street":"شارع عمان","shop":"convenience","name:latin":"bqala al-'basy"}},{"type":"Feature","id":10624927350,"geometry":{"type":"Point","coordinates":[44.1894842,15.336418900000002]},"properties":{"id":10624927350,"name":"بقالة عمان","type":"convenience","category":"shopping","subcategory":"supermarket","osmType":"node","addr:street":"شارع عمان","shop":"convenience","name:latin":"bqala 'man"}},{"type":"Feature","id":10624927353,"geometry":{"type":"Point","coordinates":[44.189361500000004,15.3371673]},"properties":{"id":10624927353,"name":"مركز الفخامة للخضروات والفواكه","type":"greengrocer","category":"shopping","subcategory":"food_shop","osmType":"node","addr:street":"شارع عمان","shop":"greengrocer","name:latin":"mrkz al-fkhama llkhdrwat walfwakh"}},{"type":"Feature","id":10624927354,"geometry":{"type":"Point","coordinates":[44.1893552,15.337316300000001]},"properties":{"id":10624927354,"name":"مخبز نجوم الشام","type":"bakery","category":"shopping","subcategory":"food_shop","osmType":"node","addr:city":"صنعاء","addr:street":"شارع عمان","shop":"bakery","name:latin":"mkhbz njwm al-sham"}},{"type":"Feature","id":10624927355,"geometry":{"type":"Point","coordinates":[44.1895237,15.3374418]},"properties":{"id":10624927355,"name":"ملحمة أبو بشير","type":"butcher","category":"shopping","subcategory":"food_shop","osmType":"node","addr:street":"شارع عمان","shop":"butcher","name:latin":"mlhma abw bshyr"}},{"type":"Feature","id":10624927356,"geometry":{"type":"Point","coordinates":[44.189261200000004,15.337771100000001]},"properties":{"id":10624927356,"name":"بقالة الصلوي","type":"convenience","category":"shopping","subcategory":"supermarket","osmType":"node","addr:street":"شارع عمان","shop":"convenience","name:latin":"bqala al-slwy"}},{"type":"Feature","id":10624927361,"geometry":{"type":"Point","coordinates":[44.1892251,15.338293000000002]},"properties":{"id":10624927361,"name":"بقالة ركن عمان","type":"convenience","category":"shopping","subcategory":"supermarket","osmType":"node","addr:city":"صنعاء","addr:street":"شارع عمان","shop":"convenience","name:latin":"bqala rkn 'man"}},{"type":"Feature","id":10632742511,"geometry":{"type":"Point","coordinates":[44.2261073,15.3288468]},"properties":{"id":10632742511,"name":"بقالة الفاروق","type":"convenience","category":"shopping","subcategory":"supermarket","osmType":"node","addr:city":"صنعاء","addr:street":"شارع تعز","shop":"convenience","name:latin":"bqala al-farwq"}},{"type":"Feature","id":10632742513,"geometry":{"type":"Point","coordinates":[44.226356300000006,15.3283491]},"properties":{"id":10632742513,"name":"بقالة المأمون","type":"convenience","category":"shopping","subcategory":"supermarket","osmType":"node","addr:city":"صنعاء","addr:street":"شارع تعز","shop":"convenience","name:latin":"bqala al-mamwn"}},{"type":"Feature","id":10632742515,"geometry":{"type":"Point","coordinates":[44.2270095,15.329236600000002]},"properties":{"id":10632742515,"name":"بقالة الربيع","type":"convenience","category":"shopping","subcategory":"supermarket","osmType":"node","shop":"convenience","name:latin":"bqala al-rby'"}},{"type":"Feature","id":10632742518,"geometry":{"type":"Point","coordinates":[44.2275075,15.329501100000002]},"properties":{"id":10632742518,"name":"بقالة طلال الجعدي","type":"convenience","category":"shopping","subcategory":"supermarket","osmType":"node","shop":"convenience","name:latin":"bqala tlal al-j'dy"}},{"type":"Feature","id":10632742525,"geometry":{"type":"Point","coordinates":[44.2243805,15.3298561]},"properties":{"id":10632742525,"name":"بقالة البركة","type":"convenience","category":"shopping","subcategory":"supermarket","osmType":"node","addr:city":"صنعاء","addr:street":"شارع ال45","shop":"convenience","name:latin":"bqala al-brka"}},{"type":"Feature","id":10632742528,"geometry":{"type":"Point","coordinates":[44.2231157,15.3295863]},"properties":{"id":10632742528,"name":"بقالة النور","type":"convenience","category":"shopping","subcategory":"supermarket","osmType":"node","addr:city":"صنعاء","addr:street":"شارع ال45","shop":"convenience","name:latin":"bqala al-nwr"}},{"type":"Feature","id":10632742539,"geometry":{"type":"Point","coordinates":[44.2233232,15.332495900000001]},"properties":{"id":10632742539,"name":"بقالة الإدريسي","type":"convenience","category":"shopping","subcategory":"supermarket","osmType":"node","addr:city":"صنعاء","addr:street":"شارع تعز","shop":"convenience","name:latin":"bqala al-idrysy"}},{"type":"Feature","id":10632742540,"geometry":{"type":"Point","coordinates":[44.2230507,15.3330423]},"properties":{"id":10632742540,"name":"سوبر ماركت الحكمي","type":"supermarket","category":"shopping","subcategory":"supermarket","osmType":"node","addr:city":"صنعاء","addr:street":"شارع تعز","shop":"supermarket","name:latin":"swbr markt al-hkmy"}},{"type":"Feature","id":10632742546,"geometry":{"type":"Point","coordinates":[44.221755200000004,15.335857800000001]},"properties":{"id":10632742546,"name":"بقالة الضياء","type":"convenience","category":"shopping","subcategory":"supermarket","osmType":"node","addr:city":"صنعاء","addr:street":"شارع تعز","shop":"convenience","name:latin":"bqala al-dya'"}},{"type":"Feature","id":10632742564,"geometry":{"type":"Point","coordinates":[44.2216797,15.336909400000001]},"properties":{"id":10632742564,"name":"بقالة جميل للمواد الغذائية","type":"convenience","category":"shopping","subcategory":"supermarket","osmType":"node","addr:city":"صنعاء","addr:street":"شارع تعز","shop":"convenience","name:latin":"bqala jmyl llmwad al-ghdha'ya"}},{"type":"Feature","id":10649030355,"geometry":{"type":"Point","coordinates":[44.1987766,15.325171200000002]},"properties":{"id":10649030355,"name":"مخبز بارش","type":"bakery","category":"shopping","subcategory":"food_shop","osmType":"node","shop":"bakery","name:latin":"mkhbz barsh"}},{"type":"Feature","id":10649030360,"geometry":{"type":"Point","coordinates":[44.1988131,15.326696400000001]},"properties":{"id":10649030360,"name":"بقالة الشعيبي","type":"convenience","category":"shopping","subcategory":"supermarket","osmType":"node","addr:street":"شارع حدة","shop":"convenience","name:latin":"bqala al-sh'yby"}},{"type":"Feature","id":10698473705,"geometry":{"type":"Point","coordinates":[44.21952,15.338533000000002]},"properties":{"id":10698473705,"name":"الصخرة لتجاره جمله وتجزئه","type":"convenience","category":"shopping","subcategory":"supermarket","osmType":"node","addr:street":"الفتح الجنوبي","opening_hours":"Fr-We 09:00-23:00","phone":"772205180","shop":"convenience","name:latin":"al-skhra ltjarh jmlh wtjz'h"}},{"type":"Feature","id":10698486105,"geometry":{"type":"Point","coordinates":[44.2194956,15.340053800000002]},"properties":{"id":10698486105,"name":"زيكو والصخره لتجارة جمله وتجزئة","type":"convenience","category":"shopping","subcategory":"supermarket","osmType":"node","addr:housenumber":"112","addr:street":"الفتح الجنوبي","email":"zico.alhaj77@gmail.com","opening_hours":"Fr-We 09:00-23:00; Th 18:00-22:00","phone":"772205180","shop":"convenience","name:latin":"zykw walskhrh ltjara jmlh wtjz'a"}},{"type":"Feature","id":10726792705,"geometry":{"type":"Point","coordinates":[44.19312360000001,15.365952900000002]},"properties":{"id":10726792705,"name":"سارع للتجارة والاعلان","type":"convenience","category":"shopping","subcategory":"supermarket","osmType":"node","addr:street":"شارع الحرية","email":"sare3.adv@gmail.com","name:en":"Sarea for trading","opening_hours":"Fr-We 09:00-12:00, 15:30-21:30","phone":"777760989","shop":"convenience"}},{"type":"Feature","id":10741583205,"geometry":{"type":"Point","coordinates":[44.2220926,15.335885500000002]},"properties":{"id":10741583205,"name":"محلات اسحاق للتجاره","type":"department_store","category":"shopping","subcategory":"mall","osmType":"node","addr:street":"شارع تعز","shop":"department_store","name:latin":"mhlat ashaq lltjarh"}},{"type":"Feature","id":10973541816,"geometry":{"type":"Point","coordinates":[44.19043610000001,15.400240100000001]},"properties":{"id":10973541816,"name":"بقالة النجم للمواد الغذائية والخضروات والفواكه","type":"convenience","category":"shopping","subcategory":"supermarket","osmType":"node","shop":"convenience","name:latin":"bqala al-njm llmwad al-ghdha'ya walkhdrwat walfwakh"}},{"type":"Feature","id":11031280805,"geometry":{"type":"Point","coordinates":[44.1865096,15.349602]},"properties":{"id":11031280805,"name":"ᎯᗰΞΞℕ ṢṬŐℝΞ","type":"department_store","category":"shopping","subcategory":"mall","osmType":"node","addr:housenumber":"30","addr:street":"التوحيد","internet_access":"wlan","opening_hours":"24/7","phone":"777344321","shop":"department_store","website":"https://wa.me/c/967738160421"}},{"type":"Feature","id":11035025314,"geometry":{"type":"Point","coordinates":[44.253638,15.240789800000002]},"properties":{"id":11035025314,"name":"سوق الوحدة","type":"marketplace","category":"shopping","subcategory":"marketplace","osmType":"node","amenity":"marketplace","name:latin":"swq al-whda"}},{"type":"Feature","id":11053684805,"geometry":{"type":"Point","coordinates":[44.2218006,15.444804800000002]},"properties":{"id":11053684805,"name":"المنتصر للتجارة العامة والبطاريات","type":"department_store","category":"shopping","subcategory":"mall","osmType":"node","addr:housenumber":"777600317","addr:street":"شارع مصعب بن عمير - الخط الجديد","email":"alimutassir@gmail.com","internet_access":"wlan","phone":"+967777600317","shop":"department_store","website":"https://www.facebook.com/Al-Muntasir-101317958524903/","name:latin":"al-mntsr lltjara al-'ama walbtaryat"}},{"type":"Feature","id":11054660363,"geometry":{"type":"Point","coordinates":[44.2004469,15.2911391]},"properties":{"id":11054660363,"name":"بقالة المسيلة","type":"convenience","category":"shopping","subcategory":"supermarket","osmType":"node","shop":"convenience","name:latin":"bqala al-msyla"}},{"type":"Feature","id":11071812705,"geometry":{"type":"Point","coordinates":[44.223562300000005,15.332108700000001]},"properties":{"id":11071812705,"name":"","type":"department_store","category":"shopping","subcategory":"mall","osmType":"node","addr:street":"شارع تعز","internet_access":"wlan","name:en":"Mansoor Alalimi for Building Tools","opening_hours":"Fr-We 07:30-21:30; Th 17:00-21:30","phone":"776924241","shop":"department_store"}},{"type":"Feature","id":11079110005,"geometry":{"type":"Point","coordinates":[44.215710200000004,15.3351947]},"properties":{"id":11079110005,"name":"تموينات غزة","type":"supermarket","category":"shopping","subcategory":"supermarket","osmType":"node","shop":"supermarket","name:latin":"tmwynat ghza"}},{"type":"Feature","id":11163241205,"geometry":{"type":"Point","coordinates":[44.186255800000005,15.308753000000001]},"properties":{"id":11163241205,"name":"متجر شامل","type":"department_store","category":"shopping","subcategory":"mall","osmType":"node","addr:housenumber":"13","addr:postcode":"+9671","email":"salehalsayad88@gmail.com","internet_access":"wlan","name:ar":"الصياد لمستلزمات التدخين ( جمله )","name:en":"Al Sayyad Smoking Supplies (Wholesale)","phone":"+967770513114","shop":"department_store","website":"https://chat.whatsapp.com/B8EXlkeqvjyA1tMHVDxknl"}},{"type":"Feature","id":11209654638,"geometry":{"type":"Point","coordinates":[44.1583667,15.340553800000002]},"properties":{"id":11209654638,"name":"ابو العز لقطع غيار دراجات ناريه","type":"convenience","category":"shopping","subcategory":"supermarket","osmType":"node","shop":"convenience","name:latin":"abw al-'z lqt' ghyar drajat naryh"}},{"type":"Feature","id":11209663437,"geometry":{"type":"Point","coordinates":[44.15853920000001,15.340764000000002]},"properties":{"id":11209663437,"name":"البقاله الذهبيه","type":"convenience","category":"shopping","subcategory":"supermarket","osmType":"node","shop":"convenience","name:latin":"al-bqalh al-dhhbyh"}},{"type":"Feature","id":11225223437,"geometry":{"type":"Point","coordinates":[44.21382740000001,15.282292000000002]},"properties":{"id":11225223437,"name":"مخبز المسيلة","type":"bakery","category":"shopping","subcategory":"food_shop","osmType":"node","addr:street":"عصام زيد","shop":"bakery","name:latin":"mkhbz al-msyla"}},{"type":"Feature","id":11233193337,"geometry":{"type":"Point","coordinates":[44.2068949,15.387337100000002]},"properties":{"id":11233193337,"name":"مخبز الرواد","type":"bakery","category":"shopping","subcategory":"food_shop","osmType":"node","addr:street":"شارع مازدا","opening_hours":"Th-Tu 00:00-24:00","phone":"770635458","shop":"bakery","name:latin":"mkhbz al-rwad"}},{"type":"Feature","id":11367231534,"geometry":{"type":"Point","coordinates":[44.19042700000001,15.399845200000001]},"properties":{"id":11367231534,"name":"مخبز المدينة","type":"bakery","category":"shopping","subcategory":"food_shop","osmType":"node","addr:city":"صنعاء","addr:place":"المدينة الليبية","shop":"bakery","name:latin":"mkhbz al-mdyna"}},{"type":"Feature","id":11367231535,"geometry":{"type":"Point","coordinates":[44.190417000000004,15.4009084]},"properties":{"id":11367231535,"name":"","type":"butcher","category":"shopping","subcategory":"food_shop","osmType":"node","shop":"butcher"}},{"type":"Feature","id":11367283157,"geometry":{"type":"Point","coordinates":[44.20488640000001,15.3795864]},"properties":{"id":11367283157,"name":"تموينات ركن الحصبة","type":"convenience","category":"shopping","subcategory":"supermarket","osmType":"node","addr:city":"صنعاء","addr:street":"شارع الصحة","shop":"convenience","name:latin":"tmwynat rkn al-hsba"}},{"type":"Feature","id":11367283158,"geometry":{"type":"Point","coordinates":[44.2048665,15.379418500000002]},"properties":{"id":11367283158,"name":"مخبازة القدسي","type":"bakery","category":"shopping","subcategory":"food_shop","osmType":"node","addr:city":"صنعاء","addr:street":"شارع القيادة","shop":"bakery","name:latin":"mkhbaza al-qdsy"}},{"type":"Feature","id":11408697769,"geometry":{"type":"Point","coordinates":[44.19388790000001,15.3830746]},"properties":{"id":11408697769,"name":"بقالة ابو ضياء الريمي","type":"convenience","category":"shopping","subcategory":"supermarket","osmType":"node","name:en":"Abu Diyaa Grocery","opening_hours":"Th-Tu 08:00-10:00","phone":"774252725","shop":"convenience"}},{"type":"Feature","id":11470413169,"geometry":{"type":"Point","coordinates":[44.15726170000001,15.3427409]},"properties":{"id":11470413169,"name":"سوبر ماركت الجعدبي","type":"supermarket","category":"shopping","subcategory":"supermarket","osmType":"node","shop":"supermarket","name:latin":"swbr markt al-j'dby"}},{"type":"Feature","id":11622519569,"geometry":{"type":"Point","coordinates":[44.199375800000006,15.4000897]},"properties":{"id":11622519569,"name":"تموينات الشهاري","type":"convenience","category":"shopping","subcategory":"supermarket","osmType":"node","opening_hours":"Mo-We, Fr-Su 00:00-24:00","shop":"convenience","name:latin":"tmwynat al-shhary"}},{"type":"Feature","id":11665046569,"geometry":{"type":"Point","coordinates":[44.1886087,15.416045300000002]},"properties":{"id":11665046569,"name":"وكالة هاشم محمد غالب الصبري","type":"greengrocer","category":"shopping","subcategory":"food_shop","osmType":"node","addr:housenumber":"777301573","addr:street":"سوق ذهبان","name:en":"Hashem Al-Sabri Agency","opening_hours":"Th-Tu 00:00-24:00","phone":"777301573","shop":"greengrocer"}},{"type":"Feature","id":11757177332,"geometry":{"type":"Point","coordinates":[44.220595700000004,15.409615800000001]},"properties":{"id":11757177332,"name":"مركز غدرة التجاري","type":"supermarket","category":"shopping","subcategory":"supermarket","osmType":"node","shop":"supermarket","name:latin":"mrkz ghdra al-tjary"}},{"type":"Feature","id":11810044469,"geometry":{"type":"Point","coordinates":[44.158467900000005,15.340960700000002]},"properties":{"id":11810044469,"name":"كشك اشرف اللحم للمواد الغذائيه","type":"supermarket","category":"shopping","subcategory":"supermarket","osmType":"node","shop":"supermarket","name:latin":"kshk ashrf al-lhm llmwad al-ghdha'yh"}},{"type":"Feature","id":11810163569,"geometry":{"type":"Point","coordinates":[44.159823,15.340583400000002]},"properties":{"id":11810163569,"name":"سوبر الحمدي للمواد الغذائية","type":"supermarket","category":"shopping","subcategory":"supermarket","osmType":"node","shop":"supermarket","name:latin":"swbr al-hmdy llmwad al-ghdha'ya"}},{"type":"Feature","id":11902100769,"geometry":{"type":"Point","coordinates":[44.186089900000006,15.421070600000002]},"properties":{"id":11902100769,"name":"مخبز الصوفي رويال","type":"bakery","category":"shopping","subcategory":"food_shop","osmType":"node","addr:street":"شارع 12","shop":"bakery","name:latin":"mkhbz al-swfy rwyal"}},{"type":"Feature","id":11934318470,"geometry":{"type":"Point","coordinates":[44.235261,15.305426100000002]},"properties":{"id":11934318470,"name":"مؤسسة المقبلي قطع غيار السيارات","type":"department_store","category":"shopping","subcategory":"mall","osmType":"node","shop":"department_store","name:latin":"m'ssa al-mqbly qt' ghyar al-syarat"}},{"type":"Feature","id":11935781769,"geometry":{"type":"Point","coordinates":[44.218444100000006,15.383410200000002]},"properties":{"id":11935781769,"name":"","type":"supermarket","category":"shopping","subcategory":"supermarket","osmType":"node","addr:street":"شارع فندق خليجي 20","opening_hours":"24/7","shop":"supermarket"}},{"type":"Feature","id":12056913080,"geometry":{"type":"Point","coordinates":[44.2461575,15.370276900000002]},"properties":{"id":12056913080,"name":"ميني ماركت الأسرة","type":"convenience","category":"shopping","subcategory":"supermarket","osmType":"node","addr:street":"شارع الأربعين","shop":"convenience","name:latin":"myny markt al-asra"}},{"type":"Feature","id":12056913081,"geometry":{"type":"Point","coordinates":[44.2463576,15.369800200000002]},"properties":{"id":12056913081,"name":"تموينات حازم الردماني","type":"convenience","category":"shopping","subcategory":"supermarket","osmType":"node","shop":"convenience","name:latin":"tmwynat hazm al-rdmany"}},{"type":"Feature","id":12100080576,"geometry":{"type":"Point","coordinates":[44.202012,15.363136500000001]},"properties":{"id":12100080576,"name":"بقالة التوفير","type":"supermarket","category":"shopping","subcategory":"supermarket","osmType":"node","shop":"supermarket","name:latin":"bqala al-twfyr"}},{"type":"Feature","id":12100098973,"geometry":{"type":"Point","coordinates":[44.202076500000004,15.363141800000001]},"properties":{"id":12100098973,"name":"تموينات ركن تونس","type":"supermarket","category":"shopping","subcategory":"supermarket","osmType":"node","shop":"supermarket","name:latin":"tmwynat rkn twns"}},{"type":"Feature","id":12204041732,"geometry":{"type":"Point","coordinates":[44.205130200000006,15.3833803]},"properties":{"id":12204041732,"name":"مخبز النهضة الحديث","type":"bakery","category":"shopping","subcategory":"food_shop","osmType":"node","shop":"bakery","name:latin":"mkhbz al-nhda al-hdyth"}},{"type":"Feature","id":12204075926,"geometry":{"type":"Point","coordinates":[44.204959900000006,15.383366600000002]},"properties":{"id":12204075926,"name":"بقالة السلام","type":"supermarket","category":"shopping","subcategory":"supermarket","osmType":"node","shop":"supermarket","name:latin":"bqala al-slam"}},{"type":"Feature","id":12299793128,"geometry":{"type":"Point","coordinates":[44.2199383,15.390469300000001]},"properties":{"id":12299793128,"name":"متجر عمو سامي","type":"marketplace","category":"shopping","subcategory":"marketplace","osmType":"node","amenity":"marketplace","name:latin":"mtjr 'mw samy"}},{"type":"Feature","id":12403304114,"geometry":{"type":"Point","coordinates":[44.245084000000006,15.369788200000002]},"properties":{"id":12403304114,"name":"تموينات إسطنبول","type":"convenience","category":"shopping","subcategory":"supermarket","osmType":"node","addr:city":"صنعاء","addr:street":"شارع الأربعين","shop":"convenience","name:latin":"tmwynat istnbwl"}},{"type":"Feature","id":12403304122,"geometry":{"type":"Point","coordinates":[44.2448387,15.370219900000002]},"properties":{"id":12403304122,"name":"بيت التوفير","type":"convenience","category":"shopping","subcategory":"supermarket","osmType":"node","addr:city":"صنعاء","addr:street":"شارع الأربعين","shop":"convenience","name:latin":"byt al-twfyr"}},{"type":"Feature","id":12403304123,"geometry":{"type":"Point","coordinates":[44.2449468,15.370378800000001]},"properties":{"id":12403304123,"name":"سوبر ماركت المأمون","type":"convenience","category":"shopping","subcategory":"supermarket","osmType":"node","addr:city":"صنعاء","addr:street":"شارع الأربعين","shop":"convenience","name:latin":"swbr markt al-mamwn"}},{"type":"Feature","id":12403304134,"geometry":{"type":"Point","coordinates":[44.245060200000005,15.372362100000002]},"properties":{"id":12403304134,"name":"بقالة ركن الحبيشي","type":"convenience","category":"shopping","subcategory":"supermarket","osmType":"node","addr:city":"صنعاء","addr:street":"شارع الأربعين","shop":"convenience","name:latin":"bqala rkn al-hbyshy"}},{"type":"Feature","id":12403304138,"geometry":{"type":"Point","coordinates":[44.243642900000005,15.372008000000001]},"properties":{"id":12403304138,"name":"بقالة منير","type":"convenience","category":"shopping","subcategory":"supermarket","osmType":"node","shop":"convenience","name:latin":"bqala mnyr"}},{"type":"Feature","id":12403304139,"geometry":{"type":"Point","coordinates":[44.2437698,15.371283100000001]},"properties":{"id":12403304139,"name":"حرمل ماركت","type":"convenience","category":"shopping","subcategory":"supermarket","osmType":"node","shop":"convenience","name:latin":"hrml markt"}},{"type":"Feature","id":12403304150,"geometry":{"type":"Point","coordinates":[44.245729700000005,15.371703900000002]},"properties":{"id":12403304150,"name":"مسلخ الطارق للدجاج","type":"butcher","category":"shopping","subcategory":"food_shop","osmType":"node","addr:city":"مدينة صنعاء","addr:street":"شارع الأربعين","landuse":"industrial","shop":"butcher","name:latin":"mslkh al-tarq lldjaj"}},{"type":"Feature","id":12403304151,"geometry":{"type":"Point","coordinates":[44.245653000000004,15.371742900000001]},"properties":{"id":12403304151,"name":"ركن الأربعين للخضروات والفواكه","type":"greengrocer","category":"shopping","subcategory":"food_shop","osmType":"node","addr:city":"مدينة صنعاء","addr:street":"شارع الأربعين","shop":"greengrocer","name:latin":"rkn al-arb'yn llkhdrwat walfwakh"}},{"type":"Feature","id":12403304162,"geometry":{"type":"Point","coordinates":[44.244503900000005,15.376877300000002]},"properties":{"id":12403304162,"name":"بقالة السواري للتسوق","type":"convenience","category":"shopping","subcategory":"supermarket","osmType":"node","addr:city":"صنعاء","addr:street":"شارع الأربعين","shop":"convenience","name:latin":"bqala al-swary lltswq"}},{"type":"Feature","id":12403304166,"geometry":{"type":"Point","coordinates":[44.244465700000006,15.378313900000002]},"properties":{"id":12403304166,"name":"بقالة الردماني","type":"convenience","category":"shopping","subcategory":"supermarket","osmType":"node","addr:city":"صنعاء","addr:street":"شارع الأربعين","shop":"convenience","name:latin":"bqala al-rdmany"}},{"type":"Feature","id":12403304169,"geometry":{"type":"Point","coordinates":[44.24506830000001,15.379351300000002]},"properties":{"id":12403304169,"name":"سمول ماركت للمواد الغذائية","type":"convenience","category":"shopping","subcategory":"supermarket","osmType":"node","addr:city":"صنعاء","addr:street":"شارع الأربعين","shop":"convenience","name:latin":"smwl markt llmwad al-ghdha'ya"}},{"type":"Feature","id":12403304175,"geometry":{"type":"Point","coordinates":[44.246023300000004,15.3815173]},"properties":{"id":12403304175,"name":"بقالة بن سنان","type":"convenience","category":"shopping","subcategory":"supermarket","osmType":"node","shop":"convenience","name:latin":"bqala bn snan"}},{"type":"Feature","id":12403309185,"geometry":{"type":"Point","coordinates":[44.245376300000004,15.3859065]},"properties":{"id":12403309185,"name":"مخبز الحي","type":"bakery","category":"shopping","subcategory":"food_shop","osmType":"node","addr:city":"مدينة صنعاء","addr:street":"شارع الأربعين","shop":"bakery","name:latin":"mkhbz al-hy"}},{"type":"Feature","id":12403309187,"geometry":{"type":"Point","coordinates":[44.245608700000005,15.386429200000002]},"properties":{"id":12403309187,"name":"بقالة أيمن الهادي","type":"convenience","category":"shopping","subcategory":"supermarket","osmType":"node","shop":"convenience","name:latin":"bqala aymn al-hady"}},{"type":"Feature","id":12403309190,"geometry":{"type":"Point","coordinates":[44.24363090000001,15.378058000000001]},"properties":{"id":12403309190,"name":"بقالة القباطي","type":"convenience","category":"shopping","subcategory":"supermarket","osmType":"node","shop":"convenience","name:latin":"bqala al-qbaty"}},{"type":"Feature","id":12407562078,"geometry":{"type":"Point","coordinates":[44.17469680000001,15.335899500000002]},"properties":{"id":12407562078,"name":"بقالة العيدروس","type":"convenience","category":"shopping","subcategory":"supermarket","osmType":"node","addr:city":"صنعاء","addr:street":"شارع الجزائر","shop":"convenience","name:latin":"bqala al-'ydrws"}},{"type":"Feature","id":12407562089,"geometry":{"type":"Point","coordinates":[44.1798701,15.335782000000002]},"properties":{"id":12407562089,"name":"بقالة البركة","type":"convenience","category":"shopping","subcategory":"supermarket","osmType":"node","addr:city":"صنعاء","addr:street":"شارع المحروقات","shop":"convenience","name:latin":"bqala al-brka"}},{"type":"Feature","id":12407562097,"geometry":{"type":"Point","coordinates":[44.18000850000001,15.3394784]},"properties":{"id":12407562097,"name":"بقالة التضامن","type":"convenience","category":"shopping","subcategory":"supermarket","osmType":"node","addr:city":"صنعاء","addr:street":"شارع المحروقات","shop":"convenience","name:latin":"bqala al-tdamn"}},{"type":"Feature","id":12407562100,"geometry":{"type":"Point","coordinates":[44.180154400000006,15.341092100000001]},"properties":{"id":12407562100,"name":"ميني ماركت طوفان الأقصى","type":"convenience","category":"shopping","subcategory":"supermarket","osmType":"node","addr:city":"صنعاء","addr:street":"شارع المحروقات","shop":"convenience","name:latin":"myny markt twfan al-aqsa"}},{"type":"Feature","id":12407644008,"geometry":{"type":"Point","coordinates":[44.186626800000006,15.338907200000001]},"properties":{"id":12407644008,"name":"بقالة أبو علي","type":"convenience","category":"shopping","subcategory":"supermarket","osmType":"node","addr:city":"صنعاء","addr:street":"شارع نواكشوط","shop":"convenience","name:latin":"bqala abw 'ly"}},{"type":"Feature","id":12407644009,"geometry":{"type":"Point","coordinates":[44.1867062,15.339271400000001]},"properties":{"id":12407644009,"name":"بقالة صلاح","type":"convenience","category":"shopping","subcategory":"supermarket","osmType":"node","addr:city":"صنعاء","addr:street":"شارع نواكشوط","shop":"convenience","name:latin":"bqala slah"}},{"type":"Feature","id":12407644010,"geometry":{"type":"Point","coordinates":[44.187536300000005,15.3393738]},"properties":{"id":12407644010,"name":"بقالة المطري","type":"convenience","category":"shopping","subcategory":"supermarket","osmType":"node","addr:city":"صنعاء","addr:street":"شارع نواكشوط","shop":"convenience","name:latin":"bqala al-mtry"}},{"type":"Feature","id":12407644011,"geometry":{"type":"Point","coordinates":[44.187769900000006,15.339917200000002]},"properties":{"id":12407644011,"name":"مخبز الضياء","type":"bakery","category":"shopping","subcategory":"food_shop","osmType":"node","addr:city":"صنعاء","addr:street":"شارع نواكشوط","shop":"bakery","name:latin":"mkhbz al-dya'"}},{"type":"Feature","id":12407644016,"geometry":{"type":"Point","coordinates":[44.187251800000006,15.343165100000002]},"properties":{"id":12407644016,"name":"بقالة جواد","type":"convenience","category":"shopping","subcategory":"supermarket","osmType":"node","addr:city":"صنعاء","addr:street":"شارع الزبيري","shop":"convenience","name:latin":"bqala jwad"}},{"type":"Feature","id":12407644018,"geometry":{"type":"Point","coordinates":[44.18727870000001,15.341627800000001]},"properties":{"id":12407644018,"name":"بقالة ميمون","type":"convenience","category":"shopping","subcategory":"supermarket","osmType":"node","shop":"convenience","name:latin":"bqala mymwn"}},{"type":"Feature","id":12407644025,"geometry":{"type":"Point","coordinates":[44.2037393,15.294656200000002]},"properties":{"id":12407644025,"name":"مخبز الشميري","type":"bakery","category":"shopping","subcategory":"food_shop","osmType":"node","shop":"bakery","name:latin":"mkhbz al-shmyry"}},{"type":"Feature","id":12409058833,"geometry":{"type":"Point","coordinates":[44.198519100000006,15.327183400000001]},"properties":{"id":12409058833,"name":"بقالة الحمزة","type":"convenience","category":"shopping","subcategory":"supermarket","osmType":"node","addr:city":"صنعاء","addr:street":"شارع حدة","shop":"convenience","name:latin":"bqala al-hmza"}},{"type":"Feature","id":12409058834,"geometry":{"type":"Point","coordinates":[44.197242200000005,15.3273129]},"properties":{"id":12409058834,"name":"مخبز اللبناني","type":"bakery","category":"shopping","subcategory":"food_shop","osmType":"node","addr:city":"صنعاء","shop":"bakery","name:latin":"mkhbz al-lbnany"}},{"type":"Feature","id":12409058845,"geometry":{"type":"Point","coordinates":[44.1883721,15.329963600000001]},"properties":{"id":12409058845,"name":"شيخ التجار","type":"mall","category":"shopping","subcategory":"mall","osmType":"node","addr:city":"صنعاء","addr:street":"شارع عمان","shop":"mall","name:latin":"shykh al-tjar"}},{"type":"Feature","id":12409058846,"geometry":{"type":"Point","coordinates":[44.1880692,15.330028200000001]},"properties":{"id":12409058846,"name":"بقالة الردماني","type":"convenience","category":"shopping","subcategory":"supermarket","osmType":"node","addr:city":"صنعاء","addr:street":"شارع جيبوتي","shop":"convenience","name:latin":"bqala al-rdmany"}},{"type":"Feature","id":12409058862,"geometry":{"type":"Point","coordinates":[44.189541600000005,15.336208200000002]},"properties":{"id":12409058862,"name":"بقالة العالمية","type":"convenience","category":"shopping","subcategory":"supermarket","osmType":"node","addr:city":"صنعاء","addr:street":"شارع 49","shop":"convenience","name:latin":"bqala al-'almya"}},{"type":"Feature","id":12409058882,"geometry":{"type":"Point","coordinates":[44.183568300000005,15.336321300000002]},"properties":{"id":12409058882,"name":"تموينات البركة","type":"convenience","category":"shopping","subcategory":"supermarket","osmType":"node","addr:city":"صنعاء","addr:street":"شارع بغداد","shop":"convenience","name:latin":"tmwynat al-brka"}},{"type":"Feature","id":12409058883,"geometry":{"type":"Point","coordinates":[44.18413760000001,15.336468700000001]},"properties":{"id":12409058883,"name":"بقالة محفل","type":"convenience","category":"shopping","subcategory":"supermarket","osmType":"node","addr:city":"صنعاء","addr:street":"شارع بغداد","shop":"convenience","name:latin":"bqala mhfl"}},{"type":"Feature","id":12409058885,"geometry":{"type":"Point","coordinates":[44.1844691,15.336337900000002]},"properties":{"id":12409058885,"name":"بقالة بغداد","type":"convenience","category":"shopping","subcategory":"supermarket","osmType":"node","addr:city":"صنعاء","addr:street":"شارع بغداد","shop":"convenience","name:latin":"bqala bghdad"}},{"type":"Feature","id":12409058890,"geometry":{"type":"Point","coordinates":[44.1843853,15.336885800000001]},"properties":{"id":12409058890,"name":"تاج محل للبهارات والمواد الغذائية","type":"convenience","category":"shopping","subcategory":"supermarket","osmType":"node","addr:city":"صنعاء","addr:street":"شارع بغداد","shop":"convenience","name:latin":"taj mhl llbharat walmwad al-ghdha'ya"}},{"type":"Feature","id":12409116411,"geometry":{"type":"Point","coordinates":[44.191825800000004,15.396519200000002]},"properties":{"id":12409116411,"name":"تموينات القناعة","type":"convenience","category":"shopping","subcategory":"supermarket","osmType":"node","addr:city":"صنعاء","addr:street":"شارع صوفان","shop":"convenience","name:latin":"tmwynat al-qna'a"}},{"type":"Feature","id":12538695264,"geometry":{"type":"Point","coordinates":[44.1969313,15.3064069]},"properties":{"id":12538695264,"name":"","type":"butcher","category":"shopping","subcategory":"food_shop","osmType":"node","addr:city":"صنعاء","addr:street":"شارع بيروت","shop":"butcher"}},{"type":"Feature","id":12538695268,"geometry":{"type":"Point","coordinates":[44.200857400000004,15.3057227]},"properties":{"id":12538695268,"name":"جنة الفواكه","type":"greengrocer","category":"shopping","subcategory":"food_shop","osmType":"node","addr:city":"صنعاء","addr:street":"شارع 14 أكتوبر","shop":"greengrocer","name:latin":"jna al-fwakh"}},{"type":"Feature","id":12538695279,"geometry":{"type":"Point","coordinates":[44.1999368,15.3046111]},"properties":{"id":12538695279,"name":"مخابز أرياف","type":"bakery","category":"shopping","subcategory":"food_shop","osmType":"node","addr:city":"صنعاء","addr:street":"شارع بيروت","shop":"bakery","name:latin":"mkhabz aryaf"}},{"type":"Feature","id":12538695290,"geometry":{"type":"Point","coordinates":[44.199045600000005,15.305347600000001]},"properties":{"id":12538695290,"name":"الطبيعة للأجبان والمخللات والمرتديلا","type":"supermarket","category":"shopping","subcategory":"supermarket","osmType":"node","addr:city":"صنعاء","addr:street":"شارع بيروت","organic":"only","shop":"supermarket","name:latin":"al-tby'a llajban walmkhllat walmrtdyla"}},{"type":"Feature","id":12538705803,"geometry":{"type":"Point","coordinates":[44.19678940000001,15.305969500000002]},"properties":{"id":12538705803,"name":"مخابز الريان","type":"bakery","category":"shopping","subcategory":"food_shop","osmType":"node","addr:city":"صنعاء","addr:street":"شارع صفر","shop":"bakery","name:latin":"mkhabz al-ryan"}},{"type":"Feature","id":12538705809,"geometry":{"type":"Point","coordinates":[44.1981874,15.3089784]},"properties":{"id":12538705809,"name":"بقالة الأسرة","type":"convenience","category":"shopping","subcategory":"supermarket","osmType":"node","addr:city":"صنعاء","addr:street":"شارع السفارة الالمانية","shop":"convenience","name:latin":"bqala al-asra"}},{"type":"Feature","id":12559109179,"geometry":{"type":"Point","coordinates":[44.2029435,15.2907983]},"properties":{"id":12559109179,"name":"جمانة مول","type":"mall","category":"shopping","subcategory":"mall","osmType":"node","addr:city":"صنعاء","addr:street":"شارع الخمسين","shop":"mall","name:latin":"jmana mwl"}},{"type":"Feature","id":12559559094,"geometry":{"type":"Point","coordinates":[44.198475300000005,15.340430200000002]},"properties":{"id":12559559094,"name":"الديرة جراند مول","type":"mall","category":"shopping","subcategory":"mall","osmType":"node","addr:city":"صنعاء","addr:street":"شارع حدة","shop":"mall","name:latin":"al-dyra jrand mwl"}},{"type":"Feature","id":12559559096,"geometry":{"type":"Point","coordinates":[44.197793600000004,15.340264300000001]},"properties":{"id":12559559096,"name":"بقالة السلام","type":"convenience","category":"shopping","subcategory":"supermarket","osmType":"node","addr:city":"صنعاء","addr:street":"شارع حدة","shop":"convenience","name:latin":"bqala al-slam"}},{"type":"Feature","id":12559559099,"geometry":{"type":"Point","coordinates":[44.197703700000005,15.341123800000002]},"properties":{"id":12559559099,"name":"مخبز خير بلادي","type":"bakery","category":"shopping","subcategory":"food_shop","osmType":"node","addr:city":"صنعاء","addr:street":"شارع حدة","shop":"bakery","name:latin":"mkhbz khyr blady"}},{"type":"Feature","id":12559596104,"geometry":{"type":"Point","coordinates":[44.197851500000006,15.344898400000002]},"properties":{"id":12559596104,"name":"بقالة ركن حدة","type":"convenience","category":"shopping","subcategory":"supermarket","osmType":"node","addr:city":"صنعاء","addr:street":"شارع الزبيري","shop":"convenience","name:latin":"bqala rkn hda"}},{"type":"Feature","id":12559596115,"geometry":{"type":"Point","coordinates":[44.195101,15.343818800000001]},"properties":{"id":12559596115,"name":"بقالة البرج","type":"convenience","category":"shopping","subcategory":"supermarket","osmType":"node","addr:city":"صنعاء","addr:street":"شارع الزبيري","shop":"convenience","name:latin":"bqala al-brj"}},{"type":"Feature","id":12559596127,"geometry":{"type":"Point","coordinates":[44.196554000000006,15.343311000000002]},"properties":{"id":12559596127,"name":"تموينات غيث للمواد الغذائية","type":"convenience","category":"shopping","subcategory":"supermarket","osmType":"node","addr:city":"صنعاء","addr:street":"شارع الزبيري","shop":"convenience","name:latin":"tmwynat ghyth llmwad al-ghdha'ya"}},{"type":"Feature","id":12559596130,"geometry":{"type":"Point","coordinates":[44.1963967,15.343140700000001]},"properties":{"id":12559596130,"name":"مخبز الجمهوري","type":"bakery","category":"shopping","subcategory":"food_shop","osmType":"node","addr:city":"صنعاء","addr:street":"شارع الزبيري","shop":"bakery","name:latin":"mkhbz al-jmhwry"}},{"type":"Feature","id":12559596131,"geometry":{"type":"Point","coordinates":[44.19798,15.344781500000002]},"properties":{"id":12559596131,"name":"مخابز السلام","type":"bakery","category":"shopping","subcategory":"food_shop","osmType":"node","addr:city":"صنعاء","addr:street":"شارع حدة","shop":"bakery","name:latin":"mkhabz al-slam"}},{"type":"Feature","id":12559596136,"geometry":{"type":"Point","coordinates":[44.1977307,15.343973900000002]},"properties":{"id":12559596136,"name":"مخبز الحماطي الفرنسي","type":"bakery","category":"shopping","subcategory":"food_shop","osmType":"node","addr:city":"صنعاء","addr:street":"شارع حدة","shop":"bakery","name:latin":"mkhbz al-hmaty al-frnsy"}},{"type":"Feature","id":12559596156,"geometry":{"type":"Point","coordinates":[44.1983083,15.341314500000001]},"properties":{"id":12559596156,"name":"بقالة الطيار","type":"convenience","category":"shopping","subcategory":"supermarket","osmType":"node","addr:city":"صنعاء","addr:street":"شارع حدة","shop":"convenience","name:latin":"bqala al-tyar"}},{"type":"Feature","id":12559596165,"geometry":{"type":"Point","coordinates":[44.199487100000006,15.340238300000001]},"properties":{"id":12559596165,"name":"بقالة أبو الطيب","type":"convenience","category":"shopping","subcategory":"supermarket","osmType":"node","addr:city":"صنعاء","addr:street":"شارع حدة","shop":"convenience","name:latin":"bqala abw al-tyb"}},{"type":"Feature","id":12559596175,"geometry":{"type":"Point","coordinates":[44.1984879,15.335986000000002]},"properties":{"id":12559596175,"name":"بقالة المستقبل","type":"convenience","category":"shopping","subcategory":"supermarket","osmType":"node","addr:city":"صنعاء","addr:street":"شارع حدة","shop":"convenience","name:latin":"bqala al-mstqbl"}},{"type":"Feature","id":12559599378,"geometry":{"type":"Point","coordinates":[44.1794693,15.394675500000002]},"properties":{"id":12559599378,"name":"بقالة الجامعة","type":"convenience","category":"shopping","subcategory":"supermarket","osmType":"node","addr:city":"حي النهضة","addr:street":"شارع النهضة","shop":"convenience","name:latin":"bqala al-jam'a"}},{"type":"Feature","id":12559599387,"geometry":{"type":"Point","coordinates":[44.1771813,15.396808700000001]},"properties":{"id":12559599387,"name":"المخبز اليمني للكدم البلدي","type":"bakery","category":"shopping","subcategory":"food_shop","osmType":"node","addr:city":"صنعاء","addr:street":"شارع النهضة","shop":"bakery","name:latin":"al-mkhbz al-ymny llkdm al-bldy"}},{"type":"Feature","id":12561033277,"geometry":{"type":"Point","coordinates":[44.1821053,15.4040259]},"properties":{"id":12561033277,"name":"تموينات أبو بشير","type":"convenience","category":"shopping","subcategory":"supermarket","osmType":"node","addr:city":"صنعاء","addr:street":"شارع الستين","shop":"convenience","name:latin":"tmwynat abw bshyr"}},{"type":"Feature","id":12561033278,"geometry":{"type":"Point","coordinates":[44.1829569,15.4061292]},"properties":{"id":12561033278,"name":"مخبز حي الأعناب","type":"bakery","category":"shopping","subcategory":"food_shop","osmType":"node","addr:city":"صنعاء","addr:street":"شارع الستين","shop":"bakery","name:latin":"mkhbz hy al-a'nab"}},{"type":"Feature","id":12561033280,"geometry":{"type":"Point","coordinates":[44.18261390000001,15.4065121]},"properties":{"id":12561033280,"name":"ميني ماركت آل راشد","type":"convenience","category":"shopping","subcategory":"supermarket","osmType":"node","addr:city":"صنعاء","addr:street":"شارع الستين","shop":"convenience","name:latin":"myny markt al rashd"}},{"type":"Feature","id":12561033281,"geometry":{"type":"Point","coordinates":[44.183007,15.406137800000002]},"properties":{"id":12561033281,"name":"تموينات آل زاهر للمواد الغذائية وجميع أنوع البهارات","type":"convenience","category":"shopping","subcategory":"supermarket","osmType":"node","addr:city":"صنعاء","addr:street":"شارع الستين","shop":"convenience","name:latin":"tmwynat al zahr llmwad al-ghdha'ya wjmy' anw' al-bharat"}},{"type":"Feature","id":12561033282,"geometry":{"type":"Point","coordinates":[44.1832707,15.405828900000001]},"properties":{"id":12561033282,"name":"سوبرماركت حي الأعناب","type":"supermarket","category":"shopping","subcategory":"supermarket","osmType":"node","addr:city":"صنعاء","addr:street":"شارع الستين","shop":"supermarket","name:latin":"swbrmarkt hy al-a'nab"}},{"type":"Feature","id":12561033298,"geometry":{"type":"Point","coordinates":[44.173735,15.3961055]},"properties":{"id":12561033298,"name":"تموينات اللؤلؤة","type":"convenience","category":"shopping","subcategory":"supermarket","osmType":"node","addr:city":"صنعاء","addr:street":"شارع الثلاثين","shop":"convenience","name:latin":"tmwynat al-l'l'a"}},{"type":"Feature","id":12561033299,"geometry":{"type":"Point","coordinates":[44.1728778,15.3961295]},"properties":{"id":12561033299,"name":"تموينات ضياء","type":"convenience","category":"shopping","subcategory":"supermarket","osmType":"node","addr:city":"صنعاء","addr:street":"شارع الثلاثين","shop":"convenience","name:latin":"tmwynat dya'"}},{"type":"Feature","id":12561033300,"geometry":{"type":"Point","coordinates":[44.172664600000004,15.395495000000002]},"properties":{"id":12561033300,"name":"بقالة عواد القدسي","type":"convenience","category":"shopping","subcategory":"supermarket","osmType":"node","addr:city":"صنعاء","addr:street":"شارع الثلاثين","shop":"convenience","name:latin":"bqala 'wad al-qdsy"}},{"type":"Feature","id":12561034805,"geometry":{"type":"Point","coordinates":[44.1719608,15.393995000000002]},"properties":{"id":12561034805,"name":"مخابز الزراعة الحديثة","type":"bakery","category":"shopping","subcategory":"food_shop","osmType":"node","addr:city":"صنعاء","addr:street":"شارع الستين","shop":"bakery","name:latin":"mkhabz al-zra'a al-hdytha"}},{"type":"Feature","id":12561034830,"geometry":{"type":"Point","coordinates":[44.1947977,15.3604841]},"properties":{"id":12561034830,"name":"مخبز هيلانة","type":"bakery","category":"shopping","subcategory":"food_shop","osmType":"node","addr:city":"صنعاء","addr:street":"شارع الكويت","shop":"bakery","name:latin":"mkhbz hylana"}},{"type":"Feature","id":12561034831,"geometry":{"type":"Point","coordinates":[44.2135729,15.3991649]},"properties":{"id":12561034831,"name":"وفرة هايبر","type":"supermarket","category":"shopping","subcategory":"supermarket","osmType":"node","addr:city":"صنعاء","addr:street":"شارع المطار","shop":"supermarket","name:latin":"wfra haybr"}},{"type":"Feature","id":12563189856,"geometry":{"type":"Point","coordinates":[44.1716738,15.359270800000001]},"properties":{"id":12563189856,"name":"جنان مول","type":"mall","category":"shopping","subcategory":"mall","osmType":"node","addr:city":"السنينة","addr:street":"شارع الستين","shop":"mall","name:latin":"jnan mwl"}},{"type":"Feature","id":12563189857,"geometry":{"type":"Point","coordinates":[44.17140620000001,15.359209400000001]},"properties":{"id":12563189857,"name":"السنينة مول","type":"mall","category":"shopping","subcategory":"mall","osmType":"node","addr:city":"السنينة","addr:street":"شارع الستين","shop":"mall","name:latin":"al-snyna mwl"}},{"type":"Feature","id":12563189858,"geometry":{"type":"Point","coordinates":[44.1707522,15.359463300000002]},"properties":{"id":12563189858,"name":"مركز الفضل مول","type":"mall","category":"shopping","subcategory":"mall","osmType":"node","addr:city":"السنينة","addr:street":"شارع الستين","shop":"mall","name:latin":"mrkz al-fdl mwl"}},{"type":"Feature","id":12564681983,"geometry":{"type":"Point","coordinates":[44.1988258,15.348427800000001]},"properties":{"id":12564681983,"name":"القصر مول","type":"mall","category":"shopping","subcategory":"mall","osmType":"node","shop":"mall","name:latin":"al-qsr mwl"}},{"type":"Feature","id":12572216154,"geometry":{"type":"Point","coordinates":[44.2439559,15.380106600000001]},"properties":{"id":12572216154,"name":"مخبز جولة الجرارات","type":"bakery","category":"shopping","subcategory":"food_shop","osmType":"node","addr:city":"صنعاء","addr:street":"شارع الأربعين","shop":"bakery","name:latin":"mkhbz jwla al-jrarat"}},{"type":"Feature","id":12572216155,"geometry":{"type":"Point","coordinates":[44.2435648,15.380045400000002]},"properties":{"id":12572216155,"name":"بقالة المعافر","type":"convenience","category":"shopping","subcategory":"supermarket","osmType":"node","shop":"convenience","name:latin":"bqala al-m'afr"}},{"type":"Feature","id":12572216160,"geometry":{"type":"Point","coordinates":[44.249670900000005,15.3802271]},"properties":{"id":12572216160,"name":"بقالة عبدالعزيز الحميدي","type":"convenience","category":"shopping","subcategory":"supermarket","osmType":"node","addr:city":"مدينة صنعاء","addr:street":"سعوان شارع 24","shop":"convenience","name:latin":"bqala 'bdal'zyz al-hmydy"}},{"type":"Feature","id":12572220923,"geometry":{"type":"Point","coordinates":[44.24590370000001,15.3727335]},"properties":{"id":12572220923,"name":"بقالة طارق","type":"convenience","category":"shopping","subcategory":"supermarket","osmType":"node","addr:city":"صنعاء","addr:street":"شارع الأربعين","shop":"convenience","name:latin":"bqala tarq"}},{"type":"Feature","id":12572220933,"geometry":{"type":"Point","coordinates":[44.2279221,15.358989900000001]},"properties":{"id":12572220933,"name":"بقالة موفنبيك","type":"convenience","category":"shopping","subcategory":"supermarket","osmType":"node","addr:city":"صنعاء","addr:street":"شارع نشوان الحميري","shop":"convenience","name:latin":"bqala mwfnbyk"}},{"type":"Feature","id":12572220947,"geometry":{"type":"Point","coordinates":[44.2074914,15.390946200000002]},"properties":{"id":12572220947,"name":"مخبز الأخوين","type":"bakery","category":"shopping","subcategory":"food_shop","osmType":"node","addr:city":"صنعاء","addr:street":"شارع التلفزيون","shop":"bakery","name:latin":"mkhbz al-akhwyn"}},{"type":"Feature","id":12572220948,"geometry":{"type":"Point","coordinates":[44.2071028,15.388245300000001]},"properties":{"id":12572220948,"name":"مخبز الضياء","type":"bakery","category":"shopping","subcategory":"food_shop","osmType":"node","addr:city":"صنعاء","addr:street":"شارع التلفزيون","shop":"bakery","name:latin":"mkhbz al-dya'"}},{"type":"Feature","id":12572220950,"geometry":{"type":"Point","coordinates":[44.2080459,15.387548800000001]},"properties":{"id":12572220950,"name":"بقالة الرشيد","type":"convenience","category":"shopping","subcategory":"supermarket","osmType":"node","addr:city":"صنعاء","addr:street":"شارع التلفزيون","shop":"convenience","name:latin":"bqala al-rshyd"}},{"type":"Feature","id":12572220952,"geometry":{"type":"Point","coordinates":[44.208821400000005,15.3861246]},"properties":{"id":12572220952,"name":"مخبز الوصابي","type":"bakery","category":"shopping","subcategory":"food_shop","osmType":"node","addr:city":"صنعاء","addr:street":"شارع التلفزيون","shop":"bakery","name:latin":"mkhbz al-wsaby"}},{"type":"Feature","id":12573635370,"geometry":{"type":"Point","coordinates":[44.2316847,15.286096900000002]},"properties":{"id":12573635370,"name":"سوبر ماركت النصر","type":"convenience","category":"shopping","subcategory":"supermarket","osmType":"node","addr:city":"صنعاء","addr:street":"شارع الحربي","shop":"convenience","name:latin":"swbr markt al-nsr"}},{"type":"Feature","id":12573635374,"geometry":{"type":"Point","coordinates":[44.234207000000005,15.2857274]},"properties":{"id":12573635374,"name":"سوبر ماركت النيدو","type":"supermarket","category":"shopping","subcategory":"supermarket","osmType":"node","addr:city":"صنعاء","addr:street":"شارع الحربي","shop":"supermarket","name:latin":"swbr markt al-nydw"}},{"type":"Feature","id":12576824503,"geometry":{"type":"Point","coordinates":[44.1776959,15.352579500000001]},"properties":{"id":12576824503,"name":"بقالة الزريقي","type":"supermarket","category":"shopping","subcategory":"supermarket","osmType":"node","addr:street":"شارع 16","shop":"supermarket","name:latin":"bqala al-zryqy"}},{"type":"Feature","id":12576832301,"geometry":{"type":"Point","coordinates":[44.1777049,15.352598400000002]},"properties":{"id":12576832301,"name":"","type":"supermarket","category":"shopping","subcategory":"supermarket","osmType":"node","shop":"supermarket"}},{"type":"Feature","id":12576840001,"geometry":{"type":"Point","coordinates":[44.178673700000004,15.352865300000001]},"properties":{"id":12576840001,"name":"عميل بقالة الشماية","type":"supermarket","category":"shopping","subcategory":"supermarket","osmType":"node","shop":"supermarket","name:latin":"'myl bqala al-shmaya"}},{"type":"Feature","id":12583232257,"geometry":{"type":"Point","coordinates":[44.21714480000001,15.347779400000002]},"properties":{"id":12583232257,"name":"بقالة بشار السويدي","type":"convenience","category":"shopping","subcategory":"supermarket","osmType":"node","addr:city":"صنعاء","addr:street":"شارع تعز","shop":"convenience","name:latin":"bqala bshar al-swydy"}},{"type":"Feature","id":12583232275,"geometry":{"type":"Point","coordinates":[44.22024630000001,15.351948700000001]},"properties":{"id":12583232275,"name":"بقالة المنجدي","type":"convenience","category":"shopping","subcategory":"supermarket","osmType":"node","addr:city":"صنعاء","addr:street":"شارع مسيك","shop":"convenience","name:latin":"bqala al-mnjdy"}},{"type":"Feature","id":12584732512,"geometry":{"type":"Point","coordinates":[44.1710762,15.337735300000002]},"properties":{"id":12584732512,"name":"بقالة العواضي","type":"convenience","category":"shopping","subcategory":"supermarket","osmType":"node","addr:city":"صنعاء","addr:street":"شارع نواكشوط","shop":"convenience","name:latin":"bqala al-'wady"}},{"type":"Feature","id":12584732514,"geometry":{"type":"Point","coordinates":[44.1721365,15.3382964]},"properties":{"id":12584732514,"name":"بقالة الرافدين","type":"convenience","category":"shopping","subcategory":"supermarket","osmType":"node","addr:city":"صنعاء","addr:street":"شارع نواكشوط","shop":"convenience","name:latin":"bqala al-rafdyn"}},{"type":"Feature","id":12584732515,"geometry":{"type":"Point","coordinates":[44.172588100000006,15.3382964]},"properties":{"id":12584732515,"name":"مخبز عذبان","type":"bakery","category":"shopping","subcategory":"food_shop","osmType":"node","addr:city":"صنعاء","addr:street":"شارع نواكشوط","shop":"bakery","name:latin":"mkhbz 'dhban"}},{"type":"Feature","id":12584732520,"geometry":{"type":"Point","coordinates":[44.17429370000001,15.338506200000001]},"properties":{"id":12584732520,"name":"بقالة إبراهيم الجراش","type":"convenience","category":"shopping","subcategory":"supermarket","osmType":"node","addr:city":"صنعاء","addr:street":"شارع نواكشوط","shop":"convenience","name:latin":"bqala ibrahym al-jrash"}},{"type":"Feature","id":12584732522,"geometry":{"type":"Point","coordinates":[44.1737947,15.339246200000002]},"properties":{"id":12584732522,"name":"مخبز الراقي","type":"bakery","category":"shopping","subcategory":"food_shop","osmType":"node","addr:city":"صنعاء","addr:street":"شارع نواكشوط","shop":"bakery","name:latin":"mkhbz al-raqy"}},{"type":"Feature","id":12584732525,"geometry":{"type":"Point","coordinates":[44.173472700000005,15.340178400000001]},"properties":{"id":12584732525,"name":"بقلة سام","type":"convenience","category":"shopping","subcategory":"supermarket","osmType":"node","addr:city":"صنعاء","addr:street":"شارع الزبيري","shop":"convenience","name:latin":"bqla sam"}},{"type":"Feature","id":12584732526,"geometry":{"type":"Point","coordinates":[44.1740684,15.338249900000001]},"properties":{"id":12584732526,"name":"لولو ماركت للمواد الغذائية","type":"supermarket","category":"shopping","subcategory":"supermarket","osmType":"node","addr:city":"صنعاء","addr:street":"شارع نواكشوط","shop":"supermarket","name:latin":"lwlw markt llmwad al-ghdha'ya"}},{"type":"Feature","id":12587112454,"geometry":{"type":"Point","coordinates":[44.204405300000005,15.386344700000002]},"properties":{"id":12587112454,"name":"بقالة المفيد","type":"convenience","category":"shopping","subcategory":"supermarket","osmType":"node","shop":"convenience","name:latin":"bqala al-mfyd"}},{"type":"Feature","id":12587122973,"geometry":{"type":"Point","coordinates":[44.252933500000005,15.236988100000001]},"properties":{"id":12587122973,"name":"سوبر ماركت مكة","type":"supermarket","category":"shopping","subcategory":"supermarket","osmType":"node","shop":"supermarket","name:latin":"swbr markt mka"}},{"type":"Feature","id":12587743566,"geometry":{"type":"Point","coordinates":[44.19204740000001,15.3310904]},"properties":{"id":12587743566,"name":"مخبز الوحدة","type":"bakery","category":"shopping","subcategory":"food_shop","osmType":"node","addr:city":"صنعاء","addr:street":"شارع خولة","shop":"bakery","name:latin":"mkhbz al-whda"}},{"type":"Feature","id":12587743569,"geometry":{"type":"Point","coordinates":[44.191326200000006,15.330480000000001]},"properties":{"id":12587743569,"name":"سوبر ماركت الكمال","type":"supermarket","category":"shopping","subcategory":"supermarket","osmType":"node","addr:city":"صنعاء","addr:street":"شارع خولة","shop":"supermarket","name:latin":"swbr markt al-kmal"}},{"type":"Feature","id":12587743572,"geometry":{"type":"Point","coordinates":[44.190837,15.329686]},"properties":{"id":12587743572,"name":"مخبز الراقي","type":"bakery","category":"shopping","subcategory":"food_shop","osmType":"node","addr:city":"صنعاء","addr:street":"شارع خولة","shop":"bakery","name:latin":"mkhbz al-raqy"}},{"type":"Feature","id":12587743582,"geometry":{"type":"Point","coordinates":[44.187225700000006,15.360113700000001]},"properties":{"id":12587743582,"name":"مخابز فتح الرحمن","type":"bakery","category":"shopping","subcategory":"food_shop","osmType":"node","addr:city":"صنعاء","addr:street":"شارع الرباط","shop":"bakery","name:latin":"mkhabz fth al-rhmn"}},{"type":"Feature","id":12587743589,"geometry":{"type":"Point","coordinates":[44.2047419,15.379906400000001]},"properties":{"id":12587743589,"name":"مخبز النمري","type":"bakery","category":"shopping","subcategory":"food_shop","osmType":"node","addr:city":"صنعاء","addr:street":"شارع الصحة","shop":"bakery","name:latin":"mkhbz al-nmry"}},{"type":"Feature","id":12587743593,"geometry":{"type":"Point","coordinates":[44.20299060000001,15.379797100000001]},"properties":{"id":12587743593,"name":"بقالة بيبرس","type":"convenience","category":"shopping","subcategory":"supermarket","osmType":"node","addr:city":"صنعاء","addr:street":"شارع الصحة","shop":"convenience","name:latin":"bqala bybrs"}},{"type":"Feature","id":12589610242,"geometry":{"type":"Point","coordinates":[44.2048246,15.3964627]},"properties":{"id":12589610242,"name":"ابن كارم للدواجن","type":"butcher","category":"shopping","subcategory":"food_shop","osmType":"node","addr:street":"شارع صوفان","shop":"butcher","name:latin":"abn karm lldwajn"}},{"type":"Feature","id":12593417418,"geometry":{"type":"Point","coordinates":[44.231168100000005,15.380504700000001]},"properties":{"id":12593417418,"name":"تموينات الخليج للمواد الغذائية والبهارات","type":"convenience","category":"shopping","subcategory":"supermarket","osmType":"node","addr:city":"صنعاء","addr:street":"شارع النصر","shop":"convenience","name:latin":"tmwynat al-khlyj llmwad al-ghdha'ya walbharat"}},{"type":"Feature","id":12593417430,"geometry":{"type":"Point","coordinates":[44.1750174,15.356903200000001]},"properties":{"id":12593417430,"name":"بقالو أون لاين","type":"convenience","category":"shopping","subcategory":"supermarket","osmType":"node","addr:city":"صنعاء","addr:street":"شارع الستين","shop":"convenience","name:latin":"bqalw awn layn"}},{"type":"Feature","id":12597745956,"geometry":{"type":"Point","coordinates":[44.236630100000006,15.276023000000002]},"properties":{"id":12597745956,"name":"سوبر ماركت النصر","type":"supermarket","category":"shopping","subcategory":"supermarket","osmType":"node","shop":"supermarket","name:latin":"swbr markt al-nsr"}},{"type":"Feature","id":12599361328,"geometry":{"type":"Point","coordinates":[44.1955943,15.307643800000001]},"properties":{"id":12599361328,"name":"بقالة كريتر للمواد الغذائية","type":"convenience","category":"shopping","subcategory":"supermarket","osmType":"node","addr:city":"صنعاء","addr:street":"شارع بيروت","shop":"convenience","name:latin":"bqala krytr llmwad al-ghdha'ya"}},{"type":"Feature","id":12599361330,"geometry":{"type":"Point","coordinates":[44.1955341,15.307338200000002]},"properties":{"id":12599361330,"name":"هاني سوبرماركت","type":"convenience","category":"shopping","subcategory":"supermarket","osmType":"node","addr:city":"صنعاء","addr:street":"شارع بيروت","shop":"convenience","name:latin":"hany swbrmarkt"}},{"type":"Feature","id":12599361331,"geometry":{"type":"Point","coordinates":[44.1958884,15.307000200000001]},"properties":{"id":12599361331,"name":"الوسام ماركت","type":"convenience","category":"shopping","subcategory":"supermarket","osmType":"node","addr:city":"صنعاء","addr:street":"شارع بيروت","shop":"convenience","name:latin":"al-wsam markt"}},{"type":"Feature","id":12599361339,"geometry":{"type":"Point","coordinates":[44.196449900000005,15.306839400000001]},"properties":{"id":12599361339,"name":"ملحمة الجزيرة","type":"butcher","category":"shopping","subcategory":"food_shop","osmType":"node","shop":"butcher","name:latin":"mlhma al-jzyra"}},{"type":"Feature","id":12599361340,"geometry":{"type":"Point","coordinates":[44.196395200000005,15.306879600000002]},"properties":{"id":12599361340,"name":"ملحمة قاصد كريم","type":"butcher","category":"shopping","subcategory":"food_shop","osmType":"node","addr:city":"صنعاء","addr:street":"شارع بيروت","shop":"butcher","name:latin":"mlhma qasd krym"}},{"type":"Feature","id":12599361344,"geometry":{"type":"Point","coordinates":[44.196561900000006,15.306741400000002]},"properties":{"id":12599361344,"name":"ملحمة ضيف الله","type":"butcher","category":"shopping","subcategory":"food_shop","osmType":"node","addr:city":"صنعاء","addr:street":"شارع بيروت","shop":"butcher","name:latin":"mlhma dyf al-lh"}},{"type":"Feature","id":12600884097,"geometry":{"type":"Point","coordinates":[44.215381400000005,15.335921]},"properties":{"id":12600884097,"name":"تموينات بن داؤود","type":"convenience","category":"shopping","subcategory":"supermarket","osmType":"node","shop":"convenience","name:latin":"tmwynat bn da'wd"}},{"type":"Feature","id":12600889344,"geometry":{"type":"Point","coordinates":[44.1975836,15.334683300000002]},"properties":{"id":12600889344,"name":"هابي لاند","type":"supermarket","category":"shopping","subcategory":"supermarket","osmType":"node","shop":"supermarket","name:latin":"haby land"}},{"type":"Feature","id":12609694008,"geometry":{"type":"Point","coordinates":[44.171992200000005,15.357977900000002]},"properties":{"id":12609694008,"name":"مخابز الفتح","type":"bakery","category":"shopping","subcategory":"food_shop","osmType":"node","shop":"bakery","name:latin":"mkhabz al-fth"}},{"type":"Feature","id":12614980510,"geometry":{"type":"Point","coordinates":[44.207031300000004,15.334351500000002]},"properties":{"id":12614980510,"name":"تموينات الحميري","type":"convenience","category":"shopping","subcategory":"supermarket","osmType":"node","shop":"convenience","name:latin":"tmwynat al-hmyry"}},{"type":"Feature","id":12617937513,"geometry":{"type":"Point","coordinates":[44.21732170000001,15.3361958]},"properties":{"id":12617937513,"name":"مخابز تاج للسلطان الآلية","type":"bakery","category":"shopping","subcategory":"food_shop","osmType":"node","shop":"bakery","name:latin":"mkhabz taj llsltan al-alya"}},{"type":"Feature","id":12621496384,"geometry":{"type":"Point","coordinates":[44.2198585,15.287158800000002]},"properties":{"id":12621496384,"name":"سوبرماركت الأنوار","type":"convenience","category":"shopping","subcategory":"supermarket","osmType":"node","addr:city":"صنعاء","addr:street":"شارع الأربعين","shop":"convenience","name:latin":"swbrmarkt al-anwar"}},{"type":"Feature","id":12621500026,"geometry":{"type":"Point","coordinates":[44.2210575,15.2860238]},"properties":{"id":12621500026,"name":"بقالة التوفير","type":"convenience","category":"shopping","subcategory":"supermarket","osmType":"node","addr:city":"صنعاء","addr:street":"شارع الحربي","shop":"convenience","name:latin":"bqala al-twfyr"}},{"type":"Feature","id":12621500058,"geometry":{"type":"Point","coordinates":[44.2330867,15.285694800000002]},"properties":{"id":12621500058,"name":"كارفور ماركت","type":"supermarket","category":"shopping","subcategory":"supermarket","osmType":"node","addr:city":"صنعاء","addr:street":"شارع الحربي","shop":"supermarket","name:latin":"karfwr markt"}},{"type":"Feature","id":12624222520,"geometry":{"type":"Point","coordinates":[44.20723160000001,15.3872928]},"properties":{"id":12624222520,"name":"سيما مول","type":"mall","category":"shopping","subcategory":"mall","osmType":"node","addr:street":"شارع مازدا","shop":"mall","name:latin":"syma mwl"}},{"type":"Feature","id":12813222901,"geometry":{"type":"Point","coordinates":[44.2126092,15.344995700000002]},"properties":{"id":12813222901,"name":"الكحلاني ستور متجر أسلحة","type":"department_store","category":"shopping","subcategory":"mall","osmType":"node","addr:street":"شارع الدفاع","shop":"department_store","name:latin":"al-khlany stwr mtjr aslha"}},{"type":"Feature","id":12852037002,"geometry":{"type":"Point","coordinates":[44.2393847,15.278499400000001]},"properties":{"id":12852037002,"name":"سوبر ماركت الخمسين","type":"supermarket","category":"shopping","subcategory":"supermarket","osmType":"node","shop":"supermarket","name:latin":"swbr markt al-khmsyn"}},{"type":"Feature","id":12852037901,"geometry":{"type":"Point","coordinates":[44.241365200000004,15.279142000000002]},"properties":{"id":12852037901,"name":"بهارات ارض سام","type":"supermarket","category":"shopping","subcategory":"supermarket","osmType":"node","shop":"supermarket","name:latin":"bharat ard sam"}},{"type":"Feature","id":12852039601,"geometry":{"type":"Point","coordinates":[44.2484368,15.2889253]},"properties":{"id":12852039601,"name":"سوبر ماركت اثمار الخير","type":"supermarket","category":"shopping","subcategory":"supermarket","osmType":"node","shop":"supermarket","name:latin":"swbr markt athmar al-khyr"}},{"type":"Feature","id":12854319902,"geometry":{"type":"Point","coordinates":[44.2060535,15.368271100000001]},"properties":{"id":12854319902,"name":"سيتي ستورز","type":"supermarket","category":"shopping","subcategory":"supermarket","osmType":"node","shop":"supermarket","name:latin":"syty stwrz"}},{"type":"Feature","id":12854334401,"geometry":{"type":"Point","coordinates":[44.208359400000006,15.378039600000001]},"properties":{"id":12854334401,"name":"الحصبه هايبر ماركت","type":"supermarket","category":"shopping","subcategory":"supermarket","osmType":"node","shop":"supermarket","name:latin":"al-hsbh haybr markt"}},{"type":"Feature","id":12859336201,"geometry":{"type":"Point","coordinates":[44.19382950000001,15.298187500000001]},"properties":{"id":12859336201,"name":"زاد هايبر","type":"supermarket","category":"shopping","subcategory":"supermarket","osmType":"node","shop":"supermarket","name:latin":"zad haybr"}},{"type":"Feature","id":12859457201,"geometry":{"type":"Point","coordinates":[44.18126590000001,15.301674700000001]},"properties":{"id":12859457201,"name":"بهارات بن عقلان","type":"supermarket","category":"shopping","subcategory":"supermarket","osmType":"node","shop":"supermarket","name:latin":"bharat bn 'qlan"}},{"type":"Feature","id":12866762401,"geometry":{"type":"Point","coordinates":[44.1566331,15.408085100000001]},"properties":{"id":12866762401,"name":"هايبر شملان","type":"supermarket","category":"shopping","subcategory":"supermarket","osmType":"node","shop":"supermarket","name:latin":"haybr shmlan"}},{"type":"Feature","id":12866791401,"geometry":{"type":"Point","coordinates":[44.1703423,15.398541000000002]},"properties":{"id":12866791401,"name":"سوبر ماركت الدكان","type":"supermarket","category":"shopping","subcategory":"supermarket","osmType":"node","shop":"supermarket","name:latin":"swbr markt al-dkan"}},{"type":"Feature","id":12900315245,"geometry":{"type":"Point","coordinates":[44.194016600000005,15.360815500000001]},"properties":{"id":12900315245,"name":"بقالة اللواء الأخضر","type":"convenience","category":"shopping","subcategory":"supermarket","osmType":"node","addr:city":"صنعاء","addr:street":"شارع الكويت","shop":"convenience","name:latin":"bqala al-lwa' al-akhdr"}},{"type":"Feature","id":12900336437,"geometry":{"type":"Point","coordinates":[44.1917703,15.360366400000002]},"properties":{"id":12900336437,"name":"بقالة طرابلس","type":"convenience","category":"shopping","subcategory":"supermarket","osmType":"node","shop":"convenience","name:latin":"bqala trabls"}},{"type":"Feature","id":13088670701,"geometry":{"type":"Point","coordinates":[44.2371586,15.272183300000002]},"properties":{"id":13088670701,"name":"سوبر ماركت اليمن لصاحبه عماد","type":"supermarket","category":"shopping","subcategory":"supermarket","osmType":"node","shop":"supermarket","name:latin":"swbr markt al-ymn lsahbh 'mad"}},{"type":"Feature","id":13183665672,"geometry":{"type":"Point","coordinates":[44.241882700000005,15.531059800000001]},"properties":{"id":13183665672,"name":"سوق الخميس","type":"marketplace","category":"shopping","subcategory":"marketplace","osmType":"node","amenity":"marketplace","name:latin":"swq al-khmys"}},{"type":"Feature","id":13195871481,"geometry":{"type":"Point","coordinates":[44.180853400000004,15.3937424]},"properties":{"id":13195871481,"name":"تموينات الفقيه","type":"convenience","category":"shopping","subcategory":"supermarket","osmType":"node","shop":"convenience","name:latin":"tmwynat al-fqyh"}},{"type":"Feature","id":13195900248,"geometry":{"type":"Point","coordinates":[44.180866800000004,15.393667100000002]},"properties":{"id":13195900248,"name":"ملحمة المراوعة","type":"butcher","category":"shopping","subcategory":"food_shop","osmType":"node","shop":"butcher","name:latin":"mlhma al-mraw'a"}},{"type":"Feature","id":13200918843,"geometry":{"type":"Point","coordinates":[44.184601,15.396481900000001]},"properties":{"id":13200918843,"name":"تموينات الحزمي","type":"convenience","category":"shopping","subcategory":"supermarket","osmType":"node","addr:street":"شارع صوفان","shop":"convenience","name:latin":"tmwynat al-hzmy"}},{"type":"Feature","id":13208875818,"geometry":{"type":"Point","coordinates":[44.20523360000001,15.3859857]},"properties":{"id":13208875818,"name":"بقالة وبهارات الوصابي","type":"convenience","category":"shopping","subcategory":"supermarket","osmType":"node","shop":"convenience","name:latin":"bqala wbharat al-wsaby"}},{"type":"Feature","id":13260646716,"geometry":{"type":"Point","coordinates":[44.216059200000004,15.334665300000001]},"properties":{"id":13260646716,"name":"بقالة حبيب","type":"supermarket","category":"shopping","subcategory":"supermarket","osmType":"node","opening_hours":"24/7","operator":"مع تحيات الهاملي","shop":"supermarket","name:latin":"bqala hbyb"}},{"type":"Feature","id":13266251260,"geometry":{"type":"Point","coordinates":[44.2065211,15.387046900000001]},"properties":{"id":13266251260,"name":"تموينات تبارك للمواد الغذائية والبهارات","type":"convenience","category":"shopping","subcategory":"supermarket","osmType":"node","shop":"convenience","name:latin":"tmwynat tbark llmwad al-ghdha'ya walbharat"}},{"type":"Feature","id":13266290806,"geometry":{"type":"Point","coordinates":[44.181661000000005,15.3932569]},"properties":{"id":13266290806,"name":"ملحمة الكوكباني","type":"butcher","category":"shopping","subcategory":"food_shop","osmType":"node","shop":"butcher","name:latin":"mlhma al-kwkbany"}},{"type":"Feature","id":13266301599,"geometry":{"type":"Point","coordinates":[44.2038154,15.385768200000001]},"properties":{"id":13266301599,"name":"ملحمة الشبامي","type":"butcher","category":"shopping","subcategory":"food_shop","osmType":"node","shop":"butcher","name:latin":"mlhma al-shbamy"}},{"type":"Feature","id":13384264001,"geometry":{"type":"Point","coordinates":[44.2318391,15.477642900000001]},"properties":{"id":13384264001,"name":"الوايتات","type":"marketplace","category":"shopping","subcategory":"marketplace","osmType":"node","amenity":"marketplace","name:latin":"al-waytat"}},{"type":"Feature","id":13384264101,"geometry":{"type":"Point","coordinates":[44.231802800000004,15.480785800000001]},"properties":{"id":13384264101,"name":"سوق القات","type":"marketplace","category":"shopping","subcategory":"marketplace","osmType":"node","amenity":"marketplace","name:latin":"swq al-qat"}},{"type":"Feature","id":13384264102,"geometry":{"type":"Point","coordinates":[44.230251200000005,15.474684500000002]},"properties":{"id":13384264102,"name":"سوق قات","type":"marketplace","category":"shopping","subcategory":"marketplace","osmType":"node","amenity":"marketplace","name:latin":"swq qat"}},{"type":"Feature","id":13384668933,"geometry":{"type":"Point","coordinates":[44.182312200000005,15.392879500000001]},"properties":{"id":13384668933,"name":"مخبز النمري","type":"bakery","category":"shopping","subcategory":"food_shop","osmType":"node","shop":"bakery","name:latin":"mkhbz al-nmry"}},{"type":"Feature","id":13384703655,"geometry":{"type":"Point","coordinates":[44.182369,15.3928384]},"properties":{"id":13384703655,"name":"تموينات الظاهري","type":"convenience","category":"shopping","subcategory":"supermarket","osmType":"node","shop":"convenience","name:latin":"tmwynat al-zahry"}},{"type":"Feature","id":13433676209,"geometry":{"type":"Point","coordinates":[44.181768700000006,15.396620100000002]},"properties":{"id":13433676209,"name":"تموينات ضيافة دائمة","type":"convenience","category":"shopping","subcategory":"supermarket","osmType":"node","shop":"convenience","name:latin":"tmwynat dyafa da'ma"}},{"type":"Feature","id":13433676211,"geometry":{"type":"Point","coordinates":[44.18133950000001,15.396805600000002]},"properties":{"id":13433676211,"name":"تموينات غزة","type":"convenience","category":"shopping","subcategory":"supermarket","osmType":"node","shop":"convenience","name:latin":"tmwynat ghza"}},{"type":"Feature","id":13433676215,"geometry":{"type":"Point","coordinates":[44.17956830000001,15.397681000000002]},"properties":{"id":13433676215,"name":"تموينات المنامة للمواد الغذائية والخضروات","type":"convenience","category":"shopping","subcategory":"supermarket","osmType":"node","shop":"convenience","name:latin":"tmwynat al-mnama llmwad al-ghdha'ya walkhdrwat"}},{"type":"Feature","id":13433676216,"geometry":{"type":"Point","coordinates":[44.178443400000006,15.395970400000001]},"properties":{"id":13433676216,"name":"بقالة الرشيد للمواد الغذائية والبهارات","type":"convenience","category":"shopping","subcategory":"supermarket","osmType":"node","shop":"convenience","name:latin":"bqala al-rshyd llmwad al-ghdha'ya walbharat"}},{"type":"Feature","id":13433676217,"geometry":{"type":"Point","coordinates":[44.1776039,15.397927300000001]},"properties":{"id":13433676217,"name":"بقالة فتح الحاشدي","type":"convenience","category":"shopping","subcategory":"supermarket","osmType":"node","shop":"convenience","name:latin":"bqala fth al-hashdy"}},{"type":"Feature","id":13433676218,"geometry":{"type":"Point","coordinates":[44.177979400000005,15.398262200000001]},"properties":{"id":13433676218,"name":"سوبر ماركت الحزام","type":"convenience","category":"shopping","subcategory":"supermarket","osmType":"node","shop":"convenience","name:latin":"swbr markt al-hzam"}},{"type":"Feature","id":13433676221,"geometry":{"type":"Point","coordinates":[44.172468800000004,15.3949373]},"properties":{"id":13433676221,"name":"مخبز الصلوي","type":"bakery","category":"shopping","subcategory":"food_shop","osmType":"node","shop":"bakery","name:latin":"mkhbz al-slwy"}},{"type":"Feature","id":13433676222,"geometry":{"type":"Point","coordinates":[44.170989500000005,15.3931368]},"properties":{"id":13433676222,"name":"بقالة العمراني","type":"convenience","category":"shopping","subcategory":"supermarket","osmType":"node","shop":"convenience","name:latin":"bqala al-'mrany"}},{"type":"Feature","id":13433676223,"geometry":{"type":"Point","coordinates":[44.1700092,15.393577700000002]},"properties":{"id":13433676223,"name":"بقالة غيثان العياشي","type":"convenience","category":"shopping","subcategory":"supermarket","osmType":"node","shop":"convenience","name:latin":"bqala ghythan al-'yashy"}},{"type":"Feature","id":13433676224,"geometry":{"type":"Point","coordinates":[44.1690047,15.393562200000002]},"properties":{"id":13433676224,"name":"بقالة الوسيم","type":"convenience","category":"shopping","subcategory":"supermarket","osmType":"node","shop":"convenience","name:latin":"bqala al-wsym"}},{"type":"Feature","id":13433676227,"geometry":{"type":"Point","coordinates":[44.1678695,15.393411500000001]},"properties":{"id":13433676227,"name":"بقالة الوحدة","type":"convenience","category":"shopping","subcategory":"supermarket","osmType":"node","shop":"convenience","name:latin":"bqala al-whda"}},{"type":"Feature","id":13433676229,"geometry":{"type":"Point","coordinates":[44.167898300000004,15.393608700000001]},"properties":{"id":13433676229,"name":"ميني ماركت طيبة","type":"convenience","category":"shopping","subcategory":"supermarket","osmType":"node","shop":"convenience","name:latin":"myny markt tyba"}},{"type":"Feature","id":13436370732,"geometry":{"type":"Point","coordinates":[44.221105300000005,15.368064100000002]},"properties":{"id":13436370732,"name":"بقالة الريامي","type":"convenience","category":"shopping","subcategory":"supermarket","osmType":"node","shop":"convenience","name:latin":"bqala al-ryamy"}},{"type":"Feature","id":13436370733,"geometry":{"type":"Point","coordinates":[44.22156390000001,15.367727900000002]},"properties":{"id":13436370733,"name":"بقالة زيد","type":"convenience","category":"shopping","subcategory":"supermarket","osmType":"node","shop":"convenience","name:latin":"bqala zyd"}},{"type":"Feature","id":13436370734,"geometry":{"type":"Point","coordinates":[44.2207512,15.3678585]},"properties":{"id":13436370734,"name":"بقالة الحاشدي","type":"convenience","category":"shopping","subcategory":"supermarket","osmType":"node","shop":"convenience","name:latin":"bqala al-hashdy"}},{"type":"Feature","id":13436370735,"geometry":{"type":"Point","coordinates":[44.2237942,15.368697700000002]},"properties":{"id":13436370735,"name":"بقالة الإخوة","type":"convenience","category":"shopping","subcategory":"supermarket","osmType":"node","shop":"convenience","name:latin":"bqala al-ikhwa"}},{"type":"Feature","id":13436370737,"geometry":{"type":"Point","coordinates":[44.224703500000004,15.367643800000002]},"properties":{"id":13436370737,"name":"بقالة القدس","type":"convenience","category":"shopping","subcategory":"supermarket","osmType":"node","shop":"convenience","name:latin":"bqala al-qds"}},{"type":"Feature","id":13436370739,"geometry":{"type":"Point","coordinates":[44.2301939,15.368492100000001]},"properties":{"id":13436370739,"name":"بقالة الانسي","type":"convenience","category":"shopping","subcategory":"supermarket","osmType":"node","shop":"convenience","name:latin":"bqala al-ansy"}},{"type":"Feature","id":13436370741,"geometry":{"type":"Point","coordinates":[44.2319253,15.368443000000001]},"properties":{"id":13436370741,"name":"بقالة أبو فاهم","type":"convenience","category":"shopping","subcategory":"supermarket","osmType":"node","shop":"convenience","name:latin":"bqala abw fahm"}},{"type":"Feature","id":13436370742,"geometry":{"type":"Point","coordinates":[44.231843500000004,15.368166300000002]},"properties":{"id":13436370742,"name":"بقالة العم عبدالله","type":"convenience","category":"shopping","subcategory":"supermarket","osmType":"node","shop":"convenience","name:latin":"bqala al-'m 'bdallh"}},{"type":"Feature","id":13436370743,"geometry":{"type":"Point","coordinates":[44.2314962,15.368506300000002]},"properties":{"id":13436370743,"name":"ابن عباس للمواد الغذائية","type":"convenience","category":"shopping","subcategory":"supermarket","osmType":"node","shop":"convenience","name:latin":"abn 'bas llmwad al-ghdha'ya"}},{"type":"Feature","id":13436370744,"geometry":{"type":"Point","coordinates":[44.231582,15.368712000000002]},"properties":{"id":13436370744,"name":"بقالة ركن السموعي","type":"convenience","category":"shopping","subcategory":"supermarket","osmType":"node","shop":"convenience","name:latin":"bqala rkn al-smw'y"}},{"type":"Feature","id":13436370747,"geometry":{"type":"Point","coordinates":[44.228108500000005,15.3713332]},"properties":{"id":13436370747,"name":"سوبر ماركت الاعتصام","type":"convenience","category":"shopping","subcategory":"supermarket","osmType":"node","shop":"convenience","name:latin":"swbr markt al-a'tsam"}},{"type":"Feature","id":13436370750,"geometry":{"type":"Point","coordinates":[44.224214,15.369374]},"properties":{"id":13436370750,"name":"بقالة العليمي","type":"convenience","category":"shopping","subcategory":"supermarket","osmType":"node","shop":"convenience","name:latin":"bqala al-'lymy"}},{"type":"Feature","id":13436370754,"geometry":{"type":"Point","coordinates":[44.224377600000004,15.369908100000002]},"properties":{"id":13436370754,"name":"سوبر ماركت العبدلي","type":"supermarket","category":"shopping","subcategory":"supermarket","osmType":"node","shop":"supermarket","name:latin":"swbr markt al-'bdly"}},{"type":"Feature","id":13436370756,"geometry":{"type":"Point","coordinates":[44.2218335,15.370302500000001]},"properties":{"id":13436370756,"name":"تموينات باب الحارة","type":"convenience","category":"shopping","subcategory":"supermarket","osmType":"node","shop":"convenience","name:latin":"tmwynat bab al-hara"}},{"type":"Feature","id":13436370758,"geometry":{"type":"Point","coordinates":[44.2216068,15.369727100000002]},"properties":{"id":13436370758,"name":"سوبر ماركت العشاري","type":"convenience","category":"shopping","subcategory":"supermarket","osmType":"node","shop":"convenience","name:latin":"swbr markt al-'shary"}},{"type":"Feature","id":13436370763,"geometry":{"type":"Point","coordinates":[44.21808910000001,15.369970200000001]},"properties":{"id":13436370763,"name":"مخبز الإخوة","type":"bakery","category":"shopping","subcategory":"food_shop","osmType":"node","shop":"bakery","name:latin":"mkhbz al-ikhwa"}},{"type":"Feature","id":13436370767,"geometry":{"type":"Point","coordinates":[44.2169961,15.370350400000001]},"properties":{"id":13436370767,"name":"بقالة أبو عصام","type":"convenience","category":"shopping","subcategory":"supermarket","osmType":"node","shop":"convenience","name:latin":"bqala abw 'sam"}},{"type":"Feature","id":13436370787,"geometry":{"type":"Point","coordinates":[44.209936600000006,15.372903]},"properties":{"id":13436370787,"name":"بقالة بلال الحرازي","type":"convenience","category":"shopping","subcategory":"supermarket","osmType":"node","shop":"convenience","name:latin":"bqala blal al-hrazy"}},{"type":"Feature","id":13436370791,"geometry":{"type":"Point","coordinates":[44.205332500000004,15.372533200000001]},"properties":{"id":13436370791,"name":"سوبر ماركت العدلة","type":"convenience","category":"shopping","subcategory":"supermarket","osmType":"node","shop":"convenience","name:latin":"swbr markt al-'dla"}},{"type":"Feature","id":13436370794,"geometry":{"type":"Point","coordinates":[44.20403030000001,15.374044800000002]},"properties":{"id":13436370794,"name":"بقالة أبو بهاء البياضي","type":"convenience","category":"shopping","subcategory":"supermarket","osmType":"node","shop":"convenience","name:latin":"bqala abw bha' al-byady"}},{"type":"Feature","id":13436370795,"geometry":{"type":"Point","coordinates":[44.203526100000005,15.373938800000001]},"properties":{"id":13436370795,"name":"بقالة الليث","type":"convenience","category":"shopping","subcategory":"supermarket","osmType":"node","shop":"convenience","name:latin":"bqala al-lyth"}},{"type":"Feature","id":13436370797,"geometry":{"type":"Point","coordinates":[44.2035368,15.3728668]},"properties":{"id":13436370797,"name":"تموينات الزريقي","type":"convenience","category":"shopping","subcategory":"supermarket","osmType":"node","shop":"convenience","name:latin":"tmwynat al-zryqy"}},{"type":"Feature","id":13436370798,"geometry":{"type":"Point","coordinates":[44.2038882,15.372850000000001]},"properties":{"id":13436370798,"name":"بقالة سليم المطري","type":"convenience","category":"shopping","subcategory":"supermarket","osmType":"node","shop":"convenience","name:latin":"bqala slym al-mtry"}},{"type":"Feature","id":13436435902,"geometry":{"type":"Point","coordinates":[44.203414800000004,15.372643100000001]},"properties":{"id":13436435902,"name":"مخبز أبو محمد","type":"bakery","category":"shopping","subcategory":"food_shop","osmType":"node","shop":"bakery","name:latin":"mkhbz abw mhmd"}},{"type":"Feature","id":13436435905,"geometry":{"type":"Point","coordinates":[44.203860000000006,15.371917600000002]},"properties":{"id":13436435905,"name":"بقالة محمد المطري","type":"convenience","category":"shopping","subcategory":"supermarket","osmType":"node","shop":"convenience","name:latin":"bqala mhmd al-mtry"}},{"type":"Feature","id":13436435906,"geometry":{"type":"Point","coordinates":[44.202303,15.370881800000001]},"properties":{"id":13436435906,"name":"بقالة منصور عامر","type":"convenience","category":"shopping","subcategory":"supermarket","osmType":"node","shop":"convenience","name:latin":"bqala mnswr 'amr"}},{"type":"Feature","id":13436435919,"geometry":{"type":"Point","coordinates":[44.21050520000001,15.3701836]},"properties":{"id":13436435919,"name":"ملحمة الوحدة","type":"butcher","category":"shopping","subcategory":"food_shop","osmType":"node","shop":"butcher","name:latin":"mlhma al-whda"}},{"type":"Feature","id":13436435929,"geometry":{"type":"Point","coordinates":[44.2141463,15.370477100000002]},"properties":{"id":13436435929,"name":"بقالة القليسي","type":"convenience","category":"shopping","subcategory":"supermarket","osmType":"node","shop":"convenience","name:latin":"bqala al-qlysy"}},{"type":"Feature","id":13436435937,"geometry":{"type":"Point","coordinates":[44.2141007,15.3731629]},"properties":{"id":13436435937,"name":"بقالة الصراع","type":"convenience","category":"shopping","subcategory":"supermarket","osmType":"node","shop":"convenience","name:latin":"bqala al-sra'"}},{"type":"Feature","id":13436435940,"geometry":{"type":"Point","coordinates":[44.2126147,15.374006000000001]},"properties":{"id":13436435940,"name":"بقالة يحيى عمر","type":"convenience","category":"shopping","subcategory":"supermarket","osmType":"node","shop":"convenience","name:latin":"bqala yhya 'mr"}},{"type":"Feature","id":13436435941,"geometry":{"type":"Point","coordinates":[44.2077559,15.374425]},"properties":{"id":13436435941,"name":"ميني ماركت العاصمة","type":"convenience","category":"shopping","subcategory":"supermarket","osmType":"node","shop":"convenience","name:latin":"myny markt al-'asma"}},{"type":"Feature","id":13436435948,"geometry":{"type":"Point","coordinates":[44.19691040000001,15.3737448]},"properties":{"id":13436435948,"name":"تموينات ركن السواد","type":"convenience","category":"shopping","subcategory":"supermarket","osmType":"node","shop":"convenience","name:latin":"tmwynat rkn al-swad"}},{"type":"Feature","id":13436435951,"geometry":{"type":"Point","coordinates":[44.1967173,15.370655500000002]},"properties":{"id":13436435951,"name":"بقالة الرصين","type":"convenience","category":"shopping","subcategory":"supermarket","osmType":"node","shop":"convenience","name:latin":"bqala al-rsyn"}},{"type":"Feature","id":13436435953,"geometry":{"type":"Point","coordinates":[44.1946171,15.372208600000002]},"properties":{"id":13436435953,"name":"خضروات وفواكه نوفل","type":"greengrocer","category":"shopping","subcategory":"food_shop","osmType":"node","shop":"greengrocer","name:latin":"khdrwat wfwakh nwfl"}},{"type":"Feature","id":13436435959,"geometry":{"type":"Point","coordinates":[44.19404720000001,15.374360300000001]},"properties":{"id":13436435959,"name":"بقالة الواحة","type":"convenience","category":"shopping","subcategory":"supermarket","osmType":"node","shop":"convenience","name:latin":"bqala al-waha"}},{"type":"Feature","id":13436435960,"geometry":{"type":"Point","coordinates":[44.194398500000005,15.374250400000001]},"properties":{"id":13436435960,"name":"مخبز روتي وكدم","type":"bakery","category":"shopping","subcategory":"food_shop","osmType":"node","shop":"bakery","name:latin":"mkhbz rwty wkdm"}},{"type":"Feature","id":13436435961,"geometry":{"type":"Point","coordinates":[44.194450800000006,15.373998300000002]},"properties":{"id":13436435961,"name":"بقالة القادسية","type":"convenience","category":"shopping","subcategory":"supermarket","osmType":"node","shop":"convenience","name:latin":"bqala al-qadsya"}},{"type":"Feature","id":13436435962,"geometry":{"type":"Point","coordinates":[44.1944455,15.373862500000001]},"properties":{"id":13436435962,"name":"بقالة الدعيسللمواد الغذائية","type":"convenience","category":"shopping","subcategory":"supermarket","osmType":"node","shop":"convenience","name:latin":"bqala al-d'ysllmwad al-ghdha'ya"}},{"type":"Feature","id":13436435967,"geometry":{"type":"Point","coordinates":[44.1944401,15.372309500000002]},"properties":{"id":13436435967,"name":"بقالة اللواء الأخضر","type":"convenience","category":"shopping","subcategory":"supermarket","osmType":"node","shop":"convenience","name:latin":"bqala al-lwa' al-akhdr"}},{"type":"Feature","id":13436435969,"geometry":{"type":"Point","coordinates":[44.1947781,15.371344800000001]},"properties":{"id":13436435969,"name":"البقالة اليمنية","type":"convenience","category":"shopping","subcategory":"supermarket","osmType":"node","shop":"convenience","name:latin":"al-bqala al-ymnya"}},{"type":"Feature","id":13436435971,"geometry":{"type":"Point","coordinates":[44.194807600000004,15.370770600000002]},"properties":{"id":13436435971,"name":"تموينات أبو فاهم","type":"convenience","category":"shopping","subcategory":"supermarket","osmType":"node","shop":"convenience","name:latin":"tmwynat abw fahm"}},{"type":"Feature","id":13436435973,"geometry":{"type":"Point","coordinates":[44.19505830000001,15.370099500000002]},"properties":{"id":13436435973,"name":"بقالة وبهارات الروحاني","type":"convenience","category":"shopping","subcategory":"supermarket","osmType":"node","shop":"convenience","name:latin":"bqala wbharat al-rwhany"}},{"type":"Feature","id":13436435974,"geometry":{"type":"Point","coordinates":[44.1948894,15.370106000000002]},"properties":{"id":13436435974,"name":"بقالة السعادة","type":"convenience","category":"shopping","subcategory":"supermarket","osmType":"node","shop":"convenience","name:latin":"bqala al-s'ada"}},{"type":"Feature","id":13436435992,"geometry":{"type":"Point","coordinates":[44.20116840000001,15.369061100000001]},"properties":{"id":13436435992,"name":"ملحمة كابع","type":"butcher","category":"shopping","subcategory":"food_shop","osmType":"node","shop":"butcher","name:latin":"mlhma kab'"}},{"type":"Feature","id":13436435993,"geometry":{"type":"Point","coordinates":[44.201167100000006,15.3687818]},"properties":{"id":13436435993,"name":"مخبز تونس الآلي","type":"bakery","category":"shopping","subcategory":"food_shop","osmType":"node","shop":"bakery","name:latin":"mkhbz twns al-aly"}},{"type":"Feature","id":13436435995,"geometry":{"type":"Point","coordinates":[44.20145,15.368315]},"properties":{"id":13436435995,"name":"بقالة العباسي","type":"convenience","category":"shopping","subcategory":"supermarket","osmType":"node","shop":"convenience","name:latin":"bqala al-'basy"}},{"type":"Feature","id":13436435996,"geometry":{"type":"Point","coordinates":[44.20159760000001,15.3682969]},"properties":{"id":13436435996,"name":"بقالة مالك العواضي","type":"convenience","category":"shopping","subcategory":"supermarket","osmType":"node","shop":"convenience","name:latin":"bqala malk al-'wady"}},{"type":"Feature","id":13436436000,"geometry":{"type":"Point","coordinates":[44.2009418,15.368102900000002]},"properties":{"id":13436436000,"name":"بقالة صلاح الشجاع","type":"convenience","category":"shopping","subcategory":"supermarket","osmType":"node","shop":"convenience","name:latin":"bqala slah al-shja'"}},{"type":"Feature","id":13436436003,"geometry":{"type":"Point","coordinates":[44.2012542,15.367870100000001]},"properties":{"id":13436436003,"name":"مخبز النمري","type":"bakery","category":"shopping","subcategory":"food_shop","osmType":"node","shop":"bakery","name:latin":"mkhbz al-nmry"}},{"type":"Feature","id":13436436004,"geometry":{"type":"Point","coordinates":[44.20160430000001,15.367363200000002]},"properties":{"id":13436436004,"name":"ملحمة زهير","type":"butcher","category":"shopping","subcategory":"food_shop","osmType":"node","shop":"butcher","name:latin":"mlhma zhyr"}},{"type":"Feature","id":13436436009,"geometry":{"type":"Point","coordinates":[44.199934600000006,15.367131700000002]},"properties":{"id":13436436009,"name":"بقالة صلاح","type":"convenience","category":"shopping","subcategory":"supermarket","osmType":"node","shop":"convenience","name:latin":"bqala slah"}},{"type":"Feature","id":13436436010,"geometry":{"type":"Point","coordinates":[44.1983186,15.367036]},"properties":{"id":13436436010,"name":"بقالة العاصمة","type":"convenience","category":"shopping","subcategory":"supermarket","osmType":"node","shop":"convenience","name:latin":"bqala al-'asma"}},{"type":"Feature","id":13436436015,"geometry":{"type":"Point","coordinates":[44.1950476,15.3672856]},"properties":{"id":13436436015,"name":"بقالة أبو عبدالملك","type":"convenience","category":"shopping","subcategory":"supermarket","osmType":"node","shop":"convenience","name:latin":"bqala abw 'bdalmlk"}},{"type":"Feature","id":13436436016,"geometry":{"type":"Point","coordinates":[44.194853200000004,15.367169200000001]},"properties":{"id":13436436016,"name":"بقالة أمين","type":"convenience","category":"shopping","subcategory":"supermarket","osmType":"node","shop":"convenience","name:latin":"bqala amyn"}},{"type":"Feature","id":13436436019,"geometry":{"type":"Point","coordinates":[44.192909900000004,15.3678132]},"properties":{"id":13436436019,"name":"تموينات عابد العباسي","type":"convenience","category":"shopping","subcategory":"supermarket","osmType":"node","shop":"convenience","name:latin":"tmwynat 'abd al-'basy"}},{"type":"Feature","id":13436436021,"geometry":{"type":"Point","coordinates":[44.1917016,15.368069300000002]},"properties":{"id":13436436021,"name":"تموينات القيني","type":"convenience","category":"shopping","subcategory":"supermarket","osmType":"node","shop":"convenience","name:latin":"tmwynat al-qyny"}},{"type":"Feature","id":13436436022,"geometry":{"type":"Point","coordinates":[44.1909009,15.368033100000002]},"properties":{"id":13436436022,"name":"بقالة ماجد النصيري","type":"convenience","category":"shopping","subcategory":"supermarket","osmType":"node","shop":"convenience","name:latin":"bqala majd al-nsyry"}},{"type":"Feature","id":13436436032,"geometry":{"type":"Point","coordinates":[44.1848177,15.370828800000002]},"properties":{"id":13436436032,"name":"بقالة الشموخ","type":"convenience","category":"shopping","subcategory":"supermarket","osmType":"node","shop":"convenience","name:latin":"bqala al-shmwkh"}},{"type":"Feature","id":13437079891,"geometry":{"type":"Point","coordinates":[44.188135200000005,15.392402800000001]},"properties":{"id":13437079891,"name":"سوبر ماركت نيوتك","type":"supermarket","category":"shopping","subcategory":"supermarket","osmType":"node","shop":"supermarket","name:latin":"swbr markt nywtk"}},{"type":"Feature","id":13437093578,"geometry":{"type":"Point","coordinates":[44.189793,15.384522800000001]},"properties":{"id":13437093578,"name":"سوبر ماركت النهضة","type":"supermarket","category":"shopping","subcategory":"supermarket","osmType":"node","shop":"supermarket","name:latin":"swbr markt al-nhda"}},{"type":"Feature","id":13437097306,"geometry":{"type":"Point","coordinates":[44.1920432,15.401790900000002]},"properties":{"id":13437097306,"name":"بقالة القعادي","type":"convenience","category":"shopping","subcategory":"supermarket","osmType":"node","shop":"convenience","name:latin":"bqala al-q'ady"}},{"type":"Feature","id":13437302929,"geometry":{"type":"Point","coordinates":[44.2230928,15.3259678]},"properties":{"id":13437302929,"name":"الكميم للمواد الغذائية","type":"convenience","category":"shopping","subcategory":"supermarket","osmType":"node","shop":"convenience","name:latin":"al-kmym llmwad al-ghdha'ya"}},{"type":"Feature","id":13437302931,"geometry":{"type":"Point","coordinates":[44.223707000000005,15.325875900000002]},"properties":{"id":13437302931,"name":"بقالة الموسلي","type":"convenience","category":"shopping","subcategory":"supermarket","osmType":"node","shop":"convenience","name:latin":"bqala al-mwsly"}},{"type":"Feature","id":13437302932,"geometry":{"type":"Point","coordinates":[44.2244024,15.325996900000002]},"properties":{"id":13437302932,"name":"ميني ماركت ركن الخير","type":"convenience","category":"shopping","subcategory":"supermarket","osmType":"node","shop":"convenience","name:latin":"myny markt rkn al-khyr"}},{"type":"Feature","id":13437302934,"geometry":{"type":"Point","coordinates":[44.2283472,15.333217200000002]},"properties":{"id":13437302934,"name":"تموينات ماجد الحبيشي","type":"convenience","category":"shopping","subcategory":"supermarket","osmType":"node","shop":"convenience","name:latin":"tmwynat majd al-hbyshy"}},{"type":"Feature","id":13437302939,"geometry":{"type":"Point","coordinates":[44.228081700000004,15.3356694]},"properties":{"id":13437302939,"name":"بقالة الجعراني","type":"convenience","category":"shopping","subcategory":"supermarket","osmType":"node","shop":"convenience","name:latin":"bqala al-j'rany"}},{"type":"Feature","id":13437302941,"geometry":{"type":"Point","coordinates":[44.22743260000001,15.335400400000001]},"properties":{"id":13437302941,"name":"مخبز المجد","type":"bakery","category":"shopping","subcategory":"food_shop","osmType":"node","shop":"bakery","name:latin":"mkhbz al-mjd"}},{"type":"Feature","id":13437302943,"geometry":{"type":"Point","coordinates":[44.22740580000001,15.335165000000002]},"properties":{"id":13437302943,"name":"تموينات ابو طارق","type":"convenience","category":"shopping","subcategory":"supermarket","osmType":"node","shop":"convenience","name:latin":"tmwynat abw tarq"}},{"type":"Feature","id":13437302946,"geometry":{"type":"Point","coordinates":[44.22796640000001,15.3341562]},"properties":{"id":13437302946,"name":"بقالة بن حيدر","type":"convenience","category":"shopping","subcategory":"supermarket","osmType":"node","shop":"convenience","name:latin":"bqala bn hydr"}},{"type":"Feature","id":13437302948,"geometry":{"type":"Point","coordinates":[44.228219800000005,15.334041100000002]},"properties":{"id":13437302948,"name":"بقالة الطيري","type":"convenience","category":"shopping","subcategory":"supermarket","osmType":"node","shop":"convenience","name:latin":"bqala al-tyry"}},{"type":"Feature","id":13437302951,"geometry":{"type":"Point","coordinates":[44.2289843,15.331388400000002]},"properties":{"id":13437302951,"name":"بقالة أجواء العاصمة","type":"convenience","category":"shopping","subcategory":"supermarket","osmType":"node","shop":"convenience","name:latin":"bqala ajwa' al-'asma"}},{"type":"Feature","id":13437302952,"geometry":{"type":"Point","coordinates":[44.228713400000004,15.331282300000002]},"properties":{"id":13437302952,"name":"مخبز الإخوة","type":"bakery","category":"shopping","subcategory":"food_shop","osmType":"node","shop":"bakery","name:latin":"mkhbz al-ikhwa"}},{"type":"Feature","id":13437302964,"geometry":{"type":"Point","coordinates":[44.22452380000001,15.329959200000001]},"properties":{"id":13437302964,"name":"الغارتي للمواد الغذائية","type":"convenience","category":"shopping","subcategory":"supermarket","osmType":"node","shop":"convenience","name:latin":"al-gharty llmwad al-ghdha'ya"}},{"type":"Feature","id":13437302975,"geometry":{"type":"Point","coordinates":[44.217962400000005,15.335886700000001]},"properties":{"id":13437302975,"name":"بقالة العشاري","type":"convenience","category":"shopping","subcategory":"supermarket","osmType":"node","shop":"convenience","name:latin":"bqala al-'shary"}},{"type":"Feature","id":13437302982,"geometry":{"type":"Point","coordinates":[44.218498200000006,15.3360549]},"properties":{"id":13437302982,"name":"تموينات الحميري","type":"convenience","category":"shopping","subcategory":"supermarket","osmType":"node","shop":"convenience","name:latin":"tmwynat al-hmyry"}},{"type":"Feature","id":13437302984,"geometry":{"type":"Point","coordinates":[44.22033210000001,15.336287000000002]},"properties":{"id":13437302984,"name":"تموينات العباسي","type":"convenience","category":"shopping","subcategory":"supermarket","osmType":"node","shop":"convenience","name:latin":"tmwynat al-'basy"}},{"type":"Feature","id":13437302986,"geometry":{"type":"Point","coordinates":[44.224698100000005,15.3313748]},"properties":{"id":13437302986,"name":"تموينات الفضلي","type":"convenience","category":"shopping","subcategory":"supermarket","osmType":"node","shop":"convenience","name:latin":"tmwynat al-fdly"}},{"type":"Feature","id":13437302991,"geometry":{"type":"Point","coordinates":[44.2224652,15.3304889]},"properties":{"id":13437302991,"name":"بقالة رداع","type":"convenience","category":"shopping","subcategory":"supermarket","osmType":"node","shop":"convenience","name:latin":"bqala rda'"}},{"type":"Feature","id":13437302994,"geometry":{"type":"Point","coordinates":[44.2217477,15.330081400000001]},"properties":{"id":13437302994,"name":"محلات الفارس","type":"convenience","category":"shopping","subcategory":"supermarket","osmType":"node","shop":"convenience","name:latin":"mhlat al-fars"}},{"type":"Feature","id":13437302995,"geometry":{"type":"Point","coordinates":[44.2220018,15.3298687]},"properties":{"id":13437302995,"name":"ملحمة صالح المهتدي","type":"butcher","category":"shopping","subcategory":"food_shop","osmType":"node","shop":"butcher","name:latin":"mlhma salh al-mhtdy"}},{"type":"Feature","id":13437302999,"geometry":{"type":"Point","coordinates":[44.221783200000004,15.329198700000001]},"properties":{"id":13437302999,"name":"الشوافي للمواد الغذائية","type":"convenience","category":"shopping","subcategory":"supermarket","osmType":"node","shop":"convenience","name:latin":"al-shwafy llmwad al-ghdha'ya"}},{"type":"Feature","id":13437303001,"geometry":{"type":"Point","coordinates":[44.221462700000004,15.328683900000001]},"properties":{"id":13437303001,"name":"خضروات بلادي للفواكه والخضروات والتمور","type":"greengrocer","category":"shopping","subcategory":"food_shop","osmType":"node","shop":"greengrocer","name:latin":"khdrwat blady llfwakh walkhdrwat waltmwr"}},{"type":"Feature","id":13437303002,"geometry":{"type":"Point","coordinates":[44.22130980000001,15.3286083]},"properties":{"id":13437303002,"name":"مخبز غرام الذهب","type":"bakery","category":"shopping","subcategory":"food_shop","osmType":"node","shop":"bakery","name:latin":"mkhbz ghram al-dhhb"}},{"type":"Feature","id":13437303003,"geometry":{"type":"Point","coordinates":[44.220256400000004,15.328090300000001]},"properties":{"id":13437303003,"name":"بقالة محمد العيدروس","type":"convenience","category":"shopping","subcategory":"supermarket","osmType":"node","shop":"convenience","name:latin":"bqala mhmd al-'ydrws"}},{"type":"Feature","id":13437303006,"geometry":{"type":"Point","coordinates":[44.218790500000004,15.328418800000001]},"properties":{"id":13437303006,"name":"مركز السبعين للفواكه والخضروات","type":"greengrocer","category":"shopping","subcategory":"food_shop","osmType":"node","shop":"greengrocer","name:latin":"mrkz al-sb'yn llfwakh walkhdrwat"}},{"type":"Feature","id":13437303012,"geometry":{"type":"Point","coordinates":[44.2151038,15.3311039]},"properties":{"id":13437303012,"name":"بقالة الحاج حمود","type":"convenience","category":"shopping","subcategory":"supermarket","osmType":"node","shop":"convenience","name:latin":"bqala al-haj hmwd"}},{"type":"Feature","id":13437303013,"geometry":{"type":"Point","coordinates":[44.2160828,15.3315423]},"properties":{"id":13437303013,"name":"بقالة الجزيرة","type":"convenience","category":"shopping","subcategory":"supermarket","osmType":"node","shop":"convenience","name:latin":"bqala al-jzyra"}},{"type":"Feature","id":13437303014,"geometry":{"type":"Point","coordinates":[44.216899600000005,15.331627700000002]},"properties":{"id":13437303014,"name":"تموينات العفيف","type":"convenience","category":"shopping","subcategory":"supermarket","osmType":"node","shop":"convenience","name:latin":"tmwynat al-'fyf"}},{"type":"Feature","id":13437303018,"geometry":{"type":"Point","coordinates":[44.21698670000001,15.332718000000002]},"properties":{"id":13437303018,"name":"مخبز أرض الجنتين","type":"bakery","category":"shopping","subcategory":"food_shop","osmType":"node","shop":"bakery","name:latin":"mkhbz ard al-jntyn"}},{"type":"Feature","id":13437303019,"geometry":{"type":"Point","coordinates":[44.2154284,15.332723200000002]},"properties":{"id":13437303019,"name":"بقالة السامعي","type":"convenience","category":"shopping","subcategory":"supermarket","osmType":"node","shop":"convenience","name:latin":"bqala al-sam'y"}},{"type":"Feature","id":13437303020,"geometry":{"type":"Point","coordinates":[44.2161794,15.332644300000002]},"properties":{"id":13437303020,"name":"بقالة الحجري","type":"convenience","category":"shopping","subcategory":"supermarket","osmType":"node","shop":"convenience","name:latin":"bqala al-hjry"}},{"type":"Feature","id":13437303021,"geometry":{"type":"Point","coordinates":[44.2166112,15.332998600000002]},"properties":{"id":13437303021,"name":"بقالة الفلوجة","type":"convenience","category":"shopping","subcategory":"supermarket","osmType":"node","shop":"convenience","name:latin":"bqala al-flwja"}},{"type":"Feature","id":13437303028,"geometry":{"type":"Point","coordinates":[44.217122200000006,15.335430200000001]},"properties":{"id":13437303028,"name":"بقالة صلاح","type":"convenience","category":"shopping","subcategory":"supermarket","osmType":"node","shop":"convenience","name:latin":"bqala slah"}},{"type":"Feature","id":13437303031,"geometry":{"type":"Point","coordinates":[44.2147833,15.3355492]},"properties":{"id":13437303031,"name":"بقالة كمران","type":"convenience","category":"shopping","subcategory":"supermarket","osmType":"node","shop":"convenience","name:latin":"bqala kmran"}},{"type":"Feature","id":13437303033,"geometry":{"type":"Point","coordinates":[44.21215410000001,15.335586000000001]},"properties":{"id":13437303033,"name":"بقالة محمد العمراني","type":"convenience","category":"shopping","subcategory":"supermarket","osmType":"node","shop":"convenience","name:latin":"bqala mhmd al-'mrany"}},{"type":"Feature","id":13437303034,"geometry":{"type":"Point","coordinates":[44.212219100000006,15.335588000000001]},"properties":{"id":13437303034,"name":"بقالة الحزمي","type":"convenience","category":"shopping","subcategory":"supermarket","osmType":"node","shop":"convenience","name:latin":"bqala al-hzmy"}},{"type":"Feature","id":13437303040,"geometry":{"type":"Point","coordinates":[44.211338000000005,15.334401900000001]},"properties":{"id":13437303040,"name":"مخبز الحسين","type":"bakery","category":"shopping","subcategory":"food_shop","osmType":"node","shop":"bakery","name:latin":"mkhbz al-hsyn"}},{"type":"Feature","id":13437303044,"geometry":{"type":"Point","coordinates":[44.211275,15.332989600000001]},"properties":{"id":13437303044,"name":"بقالة رائد العمدة","type":"convenience","category":"shopping","subcategory":"supermarket","osmType":"node","shop":"convenience","name:latin":"bqala ra'd al-'mda"}},{"type":"Feature","id":13437303046,"geometry":{"type":"Point","coordinates":[44.21068760000001,15.333540600000001]},"properties":{"id":13437303046,"name":"بقالة العلفي","type":"convenience","category":"shopping","subcategory":"supermarket","osmType":"node","shop":"convenience","name:latin":"bqala al-'lfy"}},{"type":"Feature","id":13437303049,"geometry":{"type":"Point","coordinates":[44.2103838,15.3329482]},"properties":{"id":13437303049,"name":"بقالة أبو أصيل","type":"convenience","category":"shopping","subcategory":"supermarket","osmType":"node","shop":"convenience","name:latin":"bqala abw asyl"}},{"type":"Feature","id":13437303050,"geometry":{"type":"Point","coordinates":[44.21062920000001,15.332829900000002]},"properties":{"id":13437303050,"name":"تموينات اليوسفي","type":"convenience","category":"shopping","subcategory":"supermarket","osmType":"node","shop":"convenience","name:latin":"tmwynat al-ywsfy"}},{"type":"Feature","id":13437303051,"geometry":{"type":"Point","coordinates":[44.2105012,15.332804000000001]},"properties":{"id":13437303051,"name":"تموينات أبو فاروق","type":"convenience","category":"shopping","subcategory":"supermarket","osmType":"node","shop":"convenience","name:latin":"tmwynat abw farwq"}},{"type":"Feature","id":13437303054,"geometry":{"type":"Point","coordinates":[44.209695200000006,15.3322666]},"properties":{"id":13437303054,"name":"بقالة أبو إيهاب","type":"convenience","category":"shopping","subcategory":"supermarket","osmType":"node","shop":"convenience","name:latin":"bqala abw iyhab"}},{"type":"Feature","id":13437303056,"geometry":{"type":"Point","coordinates":[44.207985300000004,15.332614500000002]},"properties":{"id":13437303056,"name":"بقالة هايل","type":"convenience","category":"shopping","subcategory":"supermarket","osmType":"node","shop":"convenience","name:latin":"bqala hayl"}},{"type":"Feature","id":13437303058,"geometry":{"type":"Point","coordinates":[44.207510500000005,15.333664700000002]},"properties":{"id":13437303058,"name":"سوبر الفتح","type":"convenience","category":"shopping","subcategory":"supermarket","osmType":"node","shop":"convenience","name:latin":"swbr al-fth"}},{"type":"Feature","id":13437303059,"geometry":{"type":"Point","coordinates":[44.208893200000006,15.334328200000002]},"properties":{"id":13437303059,"name":"بقالة علي القادري","type":"convenience","category":"shopping","subcategory":"supermarket","osmType":"node","shop":"convenience","name:latin":"bqala 'ly al-qadry"}},{"type":"Feature","id":13437303060,"geometry":{"type":"Point","coordinates":[44.2101283,15.3342345]},"properties":{"id":13437303060,"name":"بقالة إبراهيم","type":"convenience","category":"shopping","subcategory":"supermarket","osmType":"node","shop":"convenience","name:latin":"bqala ibrahym"}},{"type":"Feature","id":13437303061,"geometry":{"type":"Point","coordinates":[44.2106587,15.334294000000002]},"properties":{"id":13437303061,"name":"تموينات وبهارات مشتاق السامعي","type":"convenience","category":"shopping","subcategory":"supermarket","osmType":"node","shop":"convenience","name:latin":"tmwynat wbharat mshtaq al-sam'y"}},{"type":"Feature","id":13437303064,"geometry":{"type":"Point","coordinates":[44.211280300000006,15.334135500000002]},"properties":{"id":13437303064,"name":"بقالة فواز","type":"convenience","category":"shopping","subcategory":"supermarket","osmType":"node","shop":"convenience","name:latin":"bqala fwaz"}},{"type":"Feature","id":13437303065,"geometry":{"type":"Point","coordinates":[44.211351400000005,15.334495700000002]},"properties":{"id":13437303065,"name":"تموينات العجيل","type":"convenience","category":"shopping","subcategory":"supermarket","osmType":"node","shop":"convenience","name:latin":"tmwynat al-'jyl"}},{"type":"Feature","id":13437303066,"geometry":{"type":"Point","coordinates":[44.211317900000004,15.334577200000002]},"properties":{"id":13437303066,"name":"بقالة ركن الصافية","type":"convenience","category":"shopping","subcategory":"supermarket","osmType":"node","shop":"convenience","name:latin":"bqala rkn al-safya"}},{"type":"Feature","id":13437303081,"geometry":{"type":"Point","coordinates":[44.211539200000004,15.336162200000002]},"properties":{"id":13437303081,"name":"ملحمة أبو إبراهيم الحبيشي","type":"butcher","category":"shopping","subcategory":"food_shop","osmType":"node","shop":"butcher","name:latin":"mlhma abw ibrahym al-hbyshy"}},{"type":"Feature","id":13437303087,"geometry":{"type":"Point","coordinates":[44.2144648,15.336514600000001]},"properties":{"id":13437303087,"name":"بقالة قيس","type":"convenience","category":"shopping","subcategory":"supermarket","osmType":"node","shop":"convenience","name:latin":"bqala qys"}},{"type":"Feature","id":13437303099,"geometry":{"type":"Point","coordinates":[44.211494900000005,15.335932000000001]},"properties":{"id":13437303099,"name":"تموينات الثوابي","type":"convenience","category":"shopping","subcategory":"supermarket","osmType":"node","shop":"convenience","name:latin":"tmwynat al-thwaby"}},{"type":"Feature","id":13437303102,"geometry":{"type":"Point","coordinates":[44.210431400000004,15.3366731]},"properties":{"id":13437303102,"name":"بقالة طه","type":"convenience","category":"shopping","subcategory":"supermarket","osmType":"node","shop":"convenience","name:latin":"bqala th"}},{"type":"Feature","id":13437303105,"geometry":{"type":"Point","coordinates":[44.2075802,15.3327956]},"properties":{"id":13437303105,"name":"تموينات الصلوي","type":"convenience","category":"shopping","subcategory":"supermarket","osmType":"node","shop":"convenience","name:latin":"tmwynat al-slwy"}},{"type":"Feature","id":13437303107,"geometry":{"type":"Point","coordinates":[44.2085432,15.3304442]},"properties":{"id":13437303107,"name":"بقالة أبو وسيم منصر","type":"convenience","category":"shopping","subcategory":"supermarket","osmType":"node","shop":"convenience","name:latin":"bqala abw wsym mnsr"}},{"type":"Feature","id":13437303108,"geometry":{"type":"Point","coordinates":[44.208892500000005,15.330779200000002]},"properties":{"id":13437303108,"name":"بقالة يحيى الانسي","type":"convenience","category":"shopping","subcategory":"supermarket","osmType":"node","shop":"convenience","name:latin":"bqala yhya al-ansy"}},{"type":"Feature","id":13437303109,"geometry":{"type":"Point","coordinates":[44.2091829,15.329851900000001]},"properties":{"id":13437303109,"name":"تموينات الخير","type":"convenience","category":"shopping","subcategory":"supermarket","osmType":"node","shop":"convenience","name:latin":"tmwynat al-khyr"}},{"type":"Feature","id":13437303110,"geometry":{"type":"Point","coordinates":[44.20877780000001,15.3293604]},"properties":{"id":13437303110,"name":"بقالة عصام العامري","type":"convenience","category":"shopping","subcategory":"supermarket","osmType":"node","shop":"convenience","name:latin":"bqala 'sam al-'amry"}},{"type":"Feature","id":13437303111,"geometry":{"type":"Point","coordinates":[44.209121200000006,15.329163800000002]},"properties":{"id":13437303111,"name":"بقالة سعيد","type":"convenience","category":"shopping","subcategory":"supermarket","osmType":"node","shop":"convenience","name:latin":"bqala s'yd"}},{"type":"Feature","id":13437303114,"geometry":{"type":"Point","coordinates":[44.21702560000001,15.329156000000001]},"properties":{"id":13437303114,"name":"بقالة الشلفي","type":"convenience","category":"shopping","subcategory":"supermarket","osmType":"node","shop":"convenience","name:latin":"bqala al-shlfy"}},{"type":"Feature","id":13437303115,"geometry":{"type":"Point","coordinates":[44.217233500000006,15.3290228]},"properties":{"id":13437303115,"name":"بقالة المستهلك","type":"convenience","category":"shopping","subcategory":"supermarket","osmType":"node","shop":"convenience","name:latin":"bqala al-msthlk"}},{"type":"Feature","id":13437303117,"geometry":{"type":"Point","coordinates":[44.217056500000005,15.328733100000001]},"properties":{"id":13437303117,"name":"تموينات نبيل الكبش","type":"convenience","category":"shopping","subcategory":"supermarket","osmType":"node","shop":"convenience","name:latin":"tmwynat nbyl al-kbsh"}},{"type":"Feature","id":13438580829,"geometry":{"type":"Point","coordinates":[44.2067783,15.382946400000002]},"properties":{"id":13438580829,"name":"بقالة توفيق","type":"convenience","category":"shopping","subcategory":"supermarket","osmType":"node","shop":"convenience","name:latin":"bqala twfyq"}},{"type":"Feature","id":13438580840,"geometry":{"type":"Point","coordinates":[44.2041953,15.383166300000001]},"properties":{"id":13438580840,"name":"بقالة وبهارات اللواء الأخضر","type":"convenience","category":"shopping","subcategory":"supermarket","osmType":"node","shop":"convenience","name:latin":"bqala wbharat al-lwa' al-akhdr"}},{"type":"Feature","id":13438580850,"geometry":{"type":"Point","coordinates":[44.203610600000005,15.387924700000001]},"properties":{"id":13438580850,"name":"بقالة الجبني","type":"convenience","category":"shopping","subcategory":"supermarket","osmType":"node","shop":"convenience","name:latin":"bqala al-jbny"}},{"type":"Feature","id":13438580851,"geometry":{"type":"Point","coordinates":[44.203161300000005,15.387786300000002]},"properties":{"id":13438580851,"name":"الفقيه للمواد الغذائية والبهارات","type":"convenience","category":"shopping","subcategory":"supermarket","osmType":"node","shop":"convenience","name:latin":"al-fqyh llmwad al-ghdha'ya walbharat"}},{"type":"Feature","id":13438580853,"geometry":{"type":"Point","coordinates":[44.20136290000001,15.3878251]},"properties":{"id":13438580853,"name":"بقالة الحبيشي","type":"convenience","category":"shopping","subcategory":"supermarket","osmType":"node","shop":"convenience","name:latin":"bqala al-hbyshy"}},{"type":"Feature","id":13438580855,"geometry":{"type":"Point","coordinates":[44.20029,15.3868863]},"properties":{"id":13438580855,"name":"بقالة المصباحي","type":"convenience","category":"shopping","subcategory":"supermarket","osmType":"node","shop":"convenience","name:latin":"bqala al-msbahy"}},{"type":"Feature","id":13438580858,"geometry":{"type":"Point","coordinates":[44.204491700000005,15.3857291]},"properties":{"id":13438580858,"name":"سوبر ماركت الغانم","type":"convenience","category":"shopping","subcategory":"supermarket","osmType":"node","shop":"convenience","name:latin":"swbr markt al-ghanm"}},{"type":"Feature","id":13438580860,"geometry":{"type":"Point","coordinates":[44.202724100000005,15.385939800000001]},"properties":{"id":13438580860,"name":"بقالة عبدالرحمن","type":"convenience","category":"shopping","subcategory":"supermarket","osmType":"node","shop":"convenience","name:latin":"bqala 'bdalrhmn"}},{"type":"Feature","id":13438580865,"geometry":{"type":"Point","coordinates":[44.202300300000005,15.384642900000001]},"properties":{"id":13438580865,"name":"بقالة عبدالكافي الروحاني","type":"convenience","category":"shopping","subcategory":"supermarket","osmType":"node","shop":"convenience","name:latin":"bqala 'bdalkafy al-rwhany"}},{"type":"Feature","id":13438580881,"geometry":{"type":"Point","coordinates":[44.2005368,15.384865300000001]},"properties":{"id":13438580881,"name":"مخبز النصر","type":"bakery","category":"shopping","subcategory":"food_shop","osmType":"node","shop":"bakery","name:latin":"mkhbz al-nsr"}},{"type":"Feature","id":13438580882,"geometry":{"type":"Point","coordinates":[44.2003866,15.384862700000001]},"properties":{"id":13438580882,"name":"بقالة محمد","type":"convenience","category":"shopping","subcategory":"supermarket","osmType":"node","shop":"convenience","name:latin":"bqala mhmd"}},{"type":"Feature","id":13438580883,"geometry":{"type":"Point","coordinates":[44.200176000000006,15.384873100000002]},"properties":{"id":13438580883,"name":"سوبر ماركت نشوان اليمني","type":"convenience","category":"shopping","subcategory":"supermarket","osmType":"node","shop":"convenience","name:latin":"swbr markt nshwan al-ymny"}},{"type":"Feature","id":13438580884,"geometry":{"type":"Point","coordinates":[44.200201500000006,15.3850735]},"properties":{"id":13438580884,"name":"تموينات الكامل","type":"convenience","category":"shopping","subcategory":"supermarket","osmType":"node","shop":"convenience","name:latin":"tmwynat al-kaml"}},{"type":"Feature","id":13438580885,"geometry":{"type":"Point","coordinates":[44.2028394,15.385315300000002]},"properties":{"id":13438580885,"name":"سوق الفراشة","type":"mall","category":"shopping","subcategory":"mall","osmType":"node","shop":"mall","name:latin":"swq al-frasha"}},{"type":"Feature","id":13438580890,"geometry":{"type":"Point","coordinates":[44.2051461,15.383793400000002]},"properties":{"id":13438580890,"name":"بقالة الخير","type":"convenience","category":"shopping","subcategory":"supermarket","osmType":"node","shop":"convenience","name:latin":"bqala al-khyr"}},{"type":"Feature","id":13438580892,"geometry":{"type":"Point","coordinates":[44.2056102,15.383303300000001]},"properties":{"id":13438580892,"name":"بقالة وائل الجعدي","type":"convenience","category":"shopping","subcategory":"supermarket","osmType":"node","shop":"convenience","name:latin":"bqala wa'l al-j'dy"}},{"type":"Feature","id":13438580893,"geometry":{"type":"Point","coordinates":[44.2057604,15.3831275]},"properties":{"id":13438580893,"name":"بقالة الراية","type":"convenience","category":"shopping","subcategory":"supermarket","osmType":"node","shop":"convenience","name:latin":"bqala al-raya"}},{"type":"Feature","id":13438580898,"geometry":{"type":"Point","coordinates":[44.2091373,15.386779]},"properties":{"id":13438580898,"name":"بقالة الوادعي","type":"convenience","category":"shopping","subcategory":"supermarket","osmType":"node","shop":"convenience","name:latin":"bqala al-wad'y"}},{"type":"Feature","id":13438632201,"geometry":{"type":"Point","coordinates":[44.208971000000005,15.386488100000001]},"properties":{"id":13438632201,"name":"بقالة الصعدي","type":"convenience","category":"shopping","subcategory":"supermarket","osmType":"node","shop":"convenience","name:latin":"bqala al-s'dy"}},{"type":"Feature","id":13438632209,"geometry":{"type":"Point","coordinates":[44.2086826,15.3862476]},"properties":{"id":13438632209,"name":"بقالة النقيب","type":"convenience","category":"shopping","subcategory":"supermarket","osmType":"node","shop":"convenience","name:latin":"bqala al-nqyb"}},{"type":"Feature","id":13451941208,"geometry":{"type":"Point","coordinates":[44.1872972,15.335162300000002]},"properties":{"id":13451941208,"name":"تموينات ازال","type":"convenience","category":"shopping","subcategory":"supermarket","osmType":"node","shop":"convenience","name:latin":"tmwynat azal"}},{"type":"Feature","id":13451946160,"geometry":{"type":"Point","coordinates":[44.1871664,15.3351859]},"properties":{"id":13451946160,"name":"تموينات البريهي","type":"convenience","category":"shopping","subcategory":"supermarket","osmType":"node","shop":"convenience","name:latin":"tmwynat al-bryhy"}},{"type":"Feature","id":13452078573,"geometry":{"type":"Point","coordinates":[44.2422545,15.276432000000002]},"properties":{"id":13452078573,"name":"تموينات ساري","type":"convenience","category":"shopping","subcategory":"supermarket","osmType":"node","shop":"convenience","name:latin":"tmwynat sary"}},{"type":"Feature","id":13452078574,"geometry":{"type":"Point","coordinates":[44.2420775,15.277135800000002]},"properties":{"id":13452078574,"name":"القلعة ميني ماركت","type":"convenience","category":"shopping","subcategory":"supermarket","osmType":"node","shop":"convenience","name:latin":"al-ql'a myny markt"}},{"type":"Feature","id":13452078577,"geometry":{"type":"Point","coordinates":[44.2416738,15.276909400000001]},"properties":{"id":13452078577,"name":"بقالة يافا","type":"convenience","category":"shopping","subcategory":"supermarket","osmType":"node","shop":"convenience","name:latin":"bqala yafa"}},{"type":"Feature","id":13452078578,"geometry":{"type":"Point","coordinates":[44.241558500000004,15.278490300000001]},"properties":{"id":13452078578,"name":"بقالة ابن الصرماح","type":"convenience","category":"shopping","subcategory":"supermarket","osmType":"node","shop":"convenience","name:latin":"bqala abn al-srmah"}},{"type":"Feature","id":13452078580,"geometry":{"type":"Point","coordinates":[44.2426206,15.2807349]},"properties":{"id":13452078580,"name":"بقالة النجم","type":"convenience","category":"shopping","subcategory":"supermarket","osmType":"node","shop":"convenience","name:latin":"bqala al-njm"}},{"type":"Feature","id":13452078581,"geometry":{"type":"Point","coordinates":[44.2360666,15.282340300000001]},"properties":{"id":13452078581,"name":"بقالة الركن الذهبي","type":"convenience","category":"shopping","subcategory":"supermarket","osmType":"node","shop":"convenience","name:latin":"bqala al-rkn al-dhhby"}},{"type":"Feature","id":13452078583,"geometry":{"type":"Point","coordinates":[44.241193700000004,15.282687000000001]},"properties":{"id":13452078583,"name":"بقالة مكة","type":"convenience","category":"shopping","subcategory":"supermarket","osmType":"node","shop":"convenience","name:latin":"bqala mka"}},{"type":"Feature","id":13452078588,"geometry":{"type":"Point","coordinates":[44.250055700000004,15.283362300000002]},"properties":{"id":13452078588,"name":"بقالة سماء","type":"convenience","category":"shopping","subcategory":"supermarket","osmType":"node","shop":"convenience","name:latin":"bqala sma'"}},{"type":"Feature","id":13452078589,"geometry":{"type":"Point","coordinates":[44.249462900000005,15.284396000000001]},"properties":{"id":13452078589,"name":"تموينات الحطامي","type":"convenience","category":"shopping","subcategory":"supermarket","osmType":"node","shop":"convenience","name:latin":"tmwynat al-htamy"}},{"type":"Feature","id":13452078590,"geometry":{"type":"Point","coordinates":[44.25003830000001,15.284784100000001]},"properties":{"id":13452078590,"name":"تموينات السامدي للمواد الغذائية","type":"convenience","category":"shopping","subcategory":"supermarket","osmType":"node","shop":"convenience","name:latin":"tmwynat al-samdy llmwad al-ghdha'ya"}},{"type":"Feature","id":13452078591,"geometry":{"type":"Point","coordinates":[44.2500785,15.285374000000001]},"properties":{"id":13452078591,"name":"تموينات أكرم","type":"convenience","category":"shopping","subcategory":"supermarket","osmType":"node","shop":"convenience","name:latin":"tmwynat akrm"}},{"type":"Feature","id":13452078594,"geometry":{"type":"Point","coordinates":[44.2497271,15.2869924]},"properties":{"id":13452078594,"name":"بقالة الأخوين","type":"convenience","category":"shopping","subcategory":"supermarket","osmType":"node","shop":"convenience","name:latin":"bqala al-akhwyn"}},{"type":"Feature","id":13452078596,"geometry":{"type":"Point","coordinates":[44.248132600000005,15.289399800000002]},"properties":{"id":13452078596,"name":"ميني ماركت الصداقة","type":"convenience","category":"shopping","subcategory":"supermarket","osmType":"node","shop":"convenience","name:latin":"myny markt al-sdaqa"}},{"type":"Feature","id":13452127001,"geometry":{"type":"Point","coordinates":[44.24347220000001,15.289657300000002]},"properties":{"id":13452127001,"name":"بقالة النشامي","type":"convenience","category":"shopping","subcategory":"supermarket","osmType":"node","shop":"convenience","name:latin":"bqala al-nshamy"}},{"type":"Feature","id":13452127008,"geometry":{"type":"Point","coordinates":[44.24559120000001,15.289439900000001]},"properties":{"id":13452127008,"name":"تموينات الشهاب","type":"convenience","category":"shopping","subcategory":"supermarket","osmType":"node","shop":"convenience","name:latin":"tmwynat al-shhab"}},{"type":"Feature","id":13452127013,"geometry":{"type":"Point","coordinates":[44.247097200000006,15.287462000000001]},"properties":{"id":13452127013,"name":"سوبر ماركت أبو طه","type":"convenience","category":"shopping","subcategory":"supermarket","osmType":"node","shop":"convenience","name:latin":"swbr markt abw th"}},{"type":"Feature","id":13452127014,"geometry":{"type":"Point","coordinates":[44.247671200000006,15.287581000000001]},"properties":{"id":13452127014,"name":"تموينات أبو يحيى الظرافي","type":"convenience","category":"shopping","subcategory":"supermarket","osmType":"node","shop":"convenience","name:latin":"tmwynat abw yhya al-zrafy"}},{"type":"Feature","id":13452127015,"geometry":{"type":"Point","coordinates":[44.2465447,15.285205800000002]},"properties":{"id":13452127015,"name":"بقالة سيف","type":"convenience","category":"shopping","subcategory":"supermarket","osmType":"node","shop":"convenience","name:latin":"bqala syf"}},{"type":"Feature","id":13452127023,"geometry":{"type":"Point","coordinates":[44.23983380000001,15.282935400000001]},"properties":{"id":13452127023,"name":"بقالة عبود","type":"convenience","category":"shopping","subcategory":"supermarket","osmType":"node","shop":"convenience","name:latin":"bqala 'bwd"}},{"type":"Feature","id":13452127026,"geometry":{"type":"Point","coordinates":[44.24368080000001,15.2813849]},"properties":{"id":13452127026,"name":"تموينات الردماني للمواد الغذائية","type":"convenience","category":"shopping","subcategory":"supermarket","osmType":"node","shop":"convenience","name:latin":"tmwynat al-rdmany llmwad al-ghdha'ya"}},{"type":"Feature","id":13452127028,"geometry":{"type":"Point","coordinates":[44.2438457,15.2810564]},"properties":{"id":13452127028,"name":"تموينات الشهاري","type":"convenience","category":"shopping","subcategory":"supermarket","osmType":"node","shop":"convenience","name:latin":"tmwynat al-shhary"}},{"type":"Feature","id":13452127029,"geometry":{"type":"Point","coordinates":[44.245443,15.2807957]},"properties":{"id":13452127029,"name":"مخبز النمري","type":"bakery","category":"shopping","subcategory":"food_shop","osmType":"node","shop":"bakery","name:latin":"mkhbz al-nmry"}},{"type":"Feature","id":13452127039,"geometry":{"type":"Point","coordinates":[44.235660300000006,15.277871900000001]},"properties":{"id":13452127039,"name":"مبني ماركت عزوز","type":"convenience","category":"shopping","subcategory":"supermarket","osmType":"node","shop":"convenience","name:latin":"mbny markt 'zwz"}},{"type":"Feature","id":13452127045,"geometry":{"type":"Point","coordinates":[44.237426500000005,15.279834500000002]},"properties":{"id":13452127045,"name":"بقالة جوهرة دبي","type":"convenience","category":"shopping","subcategory":"supermarket","osmType":"node","shop":"convenience","name:latin":"bqala jwhra dby"}},{"type":"Feature","id":13452127050,"geometry":{"type":"Point","coordinates":[44.23742120000001,15.279520100000001]},"properties":{"id":13452127050,"name":"تموينات الأمير","type":"convenience","category":"shopping","subcategory":"supermarket","osmType":"node","shop":"convenience","name:latin":"tmwynat al-amyr"}},{"type":"Feature","id":13452127052,"geometry":{"type":"Point","coordinates":[44.236337500000005,15.2787225]},"properties":{"id":13452127052,"name":"بقالة السلطان","type":"convenience","category":"shopping","subcategory":"supermarket","osmType":"node","shop":"convenience","name:latin":"bqala al-sltan"}},{"type":"Feature","id":13452127055,"geometry":{"type":"Point","coordinates":[44.2369089,15.281914700000002]},"properties":{"id":13452127055,"name":"بقالة الشامي","type":"convenience","category":"shopping","subcategory":"supermarket","osmType":"node","shop":"convenience","name:latin":"bqala al-shamy"}},{"type":"Feature","id":13452127056,"geometry":{"type":"Point","coordinates":[44.236806900000005,15.281753000000002]},"properties":{"id":13452127056,"name":"بقالة الرفاعي","type":"convenience","category":"shopping","subcategory":"supermarket","osmType":"node","shop":"convenience","name:latin":"bqala al-rfa'y"}},{"type":"Feature","id":13452127064,"geometry":{"type":"Point","coordinates":[44.237576700000005,15.284489100000002]},"properties":{"id":13452127064,"name":"بقالة الرداعي","type":"convenience","category":"shopping","subcategory":"supermarket","osmType":"node","shop":"convenience","name:latin":"bqala al-rda'y"}},{"type":"Feature","id":13452127065,"geometry":{"type":"Point","coordinates":[44.2381078,15.282776300000002]},"properties":{"id":13452127065,"name":"بقالة سالم الغباري","type":"convenience","category":"shopping","subcategory":"supermarket","osmType":"node","shop":"convenience","name:latin":"bqala salm al-ghbary"}},{"type":"Feature","id":13452127068,"geometry":{"type":"Point","coordinates":[44.2387797,15.282172200000002]},"properties":{"id":13452127068,"name":"بقالة خالد","type":"convenience","category":"shopping","subcategory":"supermarket","osmType":"node","shop":"convenience","name:latin":"bqala khald"}},{"type":"Feature","id":13452127070,"geometry":{"type":"Point","coordinates":[44.2407283,15.281846100000001]},"properties":{"id":13452127070,"name":"بقالة الحزمي","type":"convenience","category":"shopping","subcategory":"supermarket","osmType":"node","shop":"convenience","name:latin":"bqala al-hzmy"}},{"type":"Feature","id":13452127073,"geometry":{"type":"Point","coordinates":[44.2407806,15.2809871]},"properties":{"id":13452127073,"name":"مخبز الوصابي","type":"bakery","category":"shopping","subcategory":"food_shop","osmType":"node","shop":"bakery","name:latin":"mkhbz al-wsaby"}},{"type":"Feature","id":13452127074,"geometry":{"type":"Point","coordinates":[44.239088100000004,15.280408900000001]},"properties":{"id":13452127074,"name":"ميرو ماركت","type":"convenience","category":"shopping","subcategory":"supermarket","osmType":"node","shop":"convenience","name:latin":"myrw markt"}},{"type":"Feature","id":13452127076,"geometry":{"type":"Point","coordinates":[44.2380153,15.2803713]},"properties":{"id":13452127076,"name":"بقالة قيس","type":"convenience","category":"shopping","subcategory":"supermarket","osmType":"node","shop":"convenience","name:latin":"bqala qys"}},{"type":"Feature","id":13452127080,"geometry":{"type":"Point","coordinates":[44.236663400000005,15.276641600000001]},"properties":{"id":13452127080,"name":"تموينات أبو تميم","type":"convenience","category":"shopping","subcategory":"supermarket","osmType":"node","shop":"convenience","name:latin":"tmwynat abw tmym"}},{"type":"Feature","id":13452127083,"geometry":{"type":"Point","coordinates":[44.2397118,15.276210800000001]},"properties":{"id":13452127083,"name":"سوبر ماركت النيل","type":"convenience","category":"shopping","subcategory":"supermarket","osmType":"node","shop":"convenience","name:latin":"swbr markt al-nyl"}},{"type":"Feature","id":13452127086,"geometry":{"type":"Point","coordinates":[44.2391847,15.277692100000001]},"properties":{"id":13452127086,"name":"مخبز السلام 7","type":"bakery","category":"shopping","subcategory":"food_shop","osmType":"node","shop":"bakery","name:latin":"mkhbz al-slam 7"}},{"type":"Feature","id":13452127108,"geometry":{"type":"Point","coordinates":[44.2447731,15.278037500000002]},"properties":{"id":13452127108,"name":"بقالة اللواء الأخضر","type":"convenience","category":"shopping","subcategory":"supermarket","osmType":"node","shop":"convenience","name:latin":"bqala al-lwa' al-akhdr"}},{"type":"Feature","id":13452127128,"geometry":{"type":"Point","coordinates":[44.2451888,15.2857511]},"properties":{"id":13452127128,"name":"مخبز النشي","type":"bakery","category":"shopping","subcategory":"food_shop","osmType":"node","shop":"bakery","name:latin":"mkhbz al-nshy"}},{"type":"Feature","id":13452127129,"geometry":{"type":"Point","coordinates":[44.245608600000004,15.285941900000001]},"properties":{"id":13452127129,"name":"بقالة الخير","type":"convenience","category":"shopping","subcategory":"supermarket","osmType":"node","shop":"convenience","name:latin":"bqala al-khyr"}},{"type":"Feature","id":13452127133,"geometry":{"type":"Point","coordinates":[44.242996100000006,15.287499500000001]},"properties":{"id":13452127133,"name":"تموينات النبلاء للمواد الغذائية والبهارات","type":"convenience","category":"shopping","subcategory":"supermarket","osmType":"node","shop":"convenience","name:latin":"tmwynat al-nbla' llmwad al-ghdha'ya walbharat"}},{"type":"Feature","id":13452127149,"geometry":{"type":"Point","coordinates":[44.238427,15.286802200000002]},"properties":{"id":13452127149,"name":"سوبر ماركت جرين سيتي","type":"supermarket","category":"shopping","subcategory":"supermarket","osmType":"node","shop":"supermarket","name:latin":"swbr markt jryn syty"}},{"type":"Feature","id":13452127151,"geometry":{"type":"Point","coordinates":[44.2386375,15.286963900000002]},"properties":{"id":13452127151,"name":"مخبز التعاون","type":"bakery","category":"shopping","subcategory":"food_shop","osmType":"node","shop":"bakery","name:latin":"mkhbz al-t'awn"}},{"type":"Feature","id":13452127154,"geometry":{"type":"Point","coordinates":[44.2377705,15.286344900000001]},"properties":{"id":13452127154,"name":"سيتي هارت سوبر ماركت","type":"supermarket","category":"shopping","subcategory":"supermarket","osmType":"node","shop":"supermarket","name:latin":"syty hart swbr markt"}},{"type":"Feature","id":13452127158,"geometry":{"type":"Point","coordinates":[44.237374200000005,15.2814153]},"properties":{"id":13452127158,"name":"مخبز يا سلام","type":"bakery","category":"shopping","subcategory":"food_shop","osmType":"node","shop":"bakery","name:latin":"mkhbz ya slam"}},{"type":"Feature","id":13452127163,"geometry":{"type":"Point","coordinates":[44.23646230000001,15.286918600000002]},"properties":{"id":13452127163,"name":"بقالة الغيثي","type":"convenience","category":"shopping","subcategory":"supermarket","osmType":"node","shop":"convenience","name:latin":"bqala al-ghythy"}},{"type":"Feature","id":13452127164,"geometry":{"type":"Point","coordinates":[44.239322800000004,15.2877556]},"properties":{"id":13452127164,"name":"تموينات الخير","type":"convenience","category":"shopping","subcategory":"supermarket","osmType":"node","shop":"convenience","name:latin":"tmwynat al-khyr"}},{"type":"Feature","id":13452127165,"geometry":{"type":"Point","coordinates":[44.24473690000001,15.282820300000001]},"properties":{"id":13452127165,"name":"بقالة الجاملي","type":"convenience","category":"shopping","subcategory":"supermarket","osmType":"node","shop":"convenience","name:latin":"bqala al-jamly"}},{"type":"Feature","id":13452127166,"geometry":{"type":"Point","coordinates":[44.244747600000004,15.2830881]},"properties":{"id":13452127166,"name":"بقالة أبو ياسر","type":"convenience","category":"shopping","subcategory":"supermarket","osmType":"node","shop":"convenience","name:latin":"bqala abw yasr"}},{"type":"Feature","id":13452127169,"geometry":{"type":"Point","coordinates":[44.24171810000001,15.286418000000001]},"properties":{"id":13452127169,"name":"بقالة الضياء","type":"convenience","category":"shopping","subcategory":"supermarket","osmType":"node","shop":"convenience","name:latin":"bqala al-dya'"}},{"type":"Feature","id":13452127181,"geometry":{"type":"Point","coordinates":[44.2424946,15.279947000000002]},"properties":{"id":13452127181,"name":"تموينات وبهارات دم الأخوين","type":"convenience","category":"shopping","subcategory":"supermarket","osmType":"node","shop":"convenience","name:latin":"tmwynat wbharat dm al-akhwyn"}},{"type":"Feature","id":13452172359,"geometry":{"type":"Point","coordinates":[44.193603200000005,15.296862700000002]},"properties":{"id":13452172359,"name":"بقالة الهيثم","type":"convenience","category":"shopping","subcategory":"supermarket","osmType":"node","shop":"convenience","name:latin":"bqala al-hythm"}},{"type":"Feature","id":13452172361,"geometry":{"type":"Point","coordinates":[44.196777600000004,15.297389200000001]},"properties":{"id":13452172361,"name":"ميني ماركت أكتوبر","type":"convenience","category":"shopping","subcategory":"supermarket","osmType":"node","shop":"convenience","name:latin":"myny markt aktwbr"}},{"type":"Feature","id":13452172362,"geometry":{"type":"Point","coordinates":[44.1977017,15.297402100000001]},"properties":{"id":13452172362,"name":"بقالة الجنيد","type":"convenience","category":"shopping","subcategory":"supermarket","osmType":"node","shop":"convenience","name:latin":"bqala al-jnyd"}},{"type":"Feature","id":13452172364,"geometry":{"type":"Point","coordinates":[44.1943046,15.300226000000002]},"properties":{"id":13452172364,"name":"مخبز فتافيت","type":"bakery","category":"shopping","subcategory":"food_shop","osmType":"node","shop":"bakery","name:latin":"mkhbz ftafyt"}},{"type":"Feature","id":13452172368,"geometry":{"type":"Point","coordinates":[44.193836600000004,15.298672400000001]},"properties":{"id":13452172368,"name":"سوبر ماركت زاد هايبر","type":"supermarket","category":"shopping","subcategory":"supermarket","osmType":"node","shop":"supermarket","name:latin":"swbr markt zad haybr"}},{"type":"Feature","id":13452172370,"geometry":{"type":"Point","coordinates":[44.193817800000005,15.297922100000001]},"properties":{"id":13452172370,"name":"بقالة الويسي","type":"convenience","category":"shopping","subcategory":"supermarket","osmType":"node","shop":"convenience","name:latin":"bqala al-wysy"}},{"type":"Feature","id":13452172374,"geometry":{"type":"Point","coordinates":[44.19346650000001,15.297462900000001]},"properties":{"id":13452172374,"name":"تموينات الطوفان","type":"convenience","category":"shopping","subcategory":"supermarket","osmType":"node","shop":"convenience","name:latin":"tmwynat al-twfan"}},{"type":"Feature","id":13452172376,"geometry":{"type":"Point","coordinates":[44.1918907,15.2975457]},"properties":{"id":13452172376,"name":"بقالة ابو نابف","type":"convenience","category":"shopping","subcategory":"supermarket","osmType":"node","shop":"convenience","name:latin":"bqala abw nabf"}},{"type":"Feature","id":13452172377,"geometry":{"type":"Point","coordinates":[44.1912121,15.297544400000001]},"properties":{"id":13452172377,"name":"بقالة الحي الراقي","type":"convenience","category":"shopping","subcategory":"supermarket","osmType":"node","shop":"convenience","name:latin":"bqala al-hy al-raqy"}},{"type":"Feature","id":13452172391,"geometry":{"type":"Point","coordinates":[44.187017100000006,15.297090400000002]},"properties":{"id":13452172391,"name":"بقالة النبيل","type":"convenience","category":"shopping","subcategory":"supermarket","osmType":"node","shop":"convenience","name:latin":"bqala al-nbyl"}},{"type":"Feature","id":13452172396,"geometry":{"type":"Point","coordinates":[44.178375,15.3048259]},"properties":{"id":13452172396,"name":"سوبر ماركت تونتي فور اور","type":"convenience","category":"shopping","subcategory":"supermarket","osmType":"node","shop":"convenience","name:latin":"swbr markt twnty fwr awr"}},{"type":"Feature","id":13452172397,"geometry":{"type":"Point","coordinates":[44.1784662,15.304078200000001]},"properties":{"id":13452172397,"name":"بقالة الأساور الذهبية","type":"convenience","category":"shopping","subcategory":"supermarket","osmType":"node","shop":"convenience","name:latin":"bqala al-asawr al-dhhbya"}},{"type":"Feature","id":13452172398,"geometry":{"type":"Point","coordinates":[44.178448800000005,15.303991600000002]},"properties":{"id":13452172398,"name":"الحديدة ميني ماركت","type":"convenience","category":"shopping","subcategory":"supermarket","osmType":"node","shop":"convenience","name:latin":"al-hdyda myny markt"}},{"type":"Feature","id":13452194201,"geometry":{"type":"Point","coordinates":[44.178514500000006,15.303051100000001]},"properties":{"id":13452194201,"name":"سوبر ماركت الامتياز","type":"convenience","category":"shopping","subcategory":"supermarket","osmType":"node","shop":"convenience","name:latin":"swbr markt al-amtyaz"}},{"type":"Feature","id":13452194203,"geometry":{"type":"Point","coordinates":[44.179687900000005,15.301833900000002]},"properties":{"id":13452194203,"name":"تموينات البريد","type":"convenience","category":"shopping","subcategory":"supermarket","osmType":"node","shop":"convenience","name:latin":"tmwynat al-bryd"}},{"type":"Feature","id":13452194210,"geometry":{"type":"Point","coordinates":[44.1876192,15.300646400000002]},"properties":{"id":13452194210,"name":"بقالة الشهاري","type":"convenience","category":"shopping","subcategory":"supermarket","osmType":"node","shop":"convenience","name:latin":"bqala al-shhary"}},{"type":"Feature","id":13452194222,"geometry":{"type":"Point","coordinates":[44.1848432,15.307842400000002]},"properties":{"id":13452194222,"name":"بقالة عبدالله","type":"convenience","category":"shopping","subcategory":"supermarket","osmType":"node","shop":"convenience","name:latin":"bqala 'bdallh"}},{"type":"Feature","id":13452194227,"geometry":{"type":"Point","coordinates":[44.180059400000005,15.309834400000002]},"properties":{"id":13452194227,"name":"بقالة المكلا","type":"convenience","category":"shopping","subcategory":"supermarket","osmType":"node","shop":"convenience","name:latin":"bqala al-mkla"}},{"type":"Feature","id":13452194228,"geometry":{"type":"Point","coordinates":[44.1793714,15.308392200000002]},"properties":{"id":13452194228,"name":"بقالة حدة الحديثة","type":"convenience","category":"shopping","subcategory":"supermarket","osmType":"node","shop":"convenience","name:latin":"bqala hda al-hdytha"}},{"type":"Feature","id":13452194232,"geometry":{"type":"Point","coordinates":[44.17854260000001,15.3058814]},"properties":{"id":13452194232,"name":"بقالة الحمادي","type":"convenience","category":"shopping","subcategory":"supermarket","osmType":"node","shop":"convenience","name:latin":"bqala al-hmady"}},{"type":"Feature","id":13452194233,"geometry":{"type":"Point","coordinates":[44.17848970000001,15.3056557]},"properties":{"id":13452194233,"name":"بقالة البدائل","type":"convenience","category":"shopping","subcategory":"supermarket","osmType":"node","shop":"convenience","name:latin":"bqala al-bda'l"}},{"type":"Feature","id":13452194234,"geometry":{"type":"Point","coordinates":[44.1782449,15.3060328]},"properties":{"id":13452194234,"name":"جرين مول","type":"mall","category":"shopping","subcategory":"mall","osmType":"node","shop":"mall","name:latin":"jryn mwl"}},{"type":"Feature","id":13452194240,"geometry":{"type":"Point","coordinates":[44.1819531,15.3088048]},"properties":{"id":13452194240,"name":"بقالة الطلائع","type":"convenience","category":"shopping","subcategory":"supermarket","osmType":"node","shop":"convenience","name:latin":"bqala al-tla''"}},{"type":"Feature","id":13455410845,"geometry":{"type":"Point","coordinates":[44.197213500000004,15.332878400000002]},"properties":{"id":13455410845,"name":"تموينات الفتح للمواد الغذائية","type":"convenience","category":"shopping","subcategory":"supermarket","osmType":"node","shop":"convenience","name:latin":"tmwynat al-fth llmwad al-ghdha'ya"}},{"type":"Feature","id":13455410850,"geometry":{"type":"Point","coordinates":[44.19434090000001,15.3303071]},"properties":{"id":13455410850,"name":"ميني ماركت البركات","type":"convenience","category":"shopping","subcategory":"supermarket","osmType":"node","shop":"convenience","name:latin":"myny markt al-brkat"}},{"type":"Feature","id":13455410854,"geometry":{"type":"Point","coordinates":[44.1947673,15.328792600000002]},"properties":{"id":13455410854,"name":"مخبز أم أوس","type":"bakery","category":"shopping","subcategory":"food_shop","osmType":"node","shop":"bakery","name:latin":"mkhbz am aws"}},{"type":"Feature","id":13455410855,"geometry":{"type":"Point","coordinates":[44.194365000000005,15.3276324]},"properties":{"id":13455410855,"name":"بقالة القادري","type":"convenience","category":"shopping","subcategory":"supermarket","osmType":"node","shop":"convenience","name:latin":"bqala al-qadry"}},{"type":"Feature","id":13455410856,"geometry":{"type":"Point","coordinates":[44.194965800000006,15.3278238]},"properties":{"id":13455410856,"name":"بقالة سماء حدة","type":"convenience","category":"shopping","subcategory":"supermarket","osmType":"node","shop":"convenience","name:latin":"bqala sma' hda"}},{"type":"Feature","id":13455410862,"geometry":{"type":"Point","coordinates":[44.196485300000006,15.320272800000001]},"properties":{"id":13455410862,"name":"بقالة المراني","type":"convenience","category":"shopping","subcategory":"supermarket","osmType":"node","shop":"convenience","name:latin":"bqala al-mrany"}},{"type":"Feature","id":13455410865,"geometry":{"type":"Point","coordinates":[44.2004603,15.319102200000001]},"properties":{"id":13455410865,"name":"مخبز مذاق","type":"bakery","category":"shopping","subcategory":"food_shop","osmType":"node","shop":"bakery","name:latin":"mkhbz mdhaq"}},{"type":"Feature","id":13455410871,"geometry":{"type":"Point","coordinates":[44.1979605,15.343390600000001]},"properties":{"id":13455410871,"name":"سيمو مول","type":"mall","category":"shopping","subcategory":"mall","osmType":"node","shop":"mall","name:latin":"symw mwl"}},{"type":"Feature","id":13455410878,"geometry":{"type":"Point","coordinates":[44.1975823,15.346116900000002]},"properties":{"id":13455410878,"name":"مخبز خير وبركة","type":"bakery","category":"shopping","subcategory":"food_shop","osmType":"node","shop":"bakery","name:latin":"mkhbz khyr wbrka"}},{"type":"Feature","id":13455410882,"geometry":{"type":"Point","coordinates":[44.1972966,15.345084800000002]},"properties":{"id":13455410882,"name":"إيتوال","type":"bakery","category":"shopping","subcategory":"food_shop","osmType":"node","shop":"bakery","name:latin":"iytwal"}},{"type":"Feature","id":13455410883,"geometry":{"type":"Point","coordinates":[44.228088400000004,15.385065700000002]},"properties":{"id":13455410883,"name":"بقالة عبدالمجيد","type":"convenience","category":"shopping","subcategory":"supermarket","osmType":"node","shop":"convenience","name:latin":"bqala 'bdalmjyd"}},{"type":"Feature","id":13455410884,"geometry":{"type":"Point","coordinates":[44.2287979,15.385651500000002]},"properties":{"id":13455410884,"name":"مخبز النبراس","type":"bakery","category":"shopping","subcategory":"food_shop","osmType":"node","shop":"bakery","name:latin":"mkhbz al-nbras"}},{"type":"Feature","id":13455410885,"geometry":{"type":"Point","coordinates":[44.228968200000004,15.3856075]},"properties":{"id":13455410885,"name":"مخبز الحي الراقي","type":"bakery","category":"shopping","subcategory":"food_shop","osmType":"node","shop":"bakery","name:latin":"mkhbz al-hy al-raqy"}},{"type":"Feature","id":13455410886,"geometry":{"type":"Point","coordinates":[44.229052700000004,15.385752400000001]},"properties":{"id":13455410886,"name":"تموينات الأرض الطيبة","type":"convenience","category":"shopping","subcategory":"supermarket","osmType":"node","shop":"convenience","name:latin":"tmwynat al-ard al-tyba"}},{"type":"Feature","id":13455410887,"geometry":{"type":"Point","coordinates":[44.231523,15.3818835]},"properties":{"id":13455410887,"name":"بقالة هائل","type":"convenience","category":"shopping","subcategory":"supermarket","osmType":"node","shop":"convenience","name:latin":"bqala ha'l"}},{"type":"Feature","id":13455410897,"geometry":{"type":"Point","coordinates":[44.2340067,15.379297400000002]},"properties":{"id":13455410897,"name":"مخبز الناصر","type":"bakery","category":"shopping","subcategory":"food_shop","osmType":"node","shop":"bakery","name:latin":"mkhbz al-nasr"}},{"type":"Feature","id":13455426402,"geometry":{"type":"Point","coordinates":[44.235325,15.380295600000002]},"properties":{"id":13455426402,"name":"بقالة الخير","type":"convenience","category":"shopping","subcategory":"supermarket","osmType":"node","shop":"convenience","name:latin":"bqala al-khyr"}},{"type":"Feature","id":13455426406,"geometry":{"type":"Point","coordinates":[44.2389956,15.378436200000001]},"properties":{"id":13455426406,"name":"بقالة مختار الحسني","type":"convenience","category":"shopping","subcategory":"supermarket","osmType":"node","shop":"convenience","name:latin":"bqala mkhtar al-hsny"}},{"type":"Feature","id":13455426411,"geometry":{"type":"Point","coordinates":[44.2378865,15.379075000000002]},"properties":{"id":13455426411,"name":"مخبز أبو محمد","type":"bakery","category":"shopping","subcategory":"food_shop","osmType":"node","shop":"bakery","name:latin":"mkhbz abw mhmd"}},{"type":"Feature","id":13455426412,"geometry":{"type":"Point","coordinates":[44.237981700000006,15.379209500000002]},"properties":{"id":13455426412,"name":"بقال الهلال","type":"convenience","category":"shopping","subcategory":"supermarket","osmType":"node","shop":"convenience","name:latin":"bqal al-hlal"}},{"type":"Feature","id":13455426414,"geometry":{"type":"Point","coordinates":[44.240009500000006,15.3774431]},"properties":{"id":13455426414,"name":"بقالة رمزي","type":"convenience","category":"shopping","subcategory":"supermarket","osmType":"node","shop":"convenience","name:latin":"bqala rmzy"}},{"type":"Feature","id":13455426416,"geometry":{"type":"Point","coordinates":[44.2415638,15.379893500000001]},"properties":{"id":13455426416,"name":"تموينات الأقصى","type":"convenience","category":"shopping","subcategory":"supermarket","osmType":"node","shop":"convenience","name:latin":"tmwynat al-aqsa"}},{"type":"Feature","id":13455426419,"geometry":{"type":"Point","coordinates":[44.242184800000004,15.380399100000002]},"properties":{"id":13455426419,"name":"بقالة الرياشي","type":"convenience","category":"shopping","subcategory":"supermarket","osmType":"node","shop":"convenience","name:latin":"bqala al-ryashy"}},{"type":"Feature","id":13455426424,"geometry":{"type":"Point","coordinates":[44.2429009,15.375663800000002]},"properties":{"id":13455426424,"name":"بقالة قاسم","type":"convenience","category":"shopping","subcategory":"supermarket","osmType":"node","shop":"convenience","name:latin":"bqala qasm"}},{"type":"Feature","id":13455426428,"geometry":{"type":"Point","coordinates":[44.2457172,15.370633600000001]},"properties":{"id":13455426428,"name":"ملحمة حزام الذماري","type":"butcher","category":"shopping","subcategory":"food_shop","osmType":"node","shop":"butcher","name:latin":"mlhma hzam al-dhmary"}},{"type":"Feature","id":13455426451,"geometry":{"type":"Point","coordinates":[44.255566300000005,15.385592]},"properties":{"id":13455426451,"name":"الفصول الأربعة للبهارات والمواد الغذائية","type":"convenience","category":"shopping","subcategory":"supermarket","osmType":"node","shop":"convenience","name:latin":"al-fswl al-arb'a llbharat walmwad al-ghdha'ya"}},{"type":"Feature","id":13455426452,"geometry":{"type":"Point","coordinates":[44.255318200000005,15.385588100000001]},"properties":{"id":13455426452,"name":"بقالة زياد الجيلاني","type":"convenience","category":"shopping","subcategory":"supermarket","osmType":"node","shop":"convenience","name:latin":"bqala zyad al-jylany"}},{"type":"Feature","id":13455426453,"geometry":{"type":"Point","coordinates":[44.2550875,15.3854769]},"properties":{"id":13455426453,"name":"مخبز الأمانة","type":"bakery","category":"shopping","subcategory":"food_shop","osmType":"node","shop":"bakery","name:latin":"mkhbz al-amana"}},{"type":"Feature","id":13455426477,"geometry":{"type":"Point","coordinates":[44.2553812,15.384359700000001]},"properties":{"id":13455426477,"name":"تموينات أبو عواد الصعفاني","type":"convenience","category":"shopping","subcategory":"supermarket","osmType":"node","shop":"convenience","name:latin":"tmwynat abw 'wad al-s'fany"}},{"type":"Feature","id":13455426478,"geometry":{"type":"Point","coordinates":[44.255448300000005,15.3841671]},"properties":{"id":13455426478,"name":"بقالة سامح","type":"convenience","category":"shopping","subcategory":"supermarket","osmType":"node","shop":"convenience","name:latin":"bqala samh"}},{"type":"Feature","id":13455426479,"geometry":{"type":"Point","coordinates":[44.2552498,15.384260200000002]},"properties":{"id":13455426479,"name":"بقالة فاروق","type":"convenience","category":"shopping","subcategory":"supermarket","osmType":"node","shop":"convenience","name:latin":"bqala farwq"}},{"type":"Feature","id":13455426482,"geometry":{"type":"Point","coordinates":[44.252481800000005,15.385465300000002]},"properties":{"id":13455426482,"name":"تموينات الحي الراقي","type":"convenience","category":"shopping","subcategory":"supermarket","osmType":"node","shop":"convenience","name:latin":"tmwynat al-hy al-raqy"}},{"type":"Feature","id":13455426487,"geometry":{"type":"Point","coordinates":[44.2491263,15.384318400000002]},"properties":{"id":13455426487,"name":"بقالة الهمداني","type":"convenience","category":"shopping","subcategory":"supermarket","osmType":"node","shop":"convenience","name:latin":"bqala al-hmdany"}},{"type":"Feature","id":13455426488,"geometry":{"type":"Point","coordinates":[44.2475706,15.3861868]},"properties":{"id":13455426488,"name":"تموينات ركن الأخوين","type":"convenience","category":"shopping","subcategory":"supermarket","osmType":"node","shop":"convenience","name:latin":"tmwynat rkn al-akhwyn"}},{"type":"Feature","id":13455426490,"geometry":{"type":"Point","coordinates":[44.246698900000005,15.387133300000002]},"properties":{"id":13455426490,"name":"بقالة إبراهيم","type":"convenience","category":"shopping","subcategory":"supermarket","osmType":"node","shop":"convenience","name:latin":"bqala ibrahym"}},{"type":"Feature","id":13455426491,"geometry":{"type":"Point","coordinates":[44.244958200000006,15.386773900000001]},"properties":{"id":13455426491,"name":"تموينات محمد الشرعبي","type":"convenience","category":"shopping","subcategory":"supermarket","osmType":"node","shop":"convenience","name:latin":"tmwynat mhmd al-shr'by"}},{"type":"Feature","id":13455426494,"geometry":{"type":"Point","coordinates":[44.246275100000005,15.387839300000001]},"properties":{"id":13455426494,"name":"تموينات السعيد","type":"convenience","category":"shopping","subcategory":"supermarket","osmType":"node","shop":"convenience","name:latin":"tmwynat al-s'yd"}},{"type":"Feature","id":13455426497,"geometry":{"type":"Point","coordinates":[44.245380600000004,15.385996700000002]},"properties":{"id":13455426497,"name":"تموينات الزريقي","type":"convenience","category":"shopping","subcategory":"supermarket","osmType":"node","shop":"convenience","name:latin":"tmwynat al-zryqy"}},{"type":"Feature","id":13455426498,"geometry":{"type":"Point","coordinates":[44.2440811,15.386535900000002]},"properties":{"id":13455426498,"name":"تموينات الدوار","type":"convenience","category":"shopping","subcategory":"supermarket","osmType":"node","shop":"convenience","name:latin":"tmwynat al-dwar"}},{"type":"Feature","id":13455426500,"geometry":{"type":"Point","coordinates":[44.2439845,15.387836700000001]},"properties":{"id":13455426500,"name":"مخبز الدوار","type":"bakery","category":"shopping","subcategory":"food_shop","osmType":"node","shop":"bakery","name:latin":"mkhbz al-dwar"}},{"type":"Feature","id":13455426501,"geometry":{"type":"Point","coordinates":[44.240554,15.385679900000001]},"properties":{"id":13455426501,"name":"بقالة علي الأسعد","type":"convenience","category":"shopping","subcategory":"supermarket","osmType":"node","shop":"convenience","name:latin":"bqala 'ly al-as'd"}},{"type":"Feature","id":13455426503,"geometry":{"type":"Point","coordinates":[44.2393014,15.385312700000002]},"properties":{"id":13455426503,"name":"بقالة محمود الحميري","type":"convenience","category":"shopping","subcategory":"supermarket","osmType":"node","shop":"convenience","name:latin":"bqala mhmwd al-hmyry"}},{"type":"Feature","id":13455426507,"geometry":{"type":"Point","coordinates":[44.2380434,15.388028100000001]},"properties":{"id":13455426507,"name":"بقالة الصالح","type":"convenience","category":"shopping","subcategory":"supermarket","osmType":"node","shop":"convenience","name:latin":"bqala al-salh"}},{"type":"Feature","id":13455426508,"geometry":{"type":"Point","coordinates":[44.239440900000005,15.387485000000002]},"properties":{"id":13455426508,"name":"بقالة العماد","type":"convenience","category":"shopping","subcategory":"supermarket","osmType":"node","shop":"convenience","name:latin":"bqala al-'mad"}},{"type":"Feature","id":13455426509,"geometry":{"type":"Point","coordinates":[44.2400309,15.387185]},"properties":{"id":13455426509,"name":"بقالة الحمد","type":"convenience","category":"shopping","subcategory":"supermarket","osmType":"node","shop":"convenience","name:latin":"bqala al-hmd"}},{"type":"Feature","id":13455426510,"geometry":{"type":"Point","coordinates":[44.2400578,15.385837700000002]},"properties":{"id":13455426510,"name":"تموينات أبو ديان","type":"convenience","category":"shopping","subcategory":"supermarket","osmType":"node","shop":"convenience","name:latin":"tmwynat abw dyan"}},{"type":"Feature","id":13455426511,"geometry":{"type":"Point","coordinates":[44.239414000000004,15.3861687]},"properties":{"id":13455426511,"name":"تموينات فتح الرحمن","type":"convenience","category":"shopping","subcategory":"supermarket","osmType":"node","shop":"convenience","name:latin":"tmwynat fth al-rhmn"}},{"type":"Feature","id":13455426514,"geometry":{"type":"Point","coordinates":[44.237237400000005,15.386782900000002]},"properties":{"id":13455426514,"name":"مخبز الخير والبركة","type":"bakery","category":"shopping","subcategory":"food_shop","osmType":"node","shop":"bakery","name:latin":"mkhbz al-khyr walbrka"}},{"type":"Feature","id":13455426515,"geometry":{"type":"Point","coordinates":[44.2363228,15.387267800000002]},"properties":{"id":13455426515,"name":"بقالة أيمن الحطامي","type":"convenience","category":"shopping","subcategory":"supermarket","osmType":"node","shop":"convenience","name:latin":"bqala aymn al-htamy"}},{"type":"Feature","id":13455426516,"geometry":{"type":"Point","coordinates":[44.23631880000001,15.386481600000002]},"properties":{"id":13455426516,"name":"سوبر ماركت النجدي","type":"convenience","category":"shopping","subcategory":"supermarket","osmType":"node","shop":"convenience","name:latin":"swbr markt al-njdy"}},{"type":"Feature","id":13455426528,"geometry":{"type":"Point","coordinates":[44.2364395,15.383882600000002]},"properties":{"id":13455426528,"name":"تموينات البحري","type":"convenience","category":"shopping","subcategory":"supermarket","osmType":"node","shop":"convenience","name:latin":"tmwynat al-bhry"}},{"type":"Feature","id":13455426529,"geometry":{"type":"Point","coordinates":[44.237568700000004,15.384383000000001]},"properties":{"id":13455426529,"name":"تموينات البستان","type":"convenience","category":"shopping","subcategory":"supermarket","osmType":"node","shop":"convenience","name:latin":"tmwynat al-bstan"}},{"type":"Feature","id":13455426533,"geometry":{"type":"Point","coordinates":[44.24114410000001,15.384511000000002]},"properties":{"id":13455426533,"name":"بقالة النمر","type":"convenience","category":"shopping","subcategory":"supermarket","osmType":"node","shop":"convenience","name:latin":"bqala al-nmr"}},{"type":"Feature","id":13455426534,"geometry":{"type":"Point","coordinates":[44.242525400000005,15.3840365]},"properties":{"id":13455426534,"name":"تموينات المنتصر","type":"convenience","category":"shopping","subcategory":"supermarket","osmType":"node","shop":"convenience","name:latin":"tmwynat al-mntsr"}},{"type":"Feature","id":13455426536,"geometry":{"type":"Point","coordinates":[44.241613400000006,15.3760673]},"properties":{"id":13455426536,"name":"بقالة عبدالله الجعدي","type":"convenience","category":"shopping","subcategory":"supermarket","osmType":"node","shop":"convenience","name:latin":"bqala 'bdallh al-j'dy"}},{"type":"Feature","id":13455426540,"geometry":{"type":"Point","coordinates":[44.2387985,15.376615500000002]},"properties":{"id":13455426540,"name":"بقالة الأزرق","type":"convenience","category":"shopping","subcategory":"supermarket","osmType":"node","shop":"convenience","name:latin":"bqala al-azrq"}},{"type":"Feature","id":13455426542,"geometry":{"type":"Point","coordinates":[44.2380434,15.376452600000002]},"properties":{"id":13455426542,"name":"مخبز الفوارس","type":"bakery","category":"shopping","subcategory":"food_shop","osmType":"node","shop":"bakery","name:latin":"mkhbz al-fwars"}},{"type":"Feature","id":13455426546,"geometry":{"type":"Point","coordinates":[44.238770300000006,15.374725000000002]},"properties":{"id":13455426546,"name":"بقالة ركن الفوارس","type":"convenience","category":"shopping","subcategory":"supermarket","osmType":"node","shop":"convenience","name:latin":"bqala rkn al-fwars"}},{"type":"Feature","id":13455426550,"geometry":{"type":"Point","coordinates":[44.239347,15.3727233]},"properties":{"id":13455426550,"name":"تموينات بن زيد","type":"convenience","category":"shopping","subcategory":"supermarket","osmType":"node","shop":"convenience","name:latin":"tmwynat bn zyd"}},{"type":"Feature","id":13455426551,"geometry":{"type":"Point","coordinates":[44.241938000000005,15.3719306]},"properties":{"id":13455426551,"name":"بقالة علي نجاد","type":"convenience","category":"shopping","subcategory":"supermarket","osmType":"node","shop":"convenience","name:latin":"bqala 'ly njad"}},{"type":"Feature","id":13455426552,"geometry":{"type":"Point","coordinates":[44.2420278,15.3718879]},"properties":{"id":13455426552,"name":"بقالة سراج","type":"convenience","category":"shopping","subcategory":"supermarket","osmType":"node","shop":"convenience","name:latin":"bqala sraj"}},{"type":"Feature","id":13455426554,"geometry":{"type":"Point","coordinates":[44.241305000000004,15.371468900000002]},"properties":{"id":13455426554,"name":"ركن طلال الذهبي","type":"convenience","category":"shopping","subcategory":"supermarket","osmType":"node","shop":"convenience","name:latin":"rkn tlal al-dhhby"}},{"type":"Feature","id":13455426555,"geometry":{"type":"Point","coordinates":[44.24123530000001,15.369658500000002]},"properties":{"id":13455426555,"name":"تموينات الأصبحي","type":"convenience","category":"shopping","subcategory":"supermarket","osmType":"node","shop":"convenience","name:latin":"tmwynat al-asbhy"}},{"type":"Feature","id":13455426643,"geometry":{"type":"Point","coordinates":[44.2606491,15.383101600000002]},"properties":{"id":13455426643,"name":"بقالة العباسي","type":"convenience","category":"shopping","subcategory":"supermarket","osmType":"node","shop":"convenience","name:latin":"bqala al-'basy"}},{"type":"Feature","id":13455426651,"geometry":{"type":"Point","coordinates":[44.236355,15.376849600000002]},"properties":{"id":13455426651,"name":"تموينات القدس","type":"convenience","category":"shopping","subcategory":"supermarket","osmType":"node","shop":"convenience","name:latin":"tmwynat al-qds"}},{"type":"Feature","id":13455426652,"geometry":{"type":"Point","coordinates":[44.2373005,15.376980200000002]},"properties":{"id":13455426652,"name":"الركن الذهبي","type":"convenience","category":"shopping","subcategory":"supermarket","osmType":"node","shop":"convenience","name:latin":"al-rkn al-dhhby"}},{"type":"Feature","id":13455426657,"geometry":{"type":"Point","coordinates":[44.238802500000006,15.371360300000001]},"properties":{"id":13455426657,"name":"بقالة البركان","type":"convenience","category":"shopping","subcategory":"supermarket","osmType":"node","shop":"convenience","name:latin":"bqala al-brkan"}},{"type":"Feature","id":13455426659,"geometry":{"type":"Point","coordinates":[44.2387663,15.369054600000002]},"properties":{"id":13455426659,"name":"بقالة أبو صالح","type":"convenience","category":"shopping","subcategory":"supermarket","osmType":"node","shop":"convenience","name:latin":"bqala abw salh"}},{"type":"Feature","id":13463847035,"geometry":{"type":"Point","coordinates":[44.2489251,15.174365300000002]},"properties":{"id":13463847035,"name":"سوق المسعودي","type":"marketplace","category":"shopping","subcategory":"marketplace","osmType":"node","amenity":"marketplace","name:latin":"swq al-ms'wdy"}},{"type":"Feature","id":13463847036,"geometry":{"type":"Point","coordinates":[44.251419600000006,15.229996600000002]},"properties":{"id":13463847036,"name":"مركز البيرق للبهارات والمكسرات","type":"convenience","category":"shopping","subcategory":"supermarket","osmType":"node","shop":"convenience","name:latin":"mrkz al-byrq llbharat walmksrat"}},{"type":"Feature","id":13466614730,"geometry":{"type":"Point","coordinates":[44.1933981,15.333138300000002]},"properties":{"id":13466614730,"name":"ميني ماركت الفؤاد","type":"convenience","category":"shopping","subcategory":"supermarket","osmType":"node","shop":"convenience","name:latin":"myny markt al-f'ad"}},{"type":"Feature","id":13466614733,"geometry":{"type":"Point","coordinates":[44.185439900000006,15.330868500000001]},"properties":{"id":13466614733,"name":"بقالة حكيم","type":"convenience","category":"shopping","subcategory":"supermarket","osmType":"node","shop":"convenience","name:latin":"bqala hkym"}},{"type":"Feature","id":13466614735,"geometry":{"type":"Point","coordinates":[44.191778000000006,15.3310469]},"properties":{"id":13466614735,"name":"تموينات وبهارات الحي السياسي","type":"convenience","category":"shopping","subcategory":"supermarket","osmType":"node","shop":"convenience","name:latin":"tmwynat wbharat al-hy al-syasy"}},{"type":"Feature","id":13466614736,"geometry":{"type":"Point","coordinates":[44.19164120000001,15.3305956]},"properties":{"id":13466614736,"name":"تموينات وبهارات الحي السياسي","type":"convenience","category":"shopping","subcategory":"supermarket","osmType":"node","shop":"convenience","name:latin":"tmwynat wbharat al-hy al-syasy"}},{"type":"Feature","id":13466614737,"geometry":{"type":"Point","coordinates":[44.19212,15.330380900000002]},"properties":{"id":13466614737,"name":"بقالة العياش","type":"convenience","category":"shopping","subcategory":"supermarket","osmType":"node","shop":"convenience","name:latin":"bqala al-'yash"}},{"type":"Feature","id":13466614741,"geometry":{"type":"Point","coordinates":[44.198016800000005,15.3292259]},"properties":{"id":13466614741,"name":"بقالة ضوء القمر","type":"convenience","category":"shopping","subcategory":"supermarket","osmType":"node","shop":"convenience","name:latin":"bqala dw' al-qmr"}},{"type":"Feature","id":13466623808,"geometry":{"type":"Point","coordinates":[44.18487940000001,15.333509500000002]},"properties":{"id":13466623808,"name":"بقالة الوجيه","type":"convenience","category":"shopping","subcategory":"supermarket","osmType":"node","shop":"convenience","name:latin":"bqala al-wjyh"}},{"type":"Feature","id":13466623809,"geometry":{"type":"Point","coordinates":[44.18422760000001,15.3335044]},"properties":{"id":13466623809,"name":"بقالة فجر الصباح","type":"convenience","category":"shopping","subcategory":"supermarket","osmType":"node","shop":"convenience","name:latin":"bqala fjr al-sbah"}},{"type":"Feature","id":13466623813,"geometry":{"type":"Point","coordinates":[44.1835839,15.331197000000001]},"properties":{"id":13466623813,"name":"بقالة ركن بغداد","type":"convenience","category":"shopping","subcategory":"supermarket","osmType":"node","shop":"convenience","name:latin":"bqala rkn bghdad"}},{"type":"Feature","id":13467779505,"geometry":{"type":"Point","coordinates":[44.221521,15.263907200000002]},"properties":{"id":13467779505,"name":"بقالة 7 أكتوبر","type":"convenience","category":"shopping","subcategory":"supermarket","osmType":"node","shop":"convenience","name:latin":"bqala 7 aktwbr"}},{"type":"Feature","id":13467779507,"geometry":{"type":"Point","coordinates":[44.219423500000005,15.263425900000001]},"properties":{"id":13467779507,"name":"تموينات الجنتين","type":"convenience","category":"shopping","subcategory":"supermarket","osmType":"node","shop":"convenience","name:latin":"tmwynat al-jntyn"}},{"type":"Feature","id":13467779540,"geometry":{"type":"Point","coordinates":[44.214330000000004,15.275199100000002]},"properties":{"id":13467779540,"name":"تموينات الوفاء","type":"convenience","category":"shopping","subcategory":"supermarket","osmType":"node","shop":"convenience","name:latin":"tmwynat al-wfa'"}},{"type":"Feature","id":13467779542,"geometry":{"type":"Point","coordinates":[44.216014400000006,15.273708700000002]},"properties":{"id":13467779542,"name":"بقالة بلدنا","type":"convenience","category":"shopping","subcategory":"supermarket","osmType":"node","shop":"convenience","name:latin":"bqala bldna"}},{"type":"Feature","id":13467779545,"geometry":{"type":"Point","coordinates":[44.2099868,15.275283800000002]},"properties":{"id":13467779545,"name":"سوبر ماركت ثمار الخير","type":"convenience","category":"shopping","subcategory":"supermarket","osmType":"node","shop":"convenience","name:latin":"swbr markt thmar al-khyr"}},{"type":"Feature","id":13467779547,"geometry":{"type":"Point","coordinates":[44.2100961,15.275433300000001]},"properties":{"id":13467779547,"name":"ملك المخابز الفرنسية","type":"bakery","category":"shopping","subcategory":"food_shop","osmType":"node","shop":"bakery","name:latin":"mlk al-mkhabz al-frnsya"}},{"type":"Feature","id":13467779551,"geometry":{"type":"Point","coordinates":[44.2118034,15.2731641]},"properties":{"id":13467779551,"name":"مخبز أرياف اليمن","type":"bakery","category":"shopping","subcategory":"food_shop","osmType":"node","shop":"bakery","name:latin":"mkhbz aryaf al-ymn"}},{"type":"Feature","id":13467779554,"geometry":{"type":"Point","coordinates":[44.2175098,15.270030600000002]},"properties":{"id":13467779554,"name":"تموينات الشامل","type":"convenience","category":"shopping","subcategory":"supermarket","osmType":"node","shop":"convenience","name:latin":"tmwynat al-shaml"}},{"type":"Feature","id":13467779555,"geometry":{"type":"Point","coordinates":[44.2166542,15.268647600000001]},"properties":{"id":13467779555,"name":"مخبز الامتياز","type":"bakery","category":"shopping","subcategory":"food_shop","osmType":"node","shop":"bakery","name:latin":"mkhbz al-amtyaz"}},{"type":"Feature","id":13467779558,"geometry":{"type":"Point","coordinates":[44.2180784,15.267471500000001]},"properties":{"id":13467779558,"name":"تموينات النقيب","type":"convenience","category":"shopping","subcategory":"supermarket","osmType":"node","shop":"convenience","name:latin":"tmwynat al-nqyb"}},{"type":"Feature","id":13467779559,"geometry":{"type":"Point","coordinates":[44.217623800000005,15.267170100000001]},"properties":{"id":13467779559,"name":"ميني ماركت دايان","type":"convenience","category":"shopping","subcategory":"supermarket","osmType":"node","shop":"convenience","name:latin":"myny markt dayan"}},{"type":"Feature","id":13467779560,"geometry":{"type":"Point","coordinates":[44.21765860000001,15.266991500000001]},"properties":{"id":13467779560,"name":"مخبز الفرسان للروتي والكدم","type":"bakery","category":"shopping","subcategory":"food_shop","osmType":"node","shop":"bakery","name:latin":"mkhbz al-frsan llrwty walkdm"}},{"type":"Feature","id":13467779565,"geometry":{"type":"Point","coordinates":[44.217362300000005,15.265574800000001]},"properties":{"id":13467779565,"name":"ثلاجة أرتل","type":"convenience","category":"shopping","subcategory":"supermarket","osmType":"node","shop":"convenience","name:latin":"thlaja artl"}},{"type":"Feature","id":13467781420,"geometry":{"type":"Point","coordinates":[44.2167279,15.2637972]},"properties":{"id":13467781420,"name":"سوبر ماركت الراشد","type":"convenience","category":"shopping","subcategory":"supermarket","osmType":"node","shop":"convenience","name:latin":"swbr markt al-rashd"}},{"type":"Feature","id":13467781421,"geometry":{"type":"Point","coordinates":[44.2170592,15.263466000000001]},"properties":{"id":13467781421,"name":"تموينات ربى صنعاء","type":"convenience","category":"shopping","subcategory":"supermarket","osmType":"node","shop":"convenience","name:latin":"tmwynat rba sn'a'"}},{"type":"Feature","id":13467781448,"geometry":{"type":"Point","coordinates":[44.2155209,15.2585741]},"properties":{"id":13467781448,"name":"مركز أرتل التجاري","type":"supermarket","category":"shopping","subcategory":"supermarket","osmType":"node","shop":"supermarket","name:latin":"mrkz artl al-tjary"}},{"type":"Feature","id":13467781451,"geometry":{"type":"Point","coordinates":[44.2157167,15.2609676]},"properties":{"id":13467781451,"name":"سوبر ماركت الربيع","type":"convenience","category":"shopping","subcategory":"supermarket","osmType":"node","shop":"convenience","name:latin":"swbr markt al-rby'"}},{"type":"Feature","id":13467781454,"geometry":{"type":"Point","coordinates":[44.21425490000001,15.261185000000001]},"properties":{"id":13467781454,"name":"النجوم","type":"convenience","category":"shopping","subcategory":"supermarket","osmType":"node","shop":"convenience","name:latin":"al-njwm"}},{"type":"Feature","id":13467781486,"geometry":{"type":"Point","coordinates":[44.210620500000005,15.2560718]},"properties":{"id":13467781486,"name":"تتموينات محمد الراجحي","type":"convenience","category":"shopping","subcategory":"supermarket","osmType":"node","shop":"convenience","name:latin":"ttmwynat mhmd al-rajhy"}},{"type":"Feature","id":13467781504,"geometry":{"type":"Point","coordinates":[44.212028700000005,15.253434900000002]},"properties":{"id":13467781504,"name":"بقالة هلال","type":"convenience","category":"shopping","subcategory":"supermarket","osmType":"node","shop":"convenience","name:latin":"bqala hlal"}},{"type":"Feature","id":13467781565,"geometry":{"type":"Point","coordinates":[44.22188310000001,15.257963400000001]},"properties":{"id":13467781565,"name":"ملك الخضروات والدجاج","type":"greengrocer","category":"shopping","subcategory":"food_shop","osmType":"node","shop":"greengrocer","name:latin":"mlk al-khdrwat waldjaj"}},{"type":"Feature","id":13467781640,"geometry":{"type":"Point","coordinates":[44.216011800000004,15.254884]},"properties":{"id":13467781640,"name":"مركز جعدل التجاري","type":"supermarket","category":"shopping","subcategory":"supermarket","osmType":"node","shop":"supermarket","name:latin":"mrkz j'dl al-tjary"}},{"type":"Feature","id":13467781680,"geometry":{"type":"Point","coordinates":[44.215464600000004,15.251200400000002]},"properties":{"id":13467781680,"name":"سوبر ماركت الحضارة","type":"convenience","category":"shopping","subcategory":"supermarket","osmType":"node","shop":"convenience","name:latin":"swbr markt al-hdara"}},{"type":"Feature","id":13467781709,"geometry":{"type":"Point","coordinates":[44.21448290000001,15.251918500000002]},"properties":{"id":13467781709,"name":"بقالة الركن الذهبي","type":"convenience","category":"shopping","subcategory":"supermarket","osmType":"node","shop":"convenience","name:latin":"bqala al-rkn al-dhhby"}},{"type":"Feature","id":13467781746,"geometry":{"type":"Point","coordinates":[44.211755100000005,15.2500993]},"properties":{"id":13467781746,"name":"بقالة هاني الغذيفي","type":"convenience","category":"shopping","subcategory":"supermarket","osmType":"node","shop":"convenience","name:latin":"bqala hany al-ghdhyfy"}},{"type":"Feature","id":13467781769,"geometry":{"type":"Point","coordinates":[44.2104878,15.246217600000001]},"properties":{"id":13467781769,"name":"تموينات عمر النابهي","type":"convenience","category":"shopping","subcategory":"supermarket","osmType":"node","shop":"convenience","name:latin":"tmwynat 'mr al-nabhy"}},{"type":"Feature","id":13467781770,"geometry":{"type":"Point","coordinates":[44.212085,15.246960300000001]},"properties":{"id":13467781770,"name":"ميني ماركت غزة","type":"convenience","category":"shopping","subcategory":"supermarket","osmType":"node","shop":"convenience","name:latin":"myny markt ghza"}},{"type":"Feature","id":13467781783,"geometry":{"type":"Point","coordinates":[44.213402,15.248572500000002]},"properties":{"id":13467781783,"name":"تموينات العمري","type":"convenience","category":"shopping","subcategory":"supermarket","osmType":"node","shop":"convenience","name:latin":"tmwynat al-'mry"}},{"type":"Feature","id":13467781785,"geometry":{"type":"Point","coordinates":[44.214461400000005,15.248823600000001]},"properties":{"id":13467781785,"name":"مخابز النور","type":"bakery","category":"shopping","subcategory":"food_shop","osmType":"node","shop":"bakery","name:latin":"mkhabz al-nwr"}},{"type":"Feature","id":13467781803,"geometry":{"type":"Point","coordinates":[44.211228000000006,15.251036100000002]},"properties":{"id":13467781803,"name":"بقالة وسام النجار","type":"convenience","category":"shopping","subcategory":"supermarket","osmType":"node","shop":"convenience","name:latin":"bqala wsam al-njar"}},{"type":"Feature","id":13467781833,"geometry":{"type":"Point","coordinates":[44.2057148,15.239836000000002]},"properties":{"id":13467781833,"name":"بقالة الشدادي","type":"convenience","category":"shopping","subcategory":"supermarket","osmType":"node","shop":"convenience","name:latin":"bqala al-shdady"}},{"type":"Feature","id":13467781888,"geometry":{"type":"Point","coordinates":[44.2274541,15.2377476]},"properties":{"id":13467781888,"name":"بقالة ركن العاصمة","type":"convenience","category":"shopping","subcategory":"supermarket","osmType":"node","shop":"convenience","name:latin":"bqala rkn al-'asma"}},{"type":"Feature","id":13469712742,"geometry":{"type":"Point","coordinates":[44.2464468,15.212161900000002]},"properties":{"id":13469712742,"name":"مخبز الرحمة","type":"bakery","category":"shopping","subcategory":"food_shop","osmType":"node","shop":"bakery","name:latin":"mkhbz al-rhma"}},{"type":"Feature","id":13469712852,"geometry":{"type":"Point","coordinates":[44.246351600000004,15.214201400000002]},"properties":{"id":13469712852,"name":"بقالة العمراني","type":"convenience","category":"shopping","subcategory":"supermarket","osmType":"node","shop":"convenience","name:latin":"bqala al-'mrany"}},{"type":"Feature","id":13469712878,"geometry":{"type":"Point","coordinates":[44.247863,15.2155809]},"properties":{"id":13469712878,"name":"سوبر ماركت المدينة","type":"convenience","category":"shopping","subcategory":"supermarket","osmType":"node","shop":"convenience","name:latin":"swbr markt al-mdyna"}},{"type":"Feature","id":13469712902,"geometry":{"type":"Point","coordinates":[44.248524200000006,15.210081]},"properties":{"id":13469712902,"name":"بقالة الجرفي","type":"convenience","category":"shopping","subcategory":"supermarket","osmType":"node","shop":"convenience","name:latin":"bqala al-jrfy"}},{"type":"Feature","id":13469712903,"geometry":{"type":"Point","coordinates":[44.248706500000004,15.209826000000001]},"properties":{"id":13469712903,"name":"بقالة طوق صنعاء","type":"convenience","category":"shopping","subcategory":"supermarket","osmType":"node","shop":"convenience","name:latin":"bqala twq sn'a'"}},{"type":"Feature","id":13469712990,"geometry":{"type":"Point","coordinates":[44.2516181,15.231086200000002]},"properties":{"id":13469712990,"name":"البريق مول","type":"mall","category":"shopping","subcategory":"mall","osmType":"node","shop":"mall","name:latin":"al-bryq mwl"}},{"type":"Feature","id":13469712994,"geometry":{"type":"Point","coordinates":[44.251568500000005,15.234296600000002]},"properties":{"id":13469712994,"name":"سوبر ماركت الروافي","type":"convenience","category":"shopping","subcategory":"supermarket","osmType":"node","shop":"convenience","name:latin":"swbr markt al-rwafy"}},{"type":"Feature","id":13469712997,"geometry":{"type":"Point","coordinates":[44.25282910000001,15.233855300000002]},"properties":{"id":13469712997,"name":"تموينات العاصمة","type":"convenience","category":"shopping","subcategory":"supermarket","osmType":"node","shop":"convenience","name:latin":"tmwynat al-'asma"}},{"type":"Feature","id":13469713086,"geometry":{"type":"Point","coordinates":[44.238932600000005,15.258330800000001]},"properties":{"id":13469713086,"name":"بقالة وكتبة الخزرجي","type":"convenience","category":"shopping","subcategory":"supermarket","osmType":"node","shop":"convenience","name:latin":"bqala wktba al-khzrjy"}},{"type":"Feature","id":13469713195,"geometry":{"type":"Point","coordinates":[44.2302462,15.260005000000001]},"properties":{"id":13469713195,"name":"ركن الأشول للمواد الغذائية","type":"convenience","category":"shopping","subcategory":"supermarket","osmType":"node","shop":"convenience","name:latin":"rkn al-ashwl llmwad al-ghdha'ya"}},{"type":"Feature","id":13469713197,"geometry":{"type":"Point","coordinates":[44.229463,15.262402500000002]},"properties":{"id":13469713197,"name":"بقالة باب الحارة","type":"convenience","category":"shopping","subcategory":"supermarket","osmType":"node","shop":"convenience","name:latin":"bqala bab al-hara"}},{"type":"Feature","id":13469713200,"geometry":{"type":"Point","coordinates":[44.2164134,15.268993600000002]},"properties":{"id":13469713200,"name":"الوفاء سوبر ماركت","type":"convenience","category":"shopping","subcategory":"supermarket","osmType":"node","shop":"convenience","name:latin":"al-wfa' swbr markt"}},{"type":"Feature","id":13469713204,"geometry":{"type":"Point","coordinates":[44.2240356,15.269888300000002]},"properties":{"id":13469713204,"name":"تموينات البحيري","type":"convenience","category":"shopping","subcategory":"supermarket","osmType":"node","shop":"convenience","name:latin":"tmwynat al-bhyry"}},{"type":"Feature","id":13469713206,"geometry":{"type":"Point","coordinates":[44.226264500000006,15.270464]},"properties":{"id":13469713206,"name":"تموينات ومكتبة أطياف اليمن","type":"convenience","category":"shopping","subcategory":"supermarket","osmType":"node","shop":"convenience","name:latin":"tmwynat wmktba atyaf al-ymn"}},{"type":"Feature","id":13469713208,"geometry":{"type":"Point","coordinates":[44.223060600000004,15.273063100000002]},"properties":{"id":13469713208,"name":"ميني ماركت الأبراج","type":"convenience","category":"shopping","subcategory":"supermarket","osmType":"node","shop":"convenience","name:latin":"myny markt al-abraj"}},{"type":"Feature","id":13469713210,"geometry":{"type":"Point","coordinates":[44.2212139,15.272431800000001]},"properties":{"id":13469713210,"name":"سوبر ماركت الزيتونة","type":"convenience","category":"shopping","subcategory":"supermarket","osmType":"node","shop":"convenience","name:latin":"swbr markt al-zytwna"}},{"type":"Feature","id":13469713214,"geometry":{"type":"Point","coordinates":[44.222150000000006,15.272094100000002]},"properties":{"id":13469713214,"name":"بقالة حاتم الطائي","type":"convenience","category":"shopping","subcategory":"supermarket","osmType":"node","shop":"convenience","name:latin":"bqala hatm al-ta'y"}},{"type":"Feature","id":13469713215,"geometry":{"type":"Point","coordinates":[44.2179523,15.274407300000002]},"properties":{"id":13469713215,"name":"بقالة شمسان","type":"convenience","category":"shopping","subcategory":"supermarket","osmType":"node","shop":"convenience","name:latin":"bqala shmsan"}},{"type":"Feature","id":13469713217,"geometry":{"type":"Point","coordinates":[44.2163819,15.2732857]},"properties":{"id":13469713217,"name":"مخبز مس كوكيز","type":"bakery","category":"shopping","subcategory":"food_shop","osmType":"node","shop":"bakery","name:latin":"mkhbz ms kwkyz"}},{"type":"Feature","id":13469713221,"geometry":{"type":"Point","coordinates":[44.2195778,15.271817300000002]},"properties":{"id":13469713221,"name":"بقالة الصرح الذهبي","type":"convenience","category":"shopping","subcategory":"supermarket","osmType":"node","shop":"convenience","name:latin":"bqala al-srh al-dhhby"}},{"type":"Feature","id":13469713223,"geometry":{"type":"Point","coordinates":[44.219560300000005,15.272325700000001]},"properties":{"id":13469713223,"name":"المساوى للمواد الغذائية والبهارات","type":"convenience","category":"shopping","subcategory":"supermarket","osmType":"node","shop":"convenience","name:latin":"al-msawa llmwad al-ghdha'ya walbharat"}},{"type":"Feature","id":13469713224,"geometry":{"type":"Point","coordinates":[44.2216632,15.274681600000001]},"properties":{"id":13469713224,"name":"ميني ماركت المهند","type":"convenience","category":"shopping","subcategory":"supermarket","osmType":"node","shop":"convenience","name:latin":"myny markt al-mhnd"}},{"type":"Feature","id":13469713230,"geometry":{"type":"Point","coordinates":[44.2304407,15.269846900000001]},"properties":{"id":13469713230,"name":"سوبر ماركت وبهارات الأرض الطيبة","type":"convenience","category":"shopping","subcategory":"supermarket","osmType":"node","shop":"convenience","name:latin":"swbr markt wbharat al-ard al-tyba"}},{"type":"Feature","id":13469713234,"geometry":{"type":"Point","coordinates":[44.229248500000004,15.270972400000002]},"properties":{"id":13469713234,"name":"نور ماركت","type":"convenience","category":"shopping","subcategory":"supermarket","osmType":"node","shop":"convenience","name:latin":"nwr markt"}},{"type":"Feature","id":13469713236,"geometry":{"type":"Point","coordinates":[44.229001700000005,15.2705145]},"properties":{"id":13469713236,"name":"مركز شمس المدينة التجاري","type":"supermarket","category":"shopping","subcategory":"supermarket","osmType":"node","shop":"supermarket","name:latin":"mrkz shms al-mdyna al-tjary"}},{"type":"Feature","id":13469713238,"geometry":{"type":"Point","coordinates":[44.22883410000001,15.270126300000001]},"properties":{"id":13469713238,"name":"تموينات الخزاعي","type":"convenience","category":"shopping","subcategory":"supermarket","osmType":"node","shop":"convenience","name:latin":"tmwynat al-khza'y"}},{"type":"Feature","id":13469713240,"geometry":{"type":"Point","coordinates":[44.2283003,15.270180700000001]},"properties":{"id":13469713240,"name":"سوبر ماركت التوكل","type":"convenience","category":"shopping","subcategory":"supermarket","osmType":"node","shop":"convenience","name:latin":"swbr markt al-twkl"}},{"type":"Feature","id":13469713248,"geometry":{"type":"Point","coordinates":[44.2318019,15.270643800000002]},"properties":{"id":13469713248,"name":"تموينات الربيع","type":"convenience","category":"shopping","subcategory":"supermarket","osmType":"node","shop":"convenience","name:latin":"tmwynat al-rby'"}},{"type":"Feature","id":13469713254,"geometry":{"type":"Point","coordinates":[44.232932500000004,15.269544100000001]},"properties":{"id":13469713254,"name":"بقالة قصر آزال","type":"convenience","category":"shopping","subcategory":"supermarket","osmType":"node","shop":"convenience","name:latin":"bqala qsr azal"}},{"type":"Feature","id":13469713255,"geometry":{"type":"Point","coordinates":[44.23312430000001,15.2694652]},"properties":{"id":13469713255,"name":"تموينات هاني الوصابي","type":"convenience","category":"shopping","subcategory":"supermarket","osmType":"node","shop":"convenience","name:latin":"tmwynat hany al-wsaby"}},{"type":"Feature","id":13469713269,"geometry":{"type":"Point","coordinates":[44.231128700000006,15.267364100000002]},"properties":{"id":13469713269,"name":"بقالة قطران","type":"convenience","category":"shopping","subcategory":"supermarket","osmType":"node","shop":"convenience","name:latin":"bqala qtran"}},{"type":"Feature","id":13469713270,"geometry":{"type":"Point","coordinates":[44.2308632,15.266344600000002]},"properties":{"id":13469713270,"name":"بقالة آدم","type":"convenience","category":"shopping","subcategory":"supermarket","osmType":"node","shop":"convenience","name:latin":"bqala adm"}},{"type":"Feature","id":13469713271,"geometry":{"type":"Point","coordinates":[44.231008,15.265890500000001]},"properties":{"id":13469713271,"name":"بقالة وسام الفقيه","type":"convenience","category":"shopping","subcategory":"supermarket","osmType":"node","shop":"convenience","name:latin":"bqala wsam al-fqyh"}},{"type":"Feature","id":13469713273,"geometry":{"type":"Point","coordinates":[44.22804420000001,15.264365200000002]},"properties":{"id":13469713273,"name":"سوبر ماركت الشامل","type":"convenience","category":"shopping","subcategory":"supermarket","osmType":"node","shop":"convenience","name:latin":"swbr markt al-shaml"}},{"type":"Feature","id":13469713274,"geometry":{"type":"Point","coordinates":[44.228807200000006,15.265568400000001]},"properties":{"id":13469713274,"name":"تموينات الإخلاص","type":"convenience","category":"shopping","subcategory":"supermarket","osmType":"node","shop":"convenience","name:latin":"tmwynat al-ikhlas"}},{"type":"Feature","id":13469713275,"geometry":{"type":"Point","coordinates":[44.228713400000004,15.2657392]},"properties":{"id":13469713275,"name":"مخبز ركن الإخوة","type":"bakery","category":"shopping","subcategory":"food_shop","osmType":"node","shop":"bakery","name:latin":"mkhbz rkn al-ikhwa"}},{"type":"Feature","id":13469713281,"geometry":{"type":"Point","coordinates":[44.226705700000004,15.2643768]},"properties":{"id":13469713281,"name":"بقالة الحسام","type":"convenience","category":"shopping","subcategory":"supermarket","osmType":"node","shop":"convenience","name:latin":"bqala al-hsam"}},{"type":"Feature","id":13469713283,"geometry":{"type":"Point","coordinates":[44.227494300000004,15.264473800000001]},"properties":{"id":13469713283,"name":"سوبر ماركت الريان","type":"convenience","category":"shopping","subcategory":"supermarket","osmType":"node","shop":"convenience","name:latin":"swbr markt al-ryan"}},{"type":"Feature","id":13469713284,"geometry":{"type":"Point","coordinates":[44.2272046,15.264231900000002]},"properties":{"id":13469713284,"name":"تموينات الريان","type":"convenience","category":"shopping","subcategory":"supermarket","osmType":"node","shop":"convenience","name:latin":"tmwynat al-ryan"}},{"type":"Feature","id":13469713291,"geometry":{"type":"Point","coordinates":[44.2237701,15.260420300000002]},"properties":{"id":13469713291,"name":"ماركت السماح","type":"supermarket","category":"shopping","subcategory":"supermarket","osmType":"node","shop":"supermarket","name:latin":"markt al-smah"}},{"type":"Feature","id":13469713292,"geometry":{"type":"Point","coordinates":[44.223432100000004,15.259167900000001]},"properties":{"id":13469713292,"name":"تموينات الفخامة","type":"convenience","category":"shopping","subcategory":"supermarket","osmType":"node","shop":"convenience","name:latin":"tmwynat al-fkhama"}},{"type":"Feature","id":13469713347,"geometry":{"type":"Point","coordinates":[44.2172617,15.256698000000002]},"properties":{"id":13469713347,"name":"تموينات السهل","type":"convenience","category":"shopping","subcategory":"supermarket","osmType":"node","shop":"convenience","name:latin":"tmwynat al-shl"}},{"type":"Feature","id":13469713357,"geometry":{"type":"Point","coordinates":[44.2221272,15.261481300000002]},"properties":{"id":13469713357,"name":"بقالة ومكتبة الأقصى","type":"convenience","category":"shopping","subcategory":"supermarket","osmType":"node","shop":"convenience","name:latin":"bqala wmktba al-aqsa"}},{"type":"Feature","id":13469713358,"geometry":{"type":"Point","coordinates":[44.221778500000006,15.2615136]},"properties":{"id":13469713358,"name":"سوبر ماركت السلام","type":"convenience","category":"shopping","subcategory":"supermarket","osmType":"node","shop":"convenience","name:latin":"swbr markt al-slam"}},{"type":"Feature","id":13469713359,"geometry":{"type":"Point","coordinates":[44.22331140000001,15.2614683]},"properties":{"id":13469713359,"name":"سوبر ماركت البدوي","type":"convenience","category":"shopping","subcategory":"supermarket","osmType":"node","shop":"convenience","name:latin":"swbr markt al-bdwy"}},{"type":"Feature","id":13469713366,"geometry":{"type":"Point","coordinates":[44.2250736,15.259655700000001]},"properties":{"id":13469713366,"name":"بقالة أبو أمجد","type":"convenience","category":"shopping","subcategory":"supermarket","osmType":"node","shop":"convenience","name:latin":"bqala abw amjd"}},{"type":"Feature","id":13469713367,"geometry":{"type":"Point","coordinates":[44.226035200000005,15.259310200000002]},"properties":{"id":13469713367,"name":"تموينات الحي الراقي","type":"convenience","category":"shopping","subcategory":"supermarket","osmType":"node","shop":"convenience","name:latin":"tmwynat al-hy al-raqy"}},{"type":"Feature","id":13469713375,"geometry":{"type":"Point","coordinates":[44.2283982,15.259756600000001]},"properties":{"id":13469713375,"name":"تموينات أبو حيدر","type":"convenience","category":"shopping","subcategory":"supermarket","osmType":"node","shop":"convenience","name:latin":"tmwynat abw hydr"}},{"type":"Feature","id":13469713393,"geometry":{"type":"Point","coordinates":[44.2168137,15.247485700000002]},"properties":{"id":13469713393,"name":"سوير ماركت البادية","type":"convenience","category":"shopping","subcategory":"supermarket","osmType":"node","shop":"convenience","name:latin":"swyr markt al-badya"}},{"type":"Feature","id":13470943735,"geometry":{"type":"Point","coordinates":[44.1756935,15.357108100000001]},"properties":{"id":13470943735,"name":"مخبز زاد الخير","type":"bakery","category":"shopping","subcategory":"food_shop","osmType":"node","shop":"bakery","name:latin":"mkhbz zad al-khyr"}},{"type":"Feature","id":13470980186,"geometry":{"type":"Point","coordinates":[44.169826,15.361706100000001]},"properties":{"id":13470980186,"name":"بقالة الخير والسلام","type":"convenience","category":"shopping","subcategory":"supermarket","osmType":"node","shop":"convenience","name:latin":"bqala al-khyr walslam"}},{"type":"Feature","id":13473730197,"geometry":{"type":"Point","coordinates":[44.1877963,15.293455300000002]},"properties":{"id":13473730197,"name":"مخبز الخمسين","type":"bakery","category":"shopping","subcategory":"food_shop","osmType":"node","shop":"bakery","name:latin":"mkhbz al-khmsyn"}},{"type":"Feature","id":13473730199,"geometry":{"type":"Point","coordinates":[44.1913904,15.293429500000002]},"properties":{"id":13473730199,"name":"بقالة المليون","type":"convenience","category":"shopping","subcategory":"supermarket","osmType":"node","shop":"convenience","name:latin":"bqala al-mlywn"}},{"type":"Feature","id":13473730200,"geometry":{"type":"Point","coordinates":[44.191098100000005,15.293455300000002]},"properties":{"id":13473730200,"name":"مخبز الميثاق","type":"bakery","category":"shopping","subcategory":"food_shop","osmType":"node","shop":"bakery","name:latin":"mkhbz al-mythaq"}},{"type":"Feature","id":13475400701,"geometry":{"type":"Point","coordinates":[44.178239600000005,15.358473900000002]},"properties":{"id":13475400701,"name":"بقالة المستقبل","type":"convenience","category":"shopping","subcategory":"supermarket","osmType":"node","shop":"convenience","name:latin":"bqala al-mstqbl"}},{"type":"Feature","id":13475400702,"geometry":{"type":"Point","coordinates":[44.179,15.3584764]},"properties":{"id":13475400702,"name":"سوبر ماركت القناعة","type":"convenience","category":"shopping","subcategory":"supermarket","osmType":"node","shop":"convenience","name:latin":"swbr markt al-qna'a"}},{"type":"Feature","id":13475400704,"geometry":{"type":"Point","coordinates":[44.1789342,15.359520100000001]},"properties":{"id":13475400704,"name":"بقالة الدروبي","type":"convenience","category":"shopping","subcategory":"supermarket","osmType":"node","shop":"convenience","name:latin":"bqala al-drwby"}},{"type":"Feature","id":13475400711,"geometry":{"type":"Point","coordinates":[44.1787975,15.3610538]},"properties":{"id":13475400711,"name":"تموينات الجندول","type":"convenience","category":"shopping","subcategory":"supermarket","osmType":"node","shop":"convenience","name:latin":"tmwynat al-jndwl"}},{"type":"Feature","id":13475400721,"geometry":{"type":"Point","coordinates":[44.177641400000006,15.359492900000001]},"properties":{"id":13475400721,"name":"بقالة الطيري","type":"convenience","category":"shopping","subcategory":"supermarket","osmType":"node","shop":"convenience","name:latin":"bqala al-tyry"}},{"type":"Feature","id":13475400728,"geometry":{"type":"Point","coordinates":[44.1758779,15.3604809]},"properties":{"id":13475400728,"name":"بقالة ماجد السمدي","type":"convenience","category":"shopping","subcategory":"supermarket","osmType":"node","shop":"convenience","name:latin":"bqala majd al-smdy"}},{"type":"Feature","id":13475400739,"geometry":{"type":"Point","coordinates":[44.1762601,15.359706300000001]},"properties":{"id":13475400739,"name":"بقالة الأقصى","type":"convenience","category":"shopping","subcategory":"supermarket","osmType":"node","shop":"convenience","name:latin":"bqala al-aqsa"}},{"type":"Feature","id":13475400741,"geometry":{"type":"Point","coordinates":[44.1760603,15.359556300000001]},"properties":{"id":13475400741,"name":"مخبز الخير","type":"bakery","category":"shopping","subcategory":"food_shop","osmType":"node","shop":"bakery","name:latin":"mkhbz al-khyr"}},{"type":"Feature","id":13475400742,"geometry":{"type":"Point","coordinates":[44.1760468,15.359655900000002]},"properties":{"id":13475400742,"name":"محلات المطري التجارية","type":"convenience","category":"shopping","subcategory":"supermarket","osmType":"node","shop":"convenience","name:latin":"mhlat al-mtry al-tjarya"}},{"type":"Feature","id":13475400747,"geometry":{"type":"Point","coordinates":[44.174693700000006,15.3597826]},"properties":{"id":13475400747,"name":"مخبز وحلويات الأمل","type":"bakery","category":"shopping","subcategory":"food_shop","osmType":"node","shop":"bakery","name:latin":"mkhbz whlwyat al-aml"}},{"type":"Feature","id":13479222401,"geometry":{"type":"Point","coordinates":[44.1950428,15.397044200000002]},"properties":{"id":13479222401,"name":"","type":"greengrocer","category":"shopping","subcategory":"food_shop","osmType":"node","addr:housenumber":"1","addr:postcode":"0000","addr:street":"شارع صوفان","name:ar":"مشاتل الارض الطيبه","name:en":"Al-Ard Al-Tayyiba Nurseries","opening_hours":"24/7","shop":"greengrocer"}},{"type":"Feature","id":13503287484,"geometry":{"type":"Point","coordinates":[44.2049413,15.383064700000002]},"properties":{"id":13503287484,"name":"تموينات السلام قصيلة","type":"convenience","category":"shopping","subcategory":"supermarket","osmType":"node","shop":"convenience","name:latin":"tmwynat al-slam qsyla"}},{"type":"Feature","id":13503299756,"geometry":{"type":"Point","coordinates":[44.2045497,15.383073600000001]},"properties":{"id":13503299756,"name":"بقالة النهضة","type":"convenience","category":"shopping","subcategory":"supermarket","osmType":"node","shop":"convenience","name:latin":"bqala al-nhda"}},{"type":"Feature","id":13508165951,"geometry":{"type":"Point","coordinates":[44.205159200000004,15.383264]},"properties":{"id":13508165951,"name":"سما ماركت","type":"convenience","category":"shopping","subcategory":"supermarket","osmType":"node","shop":"convenience","name:latin":"sma markt"}},{"type":"Feature","id":13508177735,"geometry":{"type":"Point","coordinates":[44.205144100000005,15.383085000000001]},"properties":{"id":13508177735,"name":"سوبر ماركت الركن الذهبي","type":"supermarket","category":"shopping","subcategory":"supermarket","osmType":"node","shop":"supermarket","name:latin":"swbr markt al-rkn al-dhhby"}},{"type":"Feature","id":13518640358,"geometry":{"type":"Point","coordinates":[44.222315,15.328398100000001]},"properties":{"id":13518640358,"name":"بقالة عادل","type":"convenience","category":"shopping","subcategory":"supermarket","osmType":"node","shop":"convenience","name:latin":"bqala 'adl"}},{"type":"Feature","id":13518640359,"geometry":{"type":"Point","coordinates":[44.221490200000005,15.328273900000001]},"properties":{"id":13518640359,"name":"بقالة أحمد ناجي","type":"convenience","category":"shopping","subcategory":"supermarket","osmType":"node","shop":"convenience","name:latin":"bqala ahmd najy"}},{"type":"Feature","id":13518640361,"geometry":{"type":"Point","coordinates":[44.2214406,15.326914600000002]},"properties":{"id":13518640361,"name":"بقالة الخالدي","type":"convenience","category":"shopping","subcategory":"supermarket","osmType":"node","shop":"convenience","name:latin":"bqala al-khaldy"}},{"type":"Feature","id":13518640364,"geometry":{"type":"Point","coordinates":[44.2243159,15.3247002]},"properties":{"id":13518640364,"name":"مخبز القدس العربي الآلي","type":"bakery","category":"shopping","subcategory":"food_shop","osmType":"node","shop":"bakery","name:latin":"mkhbz al-qds al-'rby al-aly"}},{"type":"Feature","id":13518640365,"geometry":{"type":"Point","coordinates":[44.2263705,15.3233887]},"properties":{"id":13518640365,"name":"بقالة صلاح الشرعبي","type":"convenience","category":"shopping","subcategory":"supermarket","osmType":"node","shop":"convenience","name:latin":"bqala slah al-shr'by"}},{"type":"Feature","id":13518640366,"geometry":{"type":"Point","coordinates":[44.226426800000006,15.323238700000001]},"properties":{"id":13518640366,"name":"بقالة كنعان","type":"convenience","category":"shopping","subcategory":"supermarket","osmType":"node","shop":"convenience","name:latin":"bqala kn'an"}},{"type":"Feature","id":13518640373,"geometry":{"type":"Point","coordinates":[44.2228568,15.323119700000001]},"properties":{"id":13518640373,"name":"بقالة الإيثار","type":"convenience","category":"shopping","subcategory":"supermarket","osmType":"node","shop":"convenience","name:latin":"bqala al-iythar"}},{"type":"Feature","id":13518640375,"geometry":{"type":"Point","coordinates":[44.2235152,15.3249887]},"properties":{"id":13518640375,"name":"ملحمة قاصد كريم","type":"butcher","category":"shopping","subcategory":"food_shop","osmType":"node","shop":"butcher","name:latin":"mlhma qasd krym"}},{"type":"Feature","id":13518640378,"geometry":{"type":"Point","coordinates":[44.223693600000004,15.324462200000001]},"properties":{"id":13518640378,"name":"بقالة المستقبل","type":"convenience","category":"shopping","subcategory":"supermarket","osmType":"node","shop":"convenience","name:latin":"bqala al-mstqbl"}},{"type":"Feature","id":13518640393,"geometry":{"type":"Point","coordinates":[44.224079800000005,15.322769100000002]},"properties":{"id":13518640393,"name":"بقالة العدوي","type":"convenience","category":"shopping","subcategory":"supermarket","osmType":"node","shop":"convenience","name:latin":"bqala al-'dwy"}},{"type":"Feature","id":13518704503,"geometry":{"type":"Point","coordinates":[44.2235474,15.321981400000002]},"properties":{"id":13518704503,"name":"بقالة غراب","type":"convenience","category":"shopping","subcategory":"supermarket","osmType":"node","shop":"convenience","name:latin":"bqala ghrab"}},{"type":"Feature","id":13518704504,"geometry":{"type":"Point","coordinates":[44.2235206,15.321722800000002]},"properties":{"id":13518704504,"name":"سوبر ماركت الجعدي","type":"convenience","category":"shopping","subcategory":"supermarket","osmType":"node","shop":"convenience","name:latin":"swbr markt al-j'dy"}},{"type":"Feature","id":13518704510,"geometry":{"type":"Point","coordinates":[44.2210235,15.320513400000001]},"properties":{"id":13518704510,"name":"بقالة محمد الشريفي","type":"convenience","category":"shopping","subcategory":"supermarket","osmType":"node","shop":"convenience","name:latin":"bqala mhmd al-shryfy"}},{"type":"Feature","id":13518704511,"geometry":{"type":"Point","coordinates":[44.220421300000005,15.321792600000002]},"properties":{"id":13518704511,"name":"تموينات أبو عمار","type":"convenience","category":"shopping","subcategory":"supermarket","osmType":"node","shop":"convenience","name:latin":"tmwynat abw 'mar"}},{"type":"Feature","id":13518704512,"geometry":{"type":"Point","coordinates":[44.220303300000005,15.321777100000002]},"properties":{"id":13518704512,"name":"سوبر ماركت أريج","type":"convenience","category":"shopping","subcategory":"supermarket","osmType":"node","shop":"convenience","name:latin":"swbr markt aryj"}},{"type":"Feature","id":13518704513,"geometry":{"type":"Point","coordinates":[44.220193300000005,15.3216335]},"properties":{"id":13518704513,"name":"بقالة أبو الخضر","type":"convenience","category":"shopping","subcategory":"supermarket","osmType":"node","shop":"convenience","name:latin":"bqala abw al-khdr"}},{"type":"Feature","id":13518704518,"geometry":{"type":"Point","coordinates":[44.22242490000001,15.329707]},"properties":{"id":13518704518,"name":"مخبز حيفان","type":"bakery","category":"shopping","subcategory":"food_shop","osmType":"node","shop":"bakery","name:latin":"mkhbz hyfan"}},{"type":"Feature","id":13518704522,"geometry":{"type":"Point","coordinates":[44.225714700000005,15.330316200000002]},"properties":{"id":13518704522,"name":"بقالة أمين","type":"convenience","category":"shopping","subcategory":"supermarket","osmType":"node","shop":"convenience","name:latin":"bqala amyn"}},{"type":"Feature","id":13518704527,"geometry":{"type":"Point","coordinates":[44.225096400000005,15.329605500000001]},"properties":{"id":13518704527,"name":"بقالة الشجاع","type":"convenience","category":"shopping","subcategory":"supermarket","osmType":"node","shop":"convenience","name:latin":"bqala al-shja'"}},{"type":"Feature","id":13518704530,"geometry":{"type":"Point","coordinates":[44.226021800000005,15.329648800000001]},"properties":{"id":13518704530,"name":"بقالة الحسام","type":"convenience","category":"shopping","subcategory":"supermarket","osmType":"node","shop":"convenience","name:latin":"bqala al-hsam"}},{"type":"Feature","id":13518704531,"geometry":{"type":"Point","coordinates":[44.2273964,15.329775500000002]},"properties":{"id":13518704531,"name":"تموينات الصيري","type":"convenience","category":"shopping","subcategory":"supermarket","osmType":"node","shop":"convenience","name:latin":"tmwynat al-syry"}},{"type":"Feature","id":13518704532,"geometry":{"type":"Point","coordinates":[44.22857930000001,15.329789800000002]},"properties":{"id":13518704532,"name":"تموينات المدينة","type":"convenience","category":"shopping","subcategory":"supermarket","osmType":"node","shop":"convenience","name:latin":"tmwynat al-mdyna"}},{"type":"Feature","id":13518704533,"geometry":{"type":"Point","coordinates":[44.2287308,15.329842800000002]},"properties":{"id":13518704533,"name":"تموينات خولان","type":"convenience","category":"shopping","subcategory":"supermarket","osmType":"node","shop":"convenience","name:latin":"tmwynat khwlan"}},{"type":"Feature","id":13518704536,"geometry":{"type":"Point","coordinates":[44.2252426,15.324596800000002]},"properties":{"id":13518704536,"name":"بقالة اللواء الأخضر","type":"convenience","category":"shopping","subcategory":"supermarket","osmType":"node","shop":"convenience","name:latin":"bqala al-lwa' al-akhdr"}},{"type":"Feature","id":13518704538,"geometry":{"type":"Point","coordinates":[44.226681600000006,15.324620000000001]},"properties":{"id":13518704538,"name":"بقالة القادري","type":"convenience","category":"shopping","subcategory":"supermarket","osmType":"node","shop":"convenience","name:latin":"bqala al-qadry"}},{"type":"Feature","id":13518704543,"geometry":{"type":"Point","coordinates":[44.2270236,15.3226346]},"properties":{"id":13518704543,"name":"بقالة البرعي","type":"convenience","category":"shopping","subcategory":"supermarket","osmType":"node","shop":"convenience","name:latin":"bqala al-br'y"}},{"type":"Feature","id":13518704545,"geometry":{"type":"Point","coordinates":[44.2278711,15.3217525]},"properties":{"id":13518704545,"name":"بقالة فؤاد الحاجبي","type":"convenience","category":"shopping","subcategory":"supermarket","osmType":"node","shop":"convenience","name:latin":"bqala f'ad al-hajby"}},{"type":"Feature","id":13518704547,"geometry":{"type":"Point","coordinates":[44.226080800000005,15.321325700000001]},"properties":{"id":13518704547,"name":"بقالة النعماني","type":"convenience","category":"shopping","subcategory":"supermarket","osmType":"node","shop":"convenience","name:latin":"bqala al-n'many"}},{"type":"Feature","id":13518704548,"geometry":{"type":"Point","coordinates":[44.2255028,15.321263600000002]},"properties":{"id":13518704548,"name":"بقالة الأمين","type":"convenience","category":"shopping","subcategory":"supermarket","osmType":"node","shop":"convenience","name:latin":"bqala al-amyn"}},{"type":"Feature","id":13518704555,"geometry":{"type":"Point","coordinates":[44.2241147,15.319680400000001]},"properties":{"id":13518704555,"name":"بقالة الراجحي","type":"convenience","category":"shopping","subcategory":"supermarket","osmType":"node","shop":"convenience","name:latin":"bqala al-rajhy"}},{"type":"Feature","id":13518704558,"geometry":{"type":"Point","coordinates":[44.223534,15.320205600000001]},"properties":{"id":13518704558,"name":"بقالة أحمد الزريقي","type":"convenience","category":"shopping","subcategory":"supermarket","osmType":"node","shop":"convenience","name:latin":"bqala ahmd al-zryqy"}},{"type":"Feature","id":13518704563,"geometry":{"type":"Point","coordinates":[44.222492,15.3183275]},"properties":{"id":13518704563,"name":"تموينات الحزمي","type":"convenience","category":"shopping","subcategory":"supermarket","osmType":"node","shop":"convenience","name:latin":"tmwynat al-hzmy"}},{"type":"Feature","id":13518704564,"geometry":{"type":"Point","coordinates":[44.224176400000005,15.3177105]},"properties":{"id":13518704564,"name":"سوبر ماركت الوسيم","type":"convenience","category":"shopping","subcategory":"supermarket","osmType":"node","shop":"convenience","name:latin":"swbr markt al-wsym"}},{"type":"Feature","id":13518704567,"geometry":{"type":"Point","coordinates":[44.2235032,15.317927800000001]},"properties":{"id":13518704567,"name":"مخبز غزة","type":"bakery","category":"shopping","subcategory":"food_shop","osmType":"node","shop":"bakery","name:latin":"mkhbz ghza"}},{"type":"Feature","id":13518704568,"geometry":{"type":"Point","coordinates":[44.22351930000001,15.317814000000002]},"properties":{"id":13518704568,"name":"سوبر ماركت أبو زايد اليعفري","type":"convenience","category":"shopping","subcategory":"supermarket","osmType":"node","shop":"convenience","name:latin":"swbr markt abw zayd al-y'fry"}},{"type":"Feature","id":13518704572,"geometry":{"type":"Point","coordinates":[44.224947500000006,15.3173121]},"properties":{"id":13518704572,"name":"بقالة العبدلي","type":"convenience","category":"shopping","subcategory":"supermarket","osmType":"node","shop":"convenience","name:latin":"bqala al-'bdly"}},{"type":"Feature","id":13518704573,"geometry":{"type":"Point","coordinates":[44.225422300000005,15.3185473]},"properties":{"id":13518704573,"name":"بقالة المحفدي","type":"convenience","category":"shopping","subcategory":"supermarket","osmType":"node","shop":"convenience","name:latin":"bqala al-mhfdy"}},{"type":"Feature","id":13518704574,"geometry":{"type":"Point","coordinates":[44.22633020000001,15.3189056]},"properties":{"id":13518704574,"name":"بقالة الفهد","type":"convenience","category":"shopping","subcategory":"supermarket","osmType":"node","shop":"convenience","name:latin":"bqala al-fhd"}},{"type":"Feature","id":13518704575,"geometry":{"type":"Point","coordinates":[44.2262752,15.318346900000002]},"properties":{"id":13518704575,"name":"بقالة محمدين","type":"convenience","category":"shopping","subcategory":"supermarket","osmType":"node","shop":"convenience","name:latin":"bqala mhmdyn"}},{"type":"Feature","id":13518704577,"geometry":{"type":"Point","coordinates":[44.22774510000001,15.318418000000001]},"properties":{"id":13518704577,"name":"بقالة العاصمة","type":"convenience","category":"shopping","subcategory":"supermarket","osmType":"node","shop":"convenience","name:latin":"bqala al-'asma"}},{"type":"Feature","id":13518704578,"geometry":{"type":"Point","coordinates":[44.2277652,15.318574500000002]},"properties":{"id":13518704578,"name":"بقالة أبو صادق","type":"convenience","category":"shopping","subcategory":"supermarket","osmType":"node","shop":"convenience","name:latin":"bqala abw sadq"}},{"type":"Feature","id":13518704580,"geometry":{"type":"Point","coordinates":[44.227716900000004,15.319198000000002]},"properties":{"id":13518704580,"name":"تموينات أبو هاشم","type":"convenience","category":"shopping","subcategory":"supermarket","osmType":"node","shop":"convenience","name:latin":"tmwynat abw hashm"}},{"type":"Feature","id":13518704581,"geometry":{"type":"Point","coordinates":[44.22796030000001,15.319530400000001]},"properties":{"id":13518704581,"name":"المخبز العربي","type":"bakery","category":"shopping","subcategory":"food_shop","osmType":"node","shop":"bakery","name:latin":"al-mkhbz al-'rby"}},{"type":"Feature","id":13518704583,"geometry":{"type":"Point","coordinates":[44.228571200000005,15.319772200000001]},"properties":{"id":13518704583,"name":"بقالة قطر الندى","type":"convenience","category":"shopping","subcategory":"supermarket","osmType":"node","shop":"convenience","name:latin":"bqala qtr al-nda"}},{"type":"Feature","id":13518704588,"geometry":{"type":"Point","coordinates":[44.228402200000005,15.322215600000002]},"properties":{"id":13518704588,"name":"بقالة العائلة","type":"convenience","category":"shopping","subcategory":"supermarket","osmType":"node","shop":"convenience","name:latin":"bqala al-'a'la"}},{"type":"Feature","id":13518704598,"geometry":{"type":"Point","coordinates":[44.22937520000001,15.319478600000002]},"properties":{"id":13518704598,"name":"بقالة الأمين","type":"convenience","category":"shopping","subcategory":"supermarket","osmType":"node","shop":"convenience","name:latin":"bqala al-amyn"}},{"type":"Feature","id":13518704622,"geometry":{"type":"Point","coordinates":[44.226021800000005,15.315300700000002]},"properties":{"id":13518704622,"name":"بقالة سامي","type":"convenience","category":"shopping","subcategory":"supermarket","osmType":"node","shop":"convenience","name:latin":"bqala samy"}},{"type":"Feature","id":13518704624,"geometry":{"type":"Point","coordinates":[44.22273070000001,15.316113000000001]},"properties":{"id":13518704624,"name":"تموينات بن شريف","type":"convenience","category":"shopping","subcategory":"supermarket","osmType":"node","shop":"convenience","name:latin":"tmwynat bn shryf"}},{"type":"Feature","id":13518704627,"geometry":{"type":"Point","coordinates":[44.2254183,15.316558]},"properties":{"id":13518704627,"name":"تموينات النهضة التجارية","type":"convenience","category":"shopping","subcategory":"supermarket","osmType":"node","shop":"convenience","name:latin":"tmwynat al-nhda al-tjarya"}},{"type":"Feature","id":13518744801,"geometry":{"type":"Point","coordinates":[44.227919400000005,15.3092614]},"properties":{"id":13518744801,"name":"بقالة أبو مهيب","type":"convenience","category":"shopping","subcategory":"supermarket","osmType":"node","shop":"convenience","name:latin":"bqala abw mhyb"}},{"type":"Feature","id":13518744803,"geometry":{"type":"Point","coordinates":[44.228657000000005,15.309560200000002]},"properties":{"id":13518744803,"name":"بقالة مدينة الملزك","type":"convenience","category":"shopping","subcategory":"supermarket","osmType":"node","shop":"convenience","name:latin":"bqala mdyna al-mlzk"}},{"type":"Feature","id":13518744806,"geometry":{"type":"Point","coordinates":[44.234042900000006,15.310486400000002]},"properties":{"id":13518744806,"name":"تموينات أبو راكان","type":"convenience","category":"shopping","subcategory":"supermarket","osmType":"node","shop":"convenience","name:latin":"tmwynat abw rakan"}},{"type":"Feature","id":13518744812,"geometry":{"type":"Point","coordinates":[44.2337009,15.3067106]},"properties":{"id":13518744812,"name":"تموينات الوليدي","type":"convenience","category":"shopping","subcategory":"supermarket","osmType":"node","shop":"convenience","name:latin":"tmwynat al-wlydy"}},{"type":"Feature","id":13518744827,"geometry":{"type":"Point","coordinates":[44.23262270000001,15.3085707]},"properties":{"id":13518744827,"name":"بقالة الشرعبي","type":"convenience","category":"shopping","subcategory":"supermarket","osmType":"node","shop":"convenience","name:latin":"bqala al-shr'by"}},{"type":"Feature","id":13518744828,"geometry":{"type":"Point","coordinates":[44.23046480000001,15.307394900000002]},"properties":{"id":13518744828,"name":"تموينات حواء اليمن","type":"convenience","category":"shopping","subcategory":"supermarket","osmType":"node","shop":"convenience","name:latin":"tmwynat hwa' al-ymn"}},{"type":"Feature","id":13518744829,"geometry":{"type":"Point","coordinates":[44.229425500000005,15.307460800000001]},"properties":{"id":13518744829,"name":"بقالة أبو سامي","type":"convenience","category":"shopping","subcategory":"supermarket","osmType":"node","shop":"convenience","name:latin":"bqala abw samy"}},{"type":"Feature","id":13518744830,"geometry":{"type":"Point","coordinates":[44.2286517,15.307102500000001]},"properties":{"id":13518744830,"name":"تموينات الحزمي","type":"convenience","category":"shopping","subcategory":"supermarket","osmType":"node","shop":"convenience","name:latin":"tmwynat al-hzmy"}},{"type":"Feature","id":13518744832,"geometry":{"type":"Point","coordinates":[44.22836470000001,15.3073729]},"properties":{"id":13518744832,"name":"سوبر ماركت لس برايس","type":"convenience","category":"shopping","subcategory":"supermarket","osmType":"node","shop":"convenience","name:latin":"swbr markt ls brays"}},{"type":"Feature","id":13518744833,"geometry":{"type":"Point","coordinates":[44.2244983,15.3073121]},"properties":{"id":13518744833,"name":"بقالة العمراني","type":"convenience","category":"shopping","subcategory":"supermarket","osmType":"node","shop":"convenience","name:latin":"bqala al-'mrany"}},{"type":"Feature","id":13518744835,"geometry":{"type":"Point","coordinates":[44.2241992,15.307704000000001]},"properties":{"id":13518744835,"name":"تموينات ركن القادسية","type":"convenience","category":"shopping","subcategory":"supermarket","osmType":"node","shop":"convenience","name:latin":"tmwynat rkn al-qadsya"}},{"type":"Feature","id":13518744836,"geometry":{"type":"Point","coordinates":[44.223960500000004,15.3083456]},"properties":{"id":13518744836,"name":"سوبر ماركت الفرسان","type":"convenience","category":"shopping","subcategory":"supermarket","osmType":"node","shop":"convenience","name:latin":"swbr markt al-frsan"}},{"type":"Feature","id":13518744840,"geometry":{"type":"Point","coordinates":[44.223283200000004,15.308948400000002]},"properties":{"id":13518744840,"name":"سوبر ماركت الحرمين","type":"convenience","category":"shopping","subcategory":"supermarket","osmType":"node","shop":"convenience","name:latin":"swbr markt al-hrmyn"}},{"type":"Feature","id":13518744841,"geometry":{"type":"Point","coordinates":[44.2228641,15.3084827]},"properties":{"id":13518744841,"name":"بقالة عبده رجب","type":"convenience","category":"shopping","subcategory":"supermarket","osmType":"node","shop":"convenience","name:latin":"bqala 'bdh rjb"}},{"type":"Feature","id":13518744852,"geometry":{"type":"Point","coordinates":[44.2279489,15.309014300000001]},"properties":{"id":13518744852,"name":"مخبز وحلويات ركن القادسية","type":"bakery","category":"shopping","subcategory":"food_shop","osmType":"node","shop":"bakery","name:latin":"mkhbz whlwyat rkn al-qadsya"}},{"type":"Feature","id":13518744853,"geometry":{"type":"Point","coordinates":[44.22806430000001,15.308584900000001]},"properties":{"id":13518744853,"name":"بقالة المليكي","type":"convenience","category":"shopping","subcategory":"supermarket","osmType":"node","shop":"convenience","name:latin":"bqala al-mlyky"}},{"type":"Feature","id":13518744854,"geometry":{"type":"Point","coordinates":[44.2303106,15.309392100000002]},"properties":{"id":13518744854,"name":"بقالة ومكتبة محمد عبده","type":"convenience","category":"shopping","subcategory":"supermarket","osmType":"node","shop":"convenience","name:latin":"bqala wmktba mhmd 'bdh"}},{"type":"Feature","id":13518744855,"geometry":{"type":"Point","coordinates":[44.23012550000001,15.309196700000001]},"properties":{"id":13518744855,"name":"بقالة ظفار","type":"convenience","category":"shopping","subcategory":"supermarket","osmType":"node","shop":"convenience","name:latin":"bqala zfar"}},{"type":"Feature","id":13518744856,"geometry":{"type":"Point","coordinates":[44.2306352,15.309956000000001]},"properties":{"id":13518744856,"name":"سوبر ماركت غزة","type":"convenience","category":"shopping","subcategory":"supermarket","osmType":"node","shop":"convenience","name:latin":"swbr markt ghza"}},{"type":"Feature","id":13518744863,"geometry":{"type":"Point","coordinates":[44.2309557,15.310699800000002]},"properties":{"id":13518744863,"name":"بقالة المزحاني","type":"convenience","category":"shopping","subcategory":"supermarket","osmType":"node","shop":"convenience","name:latin":"bqala al-mzhany"}},{"type":"Feature","id":13518744866,"geometry":{"type":"Point","coordinates":[44.2309289,15.310363500000001]},"properties":{"id":13518744866,"name":"بقالة اليسر","type":"convenience","category":"shopping","subcategory":"supermarket","osmType":"node","shop":"convenience","name:latin":"bqala al-ysr"}},{"type":"Feature","id":13518744867,"geometry":{"type":"Point","coordinates":[44.23150150000001,15.310292300000002]},"properties":{"id":13518744867,"name":"العيسائي للمواد الغذائية","type":"convenience","category":"shopping","subcategory":"supermarket","osmType":"node","shop":"convenience","name:latin":"al-'ysa'y llmwad al-ghdha'ya"}},{"type":"Feature","id":13518744871,"geometry":{"type":"Point","coordinates":[44.23005980000001,15.310014200000001]},"properties":{"id":13518744871,"name":"سوبر ماركت الزهيري","type":"convenience","category":"shopping","subcategory":"supermarket","osmType":"node","shop":"convenience","name:latin":"swbr markt al-zhyry"}},{"type":"Feature","id":13518744873,"geometry":{"type":"Point","coordinates":[44.2297608,15.309673400000001]},"properties":{"id":13518744873,"name":"مخبز 24 ساعة","type":"bakery","category":"shopping","subcategory":"food_shop","osmType":"node","shop":"bakery","name:latin":"mkhbz 24 sa'a"}},{"type":"Feature","id":13518744874,"geometry":{"type":"Point","coordinates":[44.229337,15.309767200000001]},"properties":{"id":13518744874,"name":"بقالة حسن","type":"convenience","category":"shopping","subcategory":"supermarket","osmType":"node","shop":"convenience","name:latin":"bqala hsn"}},{"type":"Feature","id":13518744876,"geometry":{"type":"Point","coordinates":[44.229514,15.310833]},"properties":{"id":13518744876,"name":"بقالة عدنان","type":"convenience","category":"shopping","subcategory":"supermarket","osmType":"node","shop":"convenience","name:latin":"bqala 'dnan"}},{"type":"Feature","id":13518744877,"geometry":{"type":"Point","coordinates":[44.229168,15.311226200000002]},"properties":{"id":13518744877,"name":"بقالة الحمادي","type":"convenience","category":"shopping","subcategory":"supermarket","osmType":"node","shop":"convenience","name:latin":"bqala al-hmady"}},{"type":"Feature","id":13518744879,"geometry":{"type":"Point","coordinates":[44.228618100000006,15.311521200000001]},"properties":{"id":13518744879,"name":"بقالة الصياري","type":"convenience","category":"shopping","subcategory":"supermarket","osmType":"node","shop":"convenience","name:latin":"bqala al-syary"}},{"type":"Feature","id":13518744881,"geometry":{"type":"Point","coordinates":[44.22758820000001,15.311651800000002]},"properties":{"id":13518744881,"name":"بقالة العفيف","type":"convenience","category":"shopping","subcategory":"supermarket","osmType":"node","shop":"convenience","name:latin":"bqala al-'fyf"}},{"type":"Feature","id":13518744882,"geometry":{"type":"Point","coordinates":[44.2273897,15.311569000000002]},"properties":{"id":13518744882,"name":"بقالة سمير علوان","type":"convenience","category":"shopping","subcategory":"supermarket","osmType":"node","shop":"convenience","name:latin":"bqala smyr 'lwan"}},{"type":"Feature","id":13518744883,"geometry":{"type":"Point","coordinates":[44.227045000000004,15.311527600000002]},"properties":{"id":13518744883,"name":"تموينات عبدالعزيز","type":"convenience","category":"shopping","subcategory":"supermarket","osmType":"node","shop":"convenience","name:latin":"tmwynat 'bdal'zyz"}},{"type":"Feature","id":13518744885,"geometry":{"type":"Point","coordinates":[44.2272851,15.311381500000001]},"properties":{"id":13518744885,"name":"مخبز السلطان للخبز العربي","type":"bakery","category":"shopping","subcategory":"food_shop","osmType":"node","shop":"bakery","name:latin":"mkhbz al-sltan llkhbz al-'rby"}},{"type":"Feature","id":13518744886,"geometry":{"type":"Point","coordinates":[44.227117400000004,15.311311600000002]},"properties":{"id":13518744886,"name":"بقالة حاتم","type":"convenience","category":"shopping","subcategory":"supermarket","osmType":"node","shop":"convenience","name:latin":"bqala hatm"}},{"type":"Feature","id":13518744893,"geometry":{"type":"Point","coordinates":[44.225213100000005,15.310780000000001]},"properties":{"id":13518744893,"name":"تموينات القمة","type":"convenience","category":"shopping","subcategory":"supermarket","osmType":"node","shop":"convenience","name:latin":"tmwynat al-qma"}},{"type":"Feature","id":13518744894,"geometry":{"type":"Point","coordinates":[44.225096400000005,15.311111100000002]},"properties":{"id":13518744894,"name":"تموينات الإخوة","type":"convenience","category":"shopping","subcategory":"supermarket","osmType":"node","shop":"convenience","name:latin":"tmwynat al-ikhwa"}},{"type":"Feature","id":13518890299,"geometry":{"type":"Point","coordinates":[44.202207800000004,15.346529400000001]},"properties":{"id":13518890299,"name":"مركز الواحة","type":"greengrocer","category":"shopping","subcategory":"food_shop","osmType":"node","shop":"greengrocer","name:latin":"mrkz al-waha"}},{"type":"Feature","id":13518892449,"geometry":{"type":"Point","coordinates":[44.1971397,15.351480100000002]},"properties":{"id":13518892449,"name":"مخبز البونية","type":"bakery","category":"shopping","subcategory":"food_shop","osmType":"node","shop":"bakery","name:latin":"mkhbz al-bwnya"}},{"type":"Feature","id":13518892450,"geometry":{"type":"Point","coordinates":[44.197755300000004,15.351860300000002]},"properties":{"id":13518892450,"name":"بقالة ركن البونية","type":"convenience","category":"shopping","subcategory":"supermarket","osmType":"node","shop":"convenience","name:latin":"bqala rkn al-bwnya"}},{"type":"Feature","id":13518892451,"geometry":{"type":"Point","coordinates":[44.20112820000001,15.3522224]},"properties":{"id":13518892451,"name":"تموينات البلال","type":"convenience","category":"shopping","subcategory":"supermarket","osmType":"node","shop":"convenience","name:latin":"tmwynat al-blal"}},{"type":"Feature","id":13518892464,"geometry":{"type":"Point","coordinates":[44.198674000000004,15.351458100000002]},"properties":{"id":13518892464,"name":"بقالة مصطفى","type":"convenience","category":"shopping","subcategory":"supermarket","osmType":"node","shop":"convenience","name:latin":"bqala mstfa"}},{"type":"Feature","id":13518892496,"geometry":{"type":"Point","coordinates":[44.197129000000004,15.346671700000002]},"properties":{"id":13518892496,"name":"بقالة اليمن الجديد","type":"convenience","category":"shopping","subcategory":"supermarket","osmType":"node","shop":"convenience","name:latin":"bqala al-ymn al-jdyd"}},{"type":"Feature","id":13518892497,"geometry":{"type":"Point","coordinates":[44.197538,15.346851500000001]},"properties":{"id":13518892497,"name":"مخبز باب البلقة","type":"bakery","category":"shopping","subcategory":"food_shop","osmType":"node","shop":"bakery","name:latin":"mkhbz bab al-blqa"}},{"type":"Feature","id":13518892504,"geometry":{"type":"Point","coordinates":[44.19163580000001,15.3498519]},"properties":{"id":13518892504,"name":"تموينات ركن الجامعة","type":"convenience","category":"shopping","subcategory":"supermarket","osmType":"node","shop":"convenience","name:latin":"tmwynat rkn al-jam'a"}},{"type":"Feature","id":13518892505,"geometry":{"type":"Point","coordinates":[44.192833500000006,15.352120200000002]},"properties":{"id":13518892505,"name":"تموينات أبو تميم للمواد الغذائية","type":"convenience","category":"shopping","subcategory":"supermarket","osmType":"node","shop":"convenience","name:latin":"tmwynat abw tmym llmwad al-ghdha'ya"}},{"type":"Feature","id":13518892507,"geometry":{"type":"Point","coordinates":[44.191308600000006,15.350770100000002]},"properties":{"id":13518892507,"name":"بقالة السواري","type":"convenience","category":"shopping","subcategory":"supermarket","osmType":"node","shop":"convenience","name:latin":"bqala al-swary"}},{"type":"Feature","id":13518892510,"geometry":{"type":"Point","coordinates":[44.1902411,15.350197200000002]},"properties":{"id":13518892510,"name":"بقالة الياسين","type":"convenience","category":"shopping","subcategory":"supermarket","osmType":"node","shop":"convenience","name:latin":"bqala al-yasyn"}},{"type":"Feature","id":13518892517,"geometry":{"type":"Point","coordinates":[44.19252770000001,15.351256300000001]},"properties":{"id":13518892517,"name":"بقالة ومكتبة أبو يزن","type":"convenience","category":"shopping","subcategory":"supermarket","osmType":"node","shop":"convenience","name:latin":"bqala wmktba abw yzn"}},{"type":"Feature","id":13518892519,"geometry":{"type":"Point","coordinates":[44.1924003,15.351569300000001]},"properties":{"id":13518892519,"name":"مخبز الشرفي","type":"bakery","category":"shopping","subcategory":"food_shop","osmType":"node","shop":"bakery","name:latin":"mkhbz al-shrfy"}},{"type":"Feature","id":13518892523,"geometry":{"type":"Point","coordinates":[44.19265910000001,15.353166500000002]},"properties":{"id":13518892523,"name":"ملحمة داؤود","type":"butcher","category":"shopping","subcategory":"food_shop","osmType":"node","shop":"butcher","name:latin":"mlhma da'wd"}},{"type":"Feature","id":13518892525,"geometry":{"type":"Point","coordinates":[44.192703400000006,15.353359200000002]},"properties":{"id":13518892525,"name":"ملحمة عمار","type":"butcher","category":"shopping","subcategory":"food_shop","osmType":"node","shop":"butcher","name:latin":"mlhma 'mar"}},{"type":"Feature","id":13518892533,"geometry":{"type":"Point","coordinates":[44.1911611,15.352950500000002]},"properties":{"id":13518892533,"name":"سوبر ماركت الحارة","type":"convenience","category":"shopping","subcategory":"supermarket","osmType":"node","shop":"convenience","name:latin":"swbr markt al-hara"}},{"type":"Feature","id":13518892537,"geometry":{"type":"Point","coordinates":[44.194925600000005,15.352632300000002]},"properties":{"id":13518892537,"name":"مخبز السلال","type":"bakery","category":"shopping","subcategory":"food_shop","osmType":"node","shop":"bakery","name:latin":"mkhbz al-slal"}},{"type":"Feature","id":13518892545,"geometry":{"type":"Point","coordinates":[44.192852200000004,15.3465915]},"properties":{"id":13518892545,"name":"سوبر ماركت الشعب","type":"convenience","category":"shopping","subcategory":"supermarket","osmType":"node","shop":"convenience","name:latin":"swbr markt al-sh'b"}},{"type":"Feature","id":13518892546,"geometry":{"type":"Point","coordinates":[44.1925639,15.345849200000002]},"properties":{"id":13518892546,"name":"ميني ماركت التام","type":"convenience","category":"shopping","subcategory":"supermarket","osmType":"node","shop":"convenience","name:latin":"myny markt al-tam"}},{"type":"Feature","id":13518892547,"geometry":{"type":"Point","coordinates":[44.19122410000001,15.346956200000001]},"properties":{"id":13518892547,"name":"مخبز الصلوي","type":"bakery","category":"shopping","subcategory":"food_shop","osmType":"node","shop":"bakery","name:latin":"mkhbz al-slwy"}},{"type":"Feature","id":13518892550,"geometry":{"type":"Point","coordinates":[44.189924600000005,15.346251400000002]},"properties":{"id":13518892550,"name":"بقالة السامعي","type":"convenience","category":"shopping","subcategory":"supermarket","osmType":"node","shop":"convenience","name:latin":"bqala al-sam'y"}},{"type":"Feature","id":13518892552,"geometry":{"type":"Point","coordinates":[44.195636400000005,15.350184200000001]},"properties":{"id":13518892552,"name":"بقالة يوسف","type":"convenience","category":"shopping","subcategory":"supermarket","osmType":"node","shop":"convenience","name:latin":"bqala ywsf"}},{"type":"Feature","id":13518892554,"geometry":{"type":"Point","coordinates":[44.196178800000006,15.348680100000001]},"properties":{"id":13518892554,"name":"بقالة التاج الملكي","type":"convenience","category":"shopping","subcategory":"supermarket","osmType":"node","shop":"convenience","name:latin":"bqala al-taj al-mlky"}},{"type":"Feature","id":13518892556,"geometry":{"type":"Point","coordinates":[44.195141500000005,15.348377500000002]},"properties":{"id":13518892556,"name":"بقالة الثلايا","type":"convenience","category":"shopping","subcategory":"supermarket","osmType":"node","shop":"convenience","name:latin":"bqala al-thlaya"}},{"type":"Feature","id":13518892563,"geometry":{"type":"Point","coordinates":[44.193738700000004,15.347567900000001]},"properties":{"id":13518892563,"name":"خليفة للخضروات والفواكه","type":"greengrocer","category":"shopping","subcategory":"food_shop","osmType":"node","shop":"greengrocer","name:latin":"khlyfa llkhdrwat walfwakh"}},{"type":"Feature","id":13518892571,"geometry":{"type":"Point","coordinates":[44.191652600000005,15.347071300000001]},"properties":{"id":13518892571,"name":"مخبز ميراب","type":"bakery","category":"shopping","subcategory":"food_shop","osmType":"node","shop":"bakery","name:latin":"mkhbz myrab"}},{"type":"Feature","id":13518892572,"geometry":{"type":"Point","coordinates":[44.1918444,15.347137900000002]},"properties":{"id":13518892572,"name":"بقالة صبري الزريقي","type":"convenience","category":"shopping","subcategory":"supermarket","osmType":"node","shop":"convenience","name:latin":"bqala sbry al-zryqy"}},{"type":"Feature","id":13518892575,"geometry":{"type":"Point","coordinates":[44.191997900000004,15.347738600000001]},"properties":{"id":13518892575,"name":"الحجاجي للبهارات والمواد الغذائية","type":"convenience","category":"shopping","subcategory":"supermarket","osmType":"node","shop":"convenience","name:latin":"al-hjajy llbharat walmwad al-ghdha'ya"}},{"type":"Feature","id":13521158005,"geometry":{"type":"Point","coordinates":[44.2137681,15.380222600000002]},"properties":{"id":13521158005,"name":"مخبز البركة","type":"bakery","category":"shopping","subcategory":"food_shop","osmType":"node","shop":"bakery","name:latin":"mkhbz al-brka"}},{"type":"Feature","id":13521158006,"geometry":{"type":"Point","coordinates":[44.213829800000006,15.380165000000002]},"properties":{"id":13521158006,"name":"مخبز الوفاء","type":"bakery","category":"shopping","subcategory":"food_shop","osmType":"node","shop":"bakery","name:latin":"mkhbz al-wfa'"}},{"type":"Feature","id":13521158009,"geometry":{"type":"Point","coordinates":[44.2139941,15.379788800000002]},"properties":{"id":13521158009,"name":"بقالة الهمداني","type":"convenience","category":"shopping","subcategory":"supermarket","osmType":"node","shop":"convenience","name:latin":"bqala al-hmdany"}},{"type":"Feature","id":13521158012,"geometry":{"type":"Point","coordinates":[44.215093100000004,15.3781259]},"properties":{"id":13521158012,"name":"بقالة عبدالباسط الضبيبي","type":"convenience","category":"shopping","subcategory":"supermarket","osmType":"node","shop":"convenience","name:latin":"bqala 'bdalbast al-dbyby"}},{"type":"Feature","id":13521158015,"geometry":{"type":"Point","coordinates":[44.214277,15.377133400000002]},"properties":{"id":13521158015,"name":"تموينات أبو ريسان","type":"convenience","category":"shopping","subcategory":"supermarket","osmType":"node","shop":"convenience","name:latin":"tmwynat abw rysan"}},{"type":"Feature","id":13521158016,"geometry":{"type":"Point","coordinates":[44.214584200000004,15.377001500000002]},"properties":{"id":13521158016,"name":"ملحمة يحيى الرفيق","type":"butcher","category":"shopping","subcategory":"food_shop","osmType":"node","shop":"butcher","name:latin":"mlhma yhya al-rfyq"}},{"type":"Feature","id":13521158017,"geometry":{"type":"Point","coordinates":[44.2145902,15.3769369]},"properties":{"id":13521158017,"name":"ملحمة ابن مقبل","type":"butcher","category":"shopping","subcategory":"food_shop","osmType":"node","shop":"butcher","name:latin":"mlhma abn mqbl"}},{"type":"Feature","id":13521158018,"geometry":{"type":"Point","coordinates":[44.20587570000001,15.3742692]},"properties":{"id":13521158018,"name":"بقالة أبو محمد الكامل","type":"convenience","category":"shopping","subcategory":"supermarket","osmType":"node","shop":"convenience","name:latin":"bqala abw mhmd al-kaml"}},{"type":"Feature","id":13521158020,"geometry":{"type":"Point","coordinates":[44.205965500000005,15.3768635]},"properties":{"id":13521158020,"name":"المذاق اليمني","type":"bakery","category":"shopping","subcategory":"food_shop","osmType":"node","shop":"bakery","name:latin":"al-mdhaq al-ymny"}},{"type":"Feature","id":13521158052,"geometry":{"type":"Point","coordinates":[44.207393800000006,15.364163900000001]},"properties":{"id":13521158052,"name":"ميني ماركت القيادة","type":"convenience","category":"shopping","subcategory":"supermarket","osmType":"node","shop":"convenience","name:latin":"myny markt al-qyada"}},{"type":"Feature","id":13521158065,"geometry":{"type":"Point","coordinates":[44.204759200000005,15.363726800000002]},"properties":{"id":13521158065,"name":"تموينات ركن الحرية","type":"convenience","category":"shopping","subcategory":"supermarket","osmType":"node","shop":"convenience","name:latin":"tmwynat rkn al-hrya"}},{"type":"Feature","id":13521158066,"geometry":{"type":"Point","coordinates":[44.205091800000005,15.3636078]},"properties":{"id":13521158066,"name":"بقالة يستاهل","type":"convenience","category":"shopping","subcategory":"supermarket","osmType":"node","shop":"convenience","name:latin":"bqala ystahl"}},{"type":"Feature","id":13521158075,"geometry":{"type":"Point","coordinates":[44.193686400000004,15.366282100000001]},"properties":{"id":13521158075,"name":"تموينات صنعاء","type":"convenience","category":"shopping","subcategory":"supermarket","osmType":"node","shop":"convenience","name:latin":"tmwynat sn'a'"}},{"type":"Feature","id":13521158080,"geometry":{"type":"Point","coordinates":[44.194509800000006,15.363419000000002]},"properties":{"id":13521158080,"name":"بقالة ضياء الحاج","type":"convenience","category":"shopping","subcategory":"supermarket","osmType":"node","shop":"convenience","name:latin":"bqala dya' al-haj"}},{"type":"Feature","id":13540239201,"geometry":{"type":"Point","coordinates":[44.231901300000004,15.478501200000002]},"properties":{"id":13540239201,"name":"سوق السريحي","type":"marketplace","category":"shopping","subcategory":"marketplace","osmType":"node","amenity":"marketplace","name:latin":"swq al-sryhy"}},{"type":"Feature","id":13625876801,"geometry":{"type":"Point","coordinates":[44.17664980000001,15.354678200000002]},"properties":{"id":13625876801,"name":"بقالة علي الحبيشي","type":"supermarket","category":"shopping","subcategory":"supermarket","osmType":"node","shop":"supermarket","name:latin":"bqala 'ly al-hbyshy"}},{"type":"Feature","id":13698719410,"geometry":{"type":"Point","coordinates":[44.18427990000001,15.392686300000001]},"properties":{"id":13698719410,"name":"مخبز مدينة سبأ","type":"bakery","category":"shopping","subcategory":"food_shop","osmType":"node","shop":"bakery","name:latin":"mkhbz mdyna sba"}},{"type":"Feature","id":13698721319,"geometry":{"type":"Point","coordinates":[44.18433640000001,15.392698300000001]},"properties":{"id":13698721319,"name":"العمراني للتجارة","type":"convenience","category":"shopping","subcategory":"supermarket","osmType":"node","shop":"convenience","name:latin":"al-'mrany lltjara"}},{"type":"Feature","id":118740642,"geometry":{"type":"Polygon","coordinates":[[[44.1987948,15.325883600000001],[44.198757,15.325434200000002],[44.19810210000001,15.325454400000002],[44.198106300000006,15.325920100000001],[44.1987948,15.325883600000001]]]},"properties":{"id":118740642,"name":"التوفير هايبر ماركت","type":"supermarket","category":"shopping","subcategory":"supermarket","osmType":"way","name:en":"Tawfeer Hyper Supermarket","shop":"supermarket"}},{"type":"Feature","id":120247500,"geometry":{"type":"Polygon","coordinates":[[[44.189604800000005,15.3602243],[44.1892689,15.3602243],[44.1892531,15.3596879],[44.1894421,15.3597081],[44.18940010000001,15.359870100000002],[44.1895943,15.359895400000001],[44.189604800000005,15.3602243]]]},"properties":{"id":120247500,"name":"سيتي مارت","type":"supermarket","category":"shopping","subcategory":"supermarket","osmType":"way","name:ar":"سيتي مارت","shop":"supermarket","name:latin":"syty mart"}},{"type":"Feature","id":151022059,"geometry":{"type":"Polygon","coordinates":[[[44.2067994,15.354710500000001],[44.2072927,15.354886],[44.208030900000004,15.355103100000001],[44.208226200000006,15.3551286],[44.20821290000001,15.355235600000002],[44.2083073,15.355261100000002],[44.208328800000004,15.3551286],[44.2090206,15.355024900000002],[44.209000800000005,15.354929100000001],[44.2088948,15.354932300000002],[44.2085257,15.354994600000001],[44.2079547,15.354918000000001],[44.20734890000001,15.354814200000002],[44.2068048,15.354605300000001],[44.2067994,15.354710500000001]]]},"properties":{"id":151022059,"name":"","type":"marketplace","category":"shopping","subcategory":"marketplace","osmType":"way","amenity":"marketplace"}},{"type":"Feature","id":198387851,"geometry":{"type":"Polygon","coordinates":[[[44.181946800000006,15.335379000000001],[44.1819344,15.334650500000002],[44.181746600000004,15.334317200000001],[44.1813433,15.334515900000001],[44.1812119,15.3340171],[44.180953300000006,15.334143800000001],[44.1809409,15.334314000000001],[44.18101480000001,15.334325900000001],[44.1810313,15.334428800000001],[44.1808588,15.334856400000001],[44.180793200000004,15.3354265],[44.181946800000006,15.335379000000001]]]},"properties":{"id":198387851,"name":"مركز صنعاء التجاري","type":"mall","category":"shopping","subcategory":"mall","osmType":"way","name:ar":"مركز صنعاء التجاري","shop":"mall","name:latin":"mrkz sn'a' al-tjary"}},{"type":"Feature","id":204178418,"geometry":{"type":"Polygon","coordinates":[[[44.2013333,15.346186000000001],[44.2013655,15.345997100000002],[44.2011965,15.345937700000002],[44.2011563,15.346134200000002],[44.2013333,15.346186000000001]]]},"properties":{"id":204178418,"name":"بهارات ياسين","type":"mall","category":"shopping","subcategory":"mall","osmType":"way","addr:street":"شارع الزبيري","alt_name":"بهارات ياسين","int_name":"Yassin Spices","name:ar":"بهارات ياسين","name:en":"Yassin Spices","shop":"mall"}},{"type":"Feature","id":231406576,"geometry":{"type":"Polygon","coordinates":[[[44.18942800000001,15.3063224],[44.1896276,15.306058300000002],[44.190015700000004,15.3061918],[44.1895772,15.3067933],[44.189248600000006,15.306554000000002],[44.18942800000001,15.3063224]]]},"properties":{"id":231406576,"name":"ALgandoul","type":"supermarket","category":"shopping","subcategory":"supermarket","osmType":"way","name:ar":"الجندول","shop":"supermarket"}},{"type":"Feature","id":232267214,"geometry":{"type":"Polygon","coordinates":[[[44.2305214,15.285696500000002],[44.23041430000001,15.285753600000001],[44.230291,15.2857815],[44.2302114,15.2857841],[44.2301524,15.285760800000002],[44.2301148,15.285724600000002],[44.23012550000001,15.285623700000002],[44.230122800000004,15.285512500000001],[44.230136300000005,15.2853831],[44.23023010000001,15.2854012],[44.230257,15.285499500000002],[44.2303633,15.285564700000002],[44.230446500000006,15.285637200000002],[44.2305214,15.285696500000002]]]},"properties":{"id":232267214,"name":"فرع بهارات ياسين","type":"mall","category":"shopping","subcategory":"mall","osmType":"way","alt_name":"فرع بهارات ياسين","fixme":"name, name:ar mismatch. name, name:ar mismatch. name, name:ar mismatch. name, name:ar mismatch.","int_name":"Yassin Spices Branch","name:ar":"بهارات ياسين","name:en":"Yassin Spices","shop":"mall"}},{"type":"Feature","id":237753568,"geometry":{"type":"Polygon","coordinates":[[[44.210128100000006,15.378531],[44.208669,15.377993100000001],[44.208255900000005,15.3790276],[44.20975790000001,15.3795189],[44.210128100000006,15.378531]]]},"properties":{"id":237753568,"name":"سوق الحصبة المركزي","type":"mall","category":"shopping","subcategory":"mall","osmType":"way","name:ar":"سوق الحصبة المركزي","shop":"mall","name:latin":"swq al-hsba al-mrkzy"}},{"type":"Feature","id":237755286,"geometry":{"type":"Polygon","coordinates":[[[44.21045530000001,15.341184700000001],[44.210668600000005,15.341811900000002],[44.2104969,15.341897200000002],[44.210193800000006,15.3420111],[44.2101053,15.341982600000001],[44.2101241,15.341385100000002],[44.2101241,15.341245400000002],[44.210085400000004,15.340994100000001],[44.210203400000005,15.340981200000002],[44.210294600000005,15.341235900000001],[44.21045530000001,15.341184700000001]]]},"properties":{"id":237755286,"name":"سوق السمك","type":"marketplace","category":"shopping","subcategory":"marketplace","osmType":"way","amenity":"marketplace","name:ar":"سوق السمك","name:en":"Fish Market"}},{"type":"Feature","id":502491914,"geometry":{"type":"Polygon","coordinates":[[[44.197441500000004,15.3340536],[44.1967318,15.334126900000001],[44.196752100000005,15.3342328],[44.196698000000005,15.334245800000001],[44.1967459,15.3345569],[44.196788100000006,15.334550400000001],[44.196761900000006,15.334369500000001],[44.196791700000006,15.334365400000001],[44.196834300000006,15.3345984],[44.19723870000001,15.334539900000001],[44.197265800000004,15.334695600000002],[44.197448300000005,15.334669500000002],[44.197526,15.334578300000002],[44.197441500000004,15.3340536]]]},"properties":{"id":502491914,"name":"محل الأطفال هابي شوب","type":"supermarket","category":"shopping","subcategory":"supermarket","osmType":"way","addr:city":"صنعاء","addr:street":"الخط الدائري","building":"yes","name:en":"Happy Shop","shop":"supermarket"}},{"type":"Feature","id":502491916,"geometry":{"type":"Polygon","coordinates":[[[44.19488630000001,15.335099300000001],[44.1954046,15.335077100000001],[44.195506800000004,15.335180900000001],[44.195329300000004,15.335432500000001],[44.19486680000001,15.335438100000001],[44.19488630000001,15.335099300000001]]]},"properties":{"id":502491916,"name":"سام مول","type":"mall","category":"shopping","subcategory":"mall","osmType":"way","addr:city":"صنعاء","addr:street":"الخط الدائري","building":"yes","name:en":"sam mall","opening_hours":"Mo-Su 09:00-22:00","shop":"mall"}},{"type":"Feature","id":502491918,"geometry":{"type":"Polygon","coordinates":[[[44.1973227,15.335305800000002],[44.197321800000005,15.335268100000002],[44.19730190000001,15.335268600000001],[44.1973008,15.335221],[44.197312700000005,15.335220800000002],[44.1973118,15.335183500000001],[44.1972954,15.335183800000001],[44.1972935,15.3350614],[44.197306000000005,15.335061300000001],[44.1973058,15.335031500000001],[44.197289700000006,15.3350316],[44.197289100000006,15.334974400000002],[44.197313300000005,15.3349337],[44.197341900000005,15.334931200000002],[44.1973545,15.3349305],[44.1973872,15.334929800000001],[44.197387600000006,15.334948200000001],[44.197461600000004,15.334946600000002],[44.197461100000005,15.334926900000001],[44.19749100000001,15.334926300000001],[44.1974913,15.334940000000001],[44.197515800000005,15.3349395],[44.197535900000005,15.334914300000001],[44.19755730000001,15.334916200000002],[44.197574100000004,15.334931700000002],[44.19760050000001,15.334931300000001],[44.197600200000004,15.334914300000001],[44.1976445,15.3349135],[44.197644800000006,15.3349328],[44.197704800000004,15.334931800000001],[44.197704400000006,15.334910500000001],[44.197745600000005,15.334909800000002],[44.1977459,15.334928900000001],[44.1978001,15.334927900000002],[44.19780840000001,15.335291300000002],[44.197671500000006,15.335294400000002],[44.19767100000001,15.3352704],[44.197607000000005,15.335271900000002],[44.197607600000005,15.335297100000002],[44.197528600000005,15.335298900000002],[44.197528000000005,15.335272900000001],[44.197493300000005,15.335273700000002],[44.197494000000006,15.335302100000002],[44.1973227,15.335305800000002]]]},"properties":{"id":502491918,"name":"يمن مول","type":"mall","category":"shopping","subcategory":"mall","osmType":"way","building":"yes","name:en":"Yemen Mall","shop":"mall"}},{"type":"Feature","id":599949983,"geometry":{"type":"Polygon","coordinates":[[[44.1761162,15.397274300000001],[44.176379100000005,15.397525100000001],[44.175974100000005,15.3978794],[44.175764900000004,15.3976725],[44.1761162,15.397274300000001]]]},"properties":{"id":599949983,"name":"طيبة هايبر ماركت","type":"supermarket","category":"shopping","subcategory":"supermarket","osmType":"way","addr:street":"شارع الستين","building":"yes","name:en":"Taiba Hyper Market","shop":"supermarket"}},{"type":"Feature","id":602874890,"geometry":{"type":"Polygon","coordinates":[[[44.180046700000005,15.3977336],[44.182034200000004,15.399515000000001],[44.1818734,15.399859300000001],[44.181521200000006,15.400181100000001],[44.181416600000006,15.4003279],[44.181300400000005,15.400416100000001],[44.1800779,15.400417000000001],[44.179638100000005,15.399945700000002],[44.179233200000006,15.399556400000002],[44.1796975,15.398923800000002],[44.1799168,15.3985914],[44.179890900000004,15.398543300000002],[44.179535900000005,15.398279200000001],[44.180046700000005,15.3977336]]]},"properties":{"id":602874890,"name":"سوق علي محسن للخضروات","type":"greengrocer","category":"shopping","subcategory":"food_shop","osmType":"way","addr:street":"شارع الستين","name:ar":"سوق علي محسن للخضروات","shop":"greengrocer","name:latin":"swq 'ly mhsn llkhdrwat"}},{"type":"Feature","id":677516488,"geometry":{"type":"Polygon","coordinates":[[[44.19900140000001,15.2899188],[44.1991535,15.290262400000001],[44.199381100000004,15.2902093],[44.199682800000005,15.290629000000001],[44.1994138,15.290710100000002],[44.19911990000001,15.2908035],[44.1993499,15.291054400000002],[44.1992333,15.291075400000002],[44.1991238,15.291101500000002],[44.198922,15.2911762],[44.1987255,15.291206800000001],[44.1986458,15.291169300000002],[44.1984969,15.291011600000001],[44.198483100000004,15.290903700000001],[44.1983241,15.2902523],[44.19841160000001,15.290229700000001],[44.1987742,15.290082800000002],[44.19900140000001,15.2899188]]]},"properties":{"id":677516488,"name":"سما مول","type":"mall","category":"shopping","subcategory":"mall","osmType":"way","name:ar":"سما مول","name:en":"Sama Mall","shop":"mall","short_name:ar":"سما مول"}},{"type":"Feature","id":721850450,"geometry":{"type":"Polygon","coordinates":[[[44.2253587,15.284910600000002],[44.2256258,15.284957700000001],[44.2255368,15.285420600000002],[44.225742700000005,15.285420400000001],[44.225753600000004,15.285748100000001],[44.225421100000005,15.285759500000001],[44.2252506,15.285423200000002],[44.2253587,15.284910600000002]]]},"properties":{"id":721850450,"name":"سكاي مول","type":"mall","category":"shopping","subcategory":"mall","osmType":"way","building":"yes","name:ar":"سكاي مول","name:en":"Sky Mall","shop":"mall"}},{"type":"Feature","id":721850451,"geometry":{"type":"Polygon","coordinates":[[[44.2253218,15.285977200000001],[44.225214,15.286071800000002],[44.225129700000004,15.2861866],[44.225135800000004,15.286372100000001],[44.225155,15.286406900000001],[44.225767700000006,15.286448300000002],[44.225768900000006,15.286187900000002],[44.2253301,15.286161400000001],[44.2253218,15.285977200000001]]]},"properties":{"id":721850451,"name":"بصمه مول","type":"mall","category":"shopping","subcategory":"mall","osmType":"way","name:ar":"بصمه مول","name:en":"Basma Mall","opening_hours":"Mo-Su 08:00-22:00","shop":"mall"}},{"type":"Feature","id":721850456,"geometry":{"type":"Polygon","coordinates":[[[44.227696800000004,15.286722500000002],[44.227712700000005,15.287520200000001],[44.22728970000001,15.287528000000002],[44.227273700000005,15.286730400000001],[44.227696800000004,15.286722500000002]]]},"properties":{"id":721850456,"name":"مترو مول","type":"mall","category":"shopping","subcategory":"mall","osmType":"way","name:ar":"مترو مول","name:en":"Metro Mall","opening_hours":"Sa-Th 09:00-21:00","shop":"mall"}},{"type":"Feature","id":960865917,"geometry":{"type":"Polygon","coordinates":[[[44.2300453,15.304847200000001],[44.2299057,15.304778500000001],[44.2301166,15.304411100000001],[44.2302638,15.3044755],[44.2300453,15.304847200000001]]]},"properties":{"id":960865917,"name":"اوفرلك للتسوق","type":"mall","category":"shopping","subcategory":"mall","osmType":"way","addr:city":"صنعاء","addr:housenumber":"863J+Q3","addr:postcode":"863","addr:street":"شارع بينون","building":"retail","building:levels":"2","description":"شركة اوفر لك للتسوق awfer luck for Shopping","height":"20","opening_hours":"24/7","operator":"اوفرلك للتسوق","payment:cash":"yes","phone":"770774123","shop":"mall","smoking":"no","website":"http://www.awferluck.com/","name:latin":"awfrlk lltswq"}},{"type":"Feature","id":1024941203,"geometry":{"type":"Polygon","coordinates":[[[44.173871500000004,15.3764099],[44.17406690000001,15.376336100000001],[44.173926800000004,15.376117],[44.173860100000006,15.376157200000002],[44.173807800000006,15.376244100000001],[44.1738056,15.376296000000002],[44.1738154,15.376330300000001],[44.173871500000004,15.3764099]]]},"properties":{"id":1024941203,"name":"سوبرمارکت مذبح","type":"supermarket","category":"shopping","subcategory":"supermarket","osmType":"way","building":"yes","shop":"supermarket","name:latin":"swbrmarکt mdhbh"}},{"type":"Feature","id":1027197999,"geometry":{"type":"Polygon","coordinates":[[[44.196454900000006,15.348479200000002],[44.19630780000001,15.348431900000001],[44.1964368,15.347944300000002],[44.196666400000005,15.347999000000002],[44.196454900000006,15.348479200000002]]]},"properties":{"id":1027197999,"name":"سوق السمك واللحم - القاع","type":"marketplace","category":"shopping","subcategory":"marketplace","osmType":"way","amenity":"marketplace","name:latin":"swq al-smk wallhm - al-qa'"}},{"type":"Feature","id":1027198011,"geometry":{"type":"Polygon","coordinates":[[[44.1978756,15.337097700000001],[44.1984976,15.3376087],[44.1986106,15.3376154],[44.198603000000006,15.337397600000001],[44.1985783,15.337204300000002],[44.198023600000006,15.336867200000002],[44.1978756,15.337097700000001]]]},"properties":{"id":1027198011,"name":"مركز الكميم التجاري","type":"mall","category":"shopping","subcategory":"mall","osmType":"way","building":"yes","shop":"mall","name:latin":"mrkz al-kmym al-tjary"}},{"type":"Feature","id":1029288503,"geometry":{"type":"Polygon","coordinates":[[[44.16586590000001,15.4028573],[44.166105900000005,15.4025981],[44.166124700000005,15.402576700000001],[44.1661421,15.402511400000002],[44.166130700000004,15.402435800000001],[44.1660697,15.4023052],[44.16595770000001,15.4022257],[44.16577470000001,15.402121000000001],[44.165424,15.4024946],[44.16586590000001,15.4028573]]]},"properties":{"id":1029288503,"name":"سوق همدان","type":"marketplace","category":"shopping","subcategory":"marketplace","osmType":"way","amenity":"marketplace","name:latin":"swq hmdan"}},{"type":"Feature","id":1089153454,"geometry":{"type":"Polygon","coordinates":[[[44.2089281,15.283269200000001],[44.20925450000001,15.2840392],[44.20969710000001,15.283653700000002],[44.20944840000001,15.283062200000002],[44.2089281,15.283269200000001]]]},"properties":{"id":1089153454,"name":"عالم التسوق","type":"mall","category":"shopping","subcategory":"mall","osmType":"way","shop":"mall","name:latin":"'alm al-tswq"}},{"type":"Feature","id":1089179810,"geometry":{"type":"Polygon","coordinates":[[[44.232314200000005,15.313207400000001],[44.232149500000006,15.313473700000001],[44.232601700000004,15.313651600000002],[44.2326867,15.313585800000002],[44.232737900000004,15.3135311],[44.23267920000001,15.3134919],[44.232705300000006,15.3133978],[44.232314200000005,15.313207400000001]]]},"properties":{"id":1089179810,"name":"الشارقة مول","type":"mall","category":"shopping","subcategory":"mall","osmType":"way","addr:city":"صنعاء","addr:street":"شارع تعز","building":"yes","name:en":"Alshariqah Mall","shop":"mall"}},{"type":"Feature","id":1089207889,"geometry":{"type":"Polygon","coordinates":[[[44.16689890000001,15.342740000000001],[44.167099900000004,15.342331500000002],[44.166783,15.342321900000002],[44.1666547,15.342646000000002],[44.16689890000001,15.342740000000001]]]},"properties":{"id":1089207889,"name":"التوفير هايبر","type":"marketplace","category":"shopping","subcategory":"marketplace","osmType":"way","addr:city":"صنعاء","addr:street":"طريق صنعاء الحديدة","amenity":"marketplace","building":"yes","name:latin":"al-twfyr haybr"}},{"type":"Feature","id":1089226656,"geometry":{"type":"Polygon","coordinates":[[[44.17984560000001,15.401249000000002],[44.1800226,15.401428600000001],[44.1802027,15.401276300000001],[44.180004200000006,15.401105000000001],[44.17984560000001,15.401249000000002]]]},"properties":{"id":1089226656,"name":"مول الشرقية للسلة الاقتصادية","type":"mall","category":"shopping","subcategory":"mall","osmType":"way","addr:city":"صنعاء","addr:street":"شارع الستين","building":"yes","shop":"mall","name:latin":"mwl al-shrqya llsla al-aqtsadya"}},{"type":"Feature","id":1357529598,"geometry":{"type":"Polygon","coordinates":[[[44.197887200000004,15.337289700000001],[44.1979593,15.337280200000002],[44.198258100000004,15.337520300000001],[44.198259400000005,15.3375441],[44.198311100000005,15.337570200000002],[44.1984307,15.337674800000002],[44.19841220000001,15.337727100000002],[44.198165700000004,15.337693800000002],[44.1981004,15.337712800000002],[44.197856400000006,15.337693800000002],[44.197887200000004,15.337289700000001]]]},"properties":{"id":1357529598,"name":"مكة مول","type":"mall","category":"shopping","subcategory":"mall","osmType":"way","addr:city":"صنعاء","addr:street":"شارع حدة","building":"yes","shop":"mall","name:latin":"mka mwl"}},{"type":"Feature","id":1357529599,"geometry":{"type":"Polygon","coordinates":[[[44.1978687,15.337847100000001],[44.19786500000001,15.338146700000001],[44.19804370000001,15.338112200000001],[44.197988200000005,15.3378495],[44.1978687,15.337847100000001]]]},"properties":{"id":1357529599,"name":"لاند مول","type":"mall","category":"shopping","subcategory":"mall","osmType":"way","addr:city":"صنعاء","addr:street":"شارع حدة","building":"yes","shop":"mall","name:latin":"land mwl"}},{"type":"Feature","id":1357529600,"geometry":{"type":"Polygon","coordinates":[[[44.19800180000001,15.337862600000001],[44.1980622,15.338163300000001],[44.1983358,15.3380991],[44.1982335,15.337863800000001],[44.1981977,15.337899400000001],[44.1981472,15.337913700000001],[44.198069600000004,15.337903],[44.19800180000001,15.337862600000001]]]},"properties":{"id":1357529600,"name":"الحمراء مول","type":"mall","category":"shopping","subcategory":"mall","osmType":"way","addr:city":"صنعاء","addr:street":"شارع حدة","building":"yes","shop":"mall","name:latin":"al-hmra' mwl"}},{"type":"Feature","id":1357529601,"geometry":{"type":"Polygon","coordinates":[[[44.199287500000004,15.334880300000002],[44.198872800000004,15.3349132],[44.198827300000005,15.334969700000002],[44.19883540000001,15.335081],[44.198812600000004,15.335128100000002],[44.1988045,15.335172000000002],[44.198817500000004,15.335219100000002],[44.1988387,15.335259800000001],[44.1988452,15.335366500000001],[44.1991232,15.3353508],[44.1991232,15.335404100000002],[44.199255,15.335386900000001],[44.1992289,15.335433900000002],[44.1993281,15.335433900000002],[44.199287500000004,15.334880300000002]]]},"properties":{"id":1357529601,"name":"مول العرب","type":"mall","category":"shopping","subcategory":"mall","osmType":"way","addr:city":"صنعاء","addr:street":"شارع حدة","building":"yes","name:en":"Arab Mall","opening_hours":"Mo-Su 07:00-22:00","shop":"mall"}},{"type":"Feature","id":1357529602,"geometry":{"type":"Polygon","coordinates":[[[44.231796200000005,15.378551800000002],[44.231751800000005,15.3790235],[44.2318787,15.379036600000001],[44.2319194,15.3787467],[44.232016800000004,15.378741900000001],[44.23203770000001,15.378541100000001],[44.231796200000005,15.378551800000002]]]},"properties":{"id":1357529602,"name":"مارينا مول","type":"mall","category":"shopping","subcategory":"mall","osmType":"way","addr:city":"صنعاء","addr:street":"شارع النصر","building":"yes","shop":"mall","name:latin":"maryna mwl"}},{"type":"Feature","id":1357529604,"geometry":{"type":"Polygon","coordinates":[[[44.1993992,15.350080600000002],[44.199330100000005,15.350311900000001],[44.199487000000005,15.3503637],[44.1995057,15.3502892],[44.19948290000001,15.350280500000002],[44.1995,15.350228000000001],[44.1995919,15.3502562],[44.1996212,15.350128400000001],[44.1993992,15.350080600000002]]]},"properties":{"id":1357529604,"name":"حكاية مول","type":"mall","category":"shopping","subcategory":"mall","osmType":"way","addr:city":"صنعاء","addr:street":"شارع جمال عبد الناصر","building":"yes","shop":"mall","name:latin":"hkaya mwl"}},{"type":"Feature","id":1357529605,"geometry":{"type":"Polygon","coordinates":[[[44.19920810000001,15.350351900000001],[44.199123500000006,15.350576900000002],[44.1988325,15.350480500000002],[44.198944700000006,15.350208400000001],[44.19920810000001,15.350351900000001]]]},"properties":{"id":1357529605,"name":"واحة صنعاء مول","type":"mall","category":"shopping","subcategory":"mall","osmType":"way","addr:city":"صنعاء","addr:street":"شارع جمال عبد الناصر","building":"yes","shop":"mall","name:latin":"waha sn'a' mwl"}},{"type":"Feature","id":1357529606,"geometry":{"type":"Polygon","coordinates":[[[44.2269355,15.3705145],[44.2267596,15.370750400000002],[44.22671020000001,15.370760700000002],[44.22664580000001,15.370764800000002],[44.22623170000001,15.3704648],[44.2262124,15.370409000000002],[44.226214500000005,15.3703283],[44.226384,15.3701421],[44.2269355,15.3705145]]]},"properties":{"id":1357529606,"name":"الواحة مول","type":"mall","category":"shopping","subcategory":"mall","osmType":"way","addr:city":"صنعاء","addr:street":"شارع نشوان الحميري","building":"yes","shop":"mall","name:latin":"al-waha mwl"}},{"type":"Feature","id":1357529607,"geometry":{"type":"Polygon","coordinates":[[[44.1969245,15.349150000000002],[44.1969184,15.349361600000002],[44.19663860000001,15.3493948],[44.196628800000006,15.349295000000001],[44.1964796,15.349261700000001],[44.1965166,15.349113200000001],[44.196580700000005,15.349068],[44.1966078,15.349095300000002],[44.196628800000006,15.349077500000002],[44.196665700000004,15.349110800000002],[44.1967039,15.349091800000002],[44.1967397,15.349125100000002],[44.19677540000001,15.349125100000002],[44.196803800000005,15.349146400000002],[44.1968296,15.349129800000002],[44.196850600000005,15.349158300000001],[44.1969245,15.349150000000002]]]},"properties":{"id":1357529607,"name":"بن عبيد مول","type":"mall","category":"shopping","subcategory":"mall","osmType":"way","addr:city":"صنعاء","addr:street":"شارع جمال عبد الناصر","building":"yes","shop":"mall","name:latin":"bn 'byd mwl"}},{"type":"Feature","id":1357529608,"geometry":{"type":"Polygon","coordinates":[[[44.215960900000006,15.3613534],[44.2158218,15.3614092],[44.215747,15.361222800000002],[44.2158358,15.361192200000001],[44.215960900000006,15.3613534]]]},"properties":{"id":1357529608,"name":"الفخامة مول","type":"mall","category":"shopping","subcategory":"mall","osmType":"way","addr:city":"صنعاء","addr:street":"شارع الشيخ زايد","building":"yes","shop":"mall","name:latin":"al-fkhama mwl"}},{"type":"Feature","id":1357529609,"geometry":{"type":"Polygon","coordinates":[[[44.2022479,15.3838474],[44.202167300000006,15.3838968],[44.20225190000001,15.384041700000001],[44.20231630000001,15.383986400000001],[44.2022479,15.3838474]]]},"properties":{"id":1357529609,"name":"مول الركن الشامل","type":"mall","category":"shopping","subcategory":"mall","osmType":"way","addr:city":"صنعاء","addr:street":"شارع مازدا","building":"yes","shop":"mall","name:latin":"mwl al-rkn al-shaml"}},{"type":"Feature","id":1357529610,"geometry":{"type":"Polygon","coordinates":[[[44.2442555,15.383707800000002],[44.2442386,15.3839944],[44.244486300000005,15.3840067],[44.2448473,15.384038100000001],[44.24488410000001,15.383911200000002],[44.2448459,15.3837296],[44.2442555,15.383707800000002]]]},"properties":{"id":1357529610,"name":"ألماس مول","type":"mall","category":"shopping","subcategory":"mall","osmType":"way","addr:city":"مدينة صنعاء","addr:street":"شارع الأربعين","building":"yes","name:en":"Almass Mall","shop":"mall"}},{"type":"Feature","id":1358530046,"geometry":{"type":"Polygon","coordinates":[[[44.234371100000004,15.305264900000001],[44.234387100000006,15.3053611],[44.23465950000001,15.3054479],[44.234694000000005,15.3054479],[44.2350354,15.304603900000002],[44.2346829,15.3044708],[44.234371100000004,15.305264900000001]]]},"properties":{"id":1358530046,"name":"برافو سنتر","type":"marketplace","category":"shopping","subcategory":"marketplace","osmType":"way","addr:city":"صنعاء","addr:street":"شارع تعز","amenity":"marketplace","name:en":"Bravo Center","opening_hours":"Mo-Su 09:00-21:00"}},{"type":"Feature","id":1358530047,"geometry":{"type":"Polygon","coordinates":[[[44.231564500000005,15.285912600000001],[44.231174,15.285908500000001],[44.2311525,15.286293500000001],[44.23140780000001,15.286301800000002],[44.2314207,15.2861755],[44.2315473,15.286163100000001],[44.231564500000005,15.285912600000001]]]},"properties":{"id":1358530047,"name":"سبأ مول","type":"mall","category":"shopping","subcategory":"mall","osmType":"way","addr:city":"صنعاء","addr:street":"شارع الحربي","building":"yes","opening_hours":"Mo-Su 09:00-21:00","shop":"mall","name:latin":"sba mwl"}},{"type":"Feature","id":1359417745,"geometry":{"type":"Polygon","coordinates":[[[44.212847100000005,15.281418400000002],[44.2130542,15.281590800000002],[44.21309110000001,15.2816062],[44.213123200000005,15.281609800000002],[44.21317500000001,15.281594300000002],[44.2133721,15.281469500000002],[44.21313310000001,15.281191300000001],[44.212847100000005,15.281418400000002]]]},"properties":{"id":1359417745,"name":"كايرو مول","type":"mall","category":"shopping","subcategory":"mall","osmType":"way","addr:city":"صنعاء","addr:street":"شارع الخمسين","building":"yes","shop":"mall","name:latin":"kayrw mwl"}},{"type":"Feature","id":1468629136,"geometry":{"type":"Polygon","coordinates":[[[44.253062500000006,15.236487300000002],[44.252983300000004,15.236073200000002],[44.253231400000004,15.2360292],[44.253263600000004,15.236103000000002],[44.253315900000004,15.236108100000001],[44.2533334,15.236293200000002],[44.253167100000006,15.236300900000002],[44.253192500000004,15.236482100000002],[44.253062500000006,15.236487300000002]]]},"properties":{"id":1468629136,"name":"هاتريك مول","type":"mall","category":"shopping","subcategory":"mall","osmType":"way","area":"yes","shop":"mall","name:latin":"hatryk mwl"}}]}