{"type":"FeatureCollection","features":[{"type":"Feature","id":262468802,"geometry":{"type":"Point","coordinates":[44.23237400000001,15.362063800000001]},"properties":{"id":262468802,"name":"موفنبيك","type":"hotel","category":"tourism","subcategory":"accommodation","osmType":"node","addr:street":"شارع نشوان الحميري","alt_name":"موفنبيك","name:ar":"موفنبيك","name:en":"Movenpick","tourism":"hotel"}},{"type":"Feature","id":265967573,"geometry":{"type":"Point","coordinates":[44.203470800000005,15.292604400000002]},"properties":{"id":265967573,"name":"فندق شهران","type":"hotel","category":"tourism","subcategory":"accommodation","osmType":"node","addr:street":"شارع الخمسين","alt_name":"شهران","name:ar":"فندق شهران","name:en":"Shahran Hotel","opening_hours":"24/7","tourism":"hotel"}},{"type":"Feature","id":265971858,"geometry":{"type":"Point","coordinates":[44.237743,15.294156400000002]},"properties":{"id":265971858,"name":"قصر سبأ للشقق والأجنحة المفروشة","type":"hotel","category":"tourism","subcategory":"accommodation","osmType":"node","name:ar":"قصر سبأ للشقق والأجنحة المفروشة","tourism":"hotel","name:latin":"qsr sba llshqq walajnha al-mfrwsha"}},{"type":"Feature","id":305165031,"geometry":{"type":"Point","coordinates":[44.213263500000004,15.3522224]},"properties":{"id":305165031,"name":"فندق بالاس صنعاء القديمة","type":"hotel","category":"tourism","subcategory":"accommodation","osmType":"node","alt_name":"فندق بالاس صنعاء القديمة","name:ar":"فندق بالاس صنعاء القديمة","name:en":"Old Sanaa Palace Hotel","tourism":"hotel"}},{"type":"Feature","id":305165467,"geometry":{"type":"Point","coordinates":[44.2134829,15.3564181]},"properties":{"id":305165467,"name":"برج السلام","type":"hotel","category":"tourism","subcategory":"accommodation","osmType":"node","name:ar":"برج السلام","name:en":"Burj Al Salam","tourism":"hotel"}},{"type":"Feature","id":622465950,"geometry":{"type":"Point","coordinates":[44.2040973,15.322839900000002]},"properties":{"id":622465950,"name":"نصب الجندي المجهول","type":"memorial","category":"tourism","subcategory":"historic","osmType":"node","alt_name":"نصب الجندي المجهول","historic":"memorial","name:ar":"نصب الجندي المجهول","name:en":"Unknown Soldat Statute"}},{"type":"Feature","id":689213786,"geometry":{"type":"Point","coordinates":[44.2131886,15.3519628]},"properties":{"id":689213786,"name":"بيت التراث","type":"attraction","category":"tourism","subcategory":"attraction","osmType":"node","alt_name":"بيت التراث","name:ar":"بيت التراث","name:en":"Sana'a Heritage House","tourism":"attraction"}},{"type":"Feature","id":692135957,"geometry":{"type":"Point","coordinates":[44.1816904,15.301458900000002]},"properties":{"id":692135957,"name":"فندق كراون سويت","type":"hotel","category":"tourism","subcategory":"accommodation","osmType":"node","alt_name":"فندق كراون سويت","name:ar":"فندق كراون سويت","name:en":"Crown Suite Hotel","tourism":"hotel"}},{"type":"Feature","id":692135970,"geometry":{"type":"Point","coordinates":[44.1911253,15.308217700000002]},"properties":{"id":692135970,"name":"فندق إسطنبول","type":"hotel","category":"tourism","subcategory":"accommodation","osmType":"node","addr:city":"صنعاء","addr:street":"شارع حدة","alt_name":"فندق إسطنبول","name:ar":"فندق إسطنبول","name:en":"Istanbul Hotel","tourism":"hotel"}},{"type":"Feature","id":704273897,"geometry":{"type":"Point","coordinates":[44.129071,15.435742900000001]},"properties":{"id":704273897,"name":"Wadi Dahr lookout","type":"viewpoint","category":"tourism","subcategory":"attraction","osmType":"node","name:ar":"وادي ظهر","name:en":"Wadi Dahr lookout","tourism":"viewpoint"}},{"type":"Feature","id":704275924,"geometry":{"type":"Point","coordinates":[44.2046816,15.348719500000001]},"properties":{"id":704275924,"name":"فندق الإخوة","type":"hotel","category":"tourism","subcategory":"accommodation","osmType":"node","addr:city":"صنعاء","alt_name":"فندق الإخوة","name:ar":"فندق الإخوة","name:en":"Al Ikhwa Hotel","tourism":"hotel"}},{"type":"Feature","id":760287614,"geometry":{"type":"Point","coordinates":[44.2391884,15.314252200000002]},"properties":{"id":760287614,"name":"فندق ريجنسي","type":"hotel","category":"tourism","subcategory":"accommodation","osmType":"node","name:ar":"فندق ريجنسي","name:en":"Regenssy hotel","tourism":"hotel"}},{"type":"Feature","id":761134875,"geometry":{"type":"Point","coordinates":[44.2334474,15.312317700000001]},"properties":{"id":761134875,"name":"فندق السفينة","type":"hotel","category":"tourism","subcategory":"accommodation","osmType":"node","addr:street":"شارع السفينة","name:ar":"فندق السفينة","tourism":"hotel","name:latin":"fndq al-sfyna"}},{"type":"Feature","id":761134983,"geometry":{"type":"Point","coordinates":[44.23309330000001,15.311169000000001]},"properties":{"id":761134983,"name":"فندق الشام","type":"hotel","category":"tourism","subcategory":"accommodation","osmType":"node","name:ar":"فندق الشام","name:en":"Sham Hotel","tourism":"hotel"}},{"type":"Feature","id":761135861,"geometry":{"type":"Point","coordinates":[44.2355717,15.313352600000002]},"properties":{"id":761135861,"name":"فندق تونس الحديث","type":"hotel","category":"tourism","subcategory":"accommodation","osmType":"node","tourism":"hotel","name:latin":"fndq twns al-hdyth"}},{"type":"Feature","id":761135942,"geometry":{"type":"Point","coordinates":[44.236011600000005,15.313476600000001]},"properties":{"id":761135942,"name":"فندق جدة","type":"hotel","category":"tourism","subcategory":"accommodation","osmType":"node","name:ar":"فندق جدة","tourism":"hotel","name:latin":"fndq jda"}},{"type":"Feature","id":761993223,"geometry":{"type":"Point","coordinates":[44.233994800000005,15.312351200000002]},"properties":{"id":761993223,"name":"فندق دمشق","type":"hotel","category":"tourism","subcategory":"accommodation","osmType":"node","name:ar":"فندق دمشق","tourism":"hotel","name:latin":"fndq dmshq"}},{"type":"Feature","id":765805086,"geometry":{"type":"Point","coordinates":[44.235812900000006,15.302779300000001]},"properties":{"id":765805086,"name":"فندق الاستقبال","type":"hotel","category":"tourism","subcategory":"accommodation","osmType":"node","addr:street":"شارع تعز","name:ar":"فندق الاستقبال","name:en":"Alestqbal Hotel","opening_hours":"24/7","tourism":"hotel"}},{"type":"Feature","id":998980089,"geometry":{"type":"Point","coordinates":[44.229829300000006,15.382433100000002]},"properties":{"id":998980089,"name":"فندق وأجنحة أم القرى","type":"hotel","category":"tourism","subcategory":"accommodation","osmType":"node","addr:street":"شارع النصر","tourism":"hotel","name:latin":"fndq wajnha am al-qra"}},{"type":"Feature","id":998984042,"geometry":{"type":"Point","coordinates":[44.2293451,15.382925400000001]},"properties":{"id":998984042,"name":"فندق انوار المدينة","type":"hotel","category":"tourism","subcategory":"accommodation","osmType":"node","addr:city":"صنعاء","addr:street":"شارع الجامعة العربية","tourism":"hotel","name:latin":"fndq anwar al-mdyna"}},{"type":"Feature","id":1218185069,"geometry":{"type":"Point","coordinates":[44.203221000000006,15.159174000000002]},"properties":{"id":1218185069,"name":"خربة دايان","type":"ruins","category":"tourism","subcategory":"historic","osmType":"node","GNS:dsg_code":"RUIN","GNS:dsg_name":"ruin(s)","GNS:id":"10643892","historic":"ruins","int_name":"Khirbat Dāyān","name:ar":"خربة دايان","name:de":"Khirbat Dayan","name:en":"Khirbat Dayan","name:fr":"Khirbat Dayan","source:name":"GNS"}},{"type":"Feature","id":1244579585,"geometry":{"type":"Point","coordinates":[44.219233100000004,15.352461600000002]},"properties":{"id":1244579585,"name":"باب السلام","type":"monument","category":"tourism","subcategory":"historic","osmType":"node","historic":"monument","name:ar":"باب السلام","name:latin":"bab al-slam"}},{"type":"Feature","id":2346759495,"geometry":{"type":"Point","coordinates":[44.2222215,15.3434956]},"properties":{"id":2346759495,"name":"فندق زهرة الحياة","type":"hotel","category":"tourism","subcategory":"accommodation","osmType":"node","name:ar":"فندق زهرة الحياة","name:en":"Zahrat Alhayat hotel","tourism":"hotel"}},{"type":"Feature","id":4298021895,"geometry":{"type":"Point","coordinates":[44.2032875,15.3510629]},"properties":{"id":4298021895,"name":"فندق الملكة أروى","type":"hotel","category":"tourism","subcategory":"accommodation","osmType":"node","name:en":"Almaleka Arwa Hotel","tourism":"hotel"}},{"type":"Feature","id":4298021932,"geometry":{"type":"Point","coordinates":[44.205897300000004,15.351934600000002]},"properties":{"id":4298021932,"name":"فندق المخا","type":"motel","category":"tourism","subcategory":"accommodation","osmType":"node","name:en":"Almkha Hotel","tourism":"motel"}},{"type":"Feature","id":4298022252,"geometry":{"type":"Point","coordinates":[44.23104300000001,15.315757000000001]},"properties":{"id":4298022252,"name":"Alqaser Hotel","type":"motel","category":"tourism","subcategory":"accommodation","osmType":"node","name:en":"Alqaser Hotel","tourism":"motel"}},{"type":"Feature","id":4298023013,"geometry":{"type":"Point","coordinates":[44.229369000000005,15.320306000000002]},"properties":{"id":4298023013,"name":"فندق الخليج العربي","type":"motel","category":"tourism","subcategory":"accommodation","osmType":"node","name:en":"Arab Gulf Hotel","tourism":"motel"}},{"type":"Feature","id":4298023274,"geometry":{"type":"Point","coordinates":[44.185596000000004,15.344295]},"properties":{"id":4298023274,"name":"فندق بانوراما","type":"hotel","category":"tourism","subcategory":"accommodation","osmType":"node","name:en":"Banorama Hotel","tourism":"hotel"}},{"type":"Feature","id":4298023354,"geometry":{"type":"Point","coordinates":[44.23125700000001,15.315242000000001]},"properties":{"id":4298023354,"name":"فندق برلين","type":"hotel","category":"tourism","subcategory":"accommodation","osmType":"node","name:ar":"فندق برلين","name:en":"Berlin Hotel","tourism":"hotel"}},{"type":"Feature","id":4298023755,"geometry":{"type":"Point","coordinates":[44.187761800000004,15.360395800000001]},"properties":{"id":4298023755,"name":"فندق إيوان","type":"hotel","category":"tourism","subcategory":"accommodation","osmType":"node","addr:street":"شارع الرباط","name:en":"Ewan Hotel","tourism":"hotel"}},{"type":"Feature","id":4298023781,"geometry":{"type":"Point","coordinates":[44.1929949,15.309496600000001]},"properties":{"id":4298023781,"name":"فندق برج حدة","type":"hotel","category":"tourism","subcategory":"accommodation","osmType":"node","name:en":"Borj Hadda Hotel","tourism":"hotel"}},{"type":"Feature","id":4298023860,"geometry":{"type":"Point","coordinates":[44.18435100000001,15.303783000000001]},"properties":{"id":4298023860,"name":"Hadda Hotel","type":"hotel","category":"tourism","subcategory":"accommodation","osmType":"node","name:en":"Hadda Hotel","tourism":"hotel"}},{"type":"Feature","id":4298023913,"geometry":{"type":"Point","coordinates":[44.20533700000001,15.358200000000002]},"properties":{"id":4298023913,"name":"Hilltown Hotel","type":"hotel","category":"tourism","subcategory":"accommodation","osmType":"node","name:ar":"فندق هلتاون","name:en":"Hilltown Hotel","tourism":"hotel"}},{"type":"Feature","id":4298024202,"geometry":{"type":"Point","coordinates":[44.2061508,15.3506405]},"properties":{"id":4298024202,"name":"فندق خليج عمان","type":"motel","category":"tourism","subcategory":"accommodation","osmType":"node","name:en":"Khaleig Amman Hotel","tourism":"motel"}},{"type":"Feature","id":4298024230,"geometry":{"type":"Point","coordinates":[44.18242,15.30211]},"properties":{"id":4298024230,"name":"فندق لازورد","type":"hotel","category":"tourism","subcategory":"accommodation","osmType":"node","name:en":"Lazored Hotel","tourism":"hotel"}},{"type":"Feature","id":4298024232,"geometry":{"type":"Point","coordinates":[44.237866000000004,15.298419]},"properties":{"id":4298024232,"name":"Lelat Omer Hotel","type":"motel","category":"tourism","subcategory":"accommodation","osmType":"node","name:en":"Lelat Omer Hotel","tourism":"motel"}},{"type":"Feature","id":4298024286,"geometry":{"type":"Point","coordinates":[44.191768,15.344443600000002]},"properties":{"id":4298024286,"name":"فندق مركيور","type":"hotel","category":"tourism","subcategory":"accommodation","osmType":"node","addr:street":"شارع الزبيري","name:en":"Mercure Hotel","stars":"5","tourism":"hotel"}},{"type":"Feature","id":4298024511,"geometry":{"type":"Point","coordinates":[44.224348000000006,15.331249000000001]},"properties":{"id":4298024511,"name":"فندق نجران","type":"hotel","category":"tourism","subcategory":"accommodation","osmType":"node","name:en":"Njran Hotel","tourism":"hotel"}},{"type":"Feature","id":4298024780,"geometry":{"type":"Point","coordinates":[44.226623000000004,15.325112]},"properties":{"id":4298024780,"name":"فندق رويال صنعاء","type":"hotel","category":"tourism","subcategory":"accommodation","osmType":"node","name:en":"Royal Sana'a Hotel","tourism":"hotel"}},{"type":"Feature","id":4298024826,"geometry":{"type":"Point","coordinates":[44.2069076,15.358243400000001]},"properties":{"id":4298024826,"name":"فندق مدينة سام","type":"hotel","category":"tourism","subcategory":"accommodation","osmType":"node","addr:city":"صنعاء","addr:street":"شارع علي عبدالمغني","name:en":"Sam City hotel","tourism":"hotel"}},{"type":"Feature","id":4298024856,"geometry":{"type":"Point","coordinates":[44.237246500000005,15.298533100000002]},"properties":{"id":4298024856,"name":"Sateh Alqamer Hotel","type":"motel","category":"tourism","subcategory":"accommodation","osmType":"node","name:en":"Sateh Alqamer Hotel","tourism":"motel"}},{"type":"Feature","id":4298024886,"geometry":{"type":"Point","coordinates":[44.209414,15.349145000000002]},"properties":{"id":4298024886,"name":"فندق سندباد","type":"hotel","category":"tourism","subcategory":"accommodation","osmType":"node","name:ar":"فندق سندباد","tourism":"hotel","name:latin":"fndq sndbad"}},{"type":"Feature","id":4298024899,"geometry":{"type":"Point","coordinates":[44.19545900000001,15.312110900000002]},"properties":{"id":4298024899,"name":"فندق وأجنحة شمر","type":"hotel","category":"tourism","subcategory":"accommodation","osmType":"node","addr:street":"شارع حدة","name:en":"Shamer Hotel","opening_hours":"24/7","tourism":"hotel"}},{"type":"Feature","id":4298024903,"geometry":{"type":"Point","coordinates":[44.2288834,15.321632400000002]},"properties":{"id":4298024903,"name":"فندق وأجنحة الشهاب","type":"hotel","category":"tourism","subcategory":"accommodation","osmType":"node","addr:city":"صنعاء","addr:street":"شارع تعز","tourism":"hotel","name:latin":"fndq wajnha al-shhab"}},{"type":"Feature","id":4298025045,"geometry":{"type":"Point","coordinates":[44.18981410000001,15.3073177]},"properties":{"id":4298025045,"name":"فندق تاج صيرة","type":"hotel","category":"tourism","subcategory":"accommodation","osmType":"node","addr:city":"صنعاء","addr:street":"شارع حدة","tourism":"hotel","name:latin":"fndq taj syra"}},{"type":"Feature","id":4298025106,"geometry":{"type":"Point","coordinates":[44.190506400000004,15.3434304]},"properties":{"id":4298025106,"name":"فندق سبأ لاند","type":"hotel","category":"tourism","subcategory":"accommodation","osmType":"node","addr:street":"الخط الدائري","name:en":"Yemen Sport Center","tourism":"hotel"}},{"type":"Feature","id":4325557692,"geometry":{"type":"Point","coordinates":[44.190423,15.307776]},"properties":{"id":4325557692,"name":"تاج صيده","type":"hotel","category":"tourism","subcategory":"accommodation","osmType":"node","addr:street":"شارع حدة","internet_access":"wlan","name:ar":"تاج صيده","name:en":"Taj Saidah","opening_hours":"24/7","tourism":"hotel"}},{"type":"Feature","id":4367212297,"geometry":{"type":"Point","coordinates":[44.230958400000006,15.372765900000001]},"properties":{"id":4367212297,"name":"المدينة السياحية","type":"hotel","category":"tourism","subcategory":"accommodation","osmType":"node","addr:street":"شارع الشيخ زايد","internet_access":"wlan","name:ar":"المدينة السياحية","tourism":"hotel","name:latin":"al-mdyna al-syahya"}},{"type":"Feature","id":4370452489,"geometry":{"type":"Point","coordinates":[44.17592990000001,15.383609300000002]},"properties":{"id":4370452489,"name":"فندق بحر الأحلام","type":"motel","category":"tourism","subcategory":"accommodation","osmType":"node","addr:street":"شارع الستين","alt_name:ar":"فندق ليالينا","name:ar":"فندق بحر الأحلام","tourism":"motel","name:latin":"fndq bhr al-ahlam"}},{"type":"Feature","id":4371120689,"geometry":{"type":"Point","coordinates":[44.209102400000006,15.337037500000001]},"properties":{"id":4371120689,"name":"الهيئة العامة لشؤون القبايل","type":"hostel","category":"tourism","subcategory":"accommodation","osmType":"node","internet_access":"wlan","office":"government","phone":"507599","tourism":"hostel","name:latin":"al-hy'a al-'ama lsh'wn al-qbayl"}},{"type":"Feature","id":4383602991,"geometry":{"type":"Point","coordinates":[44.21411140000001,15.434275600000001]},"properties":{"id":4383602991,"name":"جسر دارس","type":"monument","category":"tourism","subcategory":"historic","osmType":"node","historic":"monument","name:ar":"جسر دارس","name:latin":"jsr dars"}},{"type":"Feature","id":4388528990,"geometry":{"type":"Point","coordinates":[44.2240503,15.330883100000001]},"properties":{"id":4388528990,"name":"فندق برج الرياض السياحي","type":"hotel","category":"tourism","subcategory":"accommodation","osmType":"node","addr:street":"Ta'izz road","name:ar":"فندق برج الرياض السياحي","tourism":"hotel","name:latin":"fndq brj al-ryad al-syahy"}},{"type":"Feature","id":4394744794,"geometry":{"type":"Point","coordinates":[44.20536920000001,15.379622800000002]},"properties":{"id":4394744794,"name":"شواطئ اليمن","type":"hotel","category":"tourism","subcategory":"accommodation","osmType":"node","addr:street":"شارع القيادة","name:ar":"شواطئ اليمن","tourism":"hotel","name:latin":"shwat' al-ymn"}},{"type":"Feature","id":4396154689,"geometry":{"type":"Point","coordinates":[44.2213634,15.384447300000001]},"properties":{"id":4396154689,"name":"فندق واجنحة قصر الكرامة بلازا","type":"hotel","category":"tourism","subcategory":"accommodation","osmType":"node","addr:city":"صنعاء","addr:street":"شارع الشيخ زايد","internet_access":"yes","internet_access:fee":"no","name:ar":"فندق واجنحه قصر الكرامة بلازا","name:en":"Gassr Alsaadah hotel","phone":"+٩٦٧٧٣٣٣٣٥٧١٢","rooms":"٣٢","tourism":"hotel"}},{"type":"Feature","id":4398135697,"geometry":{"type":"Point","coordinates":[44.228372500000006,15.393326300000002]},"properties":{"id":4398135697,"name":"صاله آيه","type":"artwork","category":"tourism","subcategory":"culture","osmType":"node","name:ar":"صاله آيه","tourism":"artwork","name:latin":"salh ayh"}},{"type":"Feature","id":4402924492,"geometry":{"type":"Point","coordinates":[44.2066967,15.353057100000001]},"properties":{"id":4402924492,"name":"فندق وادي حضرموت السياحي","type":"hotel","category":"tourism","subcategory":"accommodation","osmType":"node","name:ar":"فندق وادي حضرموت السياحي التحرير","tourism":"hotel","name:latin":"fndq wady hdrmwt al-syahy"}},{"type":"Feature","id":4402924493,"geometry":{"type":"Point","coordinates":[44.2183525,15.336287600000002]},"properties":{"id":4402924493,"name":"فندق اتلانتك","type":"hotel","category":"tourism","subcategory":"accommodation","osmType":"node","addr:street":"شارع أبو ظبي","name:ar":"فندق اتلانتك","name:en":"Atlantic Hotel","tourism":"hotel"}},{"type":"Feature","id":4403151089,"geometry":{"type":"Point","coordinates":[44.2373654,15.286591500000002]},"properties":{"id":4403151089,"name":"الفصول الأربعة","type":"hotel","category":"tourism","subcategory":"accommodation","osmType":"node","addr:street":"شارع تعز","name:ar":"فندق الفصول الأربعة","name:en":"Four Seasons Hotel","opening_hours":"24/7","tourism":"hotel"}},{"type":"Feature","id":4472737997,"geometry":{"type":"Point","coordinates":[44.169733,15.357523500000001]},"properties":{"id":4472737997,"name":"سكن رقم 3 خاص بجامعة العلوم والتكنولوجيا","type":"motel","category":"tourism","subcategory":"accommodation","osmType":"node","internet_access":"wlan","name:ar":"سكن رقم 3 خاص بجامعة العلوم والتكنولوجيا","name:en":"Motel #3 of university of science and technology","tourism":"motel"}},{"type":"Feature","id":4510701911,"geometry":{"type":"Point","coordinates":[44.2046076,15.352914600000002]},"properties":{"id":4510701911,"name":"المتحف الحربي","type":"museum","category":"tourism","subcategory":"culture","osmType":"node","addr:street":"شارع جمال عبد الناصر","name:ar":"المتحف الحربي","phone":"01262626","tourism":"museum","wikidata":"Q1836032","name:latin":"al-mthf al-hrby","name:en":"Military Museum"}},{"type":"Feature","id":4512130492,"geometry":{"type":"Point","coordinates":[44.1870023,15.335139100000001]},"properties":{"id":4512130492,"name":"فندق الدوحتين","type":"motel","category":"tourism","subcategory":"accommodation","osmType":"node","addr:street":"شارع الجزائر","internet_access":"wlan","name:ar":"فندق الدوحتين","name:en":"Aldawhateen Hotel","opening_hours":"24/7","tourism":"motel"}},{"type":"Feature","id":4672295692,"geometry":{"type":"Point","coordinates":[44.22761860000001,15.342137100000002]},"properties":{"id":4672295692,"name":"مون لايت","type":"hotel","category":"tourism","subcategory":"accommodation","osmType":"node","name:ar":"مون لايت","tourism":"hotel","name:latin":"mwn layt"}},{"type":"Feature","id":4695553189,"geometry":{"type":"Point","coordinates":[44.236492500000004,15.3772575]},"properties":{"id":4695553189,"name":"","type":"hotel","category":"tourism","subcategory":"accommodation","osmType":"node","internet_access":"wlan","tourism":"hotel"}},{"type":"Feature","id":4723949792,"geometry":{"type":"Point","coordinates":[44.2152351,15.336004200000001]},"properties":{"id":4723949792,"name":"فندق زهرة اليمن","type":"hotel","category":"tourism","subcategory":"accommodation","osmType":"node","name:ar":"فندق زهرة الخليج","tourism":"hotel","name:latin":"fndq zhra al-ymn"}},{"type":"Feature","id":4735276221,"geometry":{"type":"Point","coordinates":[44.239374000000005,15.292311100000001]},"properties":{"id":4735276221,"name":"فندق فور سيزون","type":"hotel","category":"tourism","subcategory":"accommodation","osmType":"node","addr:city":"صنعاء","addr:street":"شارع تعز","internet_access":"wlan","name:ar":"فندق فور سيزون","name:en":"4 SEASONS HOTEL","opening_hours":"24/7","tourism":"hotel"}},{"type":"Feature","id":4741334721,"geometry":{"type":"Point","coordinates":[44.1745431,15.386860800000001]},"properties":{"id":4741334721,"name":"فندق رويال هوس","type":"hotel","category":"tourism","subcategory":"accommodation","osmType":"node","addr:street":"شارع الستين","name:ar":"فندق رويال هوس","name:en":"Royal House Hotel","tourism":"hotel"}},{"type":"Feature","id":4764713221,"geometry":{"type":"Point","coordinates":[44.238001100000005,15.314170200000001]},"properties":{"id":4764713221,"name":"فندق البندقية السياحي","type":"hotel","category":"tourism","subcategory":"accommodation","osmType":"node","addr:street":"شارع السفينة","internet_access":"wlan","name:ar":"فندق البندقية السياحي","name:en":"al-bondokia Hotel","opening_hours":"24/7","phone":"01636038","tourism":"hotel"}},{"type":"Feature","id":4811139721,"geometry":{"type":"Point","coordinates":[44.222871600000005,15.342033400000002]},"properties":{"id":4811139721,"name":"فندق قصر الاحلام","type":"hotel","category":"tourism","subcategory":"accommodation","osmType":"node","addr:street":"شارع خولان","name:ar":"فندق قصر الاحلام","name:en":"Kassr Alahlam hotel","opening_hours":"24/7","tourism":"hotel"}},{"type":"Feature","id":4811192021,"geometry":{"type":"Point","coordinates":[44.20590550000001,15.354016200000002]},"properties":{"id":4811192021,"name":"ميدان التحرير","type":"attraction","category":"tourism","subcategory":"attraction","osmType":"node","name:ar":"ميدان التحرير","tourism":"attraction","name:latin":"mydan al-thryr","name:en":"Tahrir Square"}},{"type":"Feature","id":4846638549,"geometry":{"type":"Point","coordinates":[44.2371588,15.301228300000002]},"properties":{"id":4846638549,"name":"النبلاء السياحي","type":"hotel","category":"tourism","subcategory":"accommodation","osmType":"node","addr:street":"شارع تعز","name:ar":"فندق النبلاء السياحي","name:en":"Alnobalaa Hotel","tourism":"hotel"}},{"type":"Feature","id":4846638550,"geometry":{"type":"Point","coordinates":[44.235437600000004,15.303565]},"properties":{"id":4846638550,"name":"فندق عمان السياحي","type":"hotel","category":"tourism","subcategory":"accommodation","osmType":"node","addr:street":"شارع تعز","name:ar":"فندق عمان السياحي","name:en":"Oman Tourism Hotel","opening_hours":"24/7","tourism":"hotel"}},{"type":"Feature","id":4846638553,"geometry":{"type":"Point","coordinates":[44.2344255,15.306253500000002]},"properties":{"id":4846638553,"name":"فندق العامر","type":"hotel","category":"tourism","subcategory":"accommodation","osmType":"node","name:ar":"فندق العامر","tourism":"hotel","name:latin":"fndq al-'amr"}},{"type":"Feature","id":4846638623,"geometry":{"type":"Point","coordinates":[44.2381048,15.296227400000001]},"properties":{"id":4846638623,"name":"فندق المسيلة","type":"hotel","category":"tourism","subcategory":"accommodation","osmType":"node","addr:street":"شارع تعز","name:en":"Almasilah Hotel","tourism":"hotel"}},{"type":"Feature","id":4846638834,"geometry":{"type":"Point","coordinates":[44.2358672,15.3021714]},"properties":{"id":4846638834,"name":"فندق برافو السياحي","type":"hotel","category":"tourism","subcategory":"accommodation","osmType":"node","addr:street":"شارع تعز","name:ar":"فندق برافو السياحي","name:en":"Pravo Hotel","opening_hours":"24/7","tourism":"hotel"}},{"type":"Feature","id":4856178422,"geometry":{"type":"Point","coordinates":[44.205345200000004,15.322593500000002]},"properties":{"id":4856178422,"name":"منصة السبعين","type":"memorial","category":"tourism","subcategory":"historic","osmType":"node","historic":"memorial","name:ar":"منصة السبعين","name:en":"manasah alssabein"}},{"type":"Feature","id":4958788921,"geometry":{"type":"Point","coordinates":[44.21294700000001,15.2775431]},"properties":{"id":4958788921,"name":"شارع المحافظة","type":"information","category":"tourism","subcategory":"information","osmType":"node","addr:street":"شارع المحافظة","name:ar":"شارع المحافظة","tourism":"information","name:latin":"shar' al-mhafza"}},{"type":"Feature","id":4980380024,"geometry":{"type":"Point","coordinates":[44.2215914,15.336601400000001]},"properties":{"id":4980380024,"name":"جسر جولة تعز","type":"sports","category":"tourism","subcategory":"historic","osmType":"node","historic":"monument","name:ar":"جسر جولة تعز","name:en":"Gisr Taiz","shop":"sports"}},{"type":"Feature","id":4986931423,"geometry":{"type":"Point","coordinates":[44.225202,15.338281100000001]},"properties":{"id":4986931423,"name":"جسر جولة العمري","type":"sports","category":"tourism","subcategory":"historic","osmType":"node","historic":"monument","name:ar":"جسر جولة العمري","shop":"sports","name:latin":"jsr jwla al-'mry"}},{"type":"Feature","id":4990833529,"geometry":{"type":"Point","coordinates":[44.19046350000001,15.344078500000002]},"properties":{"id":4990833529,"name":"جولة غزة","type":"monument","category":"tourism","subcategory":"historic","osmType":"node","alt_name":"جولة كنتاكي","historic":"monument","name:latin":"jwla ghza"}},{"type":"Feature","id":4990833532,"geometry":{"type":"Point","coordinates":[44.201076300000004,15.370194000000001]},"properties":{"id":4990833532,"name":"تقاطع تونس مع القاهرة","type":"monument","category":"tourism","subcategory":"historic","osmType":"node","historic":"monument","name:ar":"تقاطع تونس مع القاهرة","name:latin":"tqat' twns m' al-qahra"}},{"type":"Feature","id":4990833534,"geometry":{"type":"Point","coordinates":[44.21936470000001,15.236423400000001]},"properties":{"id":4990833534,"name":"جولة 48 مع خط ارتل","type":"monument","category":"tourism","subcategory":"historic","osmType":"node","historic":"monument","name:ar":"جولة 48 مع خط ارتل","name:en":"Intersection of 48 street and Artiel street"}},{"type":"Feature","id":4990833723,"geometry":{"type":"Point","coordinates":[44.20665760000001,15.354563800000001]},"properties":{"id":4990833723,"name":"باب السبح","type":"attraction","category":"tourism","subcategory":"attraction","osmType":"node","name:ar":"باب السبح","tourism":"attraction","name:latin":"bab al-sbh"}},{"type":"Feature","id":4990833724,"geometry":{"type":"Point","coordinates":[44.2182047,15.267054900000002]},"properties":{"id":4990833724,"name":"جولة الأربعين مع مدخل ارتل","type":"monument","category":"tourism","subcategory":"historic","osmType":"node","historic":"monument","name:en":"Intersection of 40th street and Artel"}},{"type":"Feature","id":4990833729,"geometry":{"type":"Point","coordinates":[44.384641800000004,15.2125426]},"properties":{"id":4990833729,"name":"مدخل ردعان","type":"monument","category":"tourism","subcategory":"historic","osmType":"node","historic":"monument","name:ar":"مدخل ردعان","name:latin":"mdkhl rd'an"}},{"type":"Feature","id":4990833733,"geometry":{"type":"Point","coordinates":[44.2166129,15.354164100000002]},"properties":{"id":4990833733,"name":"سوق الملح","type":"monument","category":"tourism","subcategory":"historic","osmType":"node","historic":"monument","name:ar":"سوق الملح","name:latin":"swq al-mlh","name:en":"Souq al-Milh (Salt Market)"}},{"type":"Feature","id":4990833933,"geometry":{"type":"Point","coordinates":[44.304107300000005,15.258289200000002]},"properties":{"id":4990833933,"name":"ريمة حميد","type":"monument","category":"tourism","subcategory":"historic","osmType":"node","historic":"monument","name:ar":"ريمة حميد","name:en":"Raymat Humayd Entry"}},{"type":"Feature","id":4990834229,"geometry":{"type":"Point","coordinates":[44.178278600000006,15.305660300000001]},"properties":{"id":4990834229,"name":"جولة علوي السلامي","type":"monument","category":"tourism","subcategory":"historic","osmType":"node","historic":"monument","name:ar":"جولة علوي السلامي","name:latin":"jwla 'lwy al-slamy"}},{"type":"Feature","id":4990834230,"geometry":{"type":"Point","coordinates":[44.226642000000005,15.474714200000001]},"properties":{"id":4990834230,"name":"جولة مدخل المطار","type":"monument","category":"tourism","subcategory":"historic","osmType":"node","historic":"monument","name:ar":"جولة مدخل المطار","name:latin":"jwla mdkhl al-mtar"}},{"type":"Feature","id":4990834425,"geometry":{"type":"Point","coordinates":[44.212675100000006,15.277862400000002]},"properties":{"id":4990834425,"name":"جولة المحافظة","type":"monument","category":"tourism","subcategory":"historic","osmType":"node","historic":"monument","name:ar":"جولة المحافظة","name:latin":"jwla al-mhafza"}},{"type":"Feature","id":4990834427,"geometry":{"type":"Point","coordinates":[44.1914255,15.303053100000001]},"properties":{"id":4990834427,"name":"شقق بن عزيز","type":"hotel","category":"tourism","subcategory":"accommodation","osmType":"node","addr:street":"شارع إيران","name:ar":"شقق بن عزيز","name:en":"Bin Aziz Apartments","opening_hours":"24/7","tourism":"hotel"}},{"type":"Feature","id":4990834430,"geometry":{"type":"Point","coordinates":[44.20204940000001,15.3604093]},"properties":{"id":4990834430,"name":"تقاطع تونس مع العدل","type":"monument","category":"tourism","subcategory":"historic","osmType":"node","historic":"monument","name:ar":"تقاطع تونس مع العدل","name:latin":"tqat' twns m' al-'dl"}},{"type":"Feature","id":4990834431,"geometry":{"type":"Point","coordinates":[44.21557670000001,15.253761500000001]},"properties":{"id":4990834431,"name":"مدخل ارتل","type":"monument","category":"tourism","subcategory":"historic","osmType":"node","historic":"monument","name:ar":"مدخل ارتل","name:en":"Artiel Village Entry"}},{"type":"Feature","id":4990835121,"geometry":{"type":"Point","coordinates":[44.185644700000005,15.3435061]},"properties":{"id":4990835121,"name":"تقاطع الزبيري هايل","type":"monument","category":"tourism","subcategory":"historic","osmType":"node","historic":"monument","name:ar":"تقاطع الزبيري هايل","name:latin":"tqat' al-zbyry hayl"}},{"type":"Feature","id":4990835124,"geometry":{"type":"Point","coordinates":[44.196587300000004,15.3512955]},"properties":{"id":4990835124,"name":"مدخل البونية","type":"monument","category":"tourism","subcategory":"historic","osmType":"node","historic":"monument","name:ar":"مدخل البونية","name:latin":"mdkhl al-bwnya"}},{"type":"Feature","id":4990835125,"geometry":{"type":"Point","coordinates":[44.191952500000006,15.363392500000002]},"properties":{"id":4990835125,"name":"تقاطع العدل مع الزراعة","type":"monument","category":"tourism","subcategory":"historic","osmType":"node","historic":"monument","name:ar":"تقاطع العدل مع الزراعة","name:latin":"tqat' al-'dl m' al-zra'a"}},{"type":"Feature","id":4990835127,"geometry":{"type":"Point","coordinates":[44.215124900000006,15.359692500000001]},"properties":{"id":4990835127,"name":"باب شعوب","type":"monument","category":"tourism","subcategory":"historic","osmType":"node","historic":"monument","name:ar":"باب شعوب","name:latin":"bab sh'wb"}},{"type":"Feature","id":5018126722,"geometry":{"type":"Point","coordinates":[44.226076600000006,15.315710400000002]},"properties":{"id":5018126722,"name":"فندق سيتي ون بلازا","type":"hotel","category":"tourism","subcategory":"accommodation","osmType":"node","addr:street":"60 meters St","name:ar":"فندق سيتي ون بلازا","name:en":"City one Plaza hotel","tourism":"hotel"}},{"type":"Feature","id":5060396921,"geometry":{"type":"Point","coordinates":[44.23167290000001,15.4672604]},"properties":{"id":5060396921,"name":"","type":"attraction","category":"tourism","subcategory":"attraction","osmType":"node","addr:street":"شارع الأربعين","tourism":"attraction"}},{"type":"Feature","id":5079942634,"geometry":{"type":"Point","coordinates":[44.171775200000006,15.375890300000002]},"properties":{"id":5079942634,"name":"فندق المصباح","type":"hotel","category":"tourism","subcategory":"accommodation","osmType":"node","name:ar":"فندق المصباح","name:en":"Hotel Almosbah","tourism":"hotel"}},{"type":"Feature","id":5079949923,"geometry":{"type":"Point","coordinates":[44.220497800000004,15.354733500000002]},"properties":{"id":5079949923,"name":"قصر غمدان قصر السلاح","type":"attraction","category":"tourism","subcategory":"attraction","osmType":"node","name:ar":"قصر غمدان قصر السلاح","tourism":"attraction","name:latin":"qsr ghmdan qsr al-slah"}},{"type":"Feature","id":5079951823,"geometry":{"type":"Point","coordinates":[44.190587400000005,15.344344500000002]},"properties":{"id":5079951823,"name":"عمارة لا إله إلا اللَّه","type":"attraction","category":"tourism","subcategory":"attraction","osmType":"node","name:ar":"عمارة لا إله الأ الله","tourism":"attraction","name:latin":"'mara la ilh ila al-lh"}},{"type":"Feature","id":5136302023,"geometry":{"type":"Point","coordinates":[44.168755000000004,15.343800100000001]},"properties":{"id":5136302023,"name":"فندق ريتاج","type":"hotel","category":"tourism","subcategory":"accommodation","osmType":"node","addr:street":"شارع الستين متر","internet_access":"wlan","name:ar":"فندق ريتاج","name:en":"Reetaj hotel","tourism":"hotel"}},{"type":"Feature","id":5172501121,"geometry":{"type":"Point","coordinates":[44.197715,15.274238800000001]},"properties":{"id":5172501121,"name":"سد كمران","type":"attraction","category":"tourism","subcategory":"attraction","osmType":"node","addr:street":"شارع الاربعين","name:ar":"سد كمران","opening_hours":"24/7","tourism":"attraction","name:latin":"sd kmran"}},{"type":"Feature","id":5206863221,"geometry":{"type":"Point","coordinates":[44.188509800000006,15.362405]},"properties":{"id":5206863221,"name":"فندق مرسيليا","type":"hotel","category":"tourism","subcategory":"accommodation","osmType":"node","addr:street":"الخط الدائري","name:ar":"فندق مرسيليا","name:en":"Marseilia hotel","tourism":"hotel"}},{"type":"Feature","id":5291862222,"geometry":{"type":"Point","coordinates":[44.190992,15.369237400000001]},"properties":{"id":5291862222,"name":"فندق ايجل","type":"hotel","category":"tourism","subcategory":"accommodation","osmType":"node","addr:street":"شارع القاهرة","name:ar":"فندق ايجل","tourism":"hotel","name:latin":"fndq ayjl"}},{"type":"Feature","id":5303256121,"geometry":{"type":"Point","coordinates":[44.174037500000004,15.358080200000002]},"properties":{"id":5303256121,"name":"ن","type":"bureau_de_change","category":"tourism","subcategory":"attraction","osmType":"node","addr:street":"شارع الستين متر","amenity":"bureau_de_change","fixme":"name, name:ar mismatch. name, name:ar mismatch.","name:ar":"المؤتمن للصرافة والتحويلات - شارع الستين الغربي","tourism":"attraction","name:latin":"n"}},{"type":"Feature","id":5443513691,"geometry":{"type":"Point","coordinates":[44.202877300000004,15.271525900000002]},"properties":{"id":5443513691,"name":"Bayt Baws","type":"archaeological_site","category":"tourism","subcategory":"historic","osmType":"node","historic":"archaeological_site","historic:civilization":"prehistoric","name:en":"Bayt Baws"}},{"type":"Feature","id":5455397722,"geometry":{"type":"Point","coordinates":[44.241524500000004,15.287288000000002]},"properties":{"id":5455397722,"name":"فندق ألف ليلة وليلة","type":"hotel","category":"tourism","subcategory":"accommodation","osmType":"node","addr:street":"شارع الحربي","name:ar":"فندق الف ليله وليله","tourism":"hotel","name:latin":"fndq alf lyla wlyla"}},{"type":"Feature","id":5620820521,"geometry":{"type":"Point","coordinates":[44.162314200000004,15.4627092]},"properties":{"id":5620820521,"name":"محطه كهرباء","type":"artwork","category":"tourism","subcategory":"culture","osmType":"node","name:ar":"محطه كهرباء","tourism":"artwork","name:latin":"mhth khrba'"}},{"type":"Feature","id":5644556021,"geometry":{"type":"Point","coordinates":[44.198511200000006,15.3172972]},"properties":{"id":5644556021,"name":"فندق لؤلؤة حدة","type":"hostel","category":"tourism","subcategory":"accommodation","osmType":"node","addr:street":"شارع حدة","internet_access":"wlan","name:ar":"فندق لؤلؤة حدة","name:en":"luluat Haddah hotel","opening_hours":"24/7","tourism":"hostel"}},{"type":"Feature","id":5651682321,"geometry":{"type":"Point","coordinates":[44.1837553,15.341719000000001]},"properties":{"id":5651682321,"name":"فندق التاج الملكي","type":"hotel","category":"tourism","subcategory":"accommodation","osmType":"node","addr:street":"شارع بغداد","name:ar":"فندق التاج الملكي","name:en":"Royal Crown Hotel","tourism":"hotel"}},{"type":"Feature","id":5678683121,"geometry":{"type":"Point","coordinates":[44.353474500000004,15.150408200000001]},"properties":{"id":5678683121,"name":"مقولة سنحان","type":"viewpoint","category":"tourism","subcategory":"attraction","osmType":"node","tourism":"viewpoint","name:latin":"mqwla snhan"}},{"type":"Feature","id":5763229611,"geometry":{"type":"Point","coordinates":[44.2068567,15.388506900000001]},"properties":{"id":5763229611,"name":"فندق وأجنحة برج الرشيد","type":"hotel","category":"tourism","subcategory":"accommodation","osmType":"node","addr:city":"صنعاء","addr:street":"شارع التلفزيون","tourism":"hotel","name:latin":"fndq wajnha brj al-rshyd"}},{"type":"Feature","id":5786621154,"geometry":{"type":"Point","coordinates":[44.2260678,15.327434400000001]},"properties":{"id":5786621154,"name":"فندق ون سيزون","type":"hotel","category":"tourism","subcategory":"accommodation","osmType":"node","addr:city":"صنعاء","addr:street":"شارع تعز","internet_access":"wlan","opening_hours":"24/7","tourism":"hotel","name:latin":"fndq wn syzwn"}},{"type":"Feature","id":5786621456,"geometry":{"type":"Point","coordinates":[44.230963200000005,15.292898000000001]},"properties":{"id":5786621456,"name":"فندق وشقق المارينا","type":"hotel","category":"tourism","subcategory":"accommodation","osmType":"node","addr:street":"شارع 22 مايو","internet_access":"wlan","name:en":"Marina Hotel & Apartments","opening_hours":"24/7","tourism":"hotel"}},{"type":"Feature","id":5851893185,"geometry":{"type":"Point","coordinates":[44.1251339,15.441082800000002]},"properties":{"id":5851893185,"name":"دار الحجر","type":"museum","category":"tourism","subcategory":"culture","osmType":"node","historic":"building","is_in:city":"sana`a","is_in:country":"yemen","name:ar":"دار الحجر","name:en":"Dar al Hajar","tourism":"museum"}},{"type":"Feature","id":5859013285,"geometry":{"type":"Point","coordinates":[44.2127332,15.429885600000002]},"properties":{"id":5859013285,"name":"فندق أبراج المطار","type":"hotel","category":"tourism","subcategory":"accommodation","osmType":"node","tourism":"hotel","name:latin":"fndq abraj al-mtar"}},{"type":"Feature","id":5859013297,"geometry":{"type":"Point","coordinates":[44.2281412,15.444958500000002]},"properties":{"id":5859013297,"name":"جولة مصعب","type":"monument","category":"tourism","subcategory":"historic","osmType":"node","historic":"monument","name:latin":"jwla ms'b"}},{"type":"Feature","id":5862450697,"geometry":{"type":"Point","coordinates":[44.2294119,15.380911000000001]},"properties":{"id":5862450697,"name":"حارة الشهيد الحي ابو علي الانسي","type":"memorial","category":"tourism","subcategory":"historic","osmType":"node","historic":"memorial","name:en":"Neighborhood of the martyr Abu Ali al - Ansi"}},{"type":"Feature","id":5875416583,"geometry":{"type":"Point","coordinates":[44.171924800000006,15.393222100000001]},"properties":{"id":5875416583,"name":"فندق هوازن","type":"hotel","category":"tourism","subcategory":"accommodation","osmType":"node","addr:city":"صنعاء","addr:street":"شارع الستين","tourism":"hotel","name:latin":"fndq hwazn"}},{"type":"Feature","id":5875416889,"geometry":{"type":"Point","coordinates":[44.1754697,15.3847909]},"properties":{"id":5875416889,"name":"فندق وأجنحة ليالينا السياحي","type":"hotel","category":"tourism","subcategory":"accommodation","osmType":"node","addr:city":"صنعاء","addr:street":"شارع الستين","tourism":"hotel","name:latin":"fndq wajnha lyalyna al-syahy"}},{"type":"Feature","id":5875416892,"geometry":{"type":"Point","coordinates":[44.1774441,15.376670800000001]},"properties":{"id":5875416892,"name":"فندق فايف ستارز","type":"hotel","category":"tourism","subcategory":"accommodation","osmType":"node","addr:city":"صنعاء","addr:street":"شارع الستين","tourism":"hotel","name:latin":"fndq fayf starz"}},{"type":"Feature","id":5875416893,"geometry":{"type":"Point","coordinates":[44.17749010000001,15.3763491]},"properties":{"id":5875416893,"name":"فندق 5 ستار","type":"hotel","category":"tourism","subcategory":"accommodation","osmType":"node","addr:city":"صنعاء","addr:street":"شارع الستين","tourism":"hotel","name:latin":"fndq 5 star"}},{"type":"Feature","id":5875416950,"geometry":{"type":"Point","coordinates":[44.17345,15.3549488]},"properties":{"id":5875416950,"name":"فندق لاجون","type":"hotel","category":"tourism","subcategory":"accommodation","osmType":"node","tourism":"hotel","name:latin":"fndq lajwn"}},{"type":"Feature","id":5875416951,"geometry":{"type":"Point","coordinates":[44.173464700000004,15.355708100000001]},"properties":{"id":5875416951,"name":"فندق نوارة الستين","type":"hotel","category":"tourism","subcategory":"accommodation","osmType":"node","tourism":"hotel","name:latin":"fndq nwara al-styn"}},{"type":"Feature","id":5875416952,"geometry":{"type":"Point","coordinates":[44.175085300000006,15.354037500000002]},"properties":{"id":5875416952,"name":"فندق الاحلام","type":"hotel","category":"tourism","subcategory":"accommodation","osmType":"node","addr:city":"صنعاء","addr:street":"شارع الستين","tourism":"hotel","name:latin":"fndq al-ahlam"}},{"type":"Feature","id":5878121455,"geometry":{"type":"Point","coordinates":[44.1904168,15.324598100000001]},"properties":{"id":5878121455,"name":"فندق سيتي ستار","type":"hotel","category":"tourism","subcategory":"accommodation","osmType":"node","addr:street":"شارع الستين","internet_access":"wlan","name:en":"City Star Hotel","opening_hours":"24/7","tourism":"hotel"}},{"type":"Feature","id":5878121463,"geometry":{"type":"Point","coordinates":[44.199426200000005,15.318500100000001]},"properties":{"id":5878121463,"name":"فندق المعالي","type":"hotel","category":"tourism","subcategory":"accommodation","osmType":"node","addr:street":"شارع حدة","name:en":"Almaali Hotel","opening_hours":"24/7","tourism":"hotel"}},{"type":"Feature","id":5883068585,"geometry":{"type":"Point","coordinates":[44.23604100000001,15.377856900000001]},"properties":{"id":5883068585,"name":"مركز علي نهشل لمستلزمات الاعراس","type":"artwork","category":"tourism","subcategory":"culture","osmType":"node","tourism":"artwork","name:latin":"mrkz 'ly nhshl lmstlzmat al-a'ras"}},{"type":"Feature","id":5884594386,"geometry":{"type":"Point","coordinates":[44.163850800000006,15.463133700000002]},"properties":{"id":5884594386,"name":"مفرق القريه وادي ظهر","type":"viewpoint","category":"tourism","subcategory":"attraction","osmType":"node","name:ar":"فرع القريه وادي ظهر","name:en":"Branch of the village","tourism":"viewpoint"}},{"type":"Feature","id":5895667759,"geometry":{"type":"Point","coordinates":[44.1931548,15.368765200000002]},"properties":{"id":5895667759,"name":"فندق النزهة","type":"hotel","category":"tourism","subcategory":"accommodation","osmType":"node","tourism":"hotel","name:latin":"fndq al-nzha"}},{"type":"Feature","id":5895667761,"geometry":{"type":"Point","coordinates":[44.19027680000001,15.3681315]},"properties":{"id":5895667761,"name":"فندق نجد","type":"hotel","category":"tourism","subcategory":"accommodation","osmType":"node","tourism":"hotel","name:latin":"fndq njd"}},{"type":"Feature","id":5935411972,"geometry":{"type":"Point","coordinates":[44.176458600000004,15.397753900000001]},"properties":{"id":5935411972,"name":"فندق سيتي إن بلس","type":"hotel","category":"tourism","subcategory":"accommodation","osmType":"node","addr:city":"صنعاء","addr:street":"شارع الستين","phone":"777712971","tourism":"hotel","name:latin":"fndq syty in bls"}},{"type":"Feature","id":5978227685,"geometry":{"type":"Point","coordinates":[44.206286500000004,15.3520809]},"properties":{"id":5978227685,"name":"فندق اشبيليا","type":"hotel","category":"tourism","subcategory":"accommodation","osmType":"node","addr:street":"ميدان التحرير","tourism":"hotel","name:latin":"fndq ashbylya"}},{"type":"Feature","id":5994083264,"geometry":{"type":"Point","coordinates":[44.213081900000006,15.399318400000002]},"properties":{"id":5994083264,"name":"فندق وأجنحة ليبرتي","type":"hotel","category":"tourism","subcategory":"accommodation","osmType":"node","tourism":"hotel","name:latin":"fndq wajnha lybrty"}},{"type":"Feature","id":6028250171,"geometry":{"type":"Point","coordinates":[44.189032100000006,15.346123100000002]},"properties":{"id":6028250171,"name":"فندق كمفورت صنعاء","type":"hotel","category":"tourism","subcategory":"accommodation","osmType":"node","addr:street":"الخط الدائري","tourism":"hotel","name:latin":"fndq kmfwrt sn'a'"}},{"type":"Feature","id":6028250176,"geometry":{"type":"Point","coordinates":[44.1862884,15.3452449]},"properties":{"id":6028250176,"name":"فندق الضيافة","type":"hotel","category":"tourism","subcategory":"accommodation","osmType":"node","addr:street":"شارع هائل","tourism":"hotel","name:latin":"fndq al-dyafa"}},{"type":"Feature","id":6028250901,"geometry":{"type":"Point","coordinates":[44.1887222,15.3624711]},"properties":{"id":6028250901,"name":"فندق تاج اليونان","type":"hotel","category":"tourism","subcategory":"accommodation","osmType":"node","addr:street":"الخط الدائري","tourism":"hotel","name:latin":"fndq taj al-ywnan"}},{"type":"Feature","id":6140834888,"geometry":{"type":"Point","coordinates":[44.219425,15.278442700000001]},"properties":{"id":6140834888,"name":"فندق تاور ماجيستك","type":"hotel","category":"tourism","subcategory":"accommodation","osmType":"node","addr:street":"شارع الاربعين","description":"فندق راقي وخدمات مميزه","internet_access":"wlan","name:en":"Majestic Tower Hotel","opening_hours":"24/7","phone":"01670777","tourism":"hotel"}},{"type":"Feature","id":6144758720,"geometry":{"type":"Point","coordinates":[44.1985048,15.334755000000001]},"properties":{"id":6144758720,"name":"جولة الرويشان","type":"monument","category":"tourism","subcategory":"historic","osmType":"node","addr:street":"الدائري","historic":"monument","name:ar":"جولة الرويشان","playground":"roundabout","name:latin":"jwla al-rwyshan"}},{"type":"Feature","id":6153888987,"geometry":{"type":"Point","coordinates":[44.2028541,15.351575900000002]},"properties":{"id":6153888987,"name":"فندق الملكة اروى","type":"hotel","category":"tourism","subcategory":"accommodation","osmType":"node","tourism":"hotel","name:latin":"fndq al-mlka arwa"}},{"type":"Feature","id":6295928986,"geometry":{"type":"Point","coordinates":[44.1782169,15.2982206]},"properties":{"id":6295928986,"name":"فندق لامار","type":"hotel","category":"tourism","subcategory":"accommodation","osmType":"node","addr:postcode":"00967","addr:street":"شارع حدة","internet_access":"wlan","name:en":"Lamar Hotel","opening_hours":"24/7","phone":"01424620","tourism":"hotel"}},{"type":"Feature","id":6335705269,"geometry":{"type":"Point","coordinates":[44.2053779,15.396974000000002]},"properties":{"id":6335705269,"name":"فندق نوازي صنعاء","type":"hotel","category":"tourism","subcategory":"accommodation","osmType":"node","addr:street":"شارع التلفزيون","tourism":"hotel","name:latin":"fndq nwazy sn'a'"}},{"type":"Feature","id":6337923225,"geometry":{"type":"Point","coordinates":[44.209147,15.386192900000001]},"properties":{"id":6337923225,"name":"فندق وأجنحة نوفتيل صنعاء","type":"hotel","category":"tourism","subcategory":"accommodation","osmType":"node","addr:city":"صنعاء","addr:street":"شارع التلفزيون","tourism":"hotel","name:latin":"fndq wajnha nwftyl sn'a'"}},{"type":"Feature","id":6345399320,"geometry":{"type":"Point","coordinates":[44.174509900000004,15.358861800000001]},"properties":{"id":6345399320,"name":"فندق تاج آزال","type":"hotel","category":"tourism","subcategory":"accommodation","osmType":"node","addr:street":"شارع الستين","tourism":"hotel","name:latin":"fndq taj azal"}},{"type":"Feature","id":6370050191,"geometry":{"type":"Point","coordinates":[44.232001800000006,15.3126042]},"properties":{"id":6370050191,"name":"فندق ظفار","type":"hotel","category":"tourism","subcategory":"accommodation","osmType":"node","addr:city":"صنعاء","addr:street":"شارع تعز","tourism":"hotel","name:latin":"fndq zfar"}},{"type":"Feature","id":6431661785,"geometry":{"type":"Point","coordinates":[44.1744221,15.360092500000002]},"properties":{"id":6431661785,"name":"قصر ازال","type":"hotel","category":"tourism","subcategory":"accommodation","osmType":"node","name:ar":"فندق قصر ازال","tourism":"hotel","name:latin":"qsr azal"}},{"type":"Feature","id":6476679287,"geometry":{"type":"Point","coordinates":[44.2008329,15.305367700000001]},"properties":{"id":6476679287,"name":"فندق ماجك ستار","type":"hotel","category":"tourism","subcategory":"accommodation","osmType":"node","addr:city":"صنعاء","addr:street":"شارع 14 أكتوبر","internet_access":"wlan","name:en":"Magic Star Hotel","opening_hours":"24/7","phone":"01435666","tourism":"hotel"}},{"type":"Feature","id":6558672485,"geometry":{"type":"Point","coordinates":[44.258499,15.280414000000002]},"properties":{"id":6558672485,"name":"صنعاء الاصبحي","type":"attraction","category":"tourism","subcategory":"attraction","osmType":"node","name:en":"Sana.a alasbhe","tourism":"attraction"}},{"type":"Feature","id":6608897585,"geometry":{"type":"Point","coordinates":[44.215912700000004,15.350949700000001]},"properties":{"id":6608897585,"name":"باب اليمن","type":"attraction","category":"tourism","subcategory":"attraction","osmType":"node","tourism":"attraction","name:latin":"bab al-ymn","name:en":"Bab al-Yaman"}},{"type":"Feature","id":6641069740,"geometry":{"type":"Point","coordinates":[44.231909200000004,15.316008300000002]},"properties":{"id":6641069740,"name":"فندق سكاي سيتي","type":"hotel","category":"tourism","subcategory":"accommodation","osmType":"node","tourism":"hotel","name:latin":"fndq skay syty"}},{"type":"Feature","id":6641931186,"geometry":{"type":"Point","coordinates":[44.2300684,15.299955]},"properties":{"id":6641931186,"name":"جوله بيحان","type":"attraction","category":"tourism","subcategory":"attraction","osmType":"node","tourism":"attraction","name:latin":"jwlh byhan"}},{"type":"Feature","id":6670056186,"geometry":{"type":"Point","coordinates":[44.1890398,15.307053900000001]},"properties":{"id":6670056186,"name":"سكاي لاين السياحي","type":"hotel","category":"tourism","subcategory":"accommodation","osmType":"node","tourism":"hotel","name:latin":"skay layn al-syahy"}},{"type":"Feature","id":6695205585,"geometry":{"type":"Point","coordinates":[44.237569300000004,15.294731100000002]},"properties":{"id":6695205585,"name":"فندق الشذروان","type":"hotel","category":"tourism","subcategory":"accommodation","osmType":"node","addr:street":"شارع 22 أيار","internet_access":"wlan","name:en":"ALSHATHRWAN HOTEL","tourism":"hotel"}},{"type":"Feature","id":6696040685,"geometry":{"type":"Point","coordinates":[44.2230883,15.268249800000001]},"properties":{"id":6696040685,"name":"حي الشباب - بيت بوس","type":"monument","category":"tourism","subcategory":"historic","osmType":"node","historic":"monument","name:latin":"hy al-shbab - byt bws"}},{"type":"Feature","id":6727566890,"geometry":{"type":"Point","coordinates":[44.2625286,15.364953600000002]},"properties":{"id":6727566890,"name":"مدينه الهمداني ( Sh )","type":"attraction","category":"tourism","subcategory":"attraction","osmType":"node","tourism":"attraction"}},{"type":"Feature","id":6762153789,"geometry":{"type":"Point","coordinates":[44.225638100000005,15.3027738]},"properties":{"id":6762153789,"name":"النبيل","type":"hotel","category":"tourism","subcategory":"accommodation","osmType":"node","tourism":"hotel","name:latin":"al-nbyl"}},{"type":"Feature","id":6762153790,"geometry":{"type":"Point","coordinates":[44.217946600000005,15.383117000000002]},"properties":{"id":6762153790,"name":"فندق خليجي عشرين","type":"hotel","category":"tourism","subcategory":"accommodation","osmType":"node","name:en":"Hotel Gulf Twenty","tourism":"hotel"}},{"type":"Feature","id":6862188512,"geometry":{"type":"Point","coordinates":[44.228009500000006,15.3971031]},"properties":{"id":6862188512,"name":"جولة آية","type":"monument","category":"tourism","subcategory":"historic","osmType":"node","historic":"monument","name:latin":"jwla aya"}},{"type":"Feature","id":6862188515,"geometry":{"type":"Point","coordinates":[44.1988375,15.320129900000001]},"properties":{"id":6862188515,"name":"جولة فلسطين","type":"monument","category":"tourism","subcategory":"historic","osmType":"node","alt_name":"جولة المصباحي","historic":"monument","name:latin":"jwla flstyn"}},{"type":"Feature","id":6862194289,"geometry":{"type":"Point","coordinates":[44.191297600000006,15.4215113]},"properties":{"id":6862194289,"name":"جولة عمران","type":"monument","category":"tourism","subcategory":"historic","osmType":"node","historic":"monument","name:latin":"jwla 'mran"}},{"type":"Feature","id":6862194388,"geometry":{"type":"Point","coordinates":[44.201696600000005,15.353201100000001]},"properties":{"id":6862194388,"name":"دار البشاير","type":"museum","category":"tourism","subcategory":"culture","osmType":"node","tourism":"museum","name:latin":"dar al-bshayr"}},{"type":"Feature","id":6917303985,"geometry":{"type":"Point","coordinates":[44.206740700000005,15.349951700000002]},"properties":{"id":6917303985,"name":"فندق الشامي بلازا","type":"hotel","category":"tourism","subcategory":"accommodation","osmType":"node","addr:housenumber":"01279100","addr:street":"جسر الصداقة","internet_access":"wlan","name:ar":"فندق الشميري بلازا","phone":"+967771919475","tourism":"hotel","name:latin":"fndq al-shamy blaza"}},{"type":"Feature","id":6937218320,"geometry":{"type":"Point","coordinates":[44.206068,15.355884000000001]},"properties":{"id":6937218320,"name":"المتحف الوطني","type":"museum","category":"tourism","subcategory":"culture","osmType":"node","GNS:dsg_code":"MUS","GNS:dsg_name":"museum","GNS:id":"10832723","int_name":"Al Matḩaf al Waţanī","name:ar":"المتحف الوطني","name:en":"Al Mathaf al Watani","source:name":"GNS","tourism":"museum"}},{"type":"Feature","id":6937218377,"geometry":{"type":"Point","coordinates":[44.194555,15.355769000000002]},"properties":{"id":6937218377,"name":"فندق دار الحمد","type":"hotel","category":"tourism","subcategory":"accommodation","osmType":"node","GNS:dsg_code":"HTL","GNS:dsg_name":"hotel","GNS:id":"10832725","int_name":"Funduq Dār al Ḩamad","name:ar":"فندق دار الحمد","name:en":"Funduq Dar al Hamad","source:name":"GNS","tourism":"hotel"}},{"type":"Feature","id":6937224221,"geometry":{"type":"Point","coordinates":[44.183645000000006,15.304067000000002]},"properties":{"id":6937224221,"name":"فندق رمادا حدة","type":"hotel","category":"tourism","subcategory":"accommodation","osmType":"node","GNS:dsg_code":"HTL","GNS:dsg_name":"hotel","GNS:id":"10643656","alt_name":"Hotel Ramada Hadda","int_name":"Funduq Ramādā Ḩaddah","name:ar":"فندق رمادا حدة","name:en":"Funduq Ramada Haddah","source:name":"GNS","tourism":"hotel"}},{"type":"Feature","id":6937224308,"geometry":{"type":"Point","coordinates":[44.20591,15.349368000000002]},"properties":{"id":6937224308,"name":"فندق تاج سبأ السياحي","type":"hotel","category":"tourism","subcategory":"accommodation","osmType":"node","GNS:dsg_code":"HTL","GNS:dsg_name":"hotel","GNS:id":"10643666","alt_name":"Hotel Taj Sheba","int_name":"Funduq Sabā’","name:en":"Funduq Saba'","source:name":"GNS","tourism":"hotel"}},{"type":"Feature","id":6937224472,"geometry":{"type":"Point","coordinates":[44.18553000000001,15.344513000000001]},"properties":{"id":6937224472,"name":"فندق بانوراما صنعاء","type":"hotel","category":"tourism","subcategory":"accommodation","osmType":"node","GNS:dsg_code":"HTL","GNS:dsg_name":"hotel","GNS:id":"10834483","int_name":"Funduq Bānūrāmā Şan‘ā’","name:ar":"فندق بانوراما صنعاء","name:en":"Funduq Banurama San`a'","source:name":"GNS","tourism":"hotel"}},{"type":"Feature","id":6944353586,"geometry":{"type":"Point","coordinates":[44.1745595,15.386126200000001]},"properties":{"id":6944353586,"name":"جولة الولاعة","type":"monument","category":"tourism","subcategory":"historic","osmType":"node","historic":"monument","name:latin":"jwla al-wla'a"}},{"type":"Feature","id":6970180685,"geometry":{"type":"Point","coordinates":[44.163939000000006,15.289587400000002]},"properties":{"id":6970180685,"name":"قرية العين","type":"attraction","category":"tourism","subcategory":"attraction","osmType":"node","tourism":"attraction","name:latin":"qrya al-'yn"}},{"type":"Feature","id":6988071896,"geometry":{"type":"Point","coordinates":[44.2337634,15.305662000000002]},"properties":{"id":6988071896,"name":"فندق نبلاء اليمن","type":"motel","category":"tourism","subcategory":"accommodation","osmType":"node","addr:street":"شارع بينون","tourism":"motel","name:latin":"fndq nbla' al-ymn"}},{"type":"Feature","id":7090689886,"geometry":{"type":"Point","coordinates":[44.23791190000001,15.2979467]},"properties":{"id":7090689886,"name":"فندق برجايا","type":"hotel","category":"tourism","subcategory":"accommodation","osmType":"node","addr:city":"صنعاء","addr:street":"شارع تعز","tourism":"hotel","name:latin":"fndq brjaya"}},{"type":"Feature","id":7146562588,"geometry":{"type":"Point","coordinates":[44.231158400000005,15.315716100000001]},"properties":{"id":7146562588,"name":"فندق سكاي سيتي","type":"hotel","category":"tourism","subcategory":"accommodation","osmType":"node","addr:street":"شارع تعز","name:en":"Sky city","opening_hours":"24/7","tourism":"hotel"}},{"type":"Feature","id":7172743085,"geometry":{"type":"Point","coordinates":[44.216999300000005,15.353935400000001]},"properties":{"id":7172743085,"name":"شراشف صلاه","type":"attraction","category":"tourism","subcategory":"attraction","osmType":"node","tourism":"attraction","name:latin":"shrashf slah"}},{"type":"Feature","id":7271204285,"geometry":{"type":"Point","coordinates":[44.180778600000004,15.401989400000001]},"properties":{"id":7271204285,"name":"مطعم وأجنحة رافلز إن","type":"hotel","category":"tourism","subcategory":"accommodation","osmType":"node","addr:city":"صنعاء","addr:street":"شارع الستين","tourism":"hotel","name:latin":"mt'm wajnha raflz in"}},{"type":"Feature","id":7283479485,"geometry":{"type":"Point","coordinates":[44.3884046,15.493886300000002]},"properties":{"id":7283479485,"name":"بيت شملان","type":"viewpoint","category":"tourism","subcategory":"attraction","osmType":"node","tourism":"viewpoint","name:latin":"byt shmlan"}},{"type":"Feature","id":7315207985,"geometry":{"type":"Point","coordinates":[44.2172842,15.234139200000001]},"properties":{"id":7315207985,"name":"عمران للخرسانةالجاهزة","type":"monument","category":"tourism","subcategory":"historic","osmType":"node","historic":"monument","name:latin":"'mran llkhrsanaaljahza"}},{"type":"Feature","id":7445083689,"geometry":{"type":"Point","coordinates":[44.2166239,15.335856500000002]},"properties":{"id":7445083689,"name":"فندق نايس بلازا","type":"hotel","category":"tourism","subcategory":"accommodation","osmType":"node","tourism":"hotel","name:latin":"fndq nays blaza"}},{"type":"Feature","id":7502264886,"geometry":{"type":"Point","coordinates":[44.1721641,15.354134900000002]},"properties":{"id":7502264886,"name":"حي الطيران","type":"information","category":"tourism","subcategory":"information","osmType":"node","tourism":"information","name:latin":"hy al-tyran"}},{"type":"Feature","id":7521099385,"geometry":{"type":"Point","coordinates":[44.3531582,15.368986900000001]},"properties":{"id":7521099385,"name":"قصر سبتمبر وهاس","type":"castle","category":"tourism","subcategory":"historic","osmType":"node","addr:street":"قريه بيت نمير جبل الريد","historic":"castle","name:en":"September Wahas Palace"}},{"type":"Feature","id":7668041903,"geometry":{"type":"Point","coordinates":[44.190824600000006,15.369171200000002]},"properties":{"id":7668041903,"name":"فندق كمفورت","type":"hotel","category":"tourism","subcategory":"accommodation","osmType":"node","contact:facebook":"https://www.facebook.com/فندق-كمفورت-569654889726644/","name:ar":"فندق كمفورت","name:en":"Comfort Hotel","tourism":"hotel"}},{"type":"Feature","id":7669718688,"geometry":{"type":"Point","coordinates":[44.2384004,15.3141086]},"properties":{"id":7669718688,"name":"فندق قصر المسافر السياحي","type":"hotel","category":"tourism","subcategory":"accommodation","osmType":"node","addr:street":"شارع السفينة","name:en":"ALMOUSAFER HOTEL","tourism":"hotel"}},{"type":"Feature","id":7669718690,"geometry":{"type":"Point","coordinates":[44.2703415,15.282981800000002]},"properties":{"id":7669718690,"name":"جولة الحثيلي","type":"monument","category":"tourism","subcategory":"historic","osmType":"node","historic":"monument","name:latin":"jwla al-hthyly"}},{"type":"Feature","id":7669718692,"geometry":{"type":"Point","coordinates":[44.2159266,15.351049600000001]},"properties":{"id":7669718692,"name":"باب اليمن","type":"information","category":"tourism","subcategory":"information","osmType":"node","addr:street":"شارع الزبيري","tourism":"information","name:latin":"bab al-ymn","name:en":"Bab al-Yaman"}},{"type":"Feature","id":7730273440,"geometry":{"type":"Point","coordinates":[44.2081997,15.349111400000002]},"properties":{"id":7730273440,"name":"فندق وأجنحة الديرة","type":"hotel","category":"tourism","subcategory":"accommodation","osmType":"node","tourism":"hotel","name:latin":"fndq wajnha al-dyra"}},{"type":"Feature","id":7790794886,"geometry":{"type":"Point","coordinates":[44.331970500000004,15.383760900000002]},"properties":{"id":7790794886,"name":"","type":"attraction","category":"tourism","subcategory":"attraction","osmType":"node","tourism":"attraction"}},{"type":"Feature","id":7817513986,"geometry":{"type":"Point","coordinates":[44.224414100000004,15.3001105]},"properties":{"id":7817513986,"name":"استراحة قصر فينا","type":"attraction","category":"tourism","subcategory":"attraction","osmType":"node","addr:street":"شارع 23 يونيو","name:en":"VIENNA PALACE BREAK","phone":"770 222 012","tourism":"attraction","website":"https://m.facebook.com/Palace.Vienna.lounge/"}},{"type":"Feature","id":7890664385,"geometry":{"type":"Point","coordinates":[44.1273575,15.3231423]},"properties":{"id":7890664385,"name":"موقع 3","type":"attraction","category":"tourism","subcategory":"attraction","osmType":"node","tourism":"attraction","name:latin":"mwq' 3"}},{"type":"Feature","id":7890664686,"geometry":{"type":"Point","coordinates":[44.1319919,15.307291200000002]},"properties":{"id":7890664686,"name":"موقع سكن","type":"attraction","category":"tourism","subcategory":"attraction","osmType":"node","tourism":"attraction","name:latin":"mwq' skn"}},{"type":"Feature","id":7890684185,"geometry":{"type":"Point","coordinates":[44.1507797,15.3089387]},"properties":{"id":7890684185,"name":"موقع 1","type":"attraction","category":"tourism","subcategory":"attraction","osmType":"node","tourism":"attraction","name:latin":"mwq' 1"}},{"type":"Feature","id":7982414986,"geometry":{"type":"Point","coordinates":[44.27039920000001,15.282981800000002]},"properties":{"id":7982414986,"name":"جولة الحثيلي","type":"memorial","category":"tourism","subcategory":"historic","osmType":"node","historic":"memorial","name:latin":"jwla al-hthyly"}},{"type":"Feature","id":7990320985,"geometry":{"type":"Point","coordinates":[44.24730100000001,15.452306900000002]},"properties":{"id":7990320985,"name":"حارة الشيخ سلطان","type":"viewpoint","category":"tourism","subcategory":"attraction","osmType":"node","tourism":"viewpoint","name:latin":"hara al-shykh sltan"}},{"type":"Feature","id":7994357989,"geometry":{"type":"Point","coordinates":[44.328082,15.173994300000002]},"properties":{"id":7994357989,"name":"بحيرة سيان","type":"viewpoint","category":"tourism","subcategory":"attraction","osmType":"node","name:en":"bohrat saian","tourism":"viewpoint"}},{"type":"Feature","id":8018667585,"geometry":{"type":"Point","coordinates":[44.234899600000006,15.2927282]},"properties":{"id":8018667585,"name":"فندق ذوريدان","type":"hotel","category":"tourism","subcategory":"accommodation","osmType":"node","tourism":"hotel","name:latin":"fndq dhwrydan"}},{"type":"Feature","id":8026160887,"geometry":{"type":"Point","coordinates":[44.2408664,15.28902]},"properties":{"id":8026160887,"name":"فندق بوديل السياحي","type":"hotel","category":"tourism","subcategory":"accommodation","osmType":"node","addr:city":"صنعاء","addr:street":"شارع تعز","tourism":"hotel","name:latin":"fndq bwdyl al-syahy"}},{"type":"Feature","id":8093876519,"geometry":{"type":"Point","coordinates":[44.252482300000004,15.2997802]},"properties":{"id":8093876519,"name":"فندق وأجنحة الفيصلية","type":"hotel","category":"tourism","subcategory":"accommodation","osmType":"node","tourism":"hotel","name:latin":"fndq wajnha al-fyslya"}},{"type":"Feature","id":8103940017,"geometry":{"type":"Point","coordinates":[44.262173100000005,15.2806419]},"properties":{"id":8103940017,"name":"الهندوانة","type":"information","category":"tourism","subcategory":"information","osmType":"node","tourism":"information","name:latin":"al-hndwana"}},{"type":"Feature","id":8242468917,"geometry":{"type":"Point","coordinates":[44.21889470000001,15.338018100000001]},"properties":{"id":8242468917,"name":"فندق لؤلؤة صنعاء","type":"hotel","category":"tourism","subcategory":"accommodation","osmType":"node","tourism":"hotel","name:latin":"fndq l'l'a sn'a'"}},{"type":"Feature","id":8273964017,"geometry":{"type":"Point","coordinates":[44.264653100000004,15.3024672]},"properties":{"id":8273964017,"name":"صاله احمد غالب الحمزي","type":"guest_house","category":"tourism","subcategory":"accommodation","osmType":"node","tourism":"guest_house","name:latin":"salh ahmd ghalb al-hmzy"}},{"type":"Feature","id":8360738417,"geometry":{"type":"Point","coordinates":[44.171072800000005,15.357239800000002]},"properties":{"id":8360738417,"name":"سكن احمد عبدة الفظل جامعة العلوم","type":"motel","category":"tourism","subcategory":"accommodation","osmType":"node","tourism":"motel","name:latin":"skn ahmd 'bda al-fzl jam'a al-'lwm"}},{"type":"Feature","id":8478210678,"geometry":{"type":"Point","coordinates":[44.2228135,15.336174000000002]},"properties":{"id":8478210678,"name":"مخرطة عثمان الفنية","type":"artwork","category":"tourism","subcategory":"culture","osmType":"node","addr:street":"جوار جولة تعز","opening_hours":"Mo-Th, Sa, Su 09:00-18:00","tourism":"artwork","website":"اليمن - صنعاء - جولة تعز","name:latin":"mkhrta 'thman al-fnya"}},{"type":"Feature","id":8505180413,"geometry":{"type":"Point","coordinates":[44.212465400000006,15.430578800000001]},"properties":{"id":8505180413,"name":"","type":"motel","category":"tourism","subcategory":"accommodation","osmType":"node","tourism":"motel"}},{"type":"Feature","id":8505180414,"geometry":{"type":"Point","coordinates":[44.214139100000004,15.435087900000001]},"properties":{"id":8505180414,"name":"","type":"motel","category":"tourism","subcategory":"accommodation","osmType":"node","tourism":"motel"}},{"type":"Feature","id":8507690018,"geometry":{"type":"Point","coordinates":[44.2381436,15.466302200000001]},"properties":{"id":8507690018,"name":"ايمن المصري","type":"hostel","category":"tourism","subcategory":"accommodation","osmType":"node","addr:street":"شارع الخمسين","tourism":"hostel","name:latin":"aymn al-msry"}},{"type":"Feature","id":8533752817,"geometry":{"type":"Point","coordinates":[44.198256,15.423524200000001]},"properties":{"id":8533752817,"name":"فندق ليالي رويال","type":"hotel","category":"tourism","subcategory":"accommodation","osmType":"node","tourism":"hotel","name:latin":"fndq lyaly rwyal"}},{"type":"Feature","id":8567223817,"geometry":{"type":"Point","coordinates":[44.325048300000006,15.185951400000002]},"properties":{"id":8567223817,"name":"سد سيان","type":"attraction","category":"tourism","subcategory":"attraction","osmType":"node","addr:street":"قريه سيان","tourism":"attraction","name:latin":"sd syan"}},{"type":"Feature","id":8583463118,"geometry":{"type":"Point","coordinates":[44.3273876,15.187676200000002]},"properties":{"id":8583463118,"name":"سد سيان","type":"viewpoint","category":"tourism","subcategory":"attraction","osmType":"node","description":"سد سيان سد وادي الغيل الحميري يتوسط قريه سيان وشعسان وشيعان وتغذيته هي من راس جبل كنن بامتداد الوادي الذي يصب شمالا مع وادي الخارد عبر صنعاء إلى محافظه الجوف","name:en":"Dam","tourism":"viewpoint"}},{"type":"Feature","id":8583463417,"geometry":{"type":"Point","coordinates":[44.32507270000001,15.195508300000002]},"properties":{"id":8583463417,"name":"الشيخ ياسين هادي الحشيشي","type":"memorial","category":"tourism","subcategory":"historic","osmType":"node","historic":"memorial","name:en":"yaseen hadi"}},{"type":"Feature","id":8611488217,"geometry":{"type":"Point","coordinates":[44.2266161,15.3827452]},"properties":{"id":8611488217,"name":"فندق لمسات","type":"hotel","category":"tourism","subcategory":"accommodation","osmType":"node","tourism":"hotel","name:latin":"fndq lmsat"}},{"type":"Feature","id":8633702717,"geometry":{"type":"Point","coordinates":[44.232819000000006,15.388221300000001]},"properties":{"id":8633702717,"name":"عمارة محمد الحبيشي","type":"hostel","category":"tourism","subcategory":"accommodation","osmType":"node","addr:street":"شارع النصر","tourism":"hostel","name:latin":"'mara mhmd al-hbyshy"}},{"type":"Feature","id":8750095103,"geometry":{"type":"Point","coordinates":[44.2244539,15.321367000000002]},"properties":{"id":8750095103,"name":"فندق برج الحياة","type":"hotel","category":"tourism","subcategory":"accommodation","osmType":"node","addr:city":"صنعاء","addr:street":"شارع 17","internet_access":"wlan","tourism":"hotel","name:latin":"fndq brj al-hyaa"}},{"type":"Feature","id":8809437917,"geometry":{"type":"Point","coordinates":[44.240698800000004,15.308871400000001]},"properties":{"id":8809437917,"name":"فندق واجنحة دار المضيف","type":"hotel","category":"tourism","subcategory":"accommodation","osmType":"node","tourism":"hotel","name:latin":"fndq wajnha dar al-mdyf"}},{"type":"Feature","id":8836913518,"geometry":{"type":"Point","coordinates":[44.214295400000005,15.420887900000002]},"properties":{"id":8836913518,"name":"نفق الجمنة","type":"monument","category":"tourism","subcategory":"historic","osmType":"node","historic":"monument","name:latin":"nfq al-jmna"}},{"type":"Feature","id":8836933317,"geometry":{"type":"Point","coordinates":[44.2142472,15.410993900000001]},"properties":{"id":8836933317,"name":"نفق النصر","type":"monument","category":"tourism","subcategory":"historic","osmType":"node","historic":"monument","name:latin":"nfq al-nsr"}},{"type":"Feature","id":8837149320,"geometry":{"type":"Point","coordinates":[44.2063197,15.348232600000001]},"properties":{"id":8837149320,"name":"جسر الصداقة","type":"monument","category":"tourism","subcategory":"historic","osmType":"node","historic":"monument","name:latin":"jsr al-sdaqa"}},{"type":"Feature","id":8841347717,"geometry":{"type":"Point","coordinates":[44.220734900000004,15.419719700000002]},"properties":{"id":8841347717,"name":"","type":"monument","category":"tourism","subcategory":"historic","osmType":"node","historic":"monument","name:en":"دوار الكلية الحربية"}},{"type":"Feature","id":8856857618,"geometry":{"type":"Point","coordinates":[44.20402850000001,15.300381500000002]},"properties":{"id":8856857618,"name":"مقبرة الشيخ عبد الله","type":"monument","category":"tourism","subcategory":"historic","osmType":"node","historic":"monument","name:latin":"mqbra al-shykh 'bd al-lh"}},{"type":"Feature","id":8868892017,"geometry":{"type":"Point","coordinates":[44.1919814,15.308756100000002]},"properties":{"id":8868892017,"name":"فندق روز هوليدي إن","type":"hotel","category":"tourism","subcategory":"accommodation","osmType":"node","addr:city":"صنعاء","addr:housenumber":"005","addr:postcode":"001","addr:street":"شارع حدة","internet_access":"wlan","name:en":"Rose Holiday Inn","opening_hours":"24/7","phone":"01420002","tourism":"hotel","website":"http://holiday in.net"}},{"type":"Feature","id":8882598617,"geometry":{"type":"Point","coordinates":[44.2266539,15.3254052]},"properties":{"id":8882598617,"name":"فندق مدينة ازال","type":"hotel","category":"tourism","subcategory":"accommodation","osmType":"node","tourism":"hotel","name:latin":"fndq mdyna azal"}},{"type":"Feature","id":8930159618,"geometry":{"type":"Point","coordinates":[44.134947600000004,15.393822100000001]},"properties":{"id":8930159618,"name":"أرضية في حارة زينب 3لبن على ش14 بطول 14","type":"guest_house","category":"tourism","subcategory":"accommodation","osmType":"node","addr:housenumber":"14","tourism":"guest_house","name:latin":"ardya fy hara zynb 3lbn 'la sh14 btwl 14"}},{"type":"Feature","id":8999521218,"geometry":{"type":"Point","coordinates":[44.218712700000005,15.3420549]},"properties":{"id":8999521218,"name":"فندق تاج حضرموت","type":"hotel","category":"tourism","subcategory":"accommodation","osmType":"node","addr:street":"شارع تعز","internet_access":"wlan","opening_hours":"24/7","tourism":"hotel","name:latin":"fndq taj hdrmwt"}},{"type":"Feature","id":9029012417,"geometry":{"type":"Point","coordinates":[44.2307987,15.270097400000001]},"properties":{"id":9029012417,"name":"معامل أيلول للتصوير الرقمي","type":"artwork","category":"tourism","subcategory":"culture","osmType":"node","tourism":"artwork","name:latin":"m'aml aylwl lltswyr al-rqmy"}},{"type":"Feature","id":9029013917,"geometry":{"type":"Point","coordinates":[44.2032485,15.342089600000001]},"properties":{"id":9029013917,"name":"ورشة منصور للدراجات النارية","type":"artwork","category":"tourism","subcategory":"culture","osmType":"node","tourism":"artwork","name:latin":"wrsha mnswr lldrajat al-narya"}},{"type":"Feature","id":9029904617,"geometry":{"type":"Point","coordinates":[44.219027600000004,15.3421558]},"properties":{"id":9029904617,"name":"فندق قصر الضيافة","type":"hotel","category":"tourism","subcategory":"accommodation","osmType":"node","tourism":"hotel","name:latin":"fndq qsr al-dyafa"}},{"type":"Feature","id":9197563417,"geometry":{"type":"Point","coordinates":[44.1947594,15.347763200000001]},"properties":{"id":9197563417,"name":"المحل - ش التوفيق","type":"artwork","category":"tourism","subcategory":"culture","osmType":"node","tourism":"artwork","name:latin":"al-mhl - sh al-twfyq"}},{"type":"Feature","id":9240866217,"geometry":{"type":"Point","coordinates":[44.22216710000001,15.280392100000002]},"properties":{"id":9240866217,"name":"صاله النخبه ( Sh )","type":"attraction","category":"tourism","subcategory":"attraction","osmType":"node","tourism":"attraction"}},{"type":"Feature","id":9286596718,"geometry":{"type":"Point","coordinates":[44.181192200000005,15.401530900000001]},"properties":{"id":9286596718,"name":"فندق كوينز لاند","type":"hotel","category":"tourism","subcategory":"accommodation","osmType":"node","addr:city":"صنعاء","addr:street":"شارع الستين","tourism":"hotel","name:latin":"fndq kwynz land"}},{"type":"Feature","id":9417665403,"geometry":{"type":"Point","coordinates":[44.1741955,15.388552500000001]},"properties":{"id":9417665403,"name":"المركز الطبي النموذجي الاول","type":"hostel","category":"tourism","subcategory":"accommodation","osmType":"node","addr:city":"المدينة الليبية","addr:street":"شارع الستين","tourism":"hostel","name:latin":"al-mrkz al-tby al-nmwdhjy al-awl"}},{"type":"Feature","id":9426404817,"geometry":{"type":"Point","coordinates":[44.1920999,15.294076400000002]},"properties":{"id":9426404817,"name":"روضة الشهدا مديريه السبعين","type":"attraction","category":"tourism","subcategory":"attraction","osmType":"node","tourism":"attraction","name:latin":"rwda al-shhda mdyryh al-sb'yn"}},{"type":"Feature","id":9431617646,"geometry":{"type":"Point","coordinates":[44.1860161,15.416256200000001]},"properties":{"id":9431617646,"name":"فندق تاج ذهبان","type":"hotel","category":"tourism","subcategory":"accommodation","osmType":"node","name:ar":"فندق تاج ذهبان","tourism":"hotel","name:latin":"fndq taj dhhban"}},{"type":"Feature","id":9482268789,"geometry":{"type":"Point","coordinates":[44.24021200000001,15.294018200000002]},"properties":{"id":9482268789,"name":"","type":"hotel","category":"tourism","subcategory":"accommodation","osmType":"node","tourism":"hotel"}},{"type":"Feature","id":9500856232,"geometry":{"type":"Point","coordinates":[44.24511270000001,15.380807200000001]},"properties":{"id":9500856232,"name":"فندق نورماس","type":"hotel","category":"tourism","subcategory":"accommodation","osmType":"node","tourism":"hotel","name:latin":"fndq nwrmas"}},{"type":"Feature","id":9603293518,"geometry":{"type":"Point","coordinates":[44.2176394,15.345676000000001]},"properties":{"id":9603293518,"name":"المزارعين","type":"attraction","category":"tourism","subcategory":"attraction","osmType":"node","tourism":"attraction","name:latin":"al-mzar'yn"}},{"type":"Feature","id":9603294319,"geometry":{"type":"Point","coordinates":[44.276296900000006,15.548280300000002]},"properties":{"id":9603294319,"name":"مزارع الشعوبي للسماد أرحب","type":"attraction","category":"tourism","subcategory":"attraction","osmType":"node","tourism":"attraction","name:latin":"mzar' al-sh'wby llsmad arhb"}},{"type":"Feature","id":9935625117,"geometry":{"type":"Point","coordinates":[44.2334917,15.305548300000002]},"properties":{"id":9935625117,"name":"فندق سما دبي","type":"hotel","category":"tourism","subcategory":"accommodation","osmType":"node","name:en":"Sama dubi Hotel","tourism":"hotel"}},{"type":"Feature","id":9949589517,"geometry":{"type":"Point","coordinates":[44.168407,15.316521700000001]},"properties":{"id":9949589517,"name":"إستراحة سبأ منطقة حدة","type":"attraction","category":"tourism","subcategory":"attraction","osmType":"node","addr:street":"شارع بيروت","tourism":"attraction","name:latin":"istraha sba mntqa hda"}},{"type":"Feature","id":9977288818,"geometry":{"type":"Point","coordinates":[44.23411350000001,15.308467400000001]},"properties":{"id":9977288818,"name":"فندق رافال","type":"hotel","category":"tourism","subcategory":"accommodation","osmType":"node","name:en":"Rafal hotel","tourism":"hotel"}},{"type":"Feature","id":9977288917,"geometry":{"type":"Point","coordinates":[44.233584,15.312163100000001]},"properties":{"id":9977288917,"name":"فندق القصر الأبيض","type":"hotel","category":"tourism","subcategory":"accommodation","osmType":"node","addr:housenumber":"10","addr:postcode":"00967","addr:street":"شارع السفينة","internet_access":"wlan","name:en":"White Palace Hotel","opening_hours":"24/7","phone":"777223110","tourism":"hotel"}},{"type":"Feature","id":10136718217,"geometry":{"type":"Point","coordinates":[44.214114300000006,15.4101829]},"properties":{"id":10136718217,"name":"","type":"artwork","category":"tourism","subcategory":"culture","osmType":"node","name:en":"معامل النصر للتصوير والدعايه والاعلان","tourism":"artwork"}},{"type":"Feature","id":10136720717,"geometry":{"type":"Point","coordinates":[44.2421032,15.362304800000002]},"properties":{"id":10136720717,"name":"معامل النصر 2","type":"artwork","category":"tourism","subcategory":"culture","osmType":"node","tourism":"artwork","name:latin":"m'aml al-nsr 2"}},{"type":"Feature","id":10159655744,"geometry":{"type":"Point","coordinates":[44.1640073,15.401089200000001]},"properties":{"id":10159655744,"name":"فندق","type":"hotel","category":"tourism","subcategory":"accommodation","osmType":"node","tourism":"hotel","name:latin":"fndq"}},{"type":"Feature","id":10281408711,"geometry":{"type":"Point","coordinates":[44.2285765,15.455987200000001]},"properties":{"id":10281408711,"name":"ابو فهمي للاكسجين","type":"artwork","category":"tourism","subcategory":"culture","osmType":"node","tourism":"artwork","name:latin":"abw fhmy llaksjyn"}},{"type":"Feature","id":10624927367,"geometry":{"type":"Point","coordinates":[44.18862360000001,15.342335100000001]},"properties":{"id":10624927367,"name":"فندق واحة المسافر","type":"hotel","category":"tourism","subcategory":"accommodation","osmType":"node","addr:street":"شارع عمان","tourism":"hotel","name:latin":"fndq waha al-msafr"}},{"type":"Feature","id":10632742519,"geometry":{"type":"Point","coordinates":[44.2258883,15.329844300000001]},"properties":{"id":10632742519,"name":"فندق ستار صنعاء بلازا","type":"hotel","category":"tourism","subcategory":"accommodation","osmType":"node","addr:city":"صنعاء","addr:street":"شارع ال45","tourism":"hotel","name:latin":"fndq star sn'a' blaza"}},{"type":"Feature","id":10632742520,"geometry":{"type":"Point","coordinates":[44.225614500000006,15.329768500000002]},"properties":{"id":10632742520,"name":"فندق السعيد","type":"hotel","category":"tourism","subcategory":"accommodation","osmType":"node","addr:city":"صنعاء","addr:street":"شارع ال45","tourism":"hotel","name:latin":"fndq al-s'yd"}},{"type":"Feature","id":10632742522,"geometry":{"type":"Point","coordinates":[44.2243427,15.330099700000002]},"properties":{"id":10632742522,"name":"فندق أورينت السياحي","type":"hotel","category":"tourism","subcategory":"accommodation","osmType":"node","addr:city":"صنعاء","addr:street":"شارع تعز","tourism":"hotel","name:latin":"fndq awrynt al-syahy"}},{"type":"Feature","id":10632742524,"geometry":{"type":"Point","coordinates":[44.22423440000001,15.330456400000001]},"properties":{"id":10632742524,"name":"فندق وأجنحة أبها","type":"hotel","category":"tourism","subcategory":"accommodation","osmType":"node","addr:city":"صنعاء","addr:street":"شارع تعز","tourism":"hotel","name:latin":"fndq wajnha abha"}},{"type":"Feature","id":10632742526,"geometry":{"type":"Point","coordinates":[44.224189300000006,15.3298178]},"properties":{"id":10632742526,"name":"فندق كوين السياحي","type":"hotel","category":"tourism","subcategory":"accommodation","osmType":"node","addr:city":"صنعاء","addr:street":"شارع ال45","tourism":"hotel","name:latin":"fndq kwyn al-syahy"}},{"type":"Feature","id":10632742533,"geometry":{"type":"Point","coordinates":[44.2238313,15.331444500000002]},"properties":{"id":10632742533,"name":"فندق وأجنحة واي ستار","type":"hotel","category":"tourism","subcategory":"accommodation","osmType":"node","addr:city":"صنعاء","addr:street":"شارع تعز","tourism":"hotel","name:latin":"fndq wajnha way star"}},{"type":"Feature","id":10632742536,"geometry":{"type":"Point","coordinates":[44.2237328,15.332497600000002]},"properties":{"id":10632742536,"name":"فندق ضفاف النيل","type":"hotel","category":"tourism","subcategory":"accommodation","osmType":"node","addr:city":"صنعاء","addr:street":"شارع تعز","tourism":"hotel","name:latin":"fndq dfaf al-nyl"}},{"type":"Feature","id":10632742537,"geometry":{"type":"Point","coordinates":[44.2240413,15.332565500000001]},"properties":{"id":10632742537,"name":"فندق تاج الأضواء","type":"hotel","category":"tourism","subcategory":"accommodation","osmType":"node","addr:city":"صنعاء","addr:street":"شارع تعز","tourism":"hotel","name:latin":"fndq taj al-adwa'"}},{"type":"Feature","id":10632742543,"geometry":{"type":"Point","coordinates":[44.222810700000004,15.334860700000002]},"properties":{"id":10632742543,"name":"فندق النورس","type":"hotel","category":"tourism","subcategory":"accommodation","osmType":"node","addr:city":"صنعاء","addr:street":"شارع تعز","tourism":"hotel","name:latin":"fndq al-nwrs"}},{"type":"Feature","id":10632742553,"geometry":{"type":"Point","coordinates":[44.221906800000006,15.3366304]},"properties":{"id":10632742553,"name":"فندق لندن","type":"hotel","category":"tourism","subcategory":"accommodation","osmType":"node","addr:city":"صنعاء","addr:street":"شارع تعز","tourism":"hotel","name:latin":"fndq lndn"}},{"type":"Feature","id":10632742565,"geometry":{"type":"Point","coordinates":[44.2214522,15.3373377]},"properties":{"id":10632742565,"name":"فندق عدن بلازا","type":"hotel","category":"tourism","subcategory":"accommodation","osmType":"node","addr:city":"صنعاء","addr:street":"شارع تعز","tourism":"hotel","name:latin":"fndq 'dn blaza"}},{"type":"Feature","id":10632742567,"geometry":{"type":"Point","coordinates":[44.2328946,15.311669600000002]},"properties":{"id":10632742567,"name":"فندق دروب هيلتون","type":"hotel","category":"tourism","subcategory":"accommodation","osmType":"node","addr:street":"شارع تعز","tourism":"hotel","name:latin":"fndq drwb hyltwn"}},{"type":"Feature","id":10680926505,"geometry":{"type":"Point","coordinates":[44.22574290000001,15.281713300000002]},"properties":{"id":10680926505,"name":"فندق وشقق سماء الاصبحي","type":"hotel","category":"tourism","subcategory":"accommodation","osmType":"node","addr:street":"شارع الشهيد مراد الحميدي","opening_hours":"24/7","tourism":"hotel","name:latin":"fndq wshqq sma' al-asbhy"}},{"type":"Feature","id":10697769305,"geometry":{"type":"Point","coordinates":[44.243529200000005,15.2803795]},"properties":{"id":10697769305,"name":"جسر الهندوانة","type":"monument","category":"tourism","subcategory":"historic","osmType":"node","historic":"monument","name:latin":"jsr al-hndwana"}},{"type":"Feature","id":10828026005,"geometry":{"type":"Point","coordinates":[44.21997940000001,15.361139300000001]},"properties":{"id":10828026005,"name":"المشهد - خلق مصنع صنعاء للبلاستيك - عمارة الحقبي","type":"artwork","category":"tourism","subcategory":"culture","osmType":"node","tourism":"artwork","name:latin":"al-mshhd - khlq msn' sn'a' llblastyk - 'mara al-hqby"}},{"type":"Feature","id":11016254205,"geometry":{"type":"Point","coordinates":[44.162370300000006,15.3860287]},"properties":{"id":11016254205,"name":"فندق ضواحي صنعاء","type":"hotel","category":"tourism","subcategory":"accommodation","osmType":"node","tourism":"hotel","name:latin":"fndq dwahy sn'a'"}},{"type":"Feature","id":11079015836,"geometry":{"type":"Point","coordinates":[44.2059433,15.352646000000002]},"properties":{"id":11079015836,"name":"فندق شهارة السياحي","type":"hotel","category":"tourism","subcategory":"accommodation","osmType":"node","tourism":"hotel","name:latin":"fndq shhara al-syahy"}},{"type":"Feature","id":11079015837,"geometry":{"type":"Point","coordinates":[44.205973400000005,15.352832200000002]},"properties":{"id":11079015837,"name":"فندق أصل العرب","type":"hotel","category":"tourism","subcategory":"accommodation","osmType":"node","tourism":"hotel","name:latin":"fndq asl al-'rb"}},{"type":"Feature","id":11079015838,"geometry":{"type":"Point","coordinates":[44.205782400000004,15.352801200000002]},"properties":{"id":11079015838,"name":"فندق البتول","type":"hotel","category":"tourism","subcategory":"accommodation","osmType":"node","tourism":"hotel","name:latin":"fndq al-btwl"}},{"type":"Feature","id":11079015844,"geometry":{"type":"Point","coordinates":[44.20543910000001,15.351689600000002]},"properties":{"id":11079015844,"name":"فندق المستقبل","type":"hotel","category":"tourism","subcategory":"accommodation","osmType":"node","tourism":"hotel","name:latin":"fndq al-mstqbl"}},{"type":"Feature","id":11186933637,"geometry":{"type":"Point","coordinates":[44.217229700000004,15.444637300000002]},"properties":{"id":11186933637,"name":"جولة الشهداء","type":"attraction","category":"tourism","subcategory":"attraction","osmType":"node","tourism":"attraction","name:latin":"jwla al-shhda'"}},{"type":"Feature","id":11225448143,"geometry":{"type":"Point","coordinates":[44.18780460000001,15.333145600000002]},"properties":{"id":11225448143,"name":"قاعة ريفيرا","type":"attraction","category":"tourism","subcategory":"attraction","osmType":"node","name:en":"Rivera Hall","opening_hours":"Mo-Su 08:00-10:00","tourism":"attraction"}},{"type":"Feature","id":11422696369,"geometry":{"type":"Point","coordinates":[44.2376694,15.297472200000001]},"properties":{"id":11422696369,"name":"فندق ومنتجع نارسس","type":"hotel","category":"tourism","subcategory":"accommodation","osmType":"node","addr:city":"صنعاء","addr:street":"شارع تعز","tourism":"hotel","name:latin":"fndq wmntj' narss"}},{"type":"Feature","id":11486655469,"geometry":{"type":"Point","coordinates":[44.350914700000004,15.419106300000001]},"properties":{"id":11486655469,"name":"الحصن","type":"castle","category":"tourism","subcategory":"historic","osmType":"node","historic":"castle","name:latin":"al-hsn"}},{"type":"Feature","id":11554098569,"geometry":{"type":"Point","coordinates":[44.35075320000001,15.4085756]},"properties":{"id":11554098569,"name":"مزارع شايف عنان","type":"viewpoint","category":"tourism","subcategory":"attraction","osmType":"node","tourism":"viewpoint","name:latin":"mzar' shayf 'nan"}},{"type":"Feature","id":11705065169,"geometry":{"type":"Point","coordinates":[44.1435022,15.308650700000001]},"properties":{"id":11705065169,"name":"منظر صنعاء","type":"viewpoint","category":"tourism","subcategory":"attraction","osmType":"node","tourism":"viewpoint","name:latin":"mnzr sn'a'"}},{"type":"Feature","id":11762771304,"geometry":{"type":"Point","coordinates":[44.235176700000004,15.293865700000001]},"properties":{"id":11762771304,"name":"فندق نيوسيتي","type":"hotel","category":"tourism","subcategory":"accommodation","osmType":"node","name:ar":"فندق نيوسيتي","name:en":"NewCity Hotel","tourism":"hotel"}},{"type":"Feature","id":11762771305,"geometry":{"type":"Point","coordinates":[44.2304334,15.2939377]},"properties":{"id":11762771305,"name":"","type":"hotel","category":"tourism","subcategory":"accommodation","osmType":"node","tourism":"hotel"}},{"type":"Feature","id":11788916245,"geometry":{"type":"Point","coordinates":[44.2398777,15.2872999]},"properties":{"id":11788916245,"name":"فندق ومنتجع توليب صنعاء","type":"hotel","category":"tourism","subcategory":"accommodation","osmType":"node","addr:housenumber":"1","addr:street":"شارع المقالح","description":"فندق ومنتجع","opening_hours":"Mo-Su 09:00-08:59","phone":"780750710","tourism":"hotel","website":"https://tolipsanaa.com/","name:latin":"fndq wmntj' twlyb sn'a'"}},{"type":"Feature","id":11877059569,"geometry":{"type":"Point","coordinates":[44.193522300000005,15.364156800000002]},"properties":{"id":11877059569,"name":"فندق قصر غمدان","type":"hotel","category":"tourism","subcategory":"accommodation","osmType":"node","addr:street":"شارع الحرية","tourism":"hotel","name:latin":"fndq qsr ghmdan"}},{"type":"Feature","id":12063847319,"geometry":{"type":"Point","coordinates":[44.19254540000001,15.300286300000002]},"properties":{"id":12063847319,"name":"فندق البستان كومفرت","type":"hotel","category":"tourism","subcategory":"accommodation","osmType":"node","addr:city":"صنعاء","addr:postcode":"00967","addr:street":"شارع إيران","email":"albustan.comfort@gmail.com","internet_access":"yes","internet_access:fee":"customers","phone":"00967770666554","rooms":"53","tourism":"hotel","website":"www.albustansuites.net","name:latin":"fndq al-bstan kwmfrt"}},{"type":"Feature","id":12302368777,"geometry":{"type":"Point","coordinates":[44.344779800000005,15.522583100000002]},"properties":{"id":12302368777,"name":"","type":"ruins","category":"tourism","subcategory":"historic","osmType":"node","historic":"ruins"}},{"type":"Feature","id":12559109169,"geometry":{"type":"Point","coordinates":[44.203435600000006,15.293880300000001]},"properties":{"id":12559109169,"name":"فندق شهران","type":"hotel","category":"tourism","subcategory":"accommodation","osmType":"node","addr:city":"صنعاء","addr:street":"شارع الخمسين","tourism":"hotel","name:latin":"fndq shhran"}},{"type":"Feature","id":12559109178,"geometry":{"type":"Point","coordinates":[44.203466000000006,15.291932400000002]},"properties":{"id":12559109178,"name":"فندق جرين تاور","type":"hotel","category":"tourism","subcategory":"accommodation","osmType":"node","addr:city":"صنعاء","addr:street":"شارع الخمسين","tourism":"hotel","name:latin":"fndq jryn tawr"}},{"type":"Feature","id":12559596172,"geometry":{"type":"Point","coordinates":[44.1984768,15.337178300000001]},"properties":{"id":12559596172,"name":"فندق الكميم","type":"hotel","category":"tourism","subcategory":"accommodation","osmType":"node","addr:city":"صنعاء","addr:street":"شارع حدة","tourism":"hotel","name:latin":"fndq al-kmym"}},{"type":"Feature","id":12561033289,"geometry":{"type":"Point","coordinates":[44.1768725,15.398111300000002]},"properties":{"id":12561033289,"name":"فندق سيتي يمن سيزنز","type":"hotel","category":"tourism","subcategory":"accommodation","osmType":"node","addr:city":"صنعاء","addr:street":"شارع الستين","tourism":"hotel","name:latin":"fndq syty ymn syznz"}},{"type":"Feature","id":12561033290,"geometry":{"type":"Point","coordinates":[44.1767418,15.397967300000001]},"properties":{"id":12561033290,"name":"فندق وأجنحة تاج أوسان","type":"hotel","category":"tourism","subcategory":"accommodation","osmType":"node","addr:city":"صنعاء","addr:street":"شارع الستين","tourism":"hotel","name:latin":"fndq wajnha taj awsan"}},{"type":"Feature","id":12561033292,"geometry":{"type":"Point","coordinates":[44.1771201,15.3983903]},"properties":{"id":12561033292,"name":"فندق يمن ستار","type":"hotel","category":"tourism","subcategory":"accommodation","osmType":"node","addr:city":"صنعاء","addr:street":"شارع الستين","tourism":"hotel","name:latin":"fndq ymn star"}},{"type":"Feature","id":12561033295,"geometry":{"type":"Point","coordinates":[44.1739127,15.395893100000002]},"properties":{"id":12561033295,"name":"فندق بافليون صنعاء","type":"hotel","category":"tourism","subcategory":"accommodation","osmType":"node","addr:city":"صنعاء","addr:street":"شارع الستين","tourism":"hotel","name:latin":"fndq baflywn sn'a'"}},{"type":"Feature","id":12561034808,"geometry":{"type":"Point","coordinates":[44.1768416,15.378239700000002]},"properties":{"id":12561034808,"name":"فندق برج العرب","type":"hotel","category":"tourism","subcategory":"accommodation","osmType":"node","addr:city":"صنعاء","addr:street":"شارع الستين","tourism":"hotel","name:latin":"fndq brj al-'rb"}},{"type":"Feature","id":12561034816,"geometry":{"type":"Point","coordinates":[44.20645940000001,15.353262]},"properties":{"id":12561034816,"name":"فندق التحرير بلازا","type":"hotel","category":"tourism","subcategory":"accommodation","osmType":"node","addr:city":"صنعاء","addr:street":"ميدان التحرير","tourism":"hotel","name:latin":"fndq al-thryr blaza"}},{"type":"Feature","id":12561034829,"geometry":{"type":"Point","coordinates":[44.1943898,15.3605008]},"properties":{"id":12561034829,"name":"فندق الكويت","type":"hotel","category":"tourism","subcategory":"accommodation","osmType":"node","addr:city":"صنعاء","addr:street":"شارع الكويت","tourism":"hotel","name:latin":"fndq al-kwyt"}},{"type":"Feature","id":12561034843,"geometry":{"type":"Point","coordinates":[44.213655300000006,15.400685700000002]},"properties":{"id":12561034843,"name":"فندق وأجنحة العاصمة","type":"hotel","category":"tourism","subcategory":"accommodation","osmType":"node","addr:city":"صنعاء","addr:street":"شارع المطار","tourism":"hotel","name:latin":"fndq wajnha al-'asma"}},{"type":"Feature","id":12561034851,"geometry":{"type":"Point","coordinates":[44.206084100000005,15.349952600000002]},"properties":{"id":12561034851,"name":"فندق سيئون","type":"hotel","category":"tourism","subcategory":"accommodation","osmType":"node","addr:city":"صنعاء","addr:street":"جسر الصداقة","tourism":"hotel","name:latin":"fndq sy'wn"}},{"type":"Feature","id":12561034852,"geometry":{"type":"Point","coordinates":[44.2061337,15.350109400000001]},"properties":{"id":12561034852,"name":"فندق المهرة جراند","type":"hotel","category":"tourism","subcategory":"accommodation","osmType":"node","addr:city":"صنعاء","addr:street":"جسر الصداقة","tourism":"hotel","name:latin":"fndq al-mhra jrand"}},{"type":"Feature","id":12561034853,"geometry":{"type":"Point","coordinates":[44.2061605,15.350307]},"properties":{"id":12561034853,"name":"فندق عدن","type":"hotel","category":"tourism","subcategory":"accommodation","osmType":"node","addr:city":"صنعاء","addr:street":"جسر الصداقة","tourism":"hotel","name:latin":"fndq 'dn"}},{"type":"Feature","id":12561034854,"geometry":{"type":"Point","coordinates":[44.2059621,15.350265400000001]},"properties":{"id":12561034854,"name":"فندق وادي حضرموت","type":"hotel","category":"tourism","subcategory":"accommodation","osmType":"node","addr:city":"صنعاء","addr:street":"جسر الصداقة","tourism":"hotel","name:latin":"fndq wady hdrmwt"}},{"type":"Feature","id":12561034855,"geometry":{"type":"Point","coordinates":[44.22160530000001,15.337032500000001]},"properties":{"id":12561034855,"name":"فندق البحر الأحمر","type":"hotel","category":"tourism","subcategory":"accommodation","osmType":"node","addr:city":"صنعاء","addr:street":"شارع تعز","tourism":"hotel","name:latin":"fndq al-bhr al-ahmr"}},{"type":"Feature","id":12561034861,"geometry":{"type":"Point","coordinates":[44.239472400000004,15.286688900000001]},"properties":{"id":12561034861,"name":"فندق وأجنحة ماريوت السياحي","type":"hotel","category":"tourism","subcategory":"accommodation","osmType":"node","addr:city":"صنعاء","addr:street":"شارع الحربي","tourism":"hotel","name:latin":"fndq wajnha marywt al-syahy"}},{"type":"Feature","id":12561034866,"geometry":{"type":"Point","coordinates":[44.190929000000004,15.308593900000002]},"properties":{"id":12561034866,"name":"فندق رويال فاملي","type":"hotel","category":"tourism","subcategory":"accommodation","osmType":"node","addr:city":"صنعاء","addr:street":"شارع حدة","tourism":"hotel","name:latin":"fndq rwyal famly"}},{"type":"Feature","id":12561034869,"geometry":{"type":"Point","coordinates":[44.189472800000004,15.307419600000001]},"properties":{"id":12561034869,"name":"فرساي للشقق الفندقية","type":"hotel","category":"tourism","subcategory":"accommodation","osmType":"node","addr:city":"صنعاء","addr:street":"شارع حدة","tourism":"hotel","name:latin":"frsay llshqq al-fndqya"}},{"type":"Feature","id":12563189823,"geometry":{"type":"Point","coordinates":[44.23859,15.297106200000002]},"properties":{"id":12563189823,"name":"فندق ومطاعم وشقق هوليود","type":"hotel","category":"tourism","subcategory":"accommodation","osmType":"node","addr:city":"صنعاء","addr:street":"شارع تعز","tourism":"hotel","name:latin":"fndq wmta'm wshqq hwlywd"}},{"type":"Feature","id":12563189825,"geometry":{"type":"Point","coordinates":[44.23861720000001,15.296022100000002]},"properties":{"id":12563189825,"name":"فندق زهرة الربيع","type":"hotel","category":"tourism","subcategory":"accommodation","osmType":"node","addr:city":"صنعاء","addr:street":"شارع تعز","tourism":"hotel","name:latin":"fndq zhra al-rby'"}},{"type":"Feature","id":12563189826,"geometry":{"type":"Point","coordinates":[44.2382721,15.295577500000002]},"properties":{"id":12563189826,"name":"فندق وأجنحة ربوع السعيدة بلازا","type":"hotel","category":"tourism","subcategory":"accommodation","osmType":"node","addr:city":"صنعاء","addr:street":"شارع تعز","tourism":"hotel","name:latin":"fndq wajnha rbw' al-s'yda blaza"}},{"type":"Feature","id":12563189827,"geometry":{"type":"Point","coordinates":[44.238378100000006,15.2953588]},"properties":{"id":12563189827,"name":"فندق القمرين بلازا","type":"hotel","category":"tourism","subcategory":"accommodation","osmType":"node","addr:city":"صنعاء","addr:street":"شارع 22 مايو","tourism":"hotel","name:latin":"fndq al-qmryn blaza"}},{"type":"Feature","id":12563189829,"geometry":{"type":"Point","coordinates":[44.238336200000006,15.2944054]},"properties":{"id":12563189829,"name":"فندق البستان الأخضر السياحي","type":"hotel","category":"tourism","subcategory":"accommodation","osmType":"node","addr:city":"صنعاء","addr:street":"شارع 22 مايو","tourism":"hotel","name:latin":"fndq al-bstan al-akhdr al-syahy"}},{"type":"Feature","id":12563189830,"geometry":{"type":"Point","coordinates":[44.2379868,15.294305600000001]},"properties":{"id":12563189830,"name":"فندق البلاد السياحي","type":"hotel","category":"tourism","subcategory":"accommodation","osmType":"node","addr:city":"صنعاء","addr:street":"شارع 22 مايو","tourism":"hotel","name:latin":"fndq al-blad al-syahy"}},{"type":"Feature","id":12563189831,"geometry":{"type":"Point","coordinates":[44.237519600000006,15.294088200000001]},"properties":{"id":12563189831,"name":"فندق ديفا","type":"hotel","category":"tourism","subcategory":"accommodation","osmType":"node","addr:city":"صنعاء","addr:street":"شارع 22 مايو","tourism":"hotel","name:latin":"fndq dyfa"}},{"type":"Feature","id":12573635341,"geometry":{"type":"Point","coordinates":[44.22874650000001,15.321793600000001]},"properties":{"id":12573635341,"name":"فندق وأجنحة أبراج الإمارات السياحي","type":"hotel","category":"tourism","subcategory":"accommodation","osmType":"node","addr:city":"صنعاء","addr:street":"شارع تعز","tourism":"hotel","name:latin":"fndq wajnha abraj al-imarat al-syahy"}},{"type":"Feature","id":12573635348,"geometry":{"type":"Point","coordinates":[44.228723900000006,15.321594900000001]},"properties":{"id":12573635348,"name":"فندق درة الأندلس","type":"hotel","category":"tourism","subcategory":"accommodation","osmType":"node","addr:city":"صنعاء","addr:street":"شارع تعز","tourism":"hotel","name:latin":"fndq dra al-andls"}},{"type":"Feature","id":12573635353,"geometry":{"type":"Point","coordinates":[44.209447700000005,15.349503100000002]},"properties":{"id":12573635353,"name":"فندق يمن جراند","type":"hotel","category":"tourism","subcategory":"accommodation","osmType":"node","addr:city":"صنعاء","addr:street":"شارع الزبيري","tourism":"hotel","name:latin":"fndq ymn jrand"}},{"type":"Feature","id":12583232255,"geometry":{"type":"Point","coordinates":[44.218992300000004,15.349115600000001]},"properties":{"id":12583232255,"name":"فندق وأجنحة حضرموت","type":"hotel","category":"tourism","subcategory":"accommodation","osmType":"node","addr:city":"صنعاء","addr:street":"شارع خولان","tourism":"hotel","name:latin":"fndq wajnha hdrmwt"}},{"type":"Feature","id":12583232269,"geometry":{"type":"Point","coordinates":[44.219572500000005,15.3503155]},"properties":{"id":12583232269,"name":"فندق معين السياحي","type":"hotel","category":"tourism","subcategory":"accommodation","osmType":"node","tourism":"hotel","name:latin":"fndq m'yn al-syahy"}},{"type":"Feature","id":12599361321,"geometry":{"type":"Point","coordinates":[44.201893000000005,15.4014427]},"properties":{"id":12599361321,"name":"فندق فور ستارز السياحي","type":"hotel","category":"tourism","subcategory":"accommodation","osmType":"node","addr:city":"صنعاء","addr:street":"شارع التلفزيون","tourism":"hotel","name:latin":"fndq fwr starz al-syahy"}},{"type":"Feature","id":12599361348,"geometry":{"type":"Point","coordinates":[44.195419400000006,15.3067112]},"properties":{"id":12599361348,"name":"فندق وشقق غلاديلاس","type":"hotel","category":"tourism","subcategory":"accommodation","osmType":"node","addr:city":"صنعاء","addr:street":"شارع بيروت","tourism":"hotel","name:latin":"fndq wshqq ghladylas"}},{"type":"Feature","id":12615173321,"geometry":{"type":"Point","coordinates":[44.1905365,15.368329000000001]},"properties":{"id":12615173321,"name":"فندق الجامعة","type":"hotel","category":"tourism","subcategory":"accommodation","osmType":"node","tourism":"hotel","name:latin":"fndq al-jam'a"}},{"type":"Feature","id":12713832701,"geometry":{"type":"Point","coordinates":[44.16926780000001,15.341569600000001]},"properties":{"id":12713832701,"name":"جولة عصر","type":"viewpoint","category":"tourism","subcategory":"attraction","osmType":"node","tourism":"viewpoint","name:latin":"jwla 'sr"}},{"type":"Feature","id":13051912901,"geometry":{"type":"Point","coordinates":[44.270560100000004,15.391716800000001]},"properties":{"id":13051912901,"name":"Mr Samsan house","type":"guest_house","category":"tourism","subcategory":"accommodation","osmType":"node","tourism":"guest_house"}},{"type":"Feature","id":13100974301,"geometry":{"type":"Point","coordinates":[44.190081500000005,15.2938167]},"properties":{"id":13100974301,"name":"صالة مون لايت","type":"guest_house","category":"tourism","subcategory":"accommodation","osmType":"node","addr:street":"شارع الخمسين","tourism":"guest_house","name:latin":"sala mwn layt"}},{"type":"Feature","id":13200918841,"geometry":{"type":"Point","coordinates":[44.18317940000001,15.396046000000002]},"properties":{"id":13200918841,"name":"فندق إيلاف السياحي","type":"hotel","category":"tourism","subcategory":"accommodation","osmType":"node","addr:street":"شارع صوفان","tourism":"hotel","name:latin":"fndq iylaf al-syahy"}},{"type":"Feature","id":13392347201,"geometry":{"type":"Point","coordinates":[44.176699500000005,15.353247300000001]},"properties":{"id":13392347201,"name":"صالة سما ازال. شارع عشرين","type":"guest_house","category":"tourism","subcategory":"accommodation","osmType":"node","addr:street":"شارع 20","tourism":"guest_house","name:latin":"sala sma azal. shar' 'shryn"}},{"type":"Feature","id":13392360701,"geometry":{"type":"Point","coordinates":[44.1668625,15.407919800000002]},"properties":{"id":13392360701,"name":"حي الجوية صنعاء، حي الدفاع الجوي، حارة الجوية","type":"attraction","category":"tourism","subcategory":"attraction","osmType":"node","addr:street":"شارع 16 المتفرع من خط الثلاثين مقابل جامعة الايمان، صنعاء","tourism":"attraction","name:latin":"hy al-jwya sn'a'، hy al-dfa' al-jwy، hara al-jwya"}},{"type":"Feature","id":13410409502,"geometry":{"type":"Point","coordinates":[44.21090280000001,15.384074300000002]},"properties":{"id":13410409502,"name":"جولة الساعة","type":"memorial","category":"tourism","subcategory":"historic","osmType":"node","historic":"memorial","name:latin":"jwla al-sa'a"}},{"type":"Feature","id":13410409901,"geometry":{"type":"Point","coordinates":[44.21427370000001,15.379689100000002]},"properties":{"id":13410409901,"name":"جولة الحباري","type":"memorial","category":"tourism","subcategory":"historic","osmType":"node","historic":"memorial","name:latin":"jwla al-hbary"}},{"type":"Feature","id":13433676226,"geometry":{"type":"Point","coordinates":[44.1676489,15.393208500000002]},"properties":{"id":13433676226,"name":"فندق ايسن السياحي","type":"hotel","category":"tourism","subcategory":"accommodation","osmType":"node","tourism":"hotel","name:latin":"fndq aysn al-syahy"}},{"type":"Feature","id":13436435938,"geometry":{"type":"Point","coordinates":[44.214238800000004,15.374319000000002]},"properties":{"id":13436435938,"name":"فندق وأجنحة تاج صنعاء","type":"hotel","category":"tourism","subcategory":"accommodation","osmType":"node","tourism":"hotel","name:latin":"fndq wajnha taj sn'a'"}},{"type":"Feature","id":13436436039,"geometry":{"type":"Point","coordinates":[44.178742500000006,15.374206500000001]},"properties":{"id":13436436039,"name":"فندق جوهرة البلد","type":"hotel","category":"tourism","subcategory":"accommodation","osmType":"node","tourism":"hotel","name:latin":"fndq jwhra al-bld"}},{"type":"Feature","id":13437302933,"geometry":{"type":"Point","coordinates":[44.228999,15.329091300000002]},"properties":{"id":13437302933,"name":"فندق تكساس","type":"hotel","category":"tourism","subcategory":"accommodation","osmType":"node","tourism":"hotel","name:latin":"fndq tksas"}},{"type":"Feature","id":13437302937,"geometry":{"type":"Point","coordinates":[44.226204200000005,15.3365024]},"properties":{"id":13437302937,"name":"فندق وأجنحة الغانم","type":"hotel","category":"tourism","subcategory":"accommodation","osmType":"node","tourism":"hotel","name:latin":"fndq wajnha al-ghanm"}},{"type":"Feature","id":13437302953,"geometry":{"type":"Point","coordinates":[44.2284773,15.331586300000001]},"properties":{"id":13437302953,"name":"فندق الحرمين","type":"hotel","category":"tourism","subcategory":"accommodation","osmType":"node","tourism":"hotel","name:latin":"fndq al-hrmyn"}},{"type":"Feature","id":13437302959,"geometry":{"type":"Point","coordinates":[44.227828200000005,15.331159500000002]},"properties":{"id":13437302959,"name":"فندق لؤلؤة الكويت","type":"hotel","category":"tourism","subcategory":"accommodation","osmType":"node","tourism":"hotel","name:latin":"fndq l'l'a al-kwyt"}},{"type":"Feature","id":13437302962,"geometry":{"type":"Point","coordinates":[44.226445600000005,15.330193300000001]},"properties":{"id":13437302962,"name":"فندق دارمان السياحي","type":"hotel","category":"tourism","subcategory":"accommodation","osmType":"node","tourism":"hotel","name:latin":"fndq darman al-syahy"}},{"type":"Feature","id":13437302981,"geometry":{"type":"Point","coordinates":[44.2181555,15.336312900000001]},"properties":{"id":13437302981,"name":"فندق أتلانتك","type":"hotel","category":"tourism","subcategory":"accommodation","osmType":"node","tourism":"hotel","name:latin":"fndq atlantk"}},{"type":"Feature","id":13437302983,"geometry":{"type":"Point","coordinates":[44.21897560000001,15.336408600000002]},"properties":{"id":13437302983,"name":"فندق الساري بلازا","type":"hotel","category":"tourism","subcategory":"accommodation","osmType":"node","tourism":"hotel","name:latin":"fndq al-sary blaza"}},{"type":"Feature","id":13437302985,"geometry":{"type":"Point","coordinates":[44.2240959,15.3316341]},"properties":{"id":13437302985,"name":"فندق الفخري بلازا","type":"hotel","category":"tourism","subcategory":"accommodation","osmType":"node","tourism":"hotel","name:latin":"fndq al-fkhry blaza"}},{"type":"Feature","id":13438632204,"geometry":{"type":"Point","coordinates":[44.208313800000006,15.386591500000002]},"properties":{"id":13438632204,"name":"فندق مكه","type":"hotel","category":"tourism","subcategory":"accommodation","osmType":"node","tourism":"hotel","name:latin":"fndq mkh"}},{"type":"Feature","id":13448808101,"geometry":{"type":"Point","coordinates":[44.3368091,15.537811300000001]},"properties":{"id":13448808101,"name":"منتجع صرح سبأ","type":"attraction","category":"tourism","subcategory":"attraction","osmType":"node","addr:street":"طريق صنعاء - مارب","phone":"784448841","tourism":"attraction","name:latin":"mntj' srh sba"}},{"type":"Feature","id":13452127157,"geometry":{"type":"Point","coordinates":[44.2372978,15.282565400000001]},"properties":{"id":13452127157,"name":"فندق هاي كلاس الدولي","type":"hotel","category":"tourism","subcategory":"accommodation","osmType":"node","tourism":"hotel","name:latin":"fndq hay klas al-dwly"}},{"type":"Feature","id":13452127162,"geometry":{"type":"Point","coordinates":[44.236668800000004,15.286456800000002]},"properties":{"id":13452127162,"name":"فندق قصر العرب","type":"hotel","category":"tourism","subcategory":"accommodation","osmType":"node","tourism":"hotel","name:latin":"fndq qsr al-'rb"}},{"type":"Feature","id":13452127171,"geometry":{"type":"Point","coordinates":[44.2413419,15.2874303]},"properties":{"id":13452127171,"name":"فندق ألف ليلة وليلة","type":"hotel","category":"tourism","subcategory":"accommodation","osmType":"node","tourism":"hotel","name:latin":"fndq alf lyla wlyla"}},{"type":"Feature","id":13452127178,"geometry":{"type":"Point","coordinates":[44.2422666,15.2882446]},"properties":{"id":13452127178,"name":"فندق قرطبة للغرف والأجنحة المفروشة","type":"hotel","category":"tourism","subcategory":"accommodation","osmType":"node","tourism":"hotel","name:latin":"fndq qrtba llghrf walajnha al-mfrwsha"}},{"type":"Feature","id":13455410863,"geometry":{"type":"Point","coordinates":[44.199391500000004,15.319593700000002]},"properties":{"id":13455410863,"name":"فندق جراند حدة","type":"hotel","category":"tourism","subcategory":"accommodation","osmType":"node","tourism":"hotel","name:latin":"fndq jrand hda"}},{"type":"Feature","id":13455410872,"geometry":{"type":"Point","coordinates":[44.197994,15.344721400000001]},"properties":{"id":13455410872,"name":"فندق بلادي للأجنحة والغرف المفروشة","type":"hotel","category":"tourism","subcategory":"accommodation","osmType":"node","tourism":"hotel","name:latin":"fndq blady llajnha walghrf al-mfrwsha"}},{"type":"Feature","id":13455410889,"geometry":{"type":"Point","coordinates":[44.2308176,15.382183500000002]},"properties":{"id":13455410889,"name":"فندق قصر المدينة","type":"hotel","category":"tourism","subcategory":"accommodation","osmType":"node","tourism":"hotel","name:latin":"fndq qsr al-mdyna"}},{"type":"Feature","id":13455410890,"geometry":{"type":"Point","coordinates":[44.23078,15.3824926]},"properties":{"id":13455410890,"name":"فندق الفخامة جراند","type":"hotel","category":"tourism","subcategory":"accommodation","osmType":"node","tourism":"hotel","name:latin":"fndq al-fkhama jrand"}},{"type":"Feature","id":13469713024,"geometry":{"type":"Point","coordinates":[44.2537692,15.241758800000001]},"properties":{"id":13469713024,"name":"فندق كاليفورنيا","type":"hotel","category":"tourism","subcategory":"accommodation","osmType":"node","tourism":"hotel","name:latin":"fndq kalyfwrnya"}},{"type":"Feature","id":13469713222,"geometry":{"type":"Point","coordinates":[44.21937930000001,15.2718509]},"properties":{"id":13469713222,"name":"فندق وأجنحة الصرح الذهبي","type":"hotel","category":"tourism","subcategory":"accommodation","osmType":"node","tourism":"hotel","name:latin":"fndq wajnha al-srh al-dhhby"}},{"type":"Feature","id":13518704607,"geometry":{"type":"Point","coordinates":[44.2301282,15.318632700000002]},"properties":{"id":13518704607,"name":"فندق وأجنحة النور","type":"hotel","category":"tourism","subcategory":"accommodation","osmType":"node","tourism":"hotel","name:latin":"fndq wajnha al-nwr"}},{"type":"Feature","id":13518704629,"geometry":{"type":"Point","coordinates":[44.226302100000005,15.3164235]},"properties":{"id":13518704629,"name":"فندق القصر الذهبي","type":"hotel","category":"tourism","subcategory":"accommodation","osmType":"node","tourism":"hotel","name:latin":"fndq al-qsr al-dhhby"}},{"type":"Feature","id":13518704633,"geometry":{"type":"Point","coordinates":[44.228792500000004,15.317334700000002]},"properties":{"id":13518704633,"name":"فندق نجوم اوروبا","type":"hotel","category":"tourism","subcategory":"accommodation","osmType":"node","tourism":"hotel","name:latin":"fndq njwm awrwba"}},{"type":"Feature","id":13518704641,"geometry":{"type":"Point","coordinates":[44.230723000000005,15.316403400000002]},"properties":{"id":13518704641,"name":"فندق الأقاليم السياحي","type":"hotel","category":"tourism","subcategory":"accommodation","osmType":"node","tourism":"hotel","name:latin":"fndq al-aqalym al-syahy"}},{"type":"Feature","id":13518744807,"geometry":{"type":"Point","coordinates":[44.234355400000005,15.309719300000001]},"properties":{"id":13518744807,"name":"فندق ليالي دبي","type":"hotel","category":"tourism","subcategory":"accommodation","osmType":"node","tourism":"hotel","name:latin":"fndq lyaly dby"}},{"type":"Feature","id":13518744825,"geometry":{"type":"Point","coordinates":[44.233388500000004,15.3091152]},"properties":{"id":13518744825,"name":"فندق الدليل السياحي","type":"hotel","category":"tourism","subcategory":"accommodation","osmType":"node","tourism":"hotel","name:latin":"fndq al-dlyl al-syahy"}},{"type":"Feature","id":13518744864,"geometry":{"type":"Point","coordinates":[44.2310858,15.310487700000001]},"properties":{"id":13518744864,"name":"فندق وأجنحة بروكسل","type":"hotel","category":"tourism","subcategory":"accommodation","osmType":"node","tourism":"hotel","name:latin":"fndq wajnha brwksl"}},{"type":"Feature","id":13518890298,"geometry":{"type":"Point","coordinates":[44.2061064,15.348812100000002]},"properties":{"id":13518890298,"name":"فندق آسيا السياحي","type":"hotel","category":"tourism","subcategory":"accommodation","osmType":"node","tourism":"hotel","name:latin":"fndq asya al-syahy"}},{"type":"Feature","id":13521156697,"geometry":{"type":"Point","coordinates":[44.2178558,15.380149500000002]},"properties":{"id":13521156697,"name":"فندق المسيلة","type":"hotel","category":"tourism","subcategory":"accommodation","osmType":"node","tourism":"hotel","name:latin":"fndq al-msyla"}},{"type":"Feature","id":13615175701,"geometry":{"type":"Point","coordinates":[44.249643400000004,15.404380000000002]},"properties":{"id":13615175701,"name":"البيت حقي","type":"castle","category":"tourism","subcategory":"historic","osmType":"node","historic":"castle","name:latin":"al-byt hqy"}},{"type":"Feature","id":13850612101,"geometry":{"type":"Point","coordinates":[44.2158116,15.353600100000001]},"properties":{"id":13850612101,"name":"متحف المركز الوطني للحرف والمشغولات اليدوية","type":"museum","category":"tourism","subcategory":"culture","osmType":"node","addr:street":"شارع الجامع الكبير","tourism":"museum","name:latin":"mthf al-mrkz al-wtny llhrf walmshghwlat al-ydwya"}},{"type":"Feature","id":13850613301,"geometry":{"type":"Point","coordinates":[44.21581140000001,15.353613500000002]},"properties":{"id":13850613301,"name":"متحف المركز الوطني للحرف والمشغولات اليدوية","type":"museum","category":"tourism","subcategory":"culture","osmType":"node","addr:street":"شارع الجامع الكبير","tourism":"museum","name:latin":"mthf al-mrkz al-wtny llhrf walmshghwlat al-ydwya"}},{"type":"Feature","id":13850619101,"geometry":{"type":"Point","coordinates":[44.205916900000005,15.354917200000001]},"properties":{"id":13850619101,"name":"متحف الموروث الشعبي","type":"museum","category":"tourism","subcategory":"culture","osmType":"node","addr:street":"ميدان التحرير","tourism":"museum","name:latin":"mthf al-mwrwth al-sh'by"}},{"type":"Feature","id":13850624901,"geometry":{"type":"Point","coordinates":[44.21294580000001,15.351605100000002]},"properties":{"id":13850624901,"name":"بيت التراث الشعبي اليمني","type":"museum","category":"tourism","subcategory":"culture","osmType":"node","addr:street":"شارع الجامع الكبير","tourism":"museum","name:latin":"byt al-trath al-sh'by al-ymny"}},{"type":"Feature","id":13850625801,"geometry":{"type":"Point","coordinates":[44.212956000000005,15.351562000000001]},"properties":{"id":13850625801,"name":"بيت التراث الشعبي اليمني","type":"museum","category":"tourism","subcategory":"culture","osmType":"node","addr:street":"الأبهر","tourism":"museum","name:latin":"byt al-trath al-sh'by al-ymny"}},{"type":"Feature","id":151235185,"geometry":{"type":"Polygon","coordinates":[[[44.230197000000004,15.385167400000002],[44.230434200000005,15.385203700000002],[44.2304571,15.385052300000002],[44.230223200000005,15.385016000000002],[44.230197000000004,15.385167400000002]]]},"properties":{"id":151235185,"name":"فندق ازال","type":"hotel","category":"tourism","subcategory":"accommodation","osmType":"way","name:ar":"فندق ازال","name:en":"Azal Hotel","tourism":"hotel"}},{"type":"Feature","id":237754334,"geometry":{"type":"Polygon","coordinates":[[[44.2332326,15.361764200000001],[44.2332514,15.362340900000001],[44.23322460000001,15.363341000000002],[44.231650800000004,15.363375600000001],[44.23157500000001,15.363207400000002],[44.231052000000005,15.3627134],[44.231137800000006,15.362072000000001],[44.2311781,15.361916800000001],[44.2317977,15.3608822],[44.23295100000001,15.360861500000002],[44.23308780000001,15.361107200000001],[44.2331817,15.361368500000001],[44.2332326,15.361764200000001]]]},"properties":{"id":237754334,"name":"فندق موفنبيك","type":"hotel","category":"tourism","subcategory":"accommodation","osmType":"way","addr:street":"شارع نشوان الحميري","name:ar":"فندق موفنبيك","tourism":"hotel","name:latin":"fndq mwfnbyk"}},{"type":"Feature","id":238005696,"geometry":{"type":"Polygon","coordinates":[[[44.206183900000006,15.349840100000002],[44.2053122,15.349677200000002],[44.205478500000005,15.348914100000002],[44.206189300000005,15.349118500000001],[44.206183900000006,15.349840100000002]]]},"properties":{"id":238005696,"name":"فندق تاج سبا","type":"hotel","category":"tourism","subcategory":"accommodation","osmType":"way","addr:street":"التحرير","alt_name":"فندق تاج سبا","building":"yes","int_name":"Hotel Taj Sheba","is_in":"Republic of Yemen , جمهورية اليمن","name:ar":"فندق تاج سبا","name:ar1":"فندق تاج سبا","name:de":"Hotel Taj Sheba","name:en":"Hotel Taj Sheba","name:fr":"Hotel Taj Sheba","opening_hours":"24/7","tourism":"hotel"}},{"type":"Feature","id":336740857,"geometry":{"type":"Polygon","coordinates":[[[44.1923225,15.300361800000001],[44.192692400000006,15.300587300000002],[44.192987200000005,15.3002265],[44.1925887,15.2999991],[44.1923225,15.300361800000001]]]},"properties":{"id":336740857,"name":"Albustan Luxurious Suites","type":"hotel","category":"tourism","subcategory":"accommodation","osmType":"way","addr:street":"شارع إيران","building":"yes","email":"banquetmgr@albustansuites.net","fixme":"name, name:en mismatch. name, name:en mismatch. name, name:en mismatch.","internet_access":"wlan","name:ar":"فندق البستان","name:en":"Al Bustan Hotel","phone":"009671433200","tourism":"hotel","website":"http://www.albustansuites.net"}},{"type":"Feature","id":518613051,"geometry":{"type":"Polygon","coordinates":[[[44.20867930000001,15.348365000000001],[44.2087859,15.348209400000002],[44.208710800000006,15.348116300000001],[44.2087483,15.348054200000002],[44.208651700000004,15.348018000000001],[44.208898500000004,15.3474955],[44.2086947,15.3474128],[44.208759,15.347283400000002],[44.2083882,15.347181200000001],[44.20812600000001,15.347899000000002],[44.208018700000004,15.348193900000002],[44.2086035,15.348519800000002],[44.20867930000001,15.348365000000001]]]},"properties":{"id":518613051,"name":"Egyptian Army graveyard","type":"memorial","category":"tourism","subcategory":"historic","osmType":"way","historic":"memorial","memorial":"war_memorial","name:en":"Egyptian Army graveyard"}},{"type":"Feature","id":721921928,"geometry":{"type":"Polygon","coordinates":[[[44.240959800000006,15.2869807],[44.240436,15.286916200000002],[44.2404908,15.286501800000002],[44.2407903,15.286538700000001],[44.240777900000005,15.286632200000001],[44.241002300000005,15.2866598],[44.240959800000006,15.2869807]]]},"properties":{"id":721921928,"name":"الأندلس رويال","type":"hotel","category":"tourism","subcategory":"accommodation","osmType":"way","addr:city":"صنعاء","addr:street":"شارع الحربي","name:ar":"الأندلس رويال","name:en":"Alandalus Royal","tourism":"hotel"}},{"type":"Feature","id":913242632,"geometry":{"type":"Polygon","coordinates":[[[44.2291546,15.369613800000002],[44.229032800000006,15.369586000000002],[44.228837000000006,15.369644800000001],[44.2286866,15.369560000000002],[44.2284517,15.369903800000001],[44.22830810000001,15.369822400000002],[44.228524400000005,15.36949],[44.228553100000006,15.369416700000002],[44.228583500000006,15.369310800000001],[44.228592000000006,15.369230900000002],[44.2286123,15.368875800000001],[44.2288025,15.368881100000001],[44.228767700000006,15.369330300000001],[44.22892650000001,15.3693319],[44.2290609,15.369467100000001],[44.229188400000005,15.369499000000001],[44.2291546,15.369613800000002]]]},"properties":{"id":913242632,"name":"شيراتون صنعاء","type":"hotel","category":"tourism","subcategory":"accommodation","osmType":"way","name:ar":"شيراتون صنعاء","name:en":"Sheraton Sana'a","tourism":"hotel"}},{"type":"Feature","id":1035581413,"geometry":{"type":"Polygon","coordinates":[[[44.209917000000004,15.3491639],[44.210172400000005,15.349168],[44.210161600000006,15.348936300000002],[44.2099084,15.348940400000002],[44.209917000000004,15.3491639]]]},"properties":{"id":1035581413,"name":"النصب التذكاري التركي","type":"memorial","category":"tourism","subcategory":"historic","osmType":"way","historic":"memorial","name:latin":"al-nsb al-tdhkary al-trky"}},{"type":"Feature","id":1329712841,"geometry":{"type":"Polygon","coordinates":[[[44.344340700000004,15.5221803],[44.3438365,15.522105600000002],[44.343859300000005,15.521962700000001],[44.34436350000001,15.522037400000002],[44.344340700000004,15.5221803]]]},"properties":{"id":1329712841,"name":"Qasr Dhi Marmar","type":"castle","category":"tourism","subcategory":"historic","osmType":"way","building":"yes","historic":"castle","name:ar":"حصن ذي مرمر"}}]}